// Code generated for package ovpnserver by go-bindata DO NOT EDIT. (@generated)
// sources:
// internal/ovpn_server/default_resource/acl_add.sh
// internal/ovpn_server/default_resource/acl_del.sh
// internal/ovpn_server/default_resource/auth.sh
// internal/ovpn_server/default_resource/client-config
// internal/ovpn_server/default_resource/client_offline.sh
// internal/ovpn_server/default_resource/client_online.sh
// internal/ovpn_server/default_resource/config
// internal/ovpn_server/default_resource/help
// internal/ovpn_server/default_resource/misc
// internal/ovpn_server/default_resource/ratelimit.sh
// internal/ovpn_server/default_resource/server_exit.sh
// internal/ovpn_server/default_resource/server_start.sh
package ovpnserver

import (
	"bytes"
	"compress/gzip"
	"fmt"
	"io"
	"io/ioutil"
	"os"
	"path/filepath"
	"strings"
	"time"
)

func bindataRead(data []byte, name string) ([]byte, error) {
	gz, err := gzip.NewReader(bytes.NewBuffer(data))
	if err != nil {
		return nil, fmt.Errorf("Read %q: %v", name, err)
	}

	var buf bytes.Buffer
	_, err = io.Copy(&buf, gz)
	clErr := gz.Close()

	if err != nil {
		return nil, fmt.Errorf("Read %q: %v", name, err)
	}
	if clErr != nil {
		return nil, err
	}

	return buf.Bytes(), nil
}

type asset struct {
	bytes []byte
	info  os.FileInfo
}

type bindataFileInfo struct {
	name    string
	size    int64
	mode    os.FileMode
	modTime time.Time
}

// Name return file name
func (fi bindataFileInfo) Name() string {
	return fi.name
}

// Size return file size
func (fi bindataFileInfo) Size() int64 {
	return fi.size
}

// Mode return file mode
func (fi bindataFileInfo) Mode() os.FileMode {
	return fi.mode
}

// Mode return file modify time
func (fi bindataFileInfo) ModTime() time.Time {
	return fi.modTime
}

// IsDir return file whether a directory
func (fi bindataFileInfo) IsDir() bool {
	return fi.mode&os.ModeDir != 0
}

// Sys return file is sys mode
func (fi bindataFileInfo) Sys() interface{} {
	return nil
}

var _acl_addSh = []byte("\x1f\x8b\x08\x00\x00\x00\x00\x00\x00\xff\xdc\x57\x6d\x73\xda\xd8\x15\xfe\xae\x5f\x71\x72\x91\x8b\xd9\x8e\x78\x71\x1d\xcf\x86\x0c\x99\x61\x31\x89\x99\x65\x31\x03\x4e\x32\x9d\x24\xd5\x28\x42\x0e\x6a\x85\xa0\x08\xbc\x99\xb5\x3d\x83\xdb\xb5\x4d\x52\x1c\x93\xa9\xdb\x74\xb1\xbd\xb5\xd3\xec\xae\xbb\xdd\xc1\xd9\x69\x36\xf6\xd8\x72\xfc\x5f\xb6\xe8\x85\x4f\xfc\x85\xce\x95\x84\x10\x18\x3b\xdb\x64\xf6\x4b\xf9\x82\xee\xd5\xd1\x39\xcf\x39\xe7\xb9\xcf\xbd\xd7\x75\xc9\x77\x9f\x17\x7d\xf7\x19\x29\x4b\xb8\x40\xdb\xf8\x5e\x6b\xee\x6a\xf5\x95\xf6\xf6\x73\x75\xfb\x54\x7f\xf9\x47\x6d\x63\xaf\x23\x37\x5a\x87\x47\x6a\x6d\x55\x69\x36\x94\xad\x3d\xed\xe8\x54\x69\x3e\x57\xab\x07\xda\xbf\xf6\x7f\xac\x6c\x29\x8f\xf7\xd4\xca\x92\x7a\x70\xac\x3c\xde\xf9\xb1\xb2\xad\x2c\xbf\x56\xd6\xf7\xf5\xe6\x69\xfb\x59\x53\x3b\x79\xaa\x1d\x6f\x75\xe4\x6a\x38\x12\xef\xc8\x8f\xfe\x53\xf9\x03\xe1\x82\xd6\xc9\xa9\xb6\xb1\xa7\x6c\x1d\xa9\x5f\xec\x77\xe4\x86\x52\xdf\xd7\x36\xf6\x5a\x47\x2b\x30\x33\x3d\x93\x04\xad\xf1\xb9\xb6\xb1\xa7\x56\x0f\x3a\x72\xed\x56\x32\x01\x7a\xf3\x85\xbe\xbf\xd4\xae\x34\xf4\xd3\x55\xa5\xfe\x44\x59\xae\xb6\x0e\xd7\xd4\x8d\x37\xfa\x6e\xad\x75\x7c\xdc\x3a\xf9\x0b\x18\xbe\x6b\x84\x0b\x94\x37\xcb\x38\xf8\xd6\x9e\x8d\x4e\x5f\xfd\x56\x79\xfc\xcf\xf6\xee\x0f\xed\xed\xe7\xfa\x9b\x3f\x2b\xcb\x5f\x99\x60\xdb\xdf\xd6\xf4\xfd\x25\x6d\xa7\xe7\xb7\x23\xd7\xcc\x8c\x95\x95\x35\x33\x69\x75\xeb\x3b\xfd\xf3\x86\xba\xf5\x9d\x19\xcc\xc0\x4e\xb8\x40\xdd\x59\x55\x56\x57\x4c\x67\x1d\xb9\xaa\xee\xaf\x63\x24\x87\x15\x75\x7b\xb7\x23\x3f\xea\xc8\x0d\xc2\x05\x00\x73\x7c\xb1\x54\x66\x04\x9a\x2f\x04\x21\xe0\xf7\xfa\xbd\x01\xef\x65\xe3\x45\x59\xe2\x8a\x22\x93\xe3\x82\xc0\x08\x3c\xcb\x19\x73\xe3\xae\x80\xdf\xfb\xa1\xd7\xef\xf5\xfb\xc6\xc6\xbb\x33\x57\xc6\xbc\x81\x89\x0f\xbd\x81\xee\xa4\xb3\x1f\xca\xa3\xb5\x96\xdc\x50\x37\x4f\xd5\xb5\xe7\x40\xd3\xb7\xa7\x53\x1f\xc7\x12\x37\xe8\xc9\x58\x8a\xa6\xc1\x07\x34\x9d\x8e\xa6\x6e\x45\x53\x74\x6c\x72\x60\x9c\x98\x89\xa6\xae\x87\x23\x51\x9a\xc6\xe9\x10\xf1\xe9\x1b\xf4\xf5\x58\x3c\x1a\x42\x03\x4e\x98\x72\x29\xeb\x15\xf2\x0f\x10\x61\x7b\xc2\x36\x0e\xb7\xbd\x37\x5d\x9f\x4e\x83\x5e\x1c\x44\x44\xa6\xc2\xb1\x04\x9d\x08\x7f\x12\x0d\xa1\x7c\x81\x13\xe7\x0a\x22\xcd\xb0\x02\x4d\xda\xde\x10\x11\x9f\x8e\x7c\x7c\x0e\x12\x56\xf0\x0a\x79\xf6\x77\x88\x20\x62\xc9\x99\xf0\x47\xf1\x68\x3a\x84\xa4\x72\x26\x0f\xbe\xb2\x54\xf4\x49\x98\xba\x7c\xa1\xc4\xdc\x17\x38\x09\x11\xfc\x2c\xdc\x01\xea\x61\xdf\x3b\x89\x2b\xc1\xbd\xab\x50\xca\x72\x22\x01\x00\x10\x4b\xa6\xa3\x33\x43\x7c\x48\x5c\x09\x11\x9c\x20\x71\x67\xac\xac\x77\xb3\x3c\x81\xd9\x7b\xf8\x04\x58\x81\xe7\xc4\x12\x9d\x17\x05\x5e\xe4\xbc\x52\x16\x5a\x87\x15\x7d\xf5\x55\x47\x6e\x98\xe1\x94\x75\x4c\x69\xfd\x87\x97\xfa\x52\x43\xa9\x57\xd5\xbd\x5d\x45\x5e\x1f\x55\x0e\xbf\x86\x59\x9c\x8b\xa7\x23\xd7\x94\xfa\xd7\x4a\xf5\x8b\x96\xbc\xa3\x1d\xff\xbd\x5d\xa9\xab\xdb\xbb\xd0\x4d\x63\x54\x7d\xb6\x63\x19\x12\x53\xe1\x5b\x51\xda\xc4\xe2\xc7\xd9\x91\xc6\x33\x08\xbc\x54\x02\x4a\x84\x6b\xbe\x0c\x37\xe7\x13\xcb\x82\x00\x63\xd7\x7e\x11\x70\x64\xe9\xf8\x30\x60\x20\x9f\x0a\xa7\xa7\xe8\x78\x34\x11\x0a\x4c\x10\x84\x90\x7f\x40\xe7\x38\x49\x62\x1e\x70\xa3\x1e\x98\x37\xbe\x10\xf2\x2c\x23\x80\xc0\xcd\x71\x42\x08\x91\x01\xe4\x98\xb4\x4c\x43\x88\x1c\x33\xa7\x39\x36\x9b\x07\x44\x8e\x66\x98\x12\x07\xee\x5f\x8e\xfc\x9a\x1a\xc9\x51\x23\x19\x18\x99\x0a\x8e\x7c\x12\x1c\x49\xbb\x3d\x70\x87\x9c\x37\x7c\x2d\xde\x03\x72\xde\x72\xb0\x88\xe0\xda\x35\x40\x64\x97\x77\x88\x58\x24\x08\x9c\x0b\x3d\x37\x4e\xb3\x7c\xa6\x28\xd9\x68\x4a\x45\xa0\x32\xe0\xbe\x5b\x74\xc3\x5d\x63\x02\xff\x16\x40\xe2\x32\x38\x6f\xb7\xe4\xfb\xcd\x9d\x3b\x41\xa9\xc0\xb0\x5c\xf0\xde\xbd\x0f\xc6\x5d\x3e\x5f\xe1\xac\xa5\x5b\xf2\x39\xad\x48\x9f\xaf\xdf\xe6\x41\x91\x2b\x00\x35\x07\xee\x3e\x67\xe4\x80\xa3\x7c\xb1\x04\x54\x19\x43\x75\x81\xfe\xcd\x3f\xd4\x2f\xeb\x4e\x0d\x20\x22\xf1\x58\x34\x31\x43\xc7\x92\x21\x84\x88\x9b\xe9\x68\xca\xa4\x3a\x22\xc2\x91\x38\x1d\x8f\x25\x30\x61\x11\xf1\x69\x96\x17\x38\x88\x5d\x4f\x87\xa0\xc8\x31\x19\xa0\x8a\x40\x63\xf6\x5c\x85\x4c\xde\x08\x66\x8c\x42\x88\x9c\x37\x1e\x46\x48\x9c\xfa\xa2\x59\x6d\x96\x91\x38\x40\xa4\xf1\x02\x01\x2f\xda\xe0\x1c\x2a\xf3\x81\xc7\x9e\xc5\xbf\x1e\x28\x72\xb4\x50\xe4\xc5\xd2\x2c\xb8\x47\xa4\xbb\xa2\xbb\xe7\xa7\xaf\x98\x0e\x4f\xce\x52\x18\x55\x5d\xe8\x36\x03\xdc\xfd\x41\xae\x5e\xb5\x87\xb6\xac\x0d\xe0\xb0\xeb\xf1\xd3\x60\xd8\x6e\x06\x41\x9c\x1b\x78\xdc\x35\x10\xd1\x51\x75\x72\xde\x1e\x2c\x5a\x75\x5d\x44\xa4\xfb\xae\xe8\x1e\xe6\x8d\x93\x18\x96\xc8\xe4\x45\x8e\xb0\x64\xe4\x33\x40\xa4\x5d\x47\xd4\xa7\x21\x8e\xf5\x03\xe8\x76\x38\x95\x88\x25\x6e\x20\x40\x58\xd6\x98\x4c\x06\x34\xf9\x48\x79\xf9\xd4\xd1\x9e\x8e\x5c\xd3\x0f\xfe\xad\x9f\xae\x5a\xcb\xe7\x21\x5f\x02\x73\x59\x46\x62\x93\xa9\xf4\x90\xea\xd8\xc8\x71\x85\xfa\x96\x88\xc7\x09\x0f\x7f\x7d\x01\xb4\x58\xe2\xfa\x34\x02\x64\x6e\xa8\x70\x53\xe2\x8a\x40\x76\x5b\x02\xb7\x4c\x78\xb1\x64\x10\x7a\x79\x02\x16\x9f\x58\x72\x6e\xdc\xda\x56\xd5\x67\x3b\xed\xad\x8a\xb9\x05\x3a\xc0\xfb\x0d\xf0\xef\x1b\xcb\x3a\x39\x18\xce\x71\x3c\x50\xe4\x8a\xf2\xcd\x9f\x90\xd5\x01\x44\xf6\x54\x0c\x41\x08\x50\xa0\x3f\x55\x2c\x69\x43\x4a\x67\x15\x65\x01\xa4\x2c\x33\x76\x79\x42\x2a\xe7\x60\x01\xd8\x72\x09\x28\x36\x40\x91\x5d\x1d\x34\x59\x93\x4e\x45\x68\x43\xe8\xf3\x73\xe4\xbc\xbd\x21\x2d\xd2\x12\x4d\xce\x63\x4b\x6b\x05\x4e\xa6\x67\x86\x9a\x65\xfa\xcd\xd2\x37\x3f\xa2\x8d\xed\xee\x8c\x21\xdb\x33\x34\x2c\xc3\xf1\xf8\xf4\x6d\x3a\x1c\x8f\x87\xfc\xc6\x98\x9f\x85\x73\xd3\x30\x55\xea\xf7\x51\x70\xfb\xfc\xa4\xdb\x91\x7f\xbf\xa3\x80\x31\x87\xdb\x82\xff\x47\x6d\x0b\x7e\x16\x2e\x99\xdb\x09\x50\x9f\xc2\x84\x1f\xae\x0c\xb8\xb8\x80\xd0\xff\x4b\x33\xf5\x27\x07\xca\xfa\x5f\xc3\x91\x78\x7b\x63\x49\x7f\xbd\xac\x3e\x7b\x6d\xb3\xde\xec\xf0\x68\xfb\xf8\x6f\x7a\xf3\xc5\x64\x6a\x3a\xe9\x41\x7d\xd1\x2d\x4a\x75\x87\xdd\x1c\xf0\xcf\xda\xf0\xa8\x4b\xc0\x16\x39\xbc\xdb\x20\xd2\xea\x19\x82\x2c\x23\x65\x83\x7c\xc1\xf8\x97\xf8\xcf\x38\x08\xf8\xc7\xc6\x21\xc7\x3c\xe4\x04\x2e\x07\x13\x97\x2f\xff\x6a\x02\x16\x16\x1c\x62\x7e\x41\xa6\x4a\x75\x53\x39\x3e\x52\x8f\xea\xed\xcd\x15\xe8\x86\x00\xe5\xc5\xf7\xfa\xab\xaf\x10\xe1\x2c\x26\xe6\xa5\x5d\xf5\x61\xb4\x1c\x80\x8e\x05\x81\xba\xe4\xc4\xdd\x27\x2b\x63\x8e\x3d\xfc\x0c\xd8\x0b\x00\x9b\xe7\x6d\xfb\xa4\xdb\xb7\xac\xaa\x2f\xcf\xa6\x30\x80\xcc\x3c\x4a\x61\x46\x50\x11\x0c\xc8\x3e\xa4\x21\xa0\x72\x80\x0f\x31\x14\x95\x63\x4a\x6c\x96\xc2\xcf\x0e\xf0\x52\x91\x05\xea\xb7\x10\x8e\x44\xa2\xc9\x99\x3e\xf4\x67\xa1\x2f\x2c\x0c\x84\x0a\xbf\x7b\xa8\xf3\x9b\xf8\x2e\x22\x67\x10\x52\x69\xd6\xd4\x6a\x7d\xd4\x38\xb3\x51\xed\xcd\xd7\xca\xa3\x35\x4d\xae\x68\x9b\xaf\xf4\xd3\x2f\x4d\x0b\x0f\xc6\x10\xb2\x11\xd9\x18\xec\x63\xe2\xf0\x8a\x26\x70\x16\x5d\x2d\x38\xd3\xe2\x52\xb1\x7c\xe6\xe3\x41\x8e\x5b\x82\x63\x71\x5c\xe4\x4a\xe7\x90\x7c\xdc\x7f\x65\x08\xc7\xdf\xca\x73\x6d\xb3\xa9\xee\xac\x1a\x54\xb7\x22\x0d\xe5\xc9\x6c\xbe\x08\x78\xcf\x01\x5e\x04\x53\x8f\xec\xe3\xca\x45\x44\xb7\xc1\x23\x12\x7f\xfd\x13\x38\xfe\x56\x9e\x03\x8e\x0e\x86\x3b\x93\xde\x17\xc1\x36\x36\xf1\x8b\x00\xfe\x5f\xad\xc4\x73\xa9\xf6\x73\xad\x47\x67\xc0\xb7\x24\xe3\x40\x36\xd4\xb5\xcd\x94\x0c\xbe\xcf\xbc\x8f\xaa\xbc\x5b\xa4\x9f\x59\x54\xfa\xe5\x03\x87\x0e\xd9\xc4\x65\xb3\x0c\x2f\x86\x86\x95\x72\x96\x37\x1e\x3d\x70\xe5\x1a\xbe\x2a\x59\x37\x63\xc7\xdd\xf4\x2d\xcb\x92\xcd\xe7\x72\x8c\x98\x09\xa1\xc1\x2a\x39\x5a\x0d\x94\xe4\x84\x4e\x65\xac\xb5\x65\x57\xa6\x07\xe7\x7d\xcb\xa2\x37\xdf\x68\x27\x4d\x86\x15\x94\xa7\x27\xad\xe3\x17\x66\x65\x5a\x87\x6b\xe6\x25\x99\x32\xaf\xc0\xe6\x15\xd9\x13\x04\xd2\x42\xdf\x8b\xdf\x9d\x21\xec\xa5\x8d\xcf\x07\xd6\x91\xe1\xbf\x01\x00\x00\xff\xff\x83\x3a\xe8\x4e\xbd\x12\x00\x00")

func acl_addShBytes() ([]byte, error) {
	return bindataRead(
		_acl_addSh,
		"acl_add.sh",
	)
}

func acl_addSh() (*asset, error) {
	bytes, err := acl_addShBytes()
	if err != nil {
		return nil, err
	}

	info := bindataFileInfo{name: "acl_add.sh", size: 4797, mode: os.FileMode(436), modTime: time.Unix(1790070243, 0)}
	a := &asset{bytes: bytes, info: info}
	return a, nil
}

var _acl_delSh = []byte("\x1f\x8b\x08\x00\x00\x00\x00\x00\x00\xff\xac\x58\x6f\x53\x13\x49\x1a\x7f\x3f\x9f\xe2\xd9\x66\x30\xb0\x77\x43\x08\xc5\x5a\x2b\x54\xac\xca\x86\xa0\x29\x63\xa0\x12\x74\xf7\x4a\xbd\xa9\x61\x32\x91\x39\xc3\x24\x35\x33\xc1\xbd\x03\xaa\xc0\x25\x02\xca\x3f\x4b\x94\x33\x86\x15\x2c\x2d\xa3\xee\x02\xba\x7b\x80\x10\xe4\xbb\xac\xe9\x99\xe4\x55\xbe\xc2\x55\xcf\x4c\x26\x93\x00\xae\xde\x99\x37\x49\x77\x3f\xfd\xfc\xfd\x3d\x7f\x3a\x4d\x5f\xb9\x07\x45\xc9\x3d\xc8\x29\x43\x54\x13\xe8\xcb\x6f\xf4\x8d\x75\x7d\xe9\x76\x79\xf5\xa9\xb6\x7a\x58\xda\xfa\x49\x5f\xce\x57\x0a\xd9\xe2\xee\x9e\x36\x37\x8d\x37\xb2\x38\x97\xd7\xf7\x0e\xf1\xc6\x53\x6d\x66\x47\x7f\xbd\xf9\xc7\x44\x0e\xdf\xc9\x6b\x13\x93\x78\x66\xad\xfc\xe8\xd9\x1f\x13\xab\x38\xb3\x8d\x77\xde\x6a\xcb\xef\x4b\xeb\x73\x7a\x76\x0a\x2f\x6e\x96\x36\x0e\xcb\x2b\x1b\xfa\xc1\x3d\x7d\x3f\x57\x29\xcc\xf8\xfc\xa1\x4a\x61\xf6\xc3\xc4\x2d\xaa\x09\x8a\x07\x87\xfa\x72\x1e\xe7\xf6\xb4\x47\x9b\x95\x42\x16\x2f\x6d\xea\xcb\x79\x18\xe8\x1b\xe8\x07\x3d\x3b\xa5\x2f\xe7\xb5\x99\x1d\x9c\xcb\xdb\xe2\x4a\xd3\xaf\xf0\x9d\x97\xe5\xf5\xff\x94\x57\x9f\xea\xb7\xde\xe1\xe9\x7d\xfd\xd1\x3e\x9e\xde\xd3\x56\xb6\x2b\x85\x39\xa7\xce\x5a\xee\x97\xd2\x54\x56\xcb\xfd\x82\x1f\xff\xac\x2d\x6f\x9b\xfa\x18\x42\xa9\x26\xd0\xd6\xa6\xf1\xf4\xed\xd2\xfb\xfb\x38\xf3\xbc\x52\x98\xd1\x36\x17\x4b\xeb\x73\xc5\xdd\x09\x6d\x75\xbd\x52\x98\xad\x14\xb2\x54\x13\x00\x8c\x88\xb2\x9a\xe6\x12\xac\x98\xea\x02\x4f\x7b\x5b\x7b\x9b\xa7\xed\x1b\xe3\x20\xad\x08\xb2\xc4\x0d\x0b\x5d\xc0\x25\x44\x5e\x30\xf6\x3a\x9b\x3c\xed\x6d\xdf\xb6\xb5\xb7\xb5\xbb\x3b\x3a\xab\x3b\x67\x3a\xda\x3c\xa7\xbf\x6d\xf3\x54\x37\x9d\x0a\xe2\xd9\xf9\x62\x21\xab\x3d\x3e\xd4\xe6\x9f\x02\xcb\x7e\xdf\x17\xb9\x10\x0c\x9f\x63\x7b\x82\x11\x96\x05\x37\xb0\x6c\x34\x10\xb9\x1c\x88\xb0\xc1\x9e\x86\x75\x78\x20\x10\xe9\xf5\xf9\x03\x2c\x4b\xcc\xa1\x42\x7d\xe7\xd8\xde\x60\x28\xe0\x45\x0d\x4c\xb8\xb4\x3a\xd4\x96\x48\x5e\x47\x94\xcd\x89\xd0\x38\xd8\xd6\x4e\xaa\x3c\x9d\x04\x35\x39\x88\xf2\x9f\xf7\x05\xc3\x6c\xd8\x77\x31\xe0\x45\xc9\x94\x20\x8d\xa4\x24\x96\xe3\x13\x2c\x6d\x73\x43\x54\xa8\xcf\x7f\xe1\x04\x4d\xf8\x44\x5b\x22\xc9\xdf\x40\x14\x15\xec\x1f\xf0\x7d\x17\x0a\x44\xbd\x48\x49\xc7\x92\xe0\x4e\x2b\xb2\x5b\x21\xf8\x13\x53\x2a\x37\x98\x10\x14\x44\x89\x71\xb8\x02\xcc\x8f\x75\x67\x8a\xa0\xc2\xb5\x6e\x50\x87\x04\x89\x02\x00\x08\xf6\x47\x03\x03\xc7\xf0\x50\x04\x15\x51\x42\x42\x11\x8e\x50\x59\x67\x71\x91\xa2\x9a\x80\x4f\x4a\x92\x2a\x73\xfc\x0d\xd0\x97\xf3\xc5\xbd\x05\x6d\x37\xa3\x2f\xdd\x2e\x6d\x3e\xb7\x81\xa6\x67\xa7\x4a\x87\x3f\x6b\x0b\xcf\x4b\x3b\x4f\x4a\xbb\xaf\x5a\xf4\x3b\xdb\xda\xc4\x64\x69\x3d\xdf\xfa\x61\xe2\x96\xcf\x1f\x82\xf2\xfd\xf7\x78\xf3\x1d\x04\xa2\xc4\x9e\x60\xf4\x7c\xa0\xe7\xaf\x91\x40\xc8\x37\x10\xe8\x81\xe2\xee\x04\x7e\x7f\xd7\x44\x5c\xa5\x30\x47\x60\xbe\x9f\x31\xf3\x03\xc8\xd5\xd2\x8b\x29\x3c\xf3\x48\x5b\x59\xd3\x7e\x7b\xa0\x3d\xfc\x15\x17\x26\xf0\xce\x5b\xbc\xbf\xa7\xbf\xbe\x6b\x8b\xad\x14\xe6\xf0\x61\xa6\xbc\xbe\x8f\x97\xe6\xb4\x95\x6d\xa2\xe0\xcb\x3d\x9c\xd9\xb6\xf5\xd0\x56\xd7\xf5\xc7\x1b\x04\x01\xfe\xbe\x70\x78\x20\xe2\xf3\x5f\xf0\x22\x44\xc5\x93\x32\xb0\xbc\x0a\xa2\xe4\xf0\x4b\xcd\xdc\x23\x6b\x42\xd3\xb0\x55\xb7\xec\x86\x58\xd2\xf0\x65\x35\x2a\x88\x66\x79\x15\x55\x83\x01\x0e\xe1\x86\x9b\x8d\xd3\x6e\x18\x94\x05\xee\x46\x37\xc4\x45\x2a\x96\x94\x04\x2b\xa4\xff\x02\x44\xdb\xf4\x08\xae\xc1\xa9\x53\xc0\x27\x87\x87\x39\x29\x06\xcc\x88\x23\x28\x67\xdd\x31\x61\xc4\x2d\xa5\x13\x09\xe8\x38\x7b\xca\xe3\x88\x7b\xa3\x38\xfb\x8e\x19\xd9\xf3\xbe\xcb\x01\xd6\x8c\x7a\x3b\x11\x4a\x1b\xbf\x21\x21\x2a\x2a\x30\xd2\x47\xf8\x3a\x2e\x7a\x2c\x4e\xd1\xf3\x6c\x28\x10\xf6\x7a\x4e\x53\x54\x22\x79\x9d\x1d\x16\x14\x85\xbb\x2e\xb4\xb4\xc2\xa8\x71\x23\x91\xe4\xb9\x04\x24\x84\x11\x21\xe1\x45\xb4\x07\x39\x36\x2d\x52\x2f\xa2\x3b\xcc\x6d\x81\x1f\x4a\x02\xa2\x5b\x62\x9c\x2a\x80\xeb\x2f\xcd\x7f\x63\x9a\x87\x99\xe6\x18\x34\x9f\xef\x6a\xbe\xd8\xd5\x1c\x75\xb5\xc2\x15\x7a\xd4\xe0\x35\x7e\x0d\xe8\x51\x8b\xc1\x38\x82\xb3\x67\x01\xd1\xd5\x0c\x47\xd4\x38\x45\x11\x5b\xd8\x91\x4e\x96\x17\x63\xb2\x62\x6b\xa3\xca\xc0\xc4\xc0\x75\x55\x76\xc1\x55\x63\x83\x7c\xc6\x40\x11\x62\xc4\x6e\x97\xe2\xfe\xfb\x95\x2b\x5d\x4a\x8a\xe3\x85\xae\x6b\xd7\xbe\xee\x6c\x72\xbb\x53\x47\x29\x5d\x8a\xdb\x49\x45\xbb\xdd\xf5\x34\xd7\x65\x21\x45\x02\xe5\xaa\x63\x46\x37\x30\x4a\xca\x2a\x30\x69\xa2\x6a\x13\x98\xb0\xb5\x1a\x47\x35\xb5\x20\x68\x14\xf7\x13\xd2\xcb\xc4\x35\x29\xca\x7b\x4b\x6e\xfd\xf1\x86\x9e\x9d\xd2\x1e\xbe\xc3\x4b\xf7\xcc\x9e\x31\x28\x28\x2a\x23\xc4\xe3\x49\x59\x25\x29\xf2\xec\x4d\xe9\xf7\xe7\xc5\xdd\x79\x7c\xf0\x06\xdf\x9f\x37\xb2\xcb\xac\xf7\x24\x31\xe2\x89\xb4\x32\xc4\xda\x10\x69\x08\x9d\x98\xaa\xc5\xcd\x02\xa7\x98\xb2\x50\x29\x0b\x6a\x5a\x96\xa0\xdd\x81\xfc\x46\xf0\x3a\xc0\x63\xf2\xb4\x21\x02\xe8\x7b\x5f\x24\x1c\x0c\x9f\x43\x80\x6a\x98\x26\x4a\x2e\x6e\x1a\xcd\x74\xae\xb4\xf3\x5b\xe9\x70\xda\x2c\x3a\x40\x8b\xa9\x8f\xb8\x03\xd9\x12\xea\x74\x8a\x8b\x0e\x4b\x78\x49\x35\x56\xbc\xa4\x7a\xe9\x96\x9a\x96\xc0\xf4\x00\xa3\x58\x76\x75\x38\xc0\x3f\x06\x37\x79\x60\x12\xad\xc6\xad\x06\xfa\xd8\x71\xf4\x63\xa0\xca\x69\x81\x3a\x62\x68\x30\xdc\xdb\x87\x00\x91\x7e\x6f\x18\x53\x8b\xf1\xc7\xad\x02\xb3\x1a\x6a\x7b\x4b\x66\xb8\xb5\x07\x5b\x5e\x7a\x94\x97\xd4\x71\x03\xe3\xfe\x50\x30\x10\x1e\x60\x83\xfd\xa4\xa2\x5d\x8a\x06\x22\x66\xe3\x41\x94\xcf\x1f\x62\x43\xc1\x30\x69\x1f\x88\xba\x39\x24\x26\x04\x08\xf6\x46\xbd\x20\x0b\x5c\x0c\x18\x19\xd8\x84\x28\x09\x76\xc9\x32\x56\x5e\x44\x8f\x1a\x3f\x9a\x69\x92\x1e\xe3\xa6\x43\x79\x4e\x11\x48\x29\x23\x07\x08\xc4\x5a\x1c\x1d\x3d\xff\xeb\x56\x7b\xd7\x28\x3d\xb6\x52\x74\x4b\x4a\x16\x25\x35\x0e\xae\x66\xe5\xaa\xe4\xaa\xf1\xa9\x4b\x38\x07\x27\x67\xba\x18\x99\x37\x56\x4d\x58\x70\xd5\x0b\xe9\xee\xb6\x97\xf6\x90\xd1\xa0\x87\xed\x8f\x4f\x53\xc3\x66\xd3\xa8\xc4\x89\x82\x3b\x9b\x1a\x24\x3a\xbc\x4e\x8f\xda\x8b\x71\xcb\xaf\xe3\x88\x76\x5d\x95\x5c\xc7\x71\x13\x14\x8e\x37\x1b\x80\xb3\x03\x54\xfd\x58\x9f\x44\x27\x24\x10\x19\x32\x62\x42\x02\xf4\xc2\x1e\xde\xba\xe7\x08\x8f\x9d\x46\x56\x89\xfd\x51\x54\xc1\x63\xb5\x77\x9c\x99\x31\xab\x00\x18\xb3\xe6\x1c\xbe\x3d\x6f\x56\xa2\x13\xe0\x58\x29\x64\xc9\xd8\x19\xf8\x21\x38\x00\xaa\xcc\xa5\xa0\x78\xb8\x5a\xda\x9c\xc4\xb9\xbc\x36\x3b\xa1\xe5\x66\x4d\x66\xa5\x9d\x4d\xfc\x7e\xaa\xf8\xee\x2e\x5e\x5a\xd0\x66\x5f\xd8\xcd\xbd\x3c\x79\x88\x33\xf3\x38\x33\xa3\xed\x66\x1c\x4d\x0c\x2f\x2d\x7c\x98\x98\x34\x2a\xd2\x56\x56\xcb\xbd\xb2\x20\x9f\x7b\x52\x5e\xf9\x5d\x7b\xb8\x45\xfa\xbd\x9d\x1f\x4f\x5f\x6b\x85\x45\x6d\xc1\x18\x8a\x0d\x05\x5c\x0d\xb5\xab\xce\x6f\x2e\x43\x53\x8a\xf2\x07\x7b\x22\xd1\x63\x60\x60\x87\x88\x40\xa1\xae\x5f\xb4\x3a\xe3\x40\x6e\x7f\x52\x0c\xcc\x31\x1c\x2e\x29\x82\x0c\x74\x15\x7e\x70\xd9\x0c\x45\xb0\xbf\x0b\x6a\xba\x81\xb6\xb2\x06\xc1\xfe\x91\x4e\x73\xd0\xd9\xd8\xc2\x07\x0f\x1a\x0a\x9e\x23\x5e\xed\x46\xbc\x8e\xab\x28\x9f\x23\xd2\x7a\x7f\xd8\x01\x07\x32\x50\xbd\xb8\x8b\x2c\xd0\x21\xba\xd6\xdc\x11\x78\x01\x79\xea\x8d\x26\x9d\xfe\x18\x27\x5a\xee\x19\x03\x65\x88\xeb\xf8\xe6\xb4\x92\x1e\x86\x31\xe0\xd3\x2a\x30\xbc\x87\xa1\xab\xe3\x81\x99\x28\xd1\x88\x9f\x35\x26\xcd\xe4\x08\x3d\x6a\x4f\xc4\xe3\xac\xc2\xd2\xa3\x84\xd2\x2a\x3a\x3d\xd1\x81\x63\xc9\x62\xf5\x64\xd1\x4b\xdf\xb1\xc6\xbc\x7d\x84\x90\xaf\x11\x1a\x94\x2d\x76\xd2\x89\x71\xf8\x0a\xe2\x64\xc6\x06\xe6\x26\x9c\x6e\x87\x33\x0d\xfd\xe9\x0b\x85\xb7\xb4\xb0\x83\x17\x1f\xfa\xfc\xa1\xf2\xf2\x64\x69\x3b\x63\x3e\xbb\xcc\xe8\x1a\x03\xb6\x33\xc4\xd5\x8f\x15\xea\xea\x92\x84\xbc\x4e\x6d\xe7\x90\x86\x68\xcb\x97\xe8\x23\xc3\xda\x9f\xd8\xa3\xed\x2d\x95\x1f\xdf\x86\x2a\x27\xa3\xf3\xfe\xfa\x6f\x9c\xcb\xb7\x90\xb7\xe8\x4f\x07\x76\xb7\xd2\x66\x1e\xe2\xfb\x33\x78\x77\x8e\x50\xcc\xbd\x2b\x67\xe6\x5b\xe1\x33\x9c\xf1\xc9\x56\x5a\x06\x92\x32\xe6\xb0\xaf\xae\x12\x36\x74\xdb\xab\x9f\x62\x67\x71\x7f\xa1\x66\xa4\xfe\x62\x9f\x3c\x2f\x9c\x69\x61\xcc\x46\x35\x9b\x6d\x37\xb4\xa2\x9a\x6a\x91\xc0\x45\x02\x34\xba\xa5\x6e\x52\x66\x54\x41\x36\xfa\xa3\xad\x6c\xfd\xf4\xc0\xdd\xbc\x01\x2e\x77\x38\x3d\x3c\x28\xc8\x90\x8c\x83\x20\xa9\xb2\x28\x28\xee\x51\x23\x89\x80\x0e\xf7\x8e\x3b\xda\x8b\x55\x6f\x4c\x51\xd6\x80\x65\xc9\x6d\xa7\x8e\x1f\xa0\xfe\x97\x2a\x60\xe4\x7f\x8b\x81\xc2\x56\x50\x64\xde\x5b\xf3\xcd\xfe\x14\x18\x19\x0b\x78\xf6\x65\xf1\xe0\x91\xb7\xaa\x4b\x1d\x10\xaf\x38\x74\xf4\x02\x6a\x3f\x3a\xe3\x59\xb1\x34\x1f\xb0\x24\xcf\x98\x1e\x12\x45\xfb\x69\x8c\x80\x19\x06\xf2\x52\x65\x98\x61\x4e\xe5\x87\x18\xf2\xdb\xe1\x44\x45\xe6\x81\xf9\x07\xd9\xa9\x66\xf8\xc9\x63\xd6\x17\x94\xe7\xf3\xfb\x03\xfd\x03\x9f\x29\xa9\xf7\xff\x51\xf3\x87\xcf\xbe\x6c\xe6\x87\xa2\xca\xc9\x7f\x9e\x08\xbb\x4f\xb9\x69\x95\xd8\x3f\xbf\x79\x2c\xdc\x6a\x38\xd9\x79\xab\xad\xac\x35\xfc\xd5\x45\x06\x09\xb3\xc9\xd4\xa1\x2b\xa6\xa8\xde\xaa\x5c\xe0\x87\x38\x51\xf2\x3a\x8c\x77\x16\x04\xf2\xd5\x0a\x67\xce\x92\x17\x9d\xf5\x57\x89\xe3\xcf\x0a\xf2\x72\x27\x4d\x9a\x3c\xdd\xcd\xee\x63\x0f\xb2\xe4\x63\x3d\x94\xbd\xa8\x11\x11\x0e\x40\x90\x69\xdf\x91\x12\x4c\x0c\x68\x83\xa3\x0d\x02\xf4\xe5\xd2\xcd\x98\x66\x38\x3e\x81\xef\x1d\x14\xf7\x9f\x99\x79\x67\xbf\x71\x98\x62\x61\x4d\xdf\x7f\xa2\xe5\xd7\x71\x61\xb1\xb5\x0b\x68\x4b\xfb\x9a\xfc\xea\x8e\xb1\x61\x8c\x88\xa4\x62\x5a\x45\xf4\xbf\x01\x00\x00\xff\xff\x10\xd3\x63\xfb\x93\x14\x00\x00")

func acl_delShBytes() ([]byte, error) {
	return bindataRead(
		_acl_delSh,
		"acl_del.sh",
	)
}

func acl_delSh() (*asset, error) {
	bytes, err := acl_delShBytes()
	if err != nil {
		return nil, err
	}

	info := bindataFileInfo{name: "acl_del.sh", size: 5267, mode: os.FileMode(436), modTime: time.Unix(1790075788, 0)}
	a := &asset{bytes: bytes, info: info}
	return a, nil
}

var _authSh = []byte("\x1f\x8b\x08\x00\x00\x00\x00\x00\x00\xff\x9c\x55\x7d\x4f\xdb\x46\x18\xff\x7b\xf7\x29\x9e\x5d\x1c\x25\xd1\x64\x42\x51\xb5\x3f\x32\xc2\x84\x54\x60\xd1\x68\xa8\x42\xbb\x6e\x2a\xcc\x32\xf6\x85\x58\x72\xce\xd9\xdd\x19\xca\x00\xa9\xa8\x2f\xb0\x35\x2d\x55\x87\xf6\xc2\x3a\xd1\x17\xd8\xd0\xb6\x36\x9b\xb4\xb5\xac\xab\xc4\x97\xc1\x8e\xf9\x16\xd3\x39\xb6\x49\xda\xd2\xb1\xf9\x2f\xdf\x73\xf7\x3c\xf7\xfb\x3d\x2f\xbf\x4b\xbd\x9d\x9f\xb1\x68\x7e\x46\xe7\x35\x94\x02\xef\xde\xae\xf7\xe4\xa1\xbf\xf6\xac\xfd\x4b\x2b\x78\xb2\x1d\xb4\x56\xfc\x6f\x9e\xfa\x5f\xfc\x14\x3c\x68\xfa\x8f\xb7\x83\x6b\x9b\xfe\xbd\x5f\x51\x0a\x0e\xaf\x6c\x06\xfb\xab\xed\xdb\x2d\xef\xe1\x55\x6f\xfd\xdb\xc3\xd5\x75\xff\xf6\x8e\xbf\xf1\xb4\xbd\xb1\xeb\xaf\x3d\xf3\xee\xdc\xf2\xee\x36\xbd\xd6\x8d\xf6\xfd\x15\xc8\x72\x83\x59\x0d\xa1\x72\x62\xb8\xcc\x12\x0b\x70\x3a\x87\x50\xa9\x7c\x7e\xa4\x52\x1e\x1e\xd7\x86\xcf\x95\x8a\x58\xd3\xba\xd7\x9a\x86\xd1\xf8\xc4\x98\x36\x5a\x1a\x1f\x91\x7b\x17\x27\x2a\x1f\x96\xca\x63\xda\x99\x52\x45\xd3\x74\x57\xd4\xfa\x6c\x67\x16\xa3\xc9\x91\xca\x47\x23\x15\xad\x74\x46\x9e\x49\x16\xd2\x19\xd9\xce\xac\x56\x27\x9c\xeb\xb3\x24\x9b\x83\x45\x04\x00\x60\x3b\x86\x6e\x83\x4d\xe6\x88\x5d\xc4\xca\x29\xdc\x65\x8c\x8e\x16\xb1\x32\xd0\x31\x13\xa3\xe6\x00\x56\xb2\xa6\x2e\x08\x64\xde\x49\x7f\xa2\xa6\xeb\x6a\xda\x84\xf4\x07\x85\xf4\xd9\x42\x7a\x32\x93\x83\x4b\xca\x62\x18\x6b\x79\x1a\x94\xc5\x28\xc0\x32\x86\xa1\x21\xc0\x4a\x0c\x1e\xa3\x65\x84\x52\xe0\x3f\xba\xe2\x6f\xed\x78\xfb\xd7\x83\x1f\x57\xda\x9b\xd7\xba\x93\x86\xac\x2a\x5c\x02\xf5\x73\xc0\x8a\xcb\x09\xa3\x7a\x9d\x60\x98\x86\xa5\xa5\xd8\xda\xd0\x39\x9f\x77\x98\x89\x61\xfa\x3d\x10\x35\x42\x23\xd8\x09\x3f\xc0\x23\x95\xca\x44\x05\x77\x45\x80\xc4\x0b\xaa\xcc\xa9\x83\xe2\x52\xc1\x5c\x2e\x88\xa9\x59\x8d\xee\x55\xc3\x61\x02\xce\x5a\x9c\x5b\x74\x16\x12\x6f\x87\x41\xe2\x4f\xe8\x9c\xc5\x1c\x5a\x27\x54\xc0\x9c\xce\x2c\x7d\xc6\x26\x7d\xf8\x55\x0c\x4a\x96\x13\x91\x8b\x92\x77\xd9\x12\x70\x0a\x52\x70\xf8\x73\x33\x68\xad\x78\xdb\xbf\x07\x7f\xec\xa0\xaa\x85\x12\xb2\x8a\x2c\xa2\x56\xd5\x2d\x9b\x98\x1a\x23\x3a\x77\xa8\x56\xb5\x6c\x12\x73\x84\x30\xce\x31\x87\x8a\xf8\x98\x0d\x1c\xde\x91\x02\xaf\xf5\x57\xcc\xc5\xbb\xdb\x8c\xa9\x04\xfb\xdf\x07\x0f\x9a\x33\x3a\x27\xef\x9e\x6e\xbf\xf8\xba\x7d\x7f\x05\x11\x6a\x38\x26\x31\xb5\xf8\x74\x51\xc9\x86\x85\x57\x69\x4f\x39\x96\xa0\xe3\x05\xea\x3c\xf4\xc3\x12\x08\x06\xaa\x09\x99\x29\x9a\xc9\x25\x21\xe2\x5b\x7a\x42\x1c\xd5\xee\x4d\x21\x64\x83\x84\xe3\xe5\x3d\xdf\x68\x6f\xec\xb6\x77\x6f\x7a\xcf\xd7\x3b\x68\x3b\xf3\x87\x6a\x42\x34\xb4\x19\xc7\x5c\x28\x62\x4e\xd8\x1c\x61\x9a\x65\x16\x40\x49\x5a\x1e\xc5\x58\x0b\xa0\xbc\xcc\x09\xc5\x20\xba\xf6\x62\x13\x62\x44\xb7\x35\xab\xa1\xe9\xa6\xc9\x0a\xbd\x6d\x52\x78\xa9\x4d\x90\x61\x5b\x84\x0a\xcd\x20\x4c\x68\xd1\x5d\x86\x53\xaf\x3b\x34\x5c\x61\x84\x18\xe1\x11\x4a\x25\x6b\xb8\xcc\x06\x95\x83\xfa\x31\x9c\x9b\x98\x3c\x2f\xc9\x62\x25\xa1\x81\x41\xfe\x16\xf2\x79\xa5\x7b\xea\xf3\x12\x72\x5e\xd6\x56\x66\x09\x4f\x4d\x51\x2e\x74\xe1\xf2\x62\x7a\x31\xf4\x94\xd8\x97\x71\x0e\x45\x56\x8c\xe5\x8d\xae\x2d\xe4\xdf\x7c\x4d\x76\x4f\x69\x74\xb2\x08\x8c\xe8\x26\xa8\x0c\x6c\x8b\x12\x64\x3a\xdd\xe3\x2c\x4d\xb2\x16\xb3\x8c\x34\x00\x7f\x1a\x07\x82\xa1\xbc\x49\xe6\xf2\xd4\xb5\xed\xf0\x74\xd8\xa5\xca\xfb\xa0\x92\xcf\xa0\xbf\x67\xec\xe4\x17\x79\x45\x75\x3e\x0a\x6a\xb8\x22\xa4\x59\xc4\xa0\x56\x61\x20\x97\x38\x18\x0e\x15\x16\x75\x49\x68\xa8\x5a\x6f\x00\x14\xf3\xf9\x6f\x80\x22\xaf\xff\x0f\xc8\x74\x28\x81\xc1\xc1\x41\xc0\x4a\x52\x43\x1c\x0d\x2b\x56\x3a\x7c\x31\x14\x8b\x80\x07\xfa\xfb\x8f\x74\xa8\x67\xfe\x4b\xe5\xd1\x09\x0c\xf8\x02\x27\x0c\x32\xc9\xec\x64\x4e\xa2\x3f\xb2\xe2\x84\x0a\xcb\xd0\x05\x31\x81\xbb\x86\x41\x38\xaf\xba\xb6\xbd\xd0\x87\xd1\x5b\xa1\x98\xf4\x27\x62\xe2\xaf\xdd\xf1\xbe\xdc\x42\xc4\xe6\x04\x5e\x55\xa1\x8b\xc3\x95\x72\xa9\x3c\x86\x01\x0f\x1f\x05\xb5\x1c\x0a\x1d\xb1\x80\xaa\xc3\x42\x99\xeb\x81\x98\x05\xa5\x93\x42\xc8\x9d\x00\x6e\x88\x49\x26\x3a\x76\x1a\x1a\x3a\x5e\xce\xfe\x45\x0e\x53\xa0\xaa\x2a\x74\x9e\xd4\xf6\xdf\x5f\xf9\x3f\x6c\x49\x83\xd4\x83\xc7\x8f\xbc\xbd\x3d\xff\xea\x75\xef\xc6\x9f\x07\x7b\x37\x0f\xf6\x6e\x1d\xbc\xd8\x8c\x44\x62\xed\xb7\x60\xff\xbb\xc3\xd5\x26\x7a\xed\x1b\x70\x81\x92\xcb\x0d\x62\xc8\x4c\x12\xc6\x1c\x06\x16\xed\x4e\xb0\xcc\x45\xe7\x35\x7e\x7d\x2e\x4e\xc4\xbf\x43\xe8\x9f\x00\x00\x00\xff\xff\x48\x46\x30\x73\x36\x08\x00\x00")

func authShBytes() ([]byte, error) {
	return bindataRead(
		_authSh,
		"auth.sh",
	)
}

func authSh() (*asset, error) {
	bytes, err := authShBytes()
	if err != nil {
		return nil, err
	}

	info := bindataFileInfo{name: "auth.sh", size: 2102, mode: os.FileMode(436), modTime: time.Unix(1769775592, 0)}
	a := &asset{bytes: bytes, info: info}
	return a, nil
}

var _clientConfig = []byte("\x1f\x8b\x08\x00\x00\x00\x00\x00\x00\xff\x4c\x8e\xcd\x6a\xec\x30\x0c\x85\xf7\x7a\x0a\xbf\x80\x13\x2e\x77\x6b\x0a\xc3\x74\x51\x68\x17\x43\xa7\x2f\xe0\x49\xce\x10\x93\xd4\x0e\xb2\x12\x08\x41\xef\x5e\xec\xe9\x4f\x76\xfa\x8e\x3e\xa4\xd3\x4d\x01\x51\xa8\xc7\x6a\x64\x89\x34\x73\x92\x64\xf6\xbd\xb9\x82\x57\x70\x73\x29\xac\x4a\x8c\xcf\x24\x28\x8b\xf7\x3a\xbd\xa4\x2c\xaa\x7f\x7c\x49\x2c\x55\xcb\x69\x5a\x2d\x43\x78\x33\x21\xde\x43\x0c\x02\x8a\xe9\x16\x62\x4f\x33\x38\x87\x2c\x76\xc4\xf6\x3b\x97\x9f\x7e\x91\xc1\x2e\x19\x6c\x67\x9f\x33\xf5\x5e\xbc\xed\xc2\x3c\x80\xf3\xa1\xc9\xb3\x17\x7f\xae\xa9\x2a\xad\xe0\x9b\xf9\x4f\xae\xf3\x4f\xb4\xef\xcd\xf9\xa4\x4a\xae\x2d\xe4\x3a\xb0\x3c\x42\xd4\x4a\xae\xfd\x49\xc2\xdd\x34\xaf\xd8\x54\xdd\x88\xad\x2a\x95\xc8\xb5\xdf\x8c\xd8\xab\x3e\xbc\x8f\xb7\xeb\x69\x91\xa1\x0a\x23\x36\xdb\x07\x46\x27\x21\x45\xf3\x8f\x9c\x4c\xd9\x96\xd2\xf5\xc6\xd1\x24\xd7\x1e\x77\xf5\x1e\x7d\x05\x00\x00\xff\xff\xf2\x73\x31\xa0\x62\x01\x00\x00")

func clientConfigBytes() ([]byte, error) {
	return bindataRead(
		_clientConfig,
		"client-config",
	)
}

func clientConfig() (*asset, error) {
	bytes, err := clientConfigBytes()
	if err != nil {
		return nil, err
	}

	info := bindataFileInfo{name: "client-config", size: 354, mode: os.FileMode(436), modTime: time.Unix(1789884365, 0)}
	a := &asset{bytes: bytes, info: info}
	return a, nil
}

var _client_offlineSh = []byte("\x1f\x8b\x08\x00\x00\x00\x00\x00\x00\xff\xbc\x58\x6d\x53\xdb\xc6\xf6\x7f\xaf\x4f\x71\xaa\x88\x62\xff\xff\xa3\x18\xd2\x24\x53\x48\x9d\x19\xc7\x38\x8d\xa7\xc4\x61\x80\xa6\xbd\x43\x72\x35\x42\x5a\x07\x35\x42\x72\x25\x99\xb4\x17\x98\x21\x2d\x10\x93\x98\x87\xde\x38\xa1\x40\x9a\x90\x0e\x4d\xe8\x6d\x0b\x4d\x93\x26\x0e\x98\xf0\x5d\x5a\xaf\x64\xbf\xf2\x57\xb8\xb3\x5a\x59\xc8\x3c\x34\xb4\xcd\x5c\xbf\xb1\xb4\x3a\x7b\xf6\x9c\xb3\xe7\xfc\x7e\x67\xf7\xc8\x5b\x91\x7e\x45\x8b\xf4\x8b\xe6\x00\xc3\x24\x53\xbd\x89\xee\x54\xac\x53\x88\x75\x25\xa3\xac\x20\x04\xdf\x05\x81\x65\x3a\x2f\xbc\x2f\x9c\x4d\x76\x26\xc8\xb7\x8f\x2e\x74\x7f\x90\x4c\xbd\x2f\x74\x24\xbb\x05\x41\xcc\x5a\x03\x47\x55\xfd\x0a\xcb\xf4\x24\xba\x2f\x26\xba\x85\x64\x07\x91\xf1\x5f\xc8\x64\xff\x13\x51\x7a\x36\x16\x4f\x04\x25\xea\x63\x44\x30\x7e\x2e\x96\x4c\x09\xa9\xd8\xf9\x44\x94\xd5\x33\x48\x1b\xca\x68\x82\x28\xa9\x02\xe7\xab\x23\x96\xc4\x3f\x38\xc0\x14\x49\x3d\xaa\xea\xd2\x55\x96\x61\x92\x5d\xbd\xb1\x33\x9d\x89\x9e\x28\x6b\x66\x65\x1d\x22\x59\xd3\x88\x98\xc4\x5b\x25\x63\x89\xfd\x2a\x32\x59\x46\x49\x43\x1f\xf0\x9f\x35\x7c\x33\x91\x05\x97\x4f\x81\x35\x80\x34\x06\x00\x20\xd9\xd5\x93\xe8\xdd\x47\x87\x89\x2c\x96\x41\xaa\x89\xf6\x48\x79\xdf\xd2\x0a\xc3\x1c\x81\x72\x71\x06\x24\x55\x41\x9a\x25\xe8\x9a\xaa\x68\xe8\xa8\x39\x00\xe5\xe2\x58\xe5\xc6\xb3\x5a\x69\x91\x2e\x87\x67\xd7\x9d\xc2\x2a\xce\x2d\x54\x7e\xfd\x99\xce\x06\xbb\x38\xe1\xcc\x4d\x86\x70\xf1\x11\xa4\x89\x3f\xe1\x5a\x29\x8f\xe7\x1e\xe1\xdc\x42\xb9\xb4\xec\x6c\x3e\xa8\x8e\xcd\xd9\xdf\x3c\x84\xba\x2b\xc0\x77\x84\xec\xf9\x65\x4f\x96\x39\x02\xf6\xd3\x55\x7b\x7c\xb6\x56\x5a\xb4\x24\xa8\x2e\xcc\x55\xc7\x1e\x50\x8d\xc4\x1c\x6f\x85\xf9\x65\x3c\xf1\x94\xa8\x7d\x7c\xcb\xd9\xcc\xe1\xe9\x65\x62\xc3\x5c\xbe\x5c\x1c\xb3\x6f\xde\xa4\x9a\xa0\x5c\xfc\xa5\xf2\x30\x8f\xf3\x77\x7f\x1f\xfb\x82\x39\x17\xbb\x98\x10\xa8\xa3\x2d\x24\x74\x9c\xfb\x0c\xaa\x62\x5a\xc0\x6b\x70\x3a\x22\xa3\xa1\x88\x96\x55\x55\x38\x76\xfa\xed\xd6\x40\x08\x03\x13\x5b\xdd\xb0\x9c\x8b\xf5\x9c\x13\x3a\x13\xa9\x68\xeb\x49\x86\x51\xf5\x2b\xc2\x20\x32\x4d\xf1\x0a\x0a\x85\x61\xd8\x9d\xa1\xea\x92\xa8\x82\x8a\x86\x90\x1a\x65\xb9\x56\x36\x30\xe8\x89\x46\x59\xee\x18\x1d\x46\xd2\x80\x0e\x2c\x17\x92\x45\x0b\x41\xf3\xff\x37\xfd\x83\x6f\x1a\xe4\x9b\x64\x68\x3a\xd7\xde\x74\xbe\xbd\xa9\xa7\x39\x0c\x7d\xdc\xb0\xab\x6b\xf4\x32\x70\xc3\x9e\x82\x51\x16\x4e\x9f\x06\x96\xab\x67\x35\xcb\x8c\x1e\xb8\x5f\x78\x2d\x8f\x27\x56\xeb\xbb\x96\x77\x0a\xab\xe5\x8d\x99\xf2\xe6\x0c\xfe\xe9\x6b\xfc\xc5\xaa\xb3\x38\x0e\x92\xae\x69\x48\xb2\x78\x4b\x19\x44\x10\x8b\x77\x42\x65\xfb\x6b\x3c\xf3\x80\xc6\xd3\xd9\x1c\xc7\xb7\x73\xb8\x98\x67\x48\xac\x84\xa1\xe3\x82\xa4\xc8\x86\xe9\x7b\x6b\x19\xc0\xcb\xd0\x7c\xc9\x68\x86\x4b\xee\x00\xf9\x8d\x80\x89\x64\x12\xd7\x66\x33\xf2\xcf\xbe\xbe\x76\x33\x23\x4a\xa8\xfd\xf2\xe5\xff\x3b\x7e\x24\x12\xc9\xec\x95\x6c\x36\x23\x41\x29\x2e\x12\x69\x94\xb9\x62\xa0\x0c\xf0\x43\xd0\xdc\xa0\x8c\xdb\xa5\x48\x37\x2c\xe0\xb3\x24\x14\x81\x6d\x01\x36\x99\x3a\x7b\x81\x05\xd6\x29\xac\xda\xb9\x17\xe5\xe2\x2d\x67\x63\x1b\xe2\xc8\xb0\x94\xb4\x22\x89\x16\x4a\x89\x83\x08\x38\x49\x1f\x1c\xd4\x35\x41\x23\x2f\x1f\x9a\xc8\x00\x2e\x6b\x22\xc3\x7d\xbd\xa8\x18\x56\x56\x54\x21\xd9\xd5\x0e\x9c\x92\x96\x74\x2d\xad\x5c\x11\x32\xba\xae\x0a\x06\x1a\xd4\x2d\x24\x28\x19\x88\xbb\x61\xa7\x32\x59\xcd\x32\xb2\xa6\x85\x64\x41\xc9\xb4\x07\xde\x32\xc4\xc0\x33\x9f\x5b\xc8\x84\x6e\x24\x21\x65\x08\xc9\xed\xc0\xf5\x93\x01\xc1\xf0\x06\xbc\xef\x3d\x48\xb3\xfc\x6f\x26\xd1\xdc\x91\x35\x44\x4b\xd1\xb5\x76\xe0\xc8\x3e\x09\xb2\xf7\x0e\x26\x92\x74\x4d\x36\x59\x06\x69\x92\x2e\x23\x59\xa8\x1b\x1e\xe5\x42\x6e\x7a\xf1\x1a\xb0\xbe\x37\x2c\x8c\x40\xbf\x68\xa2\x93\xc7\x81\xbf\x06\x2d\x30\xe2\x6f\xa0\xd6\x1c\x66\xe2\x9d\xc9\x44\xaa\x57\x48\x76\x45\xd9\x83\x3c\x65\x49\xa2\xd9\x53\x8f\x2b\x0f\xf3\x34\x96\xf8\xab\xad\xf2\xe6\x0a\x63\xa0\x4f\xb3\xc8\xb4\x84\x7e\x5d\xfe\x3c\xca\x9a\xc8\x18\x42\x86\xa0\x10\x07\x7d\xec\x63\xea\x46\xb4\x03\xb7\xdb\x58\xc6\x40\xa2\x2a\x28\x19\x41\x94\x65\xe3\x35\x31\x64\xbc\x1c\x97\x90\x61\x09\x9e\xbe\xc0\xfe\x31\x43\x74\xc3\x02\xda\x0e\xf0\x85\x69\x8c\xfd\x9e\xcd\x60\xfc\xf8\xcb\x0d\x9b\xc1\x32\x8c\x94\x35\x54\xe0\x4d\xe0\x3f\x86\xae\x0b\x3d\xbd\x24\x84\x2c\x17\x8c\x01\x0b\x03\x96\x95\x69\x8f\x44\xb8\x20\x15\x45\x88\xbf\x11\x3d\x9d\x26\xd5\x49\x22\x19\x25\x3f\x0f\x31\x71\xf1\x11\x5e\xdb\xa2\x88\x07\x21\x4b\x0a\xd3\xaf\xcc\x11\x90\x54\xd1\x34\x15\x39\x92\x31\x14\x1d\x9c\xc2\x93\xca\xc2\xa2\x7d\xeb\x01\x24\xbb\x86\x8e\x83\x7d\xef\x87\x72\x71\xc5\x5e\xfb\xd5\x9e\x59\xc5\xeb\xa5\x5a\x29\x5f\x2e\xce\x94\x8b\x37\x9d\x8d\xed\xca\xf8\xa2\x7d\xef\xc7\x7a\xe9\x2f\xd9\xf3\xcb\x95\xb5\x0d\xfb\xeb\x75\x3c\xf7\xa8\xb2\xf6\xca\xd9\x5a\xab\x6c\xdf\xa0\xcb\x55\xbf\xdc\xc2\x3f\x7f\x53\x59\xbf\x43\x2d\x21\x88\xd9\x1b\x17\xce\x24\x53\x51\x96\x65\xd2\xba\x01\x82\x25\x81\xa2\x05\x48\xc4\x92\x60\xe7\x81\x8c\xd6\x9f\xe9\xff\x29\x90\x75\xb7\x36\xeb\x34\xc5\x72\x82\x25\xb1\x75\x76\x82\xba\x76\x97\x74\xdc\x4f\xa7\xa0\xdf\x40\xe2\xd5\x53\x90\x56\x18\x59\xd7\x10\xd3\x07\xfc\xbf\x80\xe5\xa8\x24\x0b\x97\xe1\xed\xb7\x1b\xa7\x59\x12\xcb\x10\x33\x3b\x12\x17\xa3\x2c\xb7\x9b\x8f\xeb\x0c\x49\xb2\xdf\xcf\x6b\x4f\x8d\x92\x01\x55\xd1\xae\x82\x39\xa0\x5f\xa3\x4b\x74\x24\x2e\xb2\x7f\xc0\x02\x2e\xb6\xd2\xa0\xe2\x89\x27\x7b\xc9\xc6\x8d\xba\x47\x37\x34\x84\xb5\x52\xbe\x7a\x7d\x1b\x4f\x4c\x97\x8b\x33\xf8\xe5\x73\x3c\xfb\x55\xb9\x78\x33\x42\x4b\xa6\xb2\xbd\xe4\xac\xde\x2a\x6f\xfc\xdb\x59\x2a\x56\x1e\x4d\x3a\x4b\x77\xe1\x53\x59\x31\xa5\x88\xbb\xcf\x91\xb4\xa2\x5a\xc8\x70\xd7\x0d\xd5\x63\xf8\x96\x47\x6a\xfc\x35\x38\xd9\x02\x6d\x01\xd3\x28\xbb\x04\xf0\xee\xa3\x58\x77\x2a\x99\x7a\xdf\x87\xbc\x03\xf0\xcc\x85\x2a\x3f\x30\x50\x99\x79\x81\x67\xef\x7a\xd9\x50\xb8\x5e\x79\x3e\x61\xcf\x3f\xaf\x95\xf2\x95\x17\x4f\x2b\xdb\x37\xc0\x92\xbc\x24\x65\xfd\x45\xd1\x67\x8a\x05\x2d\xee\x6b\x5a\x71\xff\x04\x29\xca\x85\x32\x86\xa2\x59\x69\x68\x6e\x32\x9b\x1b\x23\x3f\x02\x52\xd6\x02\x5e\x3e\x0a\x7c\xfa\x9d\x30\x9d\x20\x1f\x76\xc2\x71\x3a\xe1\x7c\x32\x75\xa1\x3b\xca\x85\x42\x10\xe2\x86\x05\xa9\x9d\x6f\x19\x85\xf7\xde\x83\x77\xc3\x30\x02\xdc\xb0\x20\xbb\x03\x61\x2a\xdb\x07\x2c\xe7\xca\xb3\xc0\xab\x08\x5a\xe8\xd6\x53\x0d\xad\x7b\x24\xae\x20\x38\x79\xe2\xc4\x3b\x27\x82\x52\x64\xe0\xf8\x1e\x49\xf4\x29\xb4\xb5\xb5\xb5\x05\x05\xdb\xda\xda\xde\x65\x5c\x41\x2f\x5d\x81\xee\x21\xc8\x48\x05\x19\x0d\x05\x72\x2c\x23\x1a\x04\xce\x5b\xdb\x21\x63\xe8\x96\x2e\xe9\x2a\xc9\x46\xb7\xb0\xe9\x0a\x90\x7d\xe7\x18\x1c\x0b\xa4\xe2\x08\xc1\xe8\x2c\x6a\x50\xef\x26\xca\x3e\xda\x3d\xa0\x80\xd6\x76\x4f\xd9\xeb\x14\xbd\xce\xce\x74\x3a\x9d\xfe\x6b\xa6\x1e\xcc\xc1\x87\x4b\x48\xfc\xe2\x17\x9a\x71\xe0\xb7\x81\x7b\xdc\xa3\xc9\x18\x86\xb6\xd3\xa4\x17\xf2\xfa\xea\x7a\xf7\x8a\x67\xef\xe2\xa5\xfb\x95\xf5\xef\xf0\xda\xb7\x76\xee\x85\xf3\xc3\x3a\x2d\x60\x7b\xfe\x39\xe9\x7d\x26\xbe\x23\xbd\x4f\x2c\xde\x59\x2b\xe5\x28\x2c\x8b\x92\x1a\x21\x81\x28\x97\x16\x2b\xdb\x05\xbc\x74\x9f\xd4\x6d\x6e\xb9\xba\xb0\x02\x31\x59\x46\x72\x8f\x4b\x6a\xb1\x78\x67\x37\x92\x74\x43\xae\x95\xa6\xfe\xa7\xac\x77\x68\x5a\x63\x19\x03\x99\x59\xd5\x8a\x72\xa1\xbf\x45\x53\x5e\x3c\xc2\xbb\xfa\xa9\x8e\xc4\x99\x0f\x09\xba\x88\x92\x8a\x27\x27\xf0\xda\x4b\xe0\xe8\x7a\x2c\xc3\xc4\x93\x1d\xdd\x3d\x0d\x35\x7d\x49\x6b\x76\x97\x74\x05\x60\x04\x1a\xba\xc8\xb0\x87\xd1\x04\xe7\xdd\xa9\x6c\xc3\xf1\xe5\x0d\xc0\x9a\x7d\xef\x3f\x95\x2f\xb7\x68\x43\xeb\xd2\x65\x2c\xde\x59\x59\xfb\x19\x6f\xdd\xf1\xb1\xcd\x3b\xae\xd8\xf3\xcb\x75\x01\x3b\x77\x97\xca\x38\xa5\x0d\xbc\xf2\x24\xec\xf5\xea\x14\xef\x48\x72\xb9\x56\xb3\xdc\xce\xd9\x80\x85\x28\xb0\xad\x8d\xd6\x93\x83\xc2\x3e\xa1\xf0\xfc\x1c\x01\x73\x40\x3c\x76\xe2\xa4\x99\x1d\xac\x03\x9d\xd4\xca\x73\xf5\xd3\x05\x85\xb0\x9e\xee\xb8\xe0\x9e\xcd\xf4\x21\x6e\xd8\xcf\xa8\x51\xc1\x14\xb8\x61\x22\x39\x4a\x2d\xeb\xe8\xe9\xdd\x57\x4c\x6e\x14\xeb\xf9\xf0\x8c\xe0\x9e\x50\xf7\x08\x4a\x3b\x82\x3e\xdd\x3d\x73\xee\xe4\x71\x7e\xa3\x56\x5a\x2c\x6f\xce\xd8\x1b\x73\xd5\xa5\x49\xe7\xf1\x66\x75\x61\x25\x58\x51\xa4\xab\xa0\x9f\xbe\xdf\x28\x6f\x4c\xe2\xdc\x82\x9d\x9f\xfa\x6d\xec\x1e\xce\x2d\x97\x8b\x9b\xd5\xdb\xaf\x48\x88\xb7\x7e\x04\xfe\x34\xa4\xd5\xac\x39\x80\x7f\x9a\xab\xde\x7e\x45\x5e\x71\x6e\x79\xe7\xa5\x5a\x18\xb3\xd7\xaf\x9b\xc8\xfa\x6d\xec\x1b\x67\x71\xbc\xfa\x70\x03\x6f\xcc\xe2\xa5\xfb\x76\xe1\x79\x80\x06\x0f\x45\x85\x6f\x94\x0e\x63\xf1\xce\xbd\x5c\xe8\x1e\x41\x77\x93\xe1\x2e\x42\xf4\x48\xb1\xd1\xec\xe0\x99\x93\xe5\xbc\xbd\xfd\xa3\xae\xe3\x35\xfe\xd0\xc8\x43\x5d\x13\x94\x8b\xd3\x04\xd8\xee\xad\x86\xf0\xec\x7a\xe5\xcb\x2d\x1f\x41\xed\xdc\x5d\x7a\x86\x23\x12\xf9\x97\xd5\x89\xe9\x30\xfc\x89\x60\x1c\xda\x4b\xcf\x41\x82\xa1\x01\xff\x1a\x38\x7d\x17\x5b\x5c\x3a\x8c\x9f\xe5\xcd\x99\x1d\x27\x69\x0e\x36\x10\xc5\xca\x93\xca\xb3\xef\x76\x7c\xf6\xc3\x10\x66\x77\x4c\xeb\x4e\x9c\x27\x89\xcf\x85\x1a\x0e\xfe\xbc\x85\x0c\x13\x05\x8d\x6d\xb0\x0f\xc4\x6b\x57\xa1\x39\x92\xca\x0e\xf6\x23\x03\xf4\x34\x20\xcd\x32\x14\x64\x46\x86\xdd\xa2\x06\x2e\x75\x76\xb4\x39\xec\xaf\xe1\x01\x19\x5d\xca\xeb\x34\xbd\x75\x5b\x98\xfd\x7b\xb5\xbf\xc0\x8b\xb4\x85\x0c\xb9\x59\x18\x06\xd3\x90\xa2\x3b\xb1\xd9\x1c\x07\x17\x41\x00\x4f\x7d\x5f\xde\x5a\x88\xd6\x6d\x69\x48\xc4\xbe\x80\x8d\x51\x60\x5b\x1a\x51\xab\xfe\x3b\x02\x5e\x15\x4e\x3c\xad\x16\xd6\x08\x0a\xd0\x7a\x7e\x3c\x8e\x73\x0b\xb8\x74\x87\x98\xec\xe6\xdf\xef\x63\xd7\x69\x21\xe3\xc9\x09\x67\x71\x3c\x28\xe0\x2c\xad\xd9\xcb\x37\xaa\x4b\x93\x6e\x7b\x5c\x20\x2c\x84\x67\x09\x1e\xe3\xdc\x32\x01\x8c\x62\x81\xc0\xf3\xb7\x3f\x78\xd2\x8b\xe3\xd5\xdb\xaf\xc8\xd1\xa3\xd1\x0e\x3c\x51\xc2\x6b\x2f\xcb\xc5\x15\xe7\xf1\xb4\xd7\x82\x6f\x7d\x6b\x8f\x5d\xaf\x95\x16\x71\xb1\x48\xd6\x73\x97\xb7\x57\x1f\xe2\xd2\x6c\xad\x94\xe3\x3f\x01\x3a\x52\x2b\x4d\x95\x8b\x33\xd5\xa5\xe7\x78\x6a\xda\x29\x8d\x39\x4b\xcf\x2a\xdb\xf7\xed\xc2\xab\xca\xc3\x7c\x50\x38\x16\x8f\x27\xba\x7a\x6b\xa5\xbc\x3d\xef\x41\x52\x24\x60\xf8\xd4\x6e\x83\xb8\xfa\xdd\x1c\x01\x20\xbe\x83\xa4\xb7\x7f\xeb\xc7\x02\x3f\x08\x26\x22\x99\x35\x28\x5a\xd2\x00\x4f\x9e\x03\xd9\x65\x1a\x12\xf0\x9f\x90\x91\x3a\x14\xef\xa9\x08\xbf\x7f\x7a\x83\xeb\x51\x0f\xff\xe4\x4a\x67\xff\x8e\x99\x1f\xff\xe9\xc9\x14\x38\x4c\xcb\xd0\x3f\x3f\xb0\x1e\x0f\x33\xd3\xe3\xc2\xd7\xcf\xdc\xb7\x0e\x77\x0a\xe8\xc5\x2f\x24\x1d\xee\xad\x92\x74\xdb\x61\xbb\x3c\x25\xa5\xc6\xb2\x93\x4d\x2b\x5a\x5f\x17\xa4\x01\x51\xd1\xa2\x01\xe7\x83\x48\x09\xfb\x75\xab\xfe\x3d\xec\x11\xa0\xf7\xa3\xf5\xe4\x5c\xa4\x17\xa5\xb4\x05\xa5\xb8\xed\x17\x98\x5b\x51\xd3\xe5\xad\x6d\xa7\xb0\x4a\xf9\x90\x1e\xc4\x74\x03\x48\x67\x45\xce\xea\xb4\xd3\xf0\x0f\xe2\xe4\x27\xe9\x83\x83\xa2\x26\x47\xd9\xdd\x49\x15\xc8\x29\xd2\x2e\x06\xe0\x86\x97\x81\x73\x35\xfa\x79\xc4\xbe\x31\x28\xa3\x9e\x91\x3e\xd2\xbd\x43\xa2\x98\x46\xe0\xdb\xbd\x53\xe6\x83\xd1\x08\x7b\x77\x3c\xa2\x26\xef\xac\x5f\x1f\x71\x07\xdc\x3b\x03\xc2\x46\x1e\x41\xfd\x37\x00\x00\xff\xff\x10\x07\x5c\xfa\x1f\x18\x00\x00")

func client_offlineShBytes() ([]byte, error) {
	return bindataRead(
		_client_offlineSh,
		"client_offline.sh",
	)
}

func client_offlineSh() (*asset, error) {
	bytes, err := client_offlineShBytes()
	if err != nil {
		return nil, err
	}

	info := bindataFileInfo{name: "client_offline.sh", size: 6175, mode: os.FileMode(436), modTime: time.Unix(1789485258, 0)}
	a := &asset{bytes: bytes, info: info}
	return a, nil
}

var _client_onlineSh = []byte("\x1f\x8b\x08\x00\x00\x00\x00\x00\x00\xff\xdc\x5a\x6b\x53\xdb\x56\xb7\xfe\xae\x5f\xb1\x2a\x9c\x80\xdb\x71\x6c\xd2\x24\x53\x48\xcd\x8c\x03\xb4\xf1\x94\x12\x06\x68\x7a\xce\xa4\x39\x1a\x23\xc9\xa0\x37\xc6\x76\x2c\x99\xf4\x14\x98\x31\x0d\x04\x03\xb6\x21\x0d\x84\x70\x2b\x90\x03\x0d\x6f\xd2\x70\x49\x52\x62\x6c\x13\xfe\x4b\xaa\x2d\xc9\x9f\xfc\x17\xce\x6c\x6d\x59\x96\x8d\x81\x34\xe7\xbd\xcc\x1c\xf3\x01\x69\x5f\xd6\x6d\x3f\x7b\xed\xb5\xf6\x52\xcd\x27\xce\x1e\x21\xe8\xec\xf1\x89\x7d\x14\xe5\x6d\xef\x6e\xed\x6c\xf7\xb4\x31\x9e\x0e\xaf\x9b\x66\x18\xeb\x3b\xc3\xd0\x54\xdb\x8d\xaf\x99\xaf\xbc\x6d\xad\xb8\xef\xfb\x1b\x9d\xdf\x78\xdb\xbf\x66\x5a\xbc\x9d\x0c\xe3\x8b\x4a\x7d\x17\x02\xa1\x5e\x9a\xea\x6a\xed\xbc\xd9\xda\xc9\x78\x5b\xf0\x18\xf3\x05\x4f\x36\xbb\x30\xd1\xaf\x3c\xcd\xad\xd6\x11\xc5\x36\x3c\xb0\xf9\xba\xc7\xdb\xce\xb4\x7b\xbe\x6d\x75\xd3\xa1\x30\x1f\x1c\x08\x07\x19\x1f\x1b\x60\x6c\x26\x39\x2c\x49\xf3\x37\x27\x88\xc2\x06\x2e\x04\x42\xec\x1d\x9a\xa2\xbc\x1d\xdd\x9e\x6b\x6d\xad\x5d\x6e\x5a\x8c\x72\x21\x70\x46\xc5\x88\x53\xc4\xda\x0a\x61\xc9\xd7\x13\xe0\x45\x9a\x12\xfc\x70\x0b\x1c\x3f\x96\xf5\x89\xbc\x04\xb7\xaf\x82\xd4\xc7\x07\x29\x00\x00\x6f\x47\x57\x6b\x77\x15\x1a\x22\x2f\xd1\x14\x1f\x10\xf9\x63\xa3\x8c\x3e\xbf\x40\x51\x35\xa0\xa4\x9e\x2a\x7f\x4c\x91\xb6\x42\x2e\x2e\x67\x12\xda\xd1\x12\x8a\xef\xc3\x67\x80\x1e\x8c\x29\x6b\x69\x65\x6b\x1d\xad\xcc\x17\x72\x13\x7f\xc6\x7e\x46\xd3\x3b\xea\xec\x16\x8a\x2f\x68\x7f\xec\x92\x29\xa0\x8d\x2c\xa2\x99\x38\x1e\x94\x9b\x46\x07\xfb\xea\xec\x16\xf8\xb1\x82\x20\xa7\x5f\x69\xeb\x09\x94\x78\x5c\xc8\x2d\x51\x35\x20\xa7\x93\xe6\x6c\xb4\xf4\xab\x36\x73\x28\xe7\xd6\xd4\xec\xaa\xba\x38\xfa\x3e\xb6\xac\xec\x4c\x2b\x2b\xeb\xe0\x69\x6e\x03\x39\x1d\xc3\x8f\x45\x23\x80\xf6\x6c\x14\xc5\x17\xde\xc7\x56\x08\x8f\x42\x2e\xae\xbc\xdc\x20\xcf\x72\x3a\x29\x1f\x1e\x99\x2c\x89\x8c\x58\xa7\xd7\x5b\xca\xe8\x74\x21\xb7\x28\xb1\x90\x5f\x98\xc9\xc7\x56\xe5\x74\xca\x90\x57\x99\x5f\x43\x63\xaf\x0b\xb9\x04\x7a\x36\xa5\x66\xe3\x28\xb9\x86\x65\x9a\x49\x60\xb6\x93\x93\x95\xb2\x57\xd0\x23\x24\x1c\x8e\x01\x3e\x22\x0a\xa1\x20\xa0\xe5\x2d\x35\x97\x41\xbb\x0f\x0d\x53\xad\xdc\xcf\x2f\xcc\x28\xf3\xfb\xf2\xc1\xaa\x9c\x5b\x44\x1b\x7b\xda\x9b\xcd\x42\x2e\xa1\xcc\x8d\x61\x21\x03\x82\x28\x81\x23\x08\x68\x64\x11\x4d\xae\x6a\xf7\x0f\x95\xd8\x33\x62\x7e\xcc\xe6\xba\xe7\x66\x2b\x43\x96\xc9\x85\x17\xde\xa6\x3f\x9b\x93\x9a\x9c\x1c\x3f\xe0\x0c\x46\x03\x01\xb8\xd8\x74\xbe\xde\x02\x00\xcb\xc4\x7a\x63\x51\x0d\x55\x0d\x23\x4d\x61\x11\x76\xa6\xe5\xf4\x73\xdd\xc0\x6a\x76\x54\x9d\xdd\x7a\x1f\x5b\x46\x2f\x67\xf2\x8f\xde\xc1\x67\x20\xa7\x37\xe4\xf4\x73\x94\x9c\x83\x7e\x9f\xc4\xf6\x39\xf4\x75\x2d\x9a\x5d\x5b\xdf\xd2\xde\xbd\x83\x3a\x25\x33\x03\xef\xe3\x71\x40\xdb\x4f\x95\xf8\x5b\xf5\xc5\x4e\x7e\xe9\x81\x1d\x3c\xed\x2d\x50\xa7\x2e\x6d\xab\x8b\xa3\x7a\x6f\xb3\xb7\xa5\x13\x77\x14\x72\x8b\x54\x0d\x00\x84\x06\xbe\x14\x05\xae\x89\x11\x99\x2f\xfb\x7c\x62\x5f\x13\x80\x92\x99\xc9\x2f\x3d\xa8\xc3\x6f\x8d\x42\xd8\x0e\xa0\xcc\xbe\xd3\x76\x36\xd5\xec\xa8\x32\x11\x53\x96\x27\xb0\x4d\x33\x47\x26\x17\x6f\x47\x19\x1d\xce\xa4\xa3\x2e\x6d\x2b\x6b\xe3\x26\xa9\x20\x2f\xd9\x4b\xa4\xd0\xd8\x88\xb6\x9d\xc6\x42\x61\x81\xca\x28\xb0\x26\x05\xa2\xbf\xde\x29\xa7\xb3\xf9\x47\xef\x1a\x01\x1c\xfd\x40\x96\xb8\x64\x09\x22\x30\x88\x11\x16\x8c\x9f\xe3\x6f\xd6\xb9\xe4\xb1\xfa\x5c\x53\x48\xe0\xf0\x32\xfe\x0d\x3c\xcd\xcd\xad\x1d\xdd\x78\x3f\x1c\x4c\x29\x13\x31\x39\xbb\xa9\x4c\x3d\x90\xd3\x1b\xca\xca\xba\x8e\x2f\x02\x7a\x47\xd0\x2f\x61\xe4\xa2\xf8\x3e\xd9\x0e\x64\x35\xd0\xf4\x73\xed\xfe\x21\x1a\xcf\xa8\xa9\x5d\xdc\xfe\xfb\xba\x95\x19\xc1\x2a\xd6\x0d\xd4\xd9\x3d\x25\xf5\x0b\xca\x4c\xa3\x54\x36\x3f\x9e\x44\x33\x29\x6c\x0a\x6f\xc7\xc0\x25\xdd\x1e\x90\x5f\x7a\x80\x66\xe2\xea\xf6\x3c\x1a\xcf\x14\x72\x09\x1d\x15\x4b\x69\x34\x93\x50\x17\x47\x4d\xcb\xa3\xb1\x3d\x39\xf3\x82\x6c\x0d\x6c\xd2\x9d\x03\x6d\x6f\xbd\x90\x4b\x60\xe1\x33\x29\xe5\xc9\x0e\x31\x1a\x11\x4d\x99\xdb\x05\xb7\xbe\xc9\x67\x12\x45\x94\x29\x73\xbb\x85\x5c\x42\x4e\xa7\xc8\x92\xaa\xb3\x5b\x4a\xfc\xad\x32\xb7\x4b\xb6\x20\xc1\x7c\xd7\x75\xa6\xad\xb5\xdd\x5d\x7f\x85\xa2\x02\xa1\x5e\xa6\x9f\x17\x45\x5f\x2f\x5f\x67\x87\x41\x1d\xdb\x81\x10\xeb\x0b\x40\x80\x1f\xe0\x03\x6e\xda\x56\x4f\x5b\x1a\x8d\xa1\x6e\xda\x76\x91\x34\xf3\x6c\x5f\x08\x68\x5b\x1d\xe7\x93\x78\xa8\xfd\xec\xdc\x7f\x3a\xce\xf5\x3b\xce\x71\x70\xee\x7a\xe3\xb9\x6f\x1b\xcf\x75\xd5\xda\xe1\x96\x6d\x50\xa7\x35\x7c\x1b\x6c\x83\x06\x81\x61\x1a\x9a\x9a\x80\xb6\x15\x4f\x0f\x9a\x1a\xc6\x5b\x48\xce\xa6\x80\xbe\x54\xf3\x25\x2b\x70\x91\x26\x1a\xd0\xe1\x53\x94\x9b\x56\x17\x47\xb5\xf5\x44\x7e\x3c\xa1\x4c\xcf\xa0\xe9\xc7\x7f\xc6\x46\x50\x2a\xab\xfe\x3d\xa3\x2e\x1c\xfe\x19\x1b\x39\xd5\xe4\x28\x3e\xaf\xad\x6f\x61\xef\xb5\x33\xad\xad\x63\x9b\xca\xe9\xe7\x85\xdc\x04\x85\x37\x38\x33\x70\x89\xc1\x8c\x44\x53\x71\x29\x02\x0e\x0e\x6a\x7f\x88\xd4\xc2\x0f\x54\x11\x77\x43\x20\xf2\x1c\x76\x06\xb5\xa2\xf3\xbf\x6e\xdd\x6a\x14\xc3\x3e\x96\x6f\xbc\x7d\xfb\xd3\x4b\x35\x4e\x67\xf8\xf8\xc8\x5a\xd1\x69\x1d\x65\x73\x3a\xcb\xc7\xf4\x46\xf8\x30\x38\x06\xa0\xb6\x8c\x98\xad\x82\x50\x28\x22\x81\x23\x8a\xad\x62\x59\x21\xa0\xbd\xed\x5f\xdd\xa0\x81\x26\xab\x2a\xa7\x27\xd5\xcc\x11\x34\xf3\x11\x49\xf0\x0b\xac\x4f\xe2\xdb\x7d\xfd\x3c\xd8\xd8\x50\x7f\x7f\x28\xc8\x04\xf1\xcb\x77\x22\x1f\x01\x5b\x54\xe4\x23\xfa\xeb\x4d\x21\x22\x45\x7d\x01\x6f\x47\x23\xd8\x04\x3f\x1b\x0a\xfa\x85\x5e\x26\x1c\x0a\x05\x98\x08\xdf\x1f\x92\x78\x46\x08\x43\x73\x40\xe0\x83\x92\x3e\x24\x1a\x94\x22\x51\x51\xe2\x39\x46\x08\x37\x5a\xde\xc2\x58\x3c\x9a\xe2\x83\x6c\x88\xe3\x39\xa6\x48\xde\x6d\xab\xd3\xf1\xe0\x08\x02\x6d\xf2\xa4\x61\x08\x7a\x7c\x22\x7f\xe5\x12\x38\xee\x81\x0b\x86\x4c\x33\x07\x6b\xed\xfa\x61\x38\xf1\x4c\x5f\x1b\xac\x0c\x7a\x78\x28\x67\x37\xa8\x08\x7f\x37\xca\x8b\x12\xd3\x13\xe2\xfe\xdb\x4d\x8b\x7c\x64\x80\x8f\x30\x02\xd7\x08\xa5\xf3\x9e\x2a\xd2\x6f\x04\x5b\xa5\x1c\x54\x84\xf7\x05\x18\x21\xcc\xf8\x38\x2e\x72\x86\x1a\x14\xab\xab\xcb\xb0\x7c\x44\x62\x0c\x7a\x16\x03\x52\x03\xc4\x62\x16\x6a\x27\xd8\x8d\xa6\x28\x36\x1a\x09\x80\x43\x04\xc7\x7f\x40\xc7\x8d\xae\x6e\xac\x25\x6d\xb3\xea\x42\x43\x9f\x24\x85\x1b\x9d\x4e\x9b\x35\x8c\x72\x62\xb9\x9d\xa1\x60\x40\x08\xf2\x70\xbe\x09\xcc\x43\x07\x5b\xc7\x8d\x7f\x80\xd2\xbf\xa1\xed\x43\x72\xac\x42\x9d\xc4\xda\x49\xbb\x7e\xc4\x4f\xca\xb9\x35\x70\x83\xb2\x9c\x44\x93\xeb\x68\x61\x0b\x1c\x4d\xa5\xf3\xa2\x90\x5b\x44\xcb\x5b\x20\x45\x83\x80\xc6\x33\xca\xe3\x03\x34\xf3\x10\x1f\x8b\xd7\xbb\xaf\x81\x92\x98\x30\x0e\x11\x6f\x07\x28\x73\x6f\xd0\xe1\xd3\x62\xd8\x30\xa5\x1d\x1e\x82\xbb\x44\x06\xd3\x34\x19\x58\x69\x8e\x6d\x96\x68\x86\x43\x01\x81\xe5\x31\x59\x7c\x6c\x79\x3b\x8c\x30\x80\xb8\xc8\x7c\x6c\x55\x4d\x8d\x63\x1f\x59\x24\x83\xd9\xeb\x38\x56\x5f\x3e\x56\xe7\x36\xeb\xd0\x58\x5c\x5d\x9e\x22\x4d\x38\x54\x78\x90\x54\x97\xa7\x94\x37\x59\xed\xed\x7d\x63\x5c\x76\xd4\x6e\xba\x4f\x94\x9c\x93\x0f\x93\xf0\xcd\x35\xa7\x58\xc8\x25\x5c\xc4\x0f\x96\x18\x76\x37\x33\xd7\xbc\xed\x6e\x9a\xa6\xfc\xa1\x08\x30\x12\x0b\x42\xd0\x12\xa9\x49\x2c\x94\x1e\x70\x6b\xf1\x99\xfc\xbf\x0a\x5c\x48\xdf\x8d\xc5\x58\x90\xb6\x31\x12\x4b\x17\x43\x40\x28\x52\xd7\x23\x3b\xbd\xeb\x2a\xf4\x44\x78\xdf\x9d\xab\xe0\x17\x28\x2e\x14\xe4\xa9\x5b\xe0\xf8\x09\x68\x1b\x19\x49\xc3\x6d\x38\x7f\xbe\x7c\x9a\xc4\xd2\x14\x15\xf1\x49\x3c\x63\x20\xe4\x23\x80\x4e\x17\x09\x88\xd1\x80\xe4\xb6\xd5\x55\x07\xa0\x85\xc7\x69\x00\xc4\xe3\x02\x42\xbf\x20\x39\x7b\x79\xc9\x4e\x7d\xd7\xd1\x76\xc3\xd3\xc2\x7c\x73\xcd\x6d\xab\x0b\x47\x84\xa0\xe4\x87\xda\x73\xe2\x0f\xc1\xda\x12\x49\xcc\x95\x2e\x77\x90\xd1\x70\x20\xe4\xe3\x98\x3b\x3d\x8d\x56\xef\xa6\x3b\xca\x21\xe8\xe3\x7d\x78\x60\xbd\x9d\x6a\xb9\xf1\x7d\xfb\xc7\x90\xe7\x42\xf7\x82\x1f\xc4\x80\xf5\x89\x3c\xd0\x36\x53\x09\x1a\xaf\x7f\x6d\xed\xd0\xa7\xb7\x3e\x71\x39\x1a\x6e\x7f\x6a\x87\x92\x7e\x2e\xb8\x7a\x15\x78\xd1\xc7\x16\x67\x59\xa4\x3b\x3e\xcf\x2a\x7a\x69\x26\xd5\xdc\xe6\x6d\x6d\xef\x66\xbc\x1d\x6e\xfa\x64\x0f\xd1\xdd\xcc\xb4\xb4\xde\x74\xd3\xb6\xca\x1c\x87\x3e\xcd\xcf\x9f\xe6\xc4\x4d\xb6\xa0\xce\xae\x2a\x73\x71\xc3\x45\x10\xaf\xe0\xb6\x0d\x9a\x5a\x0e\xe3\x9d\x62\xec\x6c\xb7\x6d\xd0\xa2\x05\xe9\xa9\x73\xb9\xcd\x0d\x64\xa7\x29\x23\x0b\xc2\x8e\xdc\x64\x61\xa0\x78\x10\x6e\x95\x5b\xd6\xd1\x2b\x81\x0b\x6e\xc3\xd0\x90\xde\x53\x66\x3d\xa3\xef\x2a\x0c\x5b\x82\x67\xc1\x0f\x9f\x80\x10\x86\x80\x10\xbc\x03\x62\x5f\xe8\x1e\xd9\x28\x2d\xad\x37\xe9\x53\x42\x6e\x12\x85\x58\x8c\xf4\xbd\xa7\xb3\xdd\xdb\xfe\x35\x0d\xb4\x92\xda\x44\xd3\xff\x03\x06\x11\x3d\x22\x7a\xf9\x04\x2d\x6f\x15\x72\x09\xed\xed\x6b\xed\x68\x1c\xcc\xa4\x04\xfe\x82\x4d\x8d\x10\xa7\x98\xce\xe1\x5f\x0d\xa6\xa4\x3c\x4a\xca\x87\xcb\x38\xee\x3d\x5a\x32\x93\x97\x37\xea\x5c\x02\x25\x32\x96\x0c\x2c\x91\x1f\x39\x42\x63\x49\x1c\x8b\x1d\xec\xa3\xe9\x87\xea\xe2\xa8\x9c\x9e\x74\xca\xe9\x29\x35\x73\xa4\x1d\x2d\xa9\x5b\x53\x72\xe6\x17\x75\x29\xad\xfd\xf6\x40\x5d\x7a\x0c\x77\x39\x41\x64\x9d\x6c\xc0\x27\x8a\x4e\xbf\x10\x90\xf8\x88\xc9\xb6\xce\x7c\xd2\x6d\x47\x78\x3a\xee\xc1\x15\x17\x34\x54\x98\xe8\x14\x33\xfd\x15\x38\x69\xa9\xb7\x68\xfa\x31\xb1\x59\x7e\x76\x44\xdb\x1f\x53\xe6\xf7\xab\xd8\x93\x2e\x63\xcc\xff\x28\x48\xe0\x32\x9b\xfc\x82\xc5\x70\xea\xec\x9e\xb6\xb0\xa8\x4c\xad\x92\x00\x4d\x59\x7e\x81\x43\xf0\xed\x3f\x94\xd4\x16\xda\xc9\xa1\xd9\x1d\x39\x1d\x03\x5d\x7b\x81\x73\x86\x23\x42\xa8\x8e\x84\xc1\xe0\xac\xbf\x82\xd3\x62\x32\xc2\x6e\xd8\x35\x17\x93\x8f\x56\xd4\xb9\x05\x7c\x7c\xb9\x40\x4e\xa7\xf2\xd9\x27\xda\xf6\x86\xba\x97\x85\x86\x86\x86\x06\x93\x2f\xc3\x96\x39\x98\xda\x72\x40\x0f\x01\x1b\x95\xc0\xc1\x5d\x00\x87\xff\x73\x7b\x69\x12\xf7\xa1\x93\x2e\x95\x26\x7d\xeb\x6d\xbf\xd1\xe9\xb6\xd5\xd5\x41\x9d\x6d\x90\x61\x1b\x1d\xae\x61\xf8\xf2\x4b\xf8\xc2\x0e\x43\x60\x1b\x64\x38\xbd\xc1\x5e\x1a\x8f\xf7\x8a\x3e\x87\x06\x47\x80\xd7\x77\xd0\xf9\xf3\x06\x95\xfa\xaa\xa3\x7a\x79\xb8\x72\xf9\xf2\xe7\x97\xad\x23\x71\xc3\xa5\xaa\xa3\xf9\xbb\xba\x25\xac\x83\x1b\x1a\x1a\xbe\xa0\xac\x50\xaa\xbe\x93\xab\x20\xaa\x06\x94\xb5\x03\x82\x50\x90\xb3\x63\x46\x0e\xbe\xb1\xa7\xcc\xef\xa3\xf8\x12\xca\x66\x4c\xb8\x2b\xe9\x31\x25\x35\x81\xc6\xf6\xd1\xf6\xfd\x8a\xb4\x52\x5d\x1c\x55\xf7\xb2\x72\x3a\xa5\x1d\x8d\x2b\xd9\x0d\xb4\xb0\x55\xc6\x43\x87\xb6\x71\x62\x1a\xac\x74\xe7\xc0\xf1\x03\x16\x07\x71\xd1\xe2\x21\x8a\xd1\xf4\x5d\xa8\xed\x93\x7a\xa0\xbe\xb1\xb6\x8a\xe8\xf8\x57\x4e\xd5\xc7\x71\x15\x44\x23\xa1\x90\x04\x7d\xbe\x20\x17\xe0\xa1\xbe\x11\x30\x31\x8e\xf7\xfb\xa2\x01\x89\xd8\xd0\xc2\xf4\x44\xda\x3a\x74\xab\xd0\x0e\xfb\x22\x7c\x50\xc2\x64\x0d\x70\x43\x7d\xa3\x4e\x14\x73\xc1\x47\x1d\xd4\xbb\x5c\xbd\x3d\x82\x04\x2c\x2f\x04\xcc\x97\x9e\x68\x44\x94\xa0\xfe\xf2\x1d\x60\x4b\x8f\x77\xa3\xbe\xa0\x14\xed\x87\xfa\xcb\x2e\xd7\x89\x42\x59\x76\x1d\xfe\x99\xeb\xeb\xed\xc6\xe8\x34\x5f\xe1\x53\xf8\xc2\x02\x47\xb2\xca\x84\x95\x92\x98\x20\xf1\x9a\x9c\xdb\x55\xb7\xe7\x0b\xb9\x84\xb2\x1c\x43\xbb\xd3\xf0\xb9\xcb\xe5\x02\xf4\x72\x5e\x9b\xfc\xd9\x5c\x70\xed\x68\x1c\xed\x4e\x6b\x4f\x5f\xe8\xae\x71\xea\x17\x35\xbb\x52\x8d\xff\xb5\xef\x3a\xbb\xca\x05\xf0\x76\xc3\xa7\x50\x7f\xb1\x42\x06\x0b\x24\xf5\x29\x78\x77\x48\x84\xb1\x8e\xe4\x32\x72\xb8\x99\xfa\xbf\x2e\x06\xd9\x31\xa5\xe5\xb0\x9c\x9a\xde\xee\xe1\x3b\xe6\xca\x54\x69\x27\xe6\x32\x3b\x74\xa1\x86\x8b\x0b\x56\xd9\x7c\xd2\xe2\x59\x32\xbf\xe2\x6f\x68\xa8\x42\x13\xb6\xcf\x17\xec\xe5\x2b\x94\xf9\xf7\xaa\x50\x81\x1c\x34\x16\x57\x12\x13\x80\x1d\x37\x28\xe9\xb1\xfc\xc2\x86\xb6\xb3\x69\x6e\x7d\x65\xfe\x99\xb9\xe9\xd1\x83\x24\x9a\x5c\x2b\xe4\x12\xf2\xd1\x8a\xb6\x33\x82\x13\xf7\x8d\x24\xc9\xff\xe4\x74\x52\xce\x3c\x53\x67\x57\x49\x23\x99\x92\x5f\x3f\xa8\xd3\xc9\x92\x13\x00\x25\x5f\xa3\xe9\xe7\xe8\x70\x0f\x3d\x4a\x2a\xcb\xbf\x9b\x2c\xec\x55\x81\x40\x0e\x52\xe0\xf8\xc0\x89\x48\x08\x47\x42\x52\x88\x0d\x05\x70\x48\xa2\xf3\x31\xac\x19\xfd\xfc\x62\xb9\xb7\xc1\xa9\x6b\x94\x3f\x8d\xcd\x69\x80\x3b\x8d\x8d\x7e\x9f\x84\x3b\x38\xdd\xe8\xe6\x61\x33\xec\xfc\xfc\x22\x3e\xed\xef\x59\x56\xf9\xe4\x93\xfe\x23\xa2\x46\x12\x28\x92\xa3\x1c\xbd\x7d\xa5\x6d\xbf\x53\x0f\xb7\xe1\x58\xdc\x58\x89\x34\xda\x7a\xc4\x57\x1e\x28\xd5\x03\xc0\x63\x7e\xf9\x2c\x9f\x6c\xb8\x63\xbf\xdf\xef\x6f\x04\x21\xd8\x1b\xe1\x45\xf1\xcc\xf5\xb0\xf0\x26\xee\xce\xd2\x50\xc5\xe1\x99\xbd\xa6\x77\x2a\x23\x70\x92\x7f\x2a\x9f\x56\xe9\xa1\x2a\x88\x9e\xe8\xa3\xce\x82\x26\xd1\xfc\x5f\x81\xce\xb3\x39\x99\x00\x15\x23\xec\x31\x80\x1a\x89\xbf\xe1\x79\xca\x2c\x58\xee\x63\xca\x2d\x33\x0c\x5c\x24\x14\x2e\xc2\xbb\xb1\xfe\x1f\x0c\x6c\x9c\xe9\x1c\x07\x76\x65\xe2\x43\x57\x0b\x56\xed\xd0\xd0\x44\xdb\xcc\x82\x12\x19\xe3\x17\x8a\xd5\x9b\xb5\x03\x25\xb9\x6d\xde\x49\x18\x91\xf2\x93\x57\xea\xc8\x0b\xf4\x74\x81\xd4\x23\x0a\xb9\x38\x9a\x49\x28\xf3\xfb\xca\xe4\xa4\xb2\xfc\xbb\xf2\xfb\xba\xe1\xe0\xf4\xd2\x09\x0e\x5a\x3d\xcd\x6d\xa0\x6d\xef\xa2\xc3\x39\x9c\x45\x78\x38\x8e\xe7\xba\xf4\xfc\xdf\xd3\xdc\xd6\xc9\xb3\xa1\x08\x67\x5c\xfb\xea\xe9\x02\x8e\xb3\x52\xab\xca\x1a\x66\x85\x96\x7e\x55\x67\xb7\xe4\x4c\x4a\x3b\x7a\x82\x52\xab\xa5\xcb\xe2\x47\x71\x94\x4e\x94\xf2\x8e\xdc\xa2\xb6\xb3\x22\xa7\x5f\xe6\x63\xb3\xca\xec\x81\x9a\x25\x3c\xd1\x4e\x4e\x1b\x7f\xa3\x5f\x80\x27\x95\xd4\x44\x21\x37\xf1\x2f\xbd\x6e\xfb\x0b\xf7\x69\x67\x5c\x6b\x7c\xe0\xbd\x9a\x8f\x0d\x90\x0b\x8d\xf2\x0c\xbb\xa5\xf5\xda\x77\x38\x27\xf2\xb1\x01\x9c\x5b\x6c\x1f\x80\xcd\xb8\x71\xa0\xa8\x66\x6f\x4b\x67\x57\xb5\x7b\x09\xf3\x4a\xa2\xec\xfe\xd8\x6e\x24\xcb\x3f\xe1\x34\x01\x4f\xa5\xcb\xfc\xdd\xc7\x21\xf9\xa4\xdb\x59\x65\x7e\x8d\xe4\x4f\x9e\xe6\x36\x33\x1d\xc3\xa9\xe8\x7a\xa2\x4e\xce\x8e\xe1\xbe\x2b\xa0\xc4\x1f\xab\x7f\xcf\xd8\x8d\xfc\x95\xe4\x64\x18\xbb\x1f\x74\x49\x41\x19\x6e\xbc\x54\xe2\xa2\xc1\x0d\x74\x7d\xb9\x56\xd7\x3d\x5d\xd7\xab\x98\xc8\xd0\x7f\x08\xc4\x3e\xdf\xc5\xcb\x57\xc4\x68\x7f\x31\x5d\x62\xeb\x1d\xb6\x62\xe9\x81\x78\xd4\xae\xce\x66\x46\x2f\x90\x86\x06\x6c\x83\x26\xd2\x86\x19\x91\xb1\x0d\xe2\x91\xc3\x44\xfe\x96\xae\xee\xaa\xc3\xb8\xf2\x61\x5d\xdf\x5d\x63\xf4\x32\xf1\xb1\x81\x6c\x69\x20\x45\x62\x15\x52\xaa\xc3\xbb\xb0\x58\xc6\xd2\xef\x0c\xf4\xfa\x55\x7e\x69\x1f\x4d\x24\xd5\x5c\x4c\x3d\x7c\xa8\x6c\xff\x81\x37\xf2\x6f\x3f\x83\xeb\x82\xfe\xe7\x74\xe1\xb0\x25\xb7\xa8\x4c\x6e\x02\xad\x97\x18\xc2\xbe\x88\xaf\x9f\xc7\xde\xf5\xc2\x85\x0b\x20\x04\x07\x7c\x01\x81\xa3\x8d\xaa\x28\xe1\x96\x1f\x19\x47\xf1\x5d\xed\x68\x41\x7d\x96\xd4\xb7\xa0\x32\xbf\x4f\x6a\x54\xe8\xed\x2b\xe5\xc9\xce\xfb\xd8\x32\x1a\xdb\xca\xdf\xdf\x7a\x1f\x5b\xc1\xa1\xf6\xfc\x5a\x7e\x39\x26\x1f\xac\x2a\xf3\x6b\xca\xeb\x39\xec\x2e\x8a\x05\x2d\x52\x16\x2c\xe4\x16\xf3\xb1\x18\x4a\x3c\x96\xd3\x99\x92\xb4\x4b\x6f\xb4\xa3\x5f\x09\x10\xb0\xe3\x30\x82\xb2\xe9\xe7\x6a\xf6\x8d\x32\xb9\x41\xea\x69\x7a\x65\x28\x9b\x7f\xf4\x4e\x5d\x7a\xa3\xa4\x36\x8d\xc2\x98\xde\x9a\x24\x69\x9c\xc9\x4a\x4e\xa7\x48\x8d\xad\xa8\x87\xa7\xad\xed\xc6\xf7\x8c\xa7\xad\xcd\xed\x2a\x5e\xe2\x9c\xb8\xf8\x46\x56\xd6\x0a\xb5\x4e\x97\xad\x32\x27\x2b\x11\xaa\xa7\xac\x11\x44\x4d\xe9\x12\xa5\x90\x5b\x44\xd9\x0c\xe1\xef\x44\xd9\x4c\x7e\xe9\x81\x13\x4d\xae\x29\xf1\x19\xf4\xf0\x09\x7e\x22\xf5\x2f\x5d\x70\xe3\xba\x45\xce\x6e\xe6\x9f\xbc\x22\x17\x2d\xc5\x58\x52\x77\x9c\x93\x93\xea\xeb\xac\x9a\x5d\x55\x27\xf7\x95\xd8\x88\x32\x7b\x20\x1f\xec\xe9\xfc\xfe\x5d\x77\x2a\x9e\xe6\xb6\xe3\x17\x2a\xc6\x0e\x26\x97\x18\x2d\x9d\x37\x3a\x0a\xb9\x04\x29\x65\xa3\xe4\x6b\x92\x54\xd9\xcf\xba\x6a\x31\x9f\x8d\x2a\xb6\xe3\x13\x60\x23\x3c\x3e\x94\x69\x9b\xb1\xd7\x68\x30\x4a\xc0\xfa\x7f\x51\xf8\x09\x27\x9f\x17\x2f\x41\xbf\xef\x47\x3e\xc0\xf7\xeb\xd7\x0b\x57\x70\x28\xf1\xc3\x87\xe8\x4e\x20\x63\x94\x6a\x8b\x2c\x80\x88\x4d\x1f\x0b\x0b\xcd\x75\xaf\xe6\x4e\x2a\x44\xc7\x91\x8a\xe3\x13\xab\xdc\x65\x37\x30\x15\x71\xcf\xf1\xfc\xe9\xa4\x7b\xc2\xb7\x59\x34\xb9\x56\xaa\x6a\x58\xd6\x06\xc5\x77\x4f\x51\xc1\x10\x8d\x7c\x3b\x82\x41\xe2\x68\xc6\x12\x99\x5f\xa5\xd0\xd5\xea\xd0\x16\xe9\x71\xd4\x64\x16\xa2\x3f\x20\xf7\x2b\x63\xe5\xf9\x78\x56\xd4\x3f\x34\xa6\x22\x20\x45\xdb\x09\x25\x3e\x53\xa7\xfb\x50\x47\x55\xff\x63\xc7\x42\xb8\x4d\x6b\x5a\x5d\x0e\x11\xab\x84\xe4\xb2\xcb\xd5\xe3\x56\x6e\xc7\x9a\x15\x1d\xfb\xb1\x75\x3f\x1e\xef\x1e\x07\xbe\x71\x7a\xd0\x25\x4f\x5f\x1d\xf9\x97\x5c\x0d\x55\x80\x7f\x26\xf8\x4b\xdf\x1a\x14\x39\x55\x07\x8f\x3f\x14\x01\x1c\x2c\x80\x10\x04\xe2\x27\xcd\x1a\xd3\x69\xf0\x37\xa5\xa7\x6d\x78\xf6\x07\x20\xff\x4c\xf4\x93\xca\xb8\x4e\x8e\x80\xbe\x52\x6e\x2b\x25\xbd\x94\x75\x9a\x80\xff\xbf\xf6\xe7\x89\x60\xfb\x67\xed\x52\x2b\xc3\x33\x94\xb1\x48\x56\x95\xb4\x09\x95\xb2\x8f\x5e\x3e\x46\x8b\x8f\xe3\xf4\xcf\x76\x35\x15\x4e\x85\x13\x25\xb7\x09\x5d\xb6\xcf\x27\x04\xdd\xd5\x6c\x69\x24\x75\xc7\x12\x3a\xd3\xef\xd4\x00\xf9\x24\xae\xf8\xa1\xdb\xe2\xb1\xaf\xe2\x2c\xb1\x46\xd9\x97\x6f\xd4\x07\xec\x6b\x36\xd4\xdf\xef\x0b\x72\x6e\xba\xd2\xca\x16\xa8\xe0\xcc\xc6\xa2\xb9\x83\x33\x36\xa7\x69\x59\xba\x7a\xf9\xeb\x23\xac\x4a\xb2\x60\x9c\xf2\xe8\xdf\x59\x10\xc3\x9a\x1f\x09\x3a\xac\x96\xb0\x1b\xdf\x41\xf8\x82\x5c\x89\x7f\xb1\x85\x32\x7d\x03\x0e\x3b\x8c\x48\xe4\x7f\x03\x00\x00\xff\xff\x64\x3d\x7e\xd4\x37\x2a\x00\x00")

func client_onlineShBytes() ([]byte, error) {
	return bindataRead(
		_client_onlineSh,
		"client_online.sh",
	)
}

func client_onlineSh() (*asset, error) {
	bytes, err := client_onlineShBytes()
	if err != nil {
		return nil, err
	}

	info := bindataFileInfo{name: "client_online.sh", size: 10807, mode: os.FileMode(436), modTime: time.Unix(1789485216, 0)}
	a := &asset{bytes: bytes, info: info}
	return a, nil
}

var _config = []byte("\x1f\x8b\x08\x00\x00\x00\x00\x00\x00\xff\x8c\x54\x4d\x4f\xe3\x30\x10\xbd\xfb\x57\x58\xdd\xb3\x2b\x56\x1c\x39\xa1\x56\xab\x45\x7c\x0a\x90\xf6\xb2\x17\xe3\x4c\x92\x51\x8c\x6d\xd9\x93\x2c\x95\x35\xff\x7d\xe5\x34\x85\x2c\x61\x29\xea\xa1\xb6\xdf\x7b\xf3\xf9\xda\x9c\xb1\x96\xeb\x07\x88\x03\xc4\x8d\x77\x35\x36\xeb\x2b\x6f\xb4\x65\xb6\xe5\x4b\xe6\xfc\x21\x28\x73\x06\x9b\x80\xf9\x6c\x4f\x3b\x59\x8f\x9f\x9c\xc1\x55\xcc\x22\xf8\x48\x0b\xe9\x9d\x8f\x54\xb0\xe8\xc9\x2f\xc1\xf2\xca\x2c\x2a\x18\x16\xd8\x16\x06\x66\x61\x74\x01\x7e\xf9\xd8\xa1\x6b\xb6\x18\x99\x73\x5e\x5f\x63\x32\x13\x6b\x73\xfe\x03\x2d\xdc\xe8\x67\x28\x64\xd8\x17\xf0\x7f\xfa\x94\x01\x22\xcd\x64\x1d\xec\xbe\xa2\xba\x84\xdd\x9b\x48\xca\x6f\xf2\xb1\xc5\x24\x6b\xb4\x20\x53\xeb\x7b\x5b\xc9\x27\x90\x1d\x04\x92\x09\x4c\x04\x12\x55\xfb\x79\xd8\xed\xcf\x59\x11\x95\x26\xad\x0c\x86\x16\x62\x5a\xce\x42\x93\xde\x8c\x18\xb3\x48\x23\xb2\xe0\x4c\x97\x8b\xed\x3d\xb3\x20\x1f\xbc\xf5\xcd\x6e\xc1\x7a\x9c\x00\x66\xf1\xac\x9d\x6e\xe0\x19\xdc\x91\x99\x5d\xbf\xf2\x1e\xbc\xe9\x80\x98\x65\xef\xf0\x45\x88\x0f\x5c\xb4\xed\x83\x45\xa3\x09\x36\x37\xcc\xd5\xe1\xa2\x8c\x7b\xb3\xce\xfb\xd7\xd1\x3a\xa2\x03\x08\xda\xe2\x00\x8b\x8a\x2f\x0f\x48\x69\xcb\x26\xa5\x7b\x3a\x32\xd7\xc7\x99\x27\xe4\xc9\x3f\x8b\xc2\x74\x58\x8e\xc8\x39\x6a\xd7\xc0\xa1\x81\x7b\xdf\x13\x30\x87\x3e\xb5\x72\x15\xcb\xa5\x24\xb9\x01\xfa\xe3\x63\xc7\xbc\x92\x39\xaf\x7e\xbb\x55\xc9\x35\x95\x9c\x4c\xc4\x40\x2a\x81\xe9\x23\xd2\x4e\x9e\x8a\x52\x9a\xea\x13\x44\x15\x74\x4a\x6a\x80\x88\xf5\x11\x6b\x6d\x2c\x82\xa3\xf3\x9e\xda\x87\x31\xdc\x54\xf5\x80\x5a\x81\x1b\xc4\x59\x89\x26\x7d\x00\x37\x04\x27\xce\x9a\xe8\xfb\xf0\x7a\x0d\x10\x13\x26\x52\x1d\xec\x5e\xcf\xd4\x3b\x91\x48\x53\x9f\x8e\x58\x7a\xe4\xcc\xfc\x67\x7d\xa3\x74\x08\xe0\x2a\xf9\x95\x1f\xc3\x95\x6f\x98\xc5\x00\xf1\x49\x9e\x0a\x78\x29\x2b\x45\x52\xf0\x82\xa4\x9c\xa7\xd2\xf6\x77\x21\xcc\xd8\x9c\x32\xa3\x50\x55\x18\x8f\xcc\x62\xb3\x1d\x5f\x05\xd6\x93\x24\x78\x6f\xd5\xd4\xda\xe7\xda\x8b\xbb\xbb\xf9\x1f\xc1\x3e\x71\x85\xc9\x78\xe7\xc0\x1c\x11\xef\x97\x70\x5b\xd7\x16\x1d\xcc\xf7\x30\xeb\xe0\xcb\x51\xdc\x22\x88\x78\x6f\xe9\x5b\x6a\x0f\x67\xe6\xbf\x01\x00\x00\xff\xff\x36\x04\x5f\x20\x8c\x05\x00\x00")

func configBytes() ([]byte, error) {
	return bindataRead(
		_config,
		"config",
	)
}

func config() (*asset, error) {
	bytes, err := configBytes()
	if err != nil {
		return nil, err
	}

	info := bindataFileInfo{name: "config", size: 1420, mode: os.FileMode(436), modTime: time.Unix(1789564591, 0)}
	a := &asset{bytes: bytes, info: info}
	return a, nil
}

var _help = []byte("\x1f\x8b\x08\x00\x00\x00\x00\x00\x00\xff\xec\xbd\x6d\x73\x53\x49\x92\x30\xfa\xfd\xfc\x8a\xba\xdd\x7b\x63\xa7\x35\x23\x4b\xb6\x81\xa1\xfb\x01\xe2\x71\x1b\x7a\x9a\x6d\x1a\x68\x60\xa6\x63\x63\xef\x86\x25\xec\x03\xe8\xc1\x48\x5e\x49\x66\x9a\xdb\x10\x21\x61\xcb\x96\x6c\xbd\x01\x7e\x95\xe4\xd7\xb6\xb1\xc1\x58\x32\x60\x8c\x2c\xc9\x76\xc4\xbd\xff\x04\x9f\x3a\xe7\xe8\x93\xfe\xc2\x8d\xca\xac\x53\xa7\x24\x1b\x9a\x99\x8d\xb8\x9f\x9e\x9e\xdd\x6e\xeb\x54\x55\xd6\x5b\x66\x56\x66\x56\x66\xd6\x97\xe4\xca\x80\xea\xff\xdb\xd5\xcb\xa4\x3e\xb7\xac\xcf\x1d\x10\x6d\xef\xc0\x98\x58\xd7\x13\xe3\x74\x24\xa9\x28\xe7\x88\x56\x8e\x68\xe5\x97\xe6\xe8\x4b\x3d\x31\x63\x14\x97\x8c\xdc\xb0\x68\xc1\x7e\x66\x47\xb0\x5d\xa3\x96\x33\xaa\x0b\x5a\x39\x82\x1f\x1d\x0e\x06\x24\xfe\xde\xe1\x38\x8c\x44\xad\x1f\x46\x75\x98\xff\xb6\x20\xe8\x85\x14\x1d\x5b\xa2\xb3\xeb\xb4\x38\xaf\xed\x8f\x3b\x1c\x8d\x5a\x92\xee\xee\xd4\x23\x39\xf3\x60\x54\x39\x47\x3c\xbe\x81\xb0\xf7\x66\xbf\x1a\xf2\xb8\x3c\xbe\x81\x90\x1a\xf6\x10\x1a\xcd\x99\xc5\x83\xfa\x74\x51\x4f\xaf\xd1\xf8\xce\x61\x24\x8a\xb5\x89\x27\xdc\x0b\xa5\xb4\xfc\x9c\x16\xf7\xea\xb3\xd9\x7a\x64\xe1\x30\xf2\x18\x87\x67\x6e\x2f\x98\xdb\xbf\x7d\x88\x14\x8c\xda\x94\x9e\x7e\xfa\x21\x32\xd7\xa8\x25\x8d\xc2\x82\xbe\xf9\x9b\x91\x1b\x36\x0f\xe6\xf5\xf4\xaa\x56\x4e\x9b\x7b\xaf\x68\xe6\x89\x31\xf1\x5a\xcc\x91\x16\x93\x7a\x3c\x7b\x18\x79\xac\x28\xca\x97\x5f\x12\x23\x5f\xa4\x7b\x93\x8a\xd2\xde\x46\xf4\xc5\x32\x3d\x18\xd2\x9f\x3f\xa6\x07\xef\x94\x8e\x36\x42\x0f\x36\xea\x91\x05\x5a\x8b\xd0\xb5\x71\xa5\xb3\x8d\xd0\x27\x7b\x5a\x75\xc5\x5c\x4a\x36\x6a\xf1\xee\x4b\x17\x1b\xb5\x84\x72\xa2\x8d\xd4\x63\x29\x63\xaf\xa8\x4f\x8d\x6a\xd5\x1d\xd2\x1b\xf0\xdf\xf2\xdd\x6e\xfb\x5f\xa1\x80\x5f\x39\xd9\xc6\x77\x80\x8e\x2d\x98\x43\x7b\xca\xa9\x36\xa2\xcf\x0d\xd5\x67\xb3\xfa\xfa\x12\x9d\x1f\x57\xfe\xdc\x46\xba\xba\x2f\x11\xad\x9c\xae\xcf\xbc\x31\xa2\x1b\x74\x79\x56\x39\xdd\x46\xe4\xd9\x36\x6a\xf1\x70\x2f\xeb\xe7\xeb\x36\x62\xbe\x1b\xd6\x2b\x59\x36\xa5\xe1\x9c\x5e\x78\xa5\xb4\xbb\xdb\x88\x59\x8a\x6a\xbb\xcf\xb5\x72\x9a\x16\x97\xd9\x76\x6c\x94\x70\x34\x4a\x3b\x9b\xce\xf4\x2a\x3d\x98\x3e\x8c\x44\x8d\xb1\x1d\x3d\x12\x85\xc5\x28\xea\xa9\x65\xa5\x9d\xcd\xad\x98\xa0\xb1\x75\x5a\xad\x98\xc5\xa2\xd2\xde\xd9\x46\xea\x43\xeb\xc6\xde\x9b\x46\x2d\x1e\x7a\x10\x0a\xab\xf7\xfa\x58\xaf\xed\x27\xd8\x70\xca\xe6\x5a\xb4\x3e\x5d\xac\x2f\xcf\x34\x6a\xf1\xef\xba\x7e\x82\x12\x36\xb9\xd9\x61\x58\x39\xa7\xd3\x09\x2b\xd9\xba\x82\xca\x43\x82\x7f\x91\x87\xc4\x2c\x6d\xeb\x33\x69\xf2\x50\x79\x48\x9c\x4e\x27\xe1\xff\x56\x1e\x12\x0b\xd7\xe2\x3f\xab\x37\x1b\xb5\x04\x79\x48\x10\xb3\x5c\x02\xc1\x5c\x02\xa5\x5c\xb8\x04\x2e\x9c\x98\x91\x1b\xa6\x99\x92\xb9\x36\x42\x93\x53\x88\xa2\xc6\x64\xb2\x3e\xb7\xdc\xa8\x25\xb5\x6a\x8c\x78\xbc\x7d\xf7\x7c\x7e\x0f\x31\xaa\xac\x9a\x31\x5b\xa5\x7b\x93\x87\x91\xc7\xd0\x29\x1d\x89\xd5\x87\xd6\x49\xd7\xd5\x8b\xe4\x21\xf1\xf8\xfc\x61\x35\xe8\xf7\xf6\xf7\x78\x07\x7c\x3d\xfd\xbe\x50\x58\xf5\x7b\x18\xd6\x66\x5e\x1a\xf9\x27\x34\xfb\x4a\x2f\xbc\xd2\x0b\x95\x46\x2d\x6f\x16\x57\xcc\x52\x14\x97\xff\x90\x2d\xe8\x98\x56\x1e\x37\x2a\x07\xf8\x05\x91\x96\x16\x87\x68\x7e\xde\xdc\x1a\xd2\x17\x56\xcd\xd2\x32\x6e\xf8\x61\x24\xda\xd5\x7d\x89\x21\xb6\x85\xc3\x30\x8c\x16\x5a\x21\x0f\x39\x69\x0a\x54\x35\x0f\xf2\xc6\xfa\x38\xf9\x23\xfb\x4e\x57\xa7\xe9\xfb\x55\x6d\xaf\x80\x08\xdb\xa8\xc5\x71\xf3\x0f\x23\x51\x4f\x48\x0d\xde\x57\x83\x6d\x0c\xf9\x3c\x87\x91\xa8\xd8\x78\x1c\x58\xa3\x96\x10\x13\x97\x20\xb0\xa9\xff\x3d\x10\xbc\xeb\xf3\xdf\xee\xe9\xf3\x05\x5d\x67\xc4\x70\x2e\x9e\x3f\xe7\x62\x2b\xa0\x97\x32\x5a\xf9\x25\x0e\xce\x18\x7f\x65\x6c\x8c\x5b\x70\xc4\xe6\xe0\xfc\x88\x0b\x30\x99\x2d\xec\x5b\x5a\xcc\x09\x64\xc4\x55\xa7\xcf\x5e\xd2\xcc\x96\x80\xce\xc6\x35\xb4\x87\x14\x4f\x9f\xbd\xd4\x2a\x79\x63\xef\x89\x5e\x7c\x67\xc1\xc6\x35\x32\x36\xa7\x8c\xc9\xd5\xa3\x20\xb5\xf2\x98\x4b\x2b\x8f\x9b\x4b\x49\x56\x29\x3d\xca\x36\x4a\x2a\x33\x2a\x07\xfa\xf4\x0e\x23\x77\x60\x1e\xe6\xe8\x4b\x3a\xb6\x6e\x4c\x2c\xe8\x93\x71\x0b\xbe\x56\x19\x67\x94\xca\x16\x9b\x55\x77\xe1\x1e\xba\x70\x73\xf5\x78\x96\x8e\x2d\xe8\xf1\x29\xba\xf2\xda\xdc\x5e\xb5\x71\x8f\x66\x4b\x34\x5a\x70\xb1\x69\xd2\xe5\x79\x1a\x5f\x34\x36\x13\xb4\xb8\x64\xb2\xff\xdb\x12\xa8\xa5\x7c\xf9\xe5\x97\x44\x9f\xda\xa5\xd9\x27\x46\xe5\x39\x2d\xe6\x1a\xb5\x78\x7d\x34\x65\x3e\x8f\x32\xa2\x51\x9c\xc4\xe1\x60\x58\x53\x5b\x64\x7c\x31\x27\x80\x93\x0f\x23\x4f\x89\x98\x06\x6b\x03\x54\xc1\x7b\x37\x36\x18\x96\x9b\x6b\x4f\x8d\xdc\xf0\x87\x48\x81\x66\x9e\xd4\x23\x51\xe4\x77\xc8\x21\x47\x2b\xd8\x25\x6e\x34\xef\x65\xdc\xdc\xdb\x83\x5e\x04\x5c\xe8\x45\xf4\xf9\x3b\xbd\xe8\xe9\x55\x7d\x62\x47\xee\x25\xb6\xda\xd2\x8b\xfe\x2e\x5a\x1f\xcd\x18\xd5\x05\xb3\xb8\xa4\x95\x37\xd9\x39\xe2\xf9\x30\xf2\xc4\x43\xb4\x72\x05\x67\xc9\x70\xf3\xc3\xc8\x33\xfe\x85\x8d\x88\x6d\x57\x76\x43\xdb\x4d\x68\xe5\xb4\x56\x1e\xab\xcf\x2d\x6b\xe5\x88\x39\xba\x0d\xec\xd8\x62\x24\xad\xac\x57\xf1\x78\x3c\x37\xbd\xa1\x3b\xca\x97\xa4\xfd\x2b\xc2\x76\x33\x9e\x65\x94\x52\xdd\x33\x56\x2a\xda\xfe\x38\xe7\x79\x6d\xae\xc0\x80\xea\xbf\x3f\xe0\x77\x0e\x78\xfd\x7e\xb5\x9f\xf4\xa9\xf7\x02\xc8\x90\xc9\xb9\x26\xce\xac\x7c\x49\x3a\xbe\x22\xda\x41\x51\x9f\xd8\x95\xbe\xcb\x9c\x9c\xd5\xe9\xfc\x8a\xd0\xf8\x1c\x5d\x1b\xa7\xc9\x29\x7d\x72\x4b\x4f\x15\x69\xe5\x19\x5b\xb7\xe7\x53\xfa\xab\x25\x64\x98\x8c\xdc\xe2\x53\x34\x35\x6a\x54\xd6\x8c\x44\x5c\x2f\xbc\xa2\xd9\xb4\x9e\x58\x83\x53\x22\x71\x74\x4c\x4e\xec\xef\xac\xd4\x2d\xb9\xe7\xbb\x1d\xf4\x86\xd5\xbe\x9b\xac\xd3\x13\xac\xd3\x3c\xad\x56\x90\xa7\xd1\x27\x33\x48\x6c\x8d\x5a\x8e\x70\xba\xa3\xd9\x14\x21\xb4\x34\x62\x2c\x46\x09\xd1\x33\x19\xf3\x60\xeb\xf3\x3a\xea\x0d\xaa\xde\xb0\x3a\x18\x52\x83\x04\xb8\x23\xf9\xd7\xae\xf3\x3f\x5e\xbc\xdc\x73\xb5\xeb\xfa\xf5\x9f\xaf\x5c\x3b\xdf\xd3\xde\xde\xde\xd1\xd1\xd1\xd9\xd9\xf9\xaf\x44\x74\xcf\x06\x75\xd2\x1a\x14\x6f\x27\xe8\xbf\x51\x8b\xd3\x6c\xca\x58\xdb\xa2\x07\xb1\xfa\x52\x55\x2b\xf3\x1a\x9f\x3d\x77\x1c\xd2\xed\x60\x60\x70\x00\x5b\xb2\xee\x4e\x7d\x45\xf4\xb1\x31\x31\x02\x3a\xb6\x48\x63\xab\x56\xd7\xd5\xe1\xcf\x83\xec\xed\xeb\x63\x33\x0d\x07\x24\xe0\x76\x17\x7f\xfe\x8a\x30\x92\x1e\x5b\x47\x22\xf8\x3c\x90\xc1\x41\x3f\xc3\x45\x45\xc1\xa6\x6c\xa7\xdf\x65\xcc\xb5\x38\x9d\x5d\x47\x7e\x46\x3c\x77\xc2\xe1\x81\x6f\x5c\xae\x33\x5a\xb9\xaa\x17\x2a\xe7\xbe\x39\xed\x3e\xdd\xce\x78\xa9\x31\xb1\x6e\x1f\x49\xd6\x61\xc4\xa4\x31\xa7\x7c\x52\xe9\x33\x25\x23\xb1\xab\x17\xc7\x60\x69\x73\x0e\x07\xcd\xbc\xd4\x0b\x09\x7b\xea\x8c\x3f\x3d\x99\x31\x87\xf6\x10\x06\x0e\x1e\x84\x2c\x7d\xb6\x58\x8f\xe4\x38\x82\x64\x5e\xb2\x2a\x13\xeb\x5a\x25\x4d\xe0\x20\x01\xe6\xc6\x7a\x64\x1d\xe2\xa9\xaf\x95\x19\x5f\xd2\xc7\xc6\xa0\x06\x36\xd4\x27\xf6\xcd\x83\xbc\x3c\x22\xab\x0d\x12\x8b\xe0\x1e\x48\x2a\x34\x9b\xae\x17\x22\xe6\xf3\xa8\xc3\x51\x1f\x4d\xd1\x6c\xc9\xe1\x30\x4b\xab\x2d\xc7\x9a\x9e\x48\x21\x03\x6e\xd4\xf2\x08\xa5\x45\x58\x61\xd2\x54\xf7\xf9\x46\x2d\x81\xe0\x1c\x0e\xbb\x7c\x34\x65\x1e\xcc\x3b\x1c\x02\x44\x13\x9b\x38\x5e\x22\x53\xd8\x4c\xde\x4e\x36\x6a\x39\xcf\x91\x3d\xfd\x0f\x6b\x53\xcf\x98\xef\x4b\x74\x7f\xf8\xdc\x7f\x92\x33\x08\xe2\x9c\xe7\x30\xf2\xd8\xc3\x8b\x3d\xa4\x5e\x9d\x31\x8b\x2b\x34\x52\x63\x08\xed\x91\x50\xc0\x03\x23\x78\xc8\x3b\x96\x04\x1b\x82\xac\xa8\x55\xc2\x11\x72\x8e\x47\x10\xb9\x87\xb5\x3a\x88\x1a\x6b\x55\xd7\xb1\xdc\x85\xed\xce\x12\x3b\x25\x19\xda\x6f\x4e\xeb\xc5\x77\x28\x17\x1d\x9d\xce\x27\x79\x89\x07\xbb\x0d\x0e\xfa\x59\x87\x32\xae\x33\x71\x51\x08\x40\x8d\x5a\x12\x0f\x49\x7d\x3c\x61\xbe\x7b\xcf\xfe\x86\xaa\x46\x6e\xd8\x3e\x9e\x3e\xb7\x73\xec\x8c\x75\x6b\x73\x1a\xe8\x1d\x19\x9a\xc5\xc7\x3c\x67\x04\x1f\x3b\x47\xce\x20\x23\x3b\x47\xce\x20\x27\x3b\xe7\x39\xb6\x3b\x89\x75\x0d\xb6\x93\x7f\xbd\xfa\x3f\x43\xa1\xbf\xbb\x83\x7d\xff\x4a\xf4\x77\xe3\x66\x69\x12\x01\x36\x75\x0e\x64\xdf\xda\x3b\xd2\x95\xe7\x0c\x93\x0a\xb3\xa9\x4f\xf6\x85\x6c\x23\x70\xeb\x96\xaf\x57\xe5\x80\x9b\x59\x0a\x6b\xcc\xd8\x14\xce\x05\x78\x54\x4b\x27\xd2\x2c\x3f\xd9\x61\x0b\xab\x1a\x6c\x6f\xee\xd6\x3e\xc7\x00\x77\xf6\x9f\xd1\xd1\x8a\x7c\xf2\x91\x7f\xbb\x7e\xe5\x32\xa1\xf1\x2d\x7d\x71\x94\x8e\x8e\x60\x85\x63\x3b\xfa\xd8\x89\xc8\x3b\xba\xaf\x06\x43\x3e\xf8\xc5\x7b\xd1\xe7\x87\x69\xb5\xa2\x4f\xef\xd4\xa7\xb7\x8f\x05\x68\xb7\x50\x14\x46\xa7\xbb\xf5\xd1\x4c\xd3\x7a\xc3\x30\x1d\x0e\xe9\x0c\xff\x3f\x5c\x37\x7d\x7e\x17\xfc\x7d\x2b\x10\x24\x3e\xe2\xf3\x93\x7f\xf9\x43\x48\xfd\x2f\xd2\x4e\x4e\xba\xbf\xfa\x1f\xa4\x2f\xa0\x10\xf2\x8f\x9e\x67\x5f\xb0\x7f\xff\x8b\xef\x0b\xf2\xc5\x55\x2f\xa2\x46\x0f\xfc\xc2\x85\x74\xb2\x52\xe7\xbf\xf8\xbe\xf8\x5c\xc8\x2d\x3b\x22\xa0\x23\x38\xa5\x2f\xe0\x57\xf1\x24\x38\x47\xb8\xb2\xda\x7d\xe9\xa2\x85\x69\xb9\x61\x9c\x3c\x72\x11\x59\x9e\xd5\xca\x95\x0f\x91\x82\xb6\x3f\xa7\xa7\x8a\xfa\x76\xd5\x7c\x3f\x24\x30\x06\x08\x2e\xa2\xed\xa5\x51\xae\xfd\x10\x99\x3b\x8c\x3c\xa6\xcf\x1f\xd7\x0b\x11\x9a\xaf\xd0\x62\x0e\xe1\xb8\xb4\x72\xca\xd2\x0d\x93\x66\xe9\x3d\x2d\x08\xaa\xde\x64\x5a\xc7\x64\xb3\x28\xf5\x29\xfd\x94\xb1\x31\xe0\x2f\x8c\x7b\xbd\xae\xd2\xf9\xf1\x8f\x2a\x6a\x36\x1b\xe3\xfa\x11\x79\x48\x42\xe1\xa0\xcf\x7f\x9b\x58\x2a\x1c\xf9\x59\xbd\x49\x50\x61\xa2\x85\x2d\x3a\x17\x61\xa2\xde\xf3\xc7\xc4\x83\x47\x20\xd1\xe3\x53\xc4\xe3\x6e\x83\xff\xe1\x27\x4b\x20\xf7\xdc\x7b\x10\xfa\xaf\xfe\x1e\x6f\x5f\x5f\xb0\x09\xee\x8f\x0f\xae\xff\x74\x89\x20\x30\xe2\xb9\x13\x08\x85\xbf\x19\x08\x04\xc3\x9e\x46\x2d\x8e\x26\x0d\x5e\x43\x9f\xde\xa1\x07\x31\xba\xb4\x21\x29\x3a\x1c\xa6\xc5\x80\x5a\x60\x0a\xc2\x6c\xa9\x3e\xe0\x0d\x85\x8e\x1b\x02\x70\xa8\x96\xba\xc8\xc8\x5b\x6a\x0a\x3e\x2e\xc3\x0e\xfd\x57\xbf\x2f\xac\xb6\x36\xb8\xfe\xd3\x25\x5f\x58\x25\xb8\x2f\x78\x1c\x1d\x46\x1e\x3b\x1c\xf5\xb9\x79\xe3\x05\x23\x39\xad\x36\x43\x63\xd6\x4c\xb1\x36\x5a\x53\x0e\xf6\x98\x66\x04\x1d\x8a\x3e\xd8\xc8\xff\xde\xd7\x13\xf2\xf6\x87\x9b\x7a\xc1\xa1\x1b\xf9\x2c\x13\x5b\x73\x19\xbd\x50\xa1\x9b\xd3\xc6\xab\xe7\x5a\xf9\x0d\xae\x16\x53\x15\x22\xfa\xf4\x73\xb3\xb8\x4f\x8b\x39\x2e\x13\xe4\xb7\xf5\x89\x5d\xec\x2c\xfb\x9c\xc6\x67\xf5\x44\x44\x2f\x24\x10\x16\x5d\x79\x2d\x29\x53\x9e\x90\x1a\x62\x0c\xa0\x27\xa4\xf6\x06\xd5\xe6\xbe\xb5\x5a\xce\x2c\xcd\x19\x9b\xfb\x34\x9b\xa2\xa5\x91\xfa\xd3\x55\x06\x10\x64\x0f\xd2\xd9\x41\x70\x20\x38\x28\xad\xfc\xe6\x30\xf2\x18\xfb\x05\xf9\x99\xf5\x87\x22\x0e\x42\x69\xe9\x55\xd2\x5b\x9b\xa7\x2b\xe9\xb7\x46\x75\x8e\x96\x76\x71\x65\x59\xc7\x9b\x33\xfa\xc4\x3e\xcd\x0e\xb7\x88\x27\x46\x6e\x18\x29\xc4\x85\xfa\xb4\xcb\xd2\x9e\x79\x57\xc7\x59\x07\x9a\xba\xb4\x6d\x09\xad\xd8\x8f\x62\xd6\xc1\x9c\x9e\x8c\x12\x4f\x7b\xc7\x9f\x01\xf9\xdb\xbf\x39\xf9\xb5\xdb\xdd\x69\x63\x7f\x6f\xbf\x4f\xf5\x87\x7b\x06\xbc\xb7\xd5\xe3\xe0\xd7\xe7\x96\x69\xf6\x09\x7d\xff\x06\x4d\x5a\x04\x4d\x58\x96\x82\x9d\x1b\x86\xd3\xfb\x45\x7d\xe9\x5d\x7d\x6e\xf9\x38\xf2\x6b\x77\xb7\x9d\x86\x6e\x4f\xbb\x4f\x9f\x66\xbd\x6a\xe5\x8a\xf1\xa2\x42\xe3\xb3\x5a\x99\x89\x6c\xc6\xc4\x3a\xe3\x24\x6b\x51\xe3\xd5\x2b\x72\xb2\xed\x14\x31\xc7\x1e\xdb\xa8\xee\xfd\xa5\xa7\x3f\x70\xbb\x27\xe4\xfb\xbf\xd5\x9e\xbb\x80\xc0\x3e\x7f\x98\xcd\x3a\x35\x29\xd6\x11\x17\x8c\x16\x19\xef\x67\x3a\xdd\x2c\x43\xb6\x1f\xbe\x45\xfc\x32\xf7\xf7\x69\x7c\x8b\x66\xd3\x28\x65\xa0\x05\x8a\xee\xee\xe8\xe5\x98\x91\x1d\xd1\x0b\x11\x7d\xfa\x05\xdd\x7b\xaa\x2f\xfd\xd6\xa8\xe5\x3d\x67\xce\xba\x99\xa6\xf9\xb6\x3e\xbd\x89\x35\xc5\x48\xbc\xfd\xfd\x81\xbf\xf7\xa8\x7d\xbe\x70\x4f\x50\x0d\x05\x06\x83\x70\x3a\x92\x9b\x81\x40\x3f\x3b\x86\x67\x4a\x0c\x53\x63\x51\xb3\x58\x46\x19\xd3\x55\x1f\x65\x9b\x8a\x16\x10\x63\x33\x81\xa6\x23\xa4\x30\x60\xcb\xe4\x96\xb7\x3f\x84\x14\xc5\x27\xff\xf5\x61\x24\xda\xde\x61\xcf\x9f\x9d\x68\xb4\x98\xd4\x27\xb7\x9b\x4e\x31\xe0\x9d\xbf\x2a\x84\x7c\x81\xbb\xf5\xc5\x37\xe4\x0b\x60\x68\x5f\xfc\x89\x7d\xb4\x99\x19\x2b\xb0\x77\xbd\xb3\xd3\x7d\x4a\xae\xc1\x58\x13\xab\x11\xb8\x3f\x20\x7f\x66\x84\xcc\x3e\x77\x7f\xdf\x75\xf9\x2f\x17\x7a\x7e\xbc\x20\x17\xf6\xdd\x84\x16\x78\x7c\xf5\xe0\xf1\x85\xe5\x82\xc7\xb0\x0a\xf8\x49\x62\x09\x4d\x00\x7b\x82\x5e\x7f\x5f\xe0\x5e\x0f\x62\x18\x6f\xde\x44\xc5\xcd\xd5\x3b\x3b\x7a\x6e\x3e\x08\xab\xa2\x19\x56\x81\x66\x12\x19\xb2\x36\xae\xc0\x40\xb8\xe5\x70\x75\xb1\x2a\xac\x18\xea\x1f\x43\x4b\xcd\x8b\x04\xa4\xc1\x67\xdc\x8c\x7a\x5f\x7c\x43\x3a\xdc\x27\x4e\xbb\xa1\xec\x18\x64\xf8\xe2\x1b\xdc\x50\xe5\x11\x9e\xcb\xa0\x3a\x35\x31\x4f\xc2\xce\x65\xbe\x91\x8d\x5a\x5c\x9f\x5e\xac\x17\x22\xc8\x46\x1b\xb5\x24\x6a\xf3\x7a\x21\x62\x14\x23\x34\x35\x09\x9a\xc4\xef\x6f\x76\xd3\xb2\x1f\x37\xfd\x3e\x6f\xd8\xdb\xd6\x77\xf3\x7f\xef\x88\x2d\x92\xb4\x9a\xc5\x95\xfa\xd2\x4e\x7d\x68\x9d\x96\x6a\x66\xfc\x25\x28\xbd\x5c\x26\x02\xf5\x9f\xb8\x6c\x63\x83\xf8\x22\x58\x8f\xf8\x62\xee\xef\xd7\x47\x33\x28\x18\xb1\x9f\xc0\xca\xed\x52\x20\x7e\xbb\x39\x30\xac\xff\xe7\x3d\xda\xc5\x89\x8b\xd0\x72\x91\x8e\xbd\xd0\x0e\x96\xf4\x68\xc9\xe1\x00\x01\xea\x4b\x18\x69\x3b\x91\xc7\xa2\x28\x4e\x62\x69\x64\x39\x49\x86\x88\x5a\x02\x42\x14\x55\x18\xb8\x10\x91\xc5\x3e\xb8\x23\x41\x73\x19\xc3\xbc\x48\xd5\x2c\x2e\xb9\xe8\xde\x33\x9a\x48\xe1\xf1\x66\xdb\xd4\x26\x4a\x7a\x32\xaa\x27\x13\x02\xbc\x9e\x2d\x18\xdb\xcb\xac\x93\xf8\x48\x7d\xe9\x1d\x03\xc4\xa5\xec\xc5\xfa\xec\x0a\xfb\x59\x8e\xd5\x67\x57\x10\xba\x65\xfe\xc3\x2a\xfa\xfb\x2a\x1d\x43\x53\xa3\xf1\x78\xf7\x43\xa4\x20\x7f\x46\xd3\x1e\xcd\x94\xd0\x30\x47\xba\xaf\xff\x8d\xe8\xeb\x4b\x68\x8c\x37\x97\xd6\xe9\xca\x36\x53\x62\xc4\x38\xfe\x84\x93\xfc\x13\xff\xb0\x32\xaa\xbf\x5d\xff\x93\xd8\x1a\x4f\xa3\x96\x60\xe0\x96\x36\xe8\xc8\x2c\xcd\xa6\xd1\xfe\xa7\xc7\xa7\x8c\x37\x33\xe6\xf6\xb6\x9e\xc9\x6a\x95\x15\x31\xba\x85\x55\xa3\x30\x8e\x26\x50\xf8\x13\xc1\x98\xa5\xe7\xfa\x50\x0c\x26\x18\xa1\xaf\xe7\x05\x6c\x36\xf7\xc2\xba\x7c\x72\x6b\xe5\x31\x26\x2e\x83\xed\x59\x2b\xa7\x09\x18\xd7\x39\xec\xfc\xb6\x3e\xb5\x65\x6d\x65\xa3\x96\xe3\x26\x07\x18\x7c\xa3\x16\x37\x26\x67\x8d\x17\x15\xad\x9c\xd2\x27\x76\x61\xd5\xf9\x9e\x69\xe5\xb4\xbc\x63\x8d\x5a\x9e\x66\x4a\xb4\x16\xa1\xd9\x12\x71\x38\x6e\x5c\xb9\x71\xb5\x51\x8b\xff\xf8\x5d\x57\xa3\x96\x70\x38\x08\xcd\x24\x69\x7e\xd1\xd8\x5e\x44\xc3\x0a\x5b\xb1\xa6\x03\x54\xec\xa7\xb9\xf6\xd4\x4c\xbc\x41\xa1\x9a\x2d\xa7\x64\xea\x01\x4b\x0e\xcd\x94\x9a\xef\xdc\xf2\x34\xb6\xa3\x55\xa7\x70\xf2\x5a\x35\x66\x1b\x71\x00\x2d\xe5\x31\xd2\xcc\x14\x8d\xd4\x1a\xb5\x1c\x48\xf2\x91\x1a\x13\xe3\x2d\xab\xf9\xef\x88\xf1\x6e\x30\x7f\xa7\xcc\xe2\xbe\xb1\x57\xd4\xaa\x55\x6d\x6f\xb2\xd5\xec\x5e\x4c\xd2\xd8\xba\x50\x36\xac\x73\xb8\x9d\x35\xfc\x0c\xf5\x85\x89\x9b\x70\xcc\xa2\xed\x82\x16\xd6\x5b\xea\x6b\xe5\x4d\x9a\x99\x72\x38\xb0\x91\x45\x2e\x56\x37\x1d\x9f\xee\xa6\xbe\x31\x83\xdd\xfc\x1e\xe8\xfa\xc6\x4c\x2b\xe8\x4e\xd6\x46\x52\xa8\x58\x4f\x70\x4c\x98\x25\xae\xbe\x33\x49\xe5\xfd\x6b\x23\x37\x8c\x48\xec\x42\x02\xc1\xda\x34\x52\x93\x2c\xfd\x27\xdb\x3a\x5a\xb9\x53\x33\x8f\x00\xa5\xbf\x51\x8b\xd3\x89\x92\x56\x8e\xc8\xf8\x06\x3c\x02\x3b\x40\xc8\xfc\x1e\x55\xee\x0c\xce\x29\x9a\x9a\xd4\xf6\x52\xe4\x87\x6f\x5d\xa1\x46\x2d\xe9\x3e\x2b\xe9\x7f\x1c\xc7\xf0\xd2\xc8\xb2\xfc\x95\xe8\xeb\x79\xad\x92\xa6\x2b\x39\xf6\xb1\xca\x44\x5f\x5e\x01\x2e\xc2\x68\x32\x46\xb3\x1b\xbc\x14\x9a\x58\x94\x63\x5d\xf3\x5a\xdc\x39\x3e\x42\xf3\x79\xad\xfc\x52\x5f\x1c\x35\x36\xf7\xeb\x4b\x6c\x42\x0a\x21\x4e\x6e\x19\x16\xd6\x1c\x64\x27\x2e\x63\xad\x5a\x9f\x5d\x61\x9d\x8c\xc4\xac\xb2\x38\x67\x67\x12\xdb\x81\x49\xca\x1c\x0c\x79\x23\x30\x39\xe0\x21\x79\x19\x04\x8d\x4f\x9b\x4b\xeb\x08\x05\xf9\x9f\x56\x4e\xeb\xa5\x4c\x7d\xe9\x9d\x3e\xb9\xc5\x38\x7e\x24\xa1\x8f\xbf\x60\x53\xb0\x47\xc6\xd8\x41\xa3\x96\xc3\x6b\x1a\xb6\xab\xd5\x61\x94\x0c\xd1\x46\xcb\xc4\x00\xeb\xc2\x09\x5a\x21\x87\x40\x96\x21\x18\x86\xe0\x0a\x46\x75\x58\x20\x10\x54\xc7\x61\xcb\x96\x1e\x26\x48\x67\x4a\xf5\xc8\x88\xfe\x2c\xa5\xed\x15\xa4\xf3\xa3\xb3\xf5\xa8\x52\x14\xb4\x11\x48\xc2\xf3\x0e\x9a\x50\x91\x75\x6a\xd5\x55\xad\x3c\x2e\xc6\xd2\xa4\xa3\x7f\xae\xa9\x51\xba\xb3\x4a\x19\x6b\x5b\x0c\xdf\x01\xfd\xc4\x4f\x0f\x37\x8a\xdc\x1f\xe0\x86\x1f\xd4\x1b\x8c\x8d\x12\xcd\xfc\x46\x1e\xda\xde\x00\xd6\x07\x4f\x7b\xfb\xd7\x27\x78\xd5\xbd\x27\x34\xb5\x64\x83\xea\x53\xef\x7b\x84\xae\x43\x47\x66\x19\x5b\x2b\xce\xd7\x67\x63\x4c\xa1\x5c\x19\xa5\xd9\x14\xf1\x84\x07\xfd\x6e\x30\x7c\xf1\x3f\xd8\xa4\x52\x19\xa6\x06\x3e\x24\x9e\xc1\xbe\x01\x6e\x1c\x08\xf7\x82\x49\x0d\xbf\xc0\x44\xc6\x9f\xe9\x89\x27\x78\x2d\x6a\xc6\x5f\x81\x2d\x36\x34\x78\xd3\x8f\x7a\xa6\xfd\xa7\x3c\x67\xdc\x5a\x02\x03\x35\xaa\x05\x6e\x3d\xf8\x23\xd1\xd3\x2f\x8c\xc5\x28\xcc\x05\x15\x22\x37\xe9\x38\x79\xb2\xcd\xfa\x7f\x6b\x58\x07\x43\xe6\xfb\xb7\xdc\xaa\xf6\x90\x78\xee\xaa\xea\x80\xb7\xdf\x77\x1f\x74\x0d\x4f\xbb\x9b\x9c\xe2\x15\xb9\xa2\x3f\xb6\xc8\x0e\x96\xe2\xb4\xfe\x16\xae\x53\x99\xb4\xe7\xec\xf5\x0d\xdc\x51\x83\x21\x58\x95\x95\x5c\x3d\x92\x70\xe9\x89\x71\xa6\xfa\xec\x3f\xa3\xb1\x55\xb8\x9d\x5e\x25\x9e\x6f\x3c\x84\x21\x74\x6e\x82\xb5\xeb\xba\x70\xdd\xd9\x71\xf2\x94\xf3\x2f\xdd\x3f\x7e\xc3\xfe\x6e\xef\x38\x0d\x7f\x77\x7f\xdf\xd5\xfd\x7d\x57\x87\xdb\x79\xf5\xca\xa5\x7f\x6f\xef\x74\x9f\xc4\xce\x51\x95\x42\x3b\xad\xb0\xbf\xe0\x4f\x7d\x7a\xa7\xc9\x9c\x5b\x5a\x15\x77\xcb\xb4\x16\xc1\x39\x66\x93\x28\x1e\xd1\x95\x9c\xfe\x6a\x09\xb5\x6c\x18\xfd\xe0\x40\xbf\xaf\xd7\x1b\x56\x9d\xbd\x68\x33\x8e\xbd\x85\x06\xdd\x5d\x5c\x9e\x92\x25\x2f\xf1\xc5\x58\x8b\xd6\x9f\xc2\x89\x91\x29\x19\xf9\x6d\x3d\xbd\x8a\x47\x3e\xb9\x7a\xe1\xc7\x46\x2d\xa9\xc7\xa7\xb4\x6a\x5a\x96\xc7\x90\x64\x69\x6d\x12\x34\x4f\xeb\xe0\x6c\x77\xf3\x73\x93\x6d\xdd\xe3\x5d\x3a\x5a\x25\x58\x91\x77\xc4\x06\x72\xfe\x7b\x42\x33\x8f\xf5\x49\x86\x78\x2d\xcd\x50\x90\x89\xd4\x27\x8a\x78\x3d\xd8\xa8\xc5\xaf\x7d\xd7\x4d\x3a\x4f\x76\x9c\x22\x68\x15\x25\x3f\x5e\x39\x7f\x95\x00\xc1\xf2\x3e\x3e\x44\x0a\x72\x93\x0f\x91\x39\xe8\xe5\xc6\xa5\xeb\xce\xae\xc1\xf0\x9d\xe3\x3b\x61\xfa\x04\x17\xa8\x89\xdc\x5a\x80\x94\x2b\xf0\xa2\xb0\xb7\xed\xae\xfa\xc0\x82\x8f\x07\xbc\xc0\x31\xf3\x60\x8f\xa1\x51\x7c\x8b\x34\x5d\xe3\x33\x6d\x85\xa6\x17\xe8\x1a\xb7\xf1\x9a\x4b\x49\xb6\x47\x03\x83\xa1\x3b\xe4\x8b\xa0\xda\xe7\x0b\xaa\xbd\x61\xe7\x6d\x6f\x58\xfd\xbb\xf7\x01\xe9\x53\x6f\xb5\x7f\x01\x46\x58\xc6\xc9\x3f\x76\xbf\x82\x12\x57\x32\xf1\x21\x52\x10\x55\x38\x2a\x00\x3d\x7f\x88\xcc\x69\xe5\x71\x9a\x79\xc2\xc4\x10\x40\x1b\xf3\x20\x6b\x2e\x25\xb5\xf2\x26\xe7\x91\xb5\x1c\x2d\xce\xeb\xd3\x3b\x4c\xc8\x8b\xad\x12\x4f\x6f\x6f\x9f\x87\x7b\xd0\x08\x01\x0c\xa4\x32\xbc\x79\x8e\x8f\xe0\x82\xe8\xf1\xf7\xf8\xf9\x43\x64\x8e\x3e\x4d\x8a\x8f\xc2\x81\x80\x0b\xa3\x4c\xc4\x4b\x20\xaf\x76\xe9\xe3\x4f\x8d\xea\x1c\x18\x39\x9f\xf3\x7d\xb0\x6c\x13\x38\x49\xb8\x90\xc7\x7e\x00\xf5\xd9\xe0\x46\x66\xf9\xc5\xd4\xee\x0e\x27\x00\xf0\xa0\x60\xf3\x89\x16\xf4\xcd\x65\xad\x96\xc3\xbb\xd9\x7a\x24\x42\x47\x2b\x68\x1d\x10\xd6\x08\x41\x2d\xe0\x40\xc4\x66\xae\x4f\xef\x80\x67\x83\xb8\xe3\x87\xae\x11\xa8\x76\x30\xa7\x6f\x57\x61\x00\x48\x81\x7a\x29\x43\x4e\xb9\x89\xb1\xf6\x54\xff\x2d\xa2\x2f\xac\x6a\xe5\x88\xfe\x6a\x89\xbe\x7f\xc3\x6f\x0b\x2d\xd0\x02\x3d\x10\x0e\xb7\x5d\x6c\xce\xe8\xdb\x55\x36\xdd\xf1\x55\xfc\x4e\x6b\x8f\x69\xb9\x8c\x03\x65\x72\xc0\xf6\x0b\xbd\x32\x74\x18\x89\x9a\xcb\x1b\xc4\x73\xd7\xd7\xdf\xef\x21\xc6\x66\xa2\x51\x4b\x30\x15\x02\x68\xbe\x3e\x9a\xd2\xa7\xb6\x70\xe2\x4c\xa5\x8d\x1e\xd0\x58\x8a\xae\xbc\x36\xa3\x13\x8d\x5a\x5e\x2b\x57\xe9\xd8\x3a\xdb\x7b\x58\x8a\x0f\x91\x39\x86\x62\x30\x28\xad\x0c\x7a\xc8\xf2\x86\xcc\x3b\xc4\x42\x97\x6a\x74\xb4\xd2\x82\x53\x38\x6d\x20\x50\x49\x2a\x4f\xb7\xa0\x15\x93\xdc\x51\x23\x00\x36\x8c\xe7\x09\xdb\xe8\xd4\x5b\x5b\xf1\xf0\xb4\x05\xd8\x41\x74\x0c\x2b\xc0\x11\xe0\x79\x6b\xf7\x52\xcb\xe1\x04\x70\x91\x41\x31\x82\x0a\x96\xe9\x15\xf7\x4a\x6c\x6a\x8b\x93\x0b\xf8\xb6\x58\xce\x5f\xec\x88\x3e\xd1\xa4\x1d\x2a\x0a\xbf\x75\x1e\x89\x09\xeb\x11\x13\x39\x84\x62\xc4\x4d\x45\xf6\x08\x2d\x7b\x12\x0a\x01\x46\x6d\xca\xdc\x7f\xc2\x56\x27\xcf\x6d\xf7\x85\x75\xa3\x72\x80\x9f\xc1\x78\x1b\xab\x2f\x55\x69\x61\xbd\xf9\x56\x91\x68\xe5\x4d\x14\xc6\x15\xcf\x47\x74\xe9\x70\x70\x50\xf5\x08\x8b\x2c\xfa\xbd\x99\xfb\x4f\xb8\x9d\x8b\x91\x2e\xec\xa0\xf1\x3c\x8a\x16\x3d\x3d\xbd\x4a\x33\xbf\x99\x07\x13\x34\x3f\x4f\x4e\xb8\x3b\x25\xa9\xe4\x64\x8b\x06\x8c\x5c\x03\xff\x6e\x76\x4c\x41\x8f\x86\xc3\x48\x14\x57\x05\x61\x8a\x8f\x38\x37\xb1\xe7\x28\xac\x31\x1d\x4b\x52\x8d\x05\x7f\x61\x40\x0a\x0b\xb4\x38\x4f\x2e\x5e\x65\xdf\x67\x73\xfa\xf8\x02\xfe\x6d\xfb\xf4\xd0\xcd\x69\x20\xf1\xa8\x42\x08\xda\x3b\xf1\xee\x09\xd1\x9e\x56\x26\x8c\x89\x75\x46\x41\x20\xe1\x25\xd0\xb5\x10\xa5\x43\x87\x43\x9f\xda\xa4\xb5\x88\xc3\xa1\x27\x47\x65\x87\x21\xc1\x97\x9a\xcd\x95\x30\x4f\x0f\xa7\xc4\xb6\xfe\xc0\x6d\x74\xf9\x2a\xe9\xc9\x84\xb9\x94\x34\x93\x43\x34\xbf\x6d\x96\xaa\x34\x33\x85\x2a\xb6\xf1\xa2\x22\xc8\x1f\xb0\x42\x06\xe3\x1d\x0c\xdf\xb1\x60\x20\xfa\xa1\x5e\x88\x4e\x2e\xb2\x93\x18\x5e\xab\x09\x2f\x1d\x70\x45\xb2\xd8\xb2\x3d\x42\x70\x1d\x73\x61\xaf\xe8\x64\x84\x35\x25\x1a\x69\x67\x18\x88\x5f\xf1\xee\x86\xd3\x0b\xdf\xe2\x53\xb6\x8d\x58\x36\x10\x33\x65\x19\x94\xd8\x38\x6a\xb4\x09\x45\x41\xfb\xb2\xc3\x21\x2c\xcc\x6c\x7d\x9b\x8c\xcc\x0e\x07\xb8\xda\xbd\x34\x4b\x55\x14\x4c\x41\x17\x48\xa2\xd0\x88\xba\x45\x7d\x79\x8e\xae\x4c\x59\xf4\x1d\x6f\xc6\x6d\x23\x37\xac\x1c\x67\xe5\x3e\xde\x42\x0d\xfa\xca\x51\x0b\x35\x9b\x1c\xce\x81\xdf\xb7\x7d\x7f\xe3\xc6\x55\xa2\xcf\xad\xea\x95\x2c\xb9\x78\x15\x14\xa5\xb7\x62\xc8\x0a\x38\x3d\x58\x28\xd6\xa8\x25\xcc\xd2\x08\x8d\x6f\x48\x2e\x56\x49\xb8\x69\x69\x9e\x28\xea\x07\x8c\x8e\x80\x6a\xea\x13\xb3\x66\x09\xed\x41\xd8\x33\x43\x0f\xb0\x57\xc8\x24\x82\x47\x27\xc3\x6e\x0b\xeb\xf1\xa7\x22\x9f\xac\x8c\x58\x62\xaf\x8c\xbd\x27\x88\xf0\xc0\x5d\xac\xbf\x33\x25\x59\x2f\x31\xaa\x85\x46\x2d\x8e\xf8\xcd\x4a\xdf\xbf\x61\x70\xb9\x71\x27\x8a\x36\x23\xf4\x85\xb0\xb5\x12\x85\xa9\x8d\xfc\xc2\x95\x9b\x2c\x7e\xfc\xae\x0b\x8f\xc6\xc2\xba\x7d\xda\xa2\x76\xf4\x61\xe4\x29\x41\xde\x01\xe7\xfd\xa6\x9e\x78\x46\x6b\x11\x76\x2e\xc0\x52\x93\x26\x5b\x47\x8b\xa1\x03\xcf\x69\xed\x60\x8e\x6e\xce\xd0\x6c\x9a\xd6\x76\xf5\xa5\x11\x7d\x66\xdf\x58\xa9\xb0\x41\x54\x92\x46\x75\xdb\x58\x8c\x82\x4e\x87\x57\x3e\x0c\xe3\x3c\x81\xf0\x00\x23\x91\x6f\x5c\x2e\x0f\xa9\x3f\xdb\xd7\xd3\xab\xe8\x11\x83\x40\xe9\xec\x3a\xe9\x1a\x18\x68\xd4\xe2\x7f\x09\x04\x6e\xf7\xab\xae\x1f\x7d\xbd\xc1\x40\x28\x70\x2b\x4c\x98\x1c\xa6\xfa\xc3\x4c\x2a\x0d\x04\xf9\x71\xa7\x27\x36\x8c\xc5\xa8\x1e\x9f\x42\xb1\x9a\xf1\xfa\xd8\x2a\x9e\x28\x6c\x31\xb4\xdd\x05\xa6\xe6\x8e\xef\xd7\x23\x4c\xd0\xc1\x33\x11\x05\x31\x1c\xd1\x87\xc8\x9c\x9e\x5a\x36\xaa\x4f\x0e\x23\x8f\xb9\x7e\x39\xb5\x45\x97\xe7\x89\xc3\x01\xab\x46\x68\x7c\x1a\xa7\x84\x0b\x82\x7c\x11\xd6\x59\x5a\x21\x42\xb3\x69\xb6\x63\x20\x3d\xeb\xef\xa2\x20\x65\xe4\xc0\x8d\xd8\x76\xb8\x91\x79\xa1\xcb\x32\x41\x25\x10\x81\xd9\x3a\xee\x8d\xb0\x9d\x4b\x19\x1b\xe3\x34\xf5\x16\x45\x2f\x34\xc6\x30\x06\x07\xda\x3f\x62\x84\x38\x61\xea\x91\x1c\xa7\xf3\x8e\x36\x6e\x79\xe0\x8e\x94\xc7\x51\x3b\x93\x01\xe0\x0f\x3d\x93\x35\x56\x2a\x6c\x35\x50\xd5\x1c\x5b\xd7\x23\xd1\xfa\x4b\xa6\x07\x18\x8b\x7c\x53\x51\x3d\x69\xda\x11\x76\x2a\x91\x4e\x90\x68\x68\xfc\xbd\x3e\xb5\x85\x12\x0d\x63\x10\xa7\x88\xb6\x97\x12\x10\xd8\x80\x3a\xdb\x08\xfe\xe6\x7e\xb0\xd9\x34\xeb\x1e\x5d\xb5\xb7\x86\xd0\xfd\xa9\x17\x2e\x46\xda\x42\x77\x3c\x44\x9f\xd8\x67\x7c\xd6\xb2\xb9\xd0\xca\x04\xdd\x9f\x16\xac\x9d\xf1\x75\xfa\x7a\xd2\x58\xa9\x70\x47\x6e\xae\x10\xe7\xf5\xcd\x15\x26\x7e\x8e\x56\x8c\xf4\x16\x43\xec\xd9\x2a\x1d\xad\xb0\x1d\x4d\x26\xea\x4f\x8b\x6c\x1c\x27\xda\xb8\xfe\x80\x65\x8d\x5a\x9c\xa9\x20\xc0\x82\xd1\xc5\xe8\xd8\x61\xf5\xa9\xfd\x30\x2c\x87\x83\xc6\xe2\x34\x3f\xaf\x4f\xec\xd0\xf7\x6f\x70\x90\xd2\xa8\x46\x52\xc8\x94\x41\x52\xb4\xef\xe0\x14\x62\x1d\x57\xe6\xfb\x05\xb3\xfc\x92\x6d\x1c\x60\x0d\x9c\x87\x20\x77\x27\xb5\xbd\x03\x1c\x11\x4d\xa4\x98\x4c\x58\xad\x18\x1b\xe3\xc2\x53\x1d\x51\x00\x6f\x39\x1b\xb5\x78\xbd\x10\x31\xde\x56\x8d\xea\x02\x2d\x26\xcc\xdf\x62\x20\x2c\xf8\xc3\x41\x6f\xef\x5d\xf0\x25\xab\x55\x58\x4d\x4b\xd5\x33\xdf\xbf\x05\x7c\x4a\xa0\x85\x82\xb0\x19\xc4\x17\x41\x6e\xe5\x03\xb6\xc6\x42\x33\x25\x14\x0a\x3f\x44\x0a\x7a\x39\x46\x8b\x49\xbb\x28\x9b\x46\x2f\x65\x42\xb7\x72\x7a\xe1\x25\x0a\x55\x6c\x65\x0b\x0b\xf5\xe9\x6d\x46\x22\xe0\xd9\xc0\xa7\xb9\xbc\xa1\xd7\x32\xb8\x3c\x40\x19\xfa\xf4\x22\x5d\xd9\xe6\x3a\x3f\x6a\x49\xbd\x83\xc1\x7e\x20\x09\xcb\xf3\x83\x7d\x20\xdc\x3f\xae\x89\xe7\xbb\xfa\x03\xb7\x7d\x7e\x57\x7b\x47\xe7\x89\x93\xa7\x08\x21\x5f\x12\xb4\x17\x23\x96\xb5\x60\xeb\xa7\xc1\x04\x06\xc3\xc4\xfa\xe7\x4b\xc2\x17\x7c\x77\x07\x77\x94\x2d\x09\xde\x45\x20\x02\x70\xe2\x2d\xbc\x32\x2b\x1b\xc0\x36\xa6\x91\xb4\x99\x64\x3f\xb6\x82\x8a\x05\xd8\x5f\x47\xf0\x3b\x9b\xfe\xf6\x73\x9a\x79\xcf\x04\x1f\xf4\xbf\x5b\x7a\x87\x74\x23\xc8\x9c\x5f\x92\x03\x9a\x31\x51\x15\x38\xa4\xf9\x3c\xaa\xbf\x7e\x6c\x2e\xad\xd2\x58\x4c\x69\x99\x0f\x43\x47\x89\x6e\xf4\x44\xca\x3c\xc8\xd3\xd8\x2a\x0e\x91\x3b\x09\x62\x1b\x5c\x6f\xe2\x22\xf6\x74\x88\x31\xf1\x1a\xe5\xd7\x26\xf2\x3a\x8c\x44\x9b\xd0\x1a\x63\x1e\xa4\xab\x4e\x4b\x93\x12\xb7\x32\xad\xc1\x09\x8a\x2d\x8d\xc0\x67\x63\xe2\xf5\xe7\xeb\x72\x34\xf6\x9a\x66\x93\xe8\xb9\x8d\x7e\xe4\xfa\xdc\x92\x65\xae\xaf\x00\x91\x31\x1d\xef\x0f\x57\x2f\x5c\xfb\xf1\xe2\x8d\xaf\x1c\x0e\x30\x00\x39\x1c\xa8\xf3\xfd\xe1\xfc\x85\xcb\xff\xfe\x15\xbf\x87\x71\x38\xd0\x0f\xc2\xa8\xac\xa1\xac\xc5\x87\x00\x35\xc9\x39\xcb\x95\x03\xe0\xb1\x9f\xd5\x61\xbb\xc8\xb2\xfb\x09\xa7\xbd\x42\x45\x9f\x2d\x31\x4d\xbd\xfa\x4c\x9f\x2f\x1c\x13\x8d\xc0\x59\xea\xf2\x06\x61\x63\x60\x35\xc1\xa2\x21\x74\x51\xf4\xbd\xa0\xb1\x1d\x5a\x1c\x32\xd7\x86\x69\x7c\xb6\xd9\x23\x9e\xb5\xc4\x49\x81\xfd\x84\x75\xde\x1c\x79\xc0\x47\x3f\xbd\xc8\x17\xad\xb2\x86\x60\xf0\x34\xd0\x17\xb2\xfc\xee\xa3\x3a\x2c\x0d\xc2\xea\x3e\x2e\x66\xc7\x7d\x43\x2a\x69\x31\x47\xc9\xf7\xe5\x13\x7d\xb4\x76\xf0\xc9\xb1\xe2\x15\x80\xfe\x66\x89\x29\xe5\xc9\xdd\x7a\x2c\x85\x70\xc8\x43\x62\x29\x3d\x38\x1a\xd8\x2a\xcb\x26\xce\x7d\xfe\xb3\x69\x73\x68\x8f\xee\x4f\xd3\xf8\x16\x3a\xf9\x03\xf1\x29\x0f\xb9\xbb\x94\x80\x84\x55\x38\x8b\xfd\xe8\x8e\x18\x95\x35\x7b\xac\x56\x1c\x12\x7a\x89\xc0\x7f\x71\x46\x82\x51\xc7\x99\xe0\x38\x92\x32\x0a\xe3\xfc\xca\x00\x50\xcf\x5a\x05\x7b\xa1\xaa\xc3\x4d\x80\x3d\x62\x35\xd9\xc9\x5e\x1d\xf6\x90\x0f\xf1\x17\xc4\xc2\x38\xec\x85\x17\x88\xae\xf2\x62\x9f\xb0\xa8\x3e\xbb\x42\x57\xa6\x5a\xe2\x24\x2a\x6b\x62\x2b\xa7\x17\x45\xf4\xc7\xf4\x22\x1e\xf6\x22\x86\x82\x31\x51\x58\x67\xa3\x3a\x4c\x1e\x12\xe1\xe5\x6b\xc9\x09\x68\x41\x6f\x96\x10\x92\xfa\xf4\xa2\xfe\x76\x92\x4b\x01\x99\x69\x3d\xbd\x86\x32\x03\xdf\x12\x87\x03\xad\xc5\x70\xfd\x90\xc3\x19\xeb\xe9\xb8\x3e\x37\xc4\x44\xe6\xcc\x94\x56\x59\xa9\xe7\x47\xe0\x90\x62\x6a\x20\x0e\x98\x78\x06\xdb\x3d\x04\x2f\x12\xb0\x15\xe9\x62\x12\x6e\x75\x98\x7c\xcb\xff\xdb\xad\x38\x25\x43\x33\x47\xc1\xa6\x9a\xac\x06\xc2\x81\x2d\x6e\x2d\x95\x96\x90\xee\x4f\xb3\x0d\x8b\x6f\x41\x07\x56\x01\x27\x7f\x3e\xfc\x4a\x52\xdc\xb9\xb6\xcc\x80\xee\xee\x1c\x3b\x83\x8e\xff\xfe\x0c\x90\xe4\x04\xde\x28\x4e\xa2\xed\x8d\x18\xd5\x59\x0e\x3d\x35\x69\x8c\xbf\xe2\x77\x68\x15\x11\x20\x67\x54\xd6\x10\x9a\xc3\x01\x2b\xd0\xf1\x91\x15\xf8\xf6\xe8\x4a\xc4\x5b\x20\x30\xd9\x10\x70\x58\x46\x5d\x79\x4f\x13\xec\x90\xca\xbc\x34\xaa\xb3\x32\x67\x86\x10\x20\x8e\x27\x10\xa1\xd7\xb4\x2e\x9d\x1e\x82\x5e\xe5\x2d\x9d\x81\xe2\x95\xc2\x25\x13\x6d\x59\x43\x60\x96\xd0\x51\x49\xab\xae\x5a\x87\xa6\x08\x23\x41\x31\x16\xd9\x44\x0b\x6e\x72\x85\xaa\x9c\xd2\x2a\x23\x58\xd4\x82\xa1\x8a\xe5\x8c\xde\xa8\xe5\xcc\xd1\xb7\x74\xeb\x89\x98\x0a\xc3\x74\xeb\xde\x8a\x0b\x84\x85\x75\x46\x60\xa3\x49\x6e\x3b\xb5\x70\xc4\x3a\xc2\x8e\x8b\xa7\x03\x96\xf4\xe7\xb6\x76\xb4\xe2\xc1\x2a\xc2\x62\x70\x95\x39\xe7\x39\xe1\x69\xd4\xe2\x17\xaf\xde\x3f\xc1\x34\x8b\xf8\x14\xf1\x9c\xe2\x1f\x4e\xd9\x06\x28\xb8\x64\xed\xbe\x78\xfe\x1a\x9b\xec\xfe\xb8\xa5\xb4\xc2\xff\x5c\x1d\x27\xe0\xb4\x6d\xff\xba\xa3\xad\xfd\xd4\xe9\xb6\x76\xfb\xd3\xad\x5e\xb7\xfb\x9b\x6f\x5c\xa7\x4e\x78\x10\x0e\xf7\xd3\xb4\xac\x75\xfa\xe2\x52\xfd\x25\x9b\x97\xc3\xa1\x97\x63\xf5\xfc\x0e\x86\x0c\x68\x7b\x29\x38\xe8\x50\xae\x10\x1d\x9d\x64\x50\x89\x56\xcb\xa1\xf2\x05\x77\x21\xcd\x63\x78\x6c\x4d\xb6\x83\x88\xf9\x9b\xd1\x09\x3a\xb6\xae\x28\x47\x43\xa4\x84\x14\xac\x2f\xee\xea\xa9\x22\x8d\xed\x70\x26\x59\x5c\x32\x8a\xd3\xb6\x14\xce\xd9\x35\x1a\x4a\xc1\xea\x8b\x82\xa9\xe8\x02\x2c\x8b\xe3\x08\x14\xe5\x12\xdc\x14\x62\x8e\xaf\xa2\xf4\xca\xe4\x27\x1e\xeb\xd9\xa8\xe5\xea\xa3\xa3\xc6\xc4\xba\xc3\x61\x46\x73\x34\x1b\x67\xd2\x46\x2d\x83\x8c\x2c\xb2\x66\x0e\xed\xe9\xf9\x6d\xba\xba\x27\x2e\xf4\xf2\x65\x9a\x4d\xa2\xa0\x93\x1b\xb6\x2d\x4d\xb1\xd7\x5a\x65\x43\x2b\x47\x18\xc3\x2e\xed\x9a\xaf\x97\x98\x46\x5e\xc9\xd6\xf3\x23\x34\x1b\x27\x9e\x3b\xde\xd0\x9d\x6f\x7c\x03\x6c\x17\x8c\x7c\x51\x5f\x1c\x6d\x2a\xf0\xab\x61\x56\x42\x37\xb3\xf5\x67\xfb\x56\x4f\x88\x1b\x4c\x4c\x99\xdc\xa2\x99\x97\x5a\x39\x0d\xd7\x03\x29\x9a\xb5\xe4\x7f\x90\x2d\x26\xb7\x40\x24\x4e\xd0\xd8\x5b\xa0\x97\x34\xda\xc0\xb4\x4a\x45\x9f\xdc\x62\xfc\x3b\xf6\x56\x8c\x3d\xb1\xab\xed\x33\x1c\x43\xa4\xdc\xc4\x9b\x57\xe1\x03\xeb\x72\x33\x44\xa3\xb1\xf5\xfa\xd0\x3a\x0a\x76\x0c\x03\x71\x63\x22\x11\x9a\x9c\xd2\xca\x15\x5a\x58\xd7\xca\xd5\xfa\xb3\x7d\x14\x43\x88\xa7\xab\xbb\xfb\xc2\xd5\x1b\xd0\x30\xbf\x08\x38\x20\x66\x44\xd8\x01\x91\x5e\xa5\x99\xe9\x7a\x7e\x87\x26\x52\x46\x2d\x82\x77\x61\x42\x31\x70\x12\x61\x8c\xb2\x02\x6c\x6f\xf5\x07\x7a\xef\xb2\xa6\x6f\xcc\xa5\x24\x4d\x4e\xd9\x56\xe3\xdd\x1d\x9a\x79\xa2\x4f\xec\x6a\xbb\xaf\xc5\x56\xdb\x9a\x30\xec\x2e\xd3\x12\xb8\x7a\x22\x76\x97\xe6\xe7\xcd\xec\x1e\x8d\x6f\x31\xb9\x6d\xd1\xa8\x2e\xc8\x1b\x0c\x62\x20\x97\x5a\x79\x0c\x17\xfb\x60\x87\x04\x13\x21\x53\x09\xc6\xd0\xdc\x03\xc1\xd8\x05\x7d\xb1\xcc\xe0\xce\x4d\xb3\xef\x3d\x50\xe0\xc2\xa5\xe8\xf1\x0d\xd8\x7f\xe3\x46\x83\x00\x8d\xe2\x0a\xb7\xe7\x56\x63\xb4\xb4\x4b\x1c\x0e\x46\xf6\xc8\xab\x88\x88\x50\x61\x94\x8f\x6c\x04\xcc\xa9\x48\x6d\xc8\xe4\x9a\x60\x94\x53\x68\x8d\x84\x33\xa8\xc4\xd4\xcf\x42\xc4\x1c\x7d\x69\x2e\x25\xf5\xc4\x0b\xfa\x7a\x52\x0e\xbd\xb4\x08\xb3\x93\xd0\x85\x8a\xb1\x14\xb1\xc9\x73\x29\xa9\x95\xc1\xb8\x0f\x37\x04\xa2\x8d\x24\x7d\x8b\x6b\x3d\x46\xfa\xe5\x8a\xb8\xa2\xe0\xfa\x23\x44\x65\xd6\x9f\xed\x13\xcb\x94\xd9\xc3\xc4\xfe\xa6\x50\x4e\x8f\x65\x97\xe0\xea\x83\xe7\xc2\xf5\x1b\x5d\xdf\x5e\xba\x78\xfd\xfb\x0b\xe7\xff\x74\xed\xc2\xa5\xae\x1b\x17\xce\x7b\x1a\xb5\xbc\xd2\xd1\x46\x50\xf5\x68\xba\x07\x81\xf8\x69\x34\x40\x31\x31\xbc\x9a\x31\x0f\x46\x8f\x76\x88\xfd\x24\x19\x4a\x80\x04\xc3\x84\x3b\xcf\xf9\x6b\x57\xae\x02\xe4\xce\x36\x42\x47\x2b\x32\x58\x04\x28\x21\x74\x9e\x29\xee\x6c\x5b\x60\x03\x68\x36\xa9\x2f\xbe\xc7\x39\xd6\x9f\xed\x33\x89\xae\x1a\xc3\xf1\x0b\xdd\x19\x35\x51\x86\xb1\xe8\xcf\xc9\x36\x8d\xf5\x2f\x19\x0c\xed\xb3\xe1\x63\x71\xd5\x9f\xe2\x8c\xc8\x0a\x69\x6c\x47\xb6\xb7\xd1\xdd\x1d\x34\xd4\xf0\x00\x53\x7e\x30\x7f\x84\x07\x3a\x1c\xe8\xbe\x01\x1c\x1d\x5d\x38\xe2\x34\x35\x84\x66\x6e\xbd\x94\x31\xd6\x9e\x36\x6a\xc9\x76\xf2\xc3\xb7\xe4\x2c\x69\x77\xbb\xdd\x04\x8b\x70\xf8\xe8\x5a\xac\xa7\x96\x8d\xe2\x34\x3b\xab\xee\xde\xf4\x85\x5d\x21\x72\x16\x9c\x41\xc8\xff\x3b\x4d\x4e\x7b\xec\x78\xcf\xdf\x8f\x2a\x3d\x12\x2d\x1a\xff\xfe\xc6\xb7\x6c\xd3\x92\x09\x23\x5f\x64\x5c\xee\xe2\x55\xa2\x4f\x6e\xd3\xbd\xe5\x7f\x30\x92\xf4\x48\x84\x68\x7c\x20\xd0\xef\xeb\x55\x11\x38\x5a\x68\x49\x8b\xd7\x8a\xc3\xe1\x26\x67\x89\xf0\x66\x91\xdc\xee\x4e\x0b\xb7\x3b\xd9\x27\x49\x51\x18\xfa\x59\xbe\x62\x96\x97\xd6\xb1\xbe\x4f\xb0\x6f\x6c\x28\xb5\xcc\x7f\xc3\x03\x4a\x2b\x8f\x99\x4b\xc9\xb3\x6e\xb8\xa0\x18\x87\x3f\x51\xb3\x90\x27\xf2\xdf\x72\x8a\x2a\xed\x3a\x1c\x2d\x2d\xc0\xd6\x2e\xc5\x38\x23\xce\xc5\xc1\x78\x9d\x99\x42\x60\x8d\x5a\xd2\x4d\xcc\xb5\x11\x0c\x26\xd1\xa7\x17\xeb\xb3\x59\xba\xb2\xf6\x21\x32\x67\x2e\x6f\xa0\x86\xfa\xcf\xf8\x51\x95\x76\x8f\xd6\xf9\xd4\x48\xea\x1b\x33\x8d\x5a\xde\xe1\x60\x8b\x57\x8e\xf0\xb6\xd5\x61\x76\x2a\xb9\x09\x3b\x4b\x27\xb7\xb5\xbd\x67\xcd\x1b\xfc\x69\x0f\x2c\xe1\x7e\x65\x56\x36\x8e\x77\xbf\x92\xf4\xcc\xd3\x6d\x1d\xa4\x65\xc0\x10\x82\xd4\xba\x9e\xe4\x2c\x91\x15\x38\xd8\xcd\x09\x73\x79\xa3\x29\x50\x11\xdd\x83\xac\xeb\x8f\xa6\xe8\xd6\xf8\x0a\xc4\x45\xa4\x91\xbf\x70\x45\xf2\x37\x7d\x3e\x8b\x81\xcb\x70\x0d\x95\xb3\x05\x6c\xa6\xeb\x79\x98\xb2\xe7\x41\x22\x01\xb1\x58\x2c\x0e\xe3\x73\x4d\x35\x51\xf7\xc4\xba\xf2\x30\x1d\x0e\x94\x0c\x1c\x0e\x26\xf2\x0e\xed\x31\x84\x06\x20\x08\x01\x2f\x01\x91\xc0\x37\x67\x50\x30\x6e\x82\xa7\x95\x27\xd8\x11\xd5\x54\x86\xa3\x42\x35\x55\x4f\xa4\x2c\x78\x4c\xc5\xb1\x0a\xd1\xae\xd0\xaa\x67\xa0\x07\x29\xea\x0f\x5d\x8c\x37\xd3\xd7\xf3\x1f\x22\x05\xa3\x3a\xcc\x75\x99\x6f\xc1\x84\x9c\xb7\xd7\x33\xf3\x12\x97\x94\xd7\x62\xa8\xc9\xb9\x75\x9e\xc6\x67\x05\x28\xf3\x60\x9e\xc6\xb7\xe4\x9d\x40\xfe\x7b\x74\x1f\xd9\x2e\x56\x87\xbb\x9a\xb8\x44\x27\xa7\x74\x1c\xa4\xa2\x98\xc5\xfd\x96\x56\xa8\x71\x75\x91\xb3\x40\xb8\x8c\x9c\x19\x93\x15\x04\x4d\x3a\xdc\x6e\xbc\x46\x64\x73\x90\x6b\x49\x75\x4e\xba\xad\xe5\x10\xea\xbc\xc5\x21\xf0\x5c\xe0\x4d\xec\x9f\xe3\xf8\xf3\x53\x2e\x98\x82\x0d\xb5\x13\x81\x1b\x48\xdc\xe4\x21\x1b\x22\x79\x48\x4e\xba\x05\x0f\xa2\x99\x29\x72\xcf\xe7\xff\x43\xbb\xdb\xfd\x27\x82\x04\xee\xfe\xea\x6c\x3b\x1b\x7c\x9e\xdf\x9b\xf2\x1a\x1d\x6e\xf7\x9f\x4e\xba\xbf\x3a\x7b\xd2\x6d\x73\x00\xb9\x83\xfa\xc6\x0c\x41\xde\xd7\xe1\xb6\xe1\xeb\x85\x04\x71\x23\x22\x7c\xdb\xa8\x25\x18\x56\x49\x6c\x4e\xee\xc2\xfb\x8b\xe8\xa2\xc3\xed\xb6\x09\x1a\xc9\xb9\x51\x8b\xb7\xbb\x5d\x1d\x6e\x64\x6f\xed\xd8\x8d\x30\xa2\xc9\x34\x2e\xdc\x28\xd9\x60\x44\x5f\x7c\x68\x9c\x35\xd3\x28\xe3\x0f\x90\x10\x46\x22\xfa\x13\x24\xdc\x4b\x68\x71\xde\x48\x6f\x99\xcf\xa3\xc6\xe3\x5d\x70\xb8\x94\xce\x34\xe4\x1a\x48\x96\x70\x2c\xe9\x8b\xbb\xf5\x99\x05\x1a\x9f\x26\x9e\x3b\xe1\x9b\x72\x5e\x0b\x71\xf2\x83\x9a\xf9\xba\x8a\xc7\x95\xb8\x36\x64\xa4\xe2\x70\xe0\xd1\x88\x0e\x0c\x0e\x87\x79\x30\xaa\x57\xb9\x23\xb3\x7c\xde\x59\xd9\x0d\x44\xaf\x1e\x9f\xff\x76\x50\x0d\x85\x3c\xe4\x8f\xc4\x83\xa7\xa1\xe7\x58\xf8\x7a\x25\xdb\x0c\x1c\x24\x8c\x65\x5a\x1b\x32\x77\x62\xf5\xe5\x39\x7d\x6c\x55\x9f\x1a\xe5\x1a\x24\x32\x61\xd0\x78\x18\x1d\xd7\xa6\x68\xe6\xbd\x31\xf1\xda\x06\xa9\x17\x36\xb4\xf2\x8a\x5e\x7c\xa7\xa7\xd7\x69\xa9\xc6\x50\x7b\xfd\x2d\x30\xb0\x09\xcb\x07\x35\x5f\x1f\x4d\xd1\x95\x14\xca\x3b\x5a\x2d\x47\x63\x71\xf4\x94\x60\xaa\x0e\x40\x44\xa1\x86\x8e\xa4\x58\xcd\x6a\x45\x28\x05\x7a\x71\xdc\x98\x9c\x15\xfe\xa2\x2d\x79\x5a\x70\x70\xdc\xdd\xda\x0a\x0c\x3f\x12\xca\x8d\xf7\x31\x76\x1c\x39\x84\x8d\xc3\xad\x5e\x4a\x63\xca\x61\x0a\xae\x99\xb8\x13\x92\xc3\x21\xfb\xf5\xc3\xd9\xa8\x4f\xc6\xf5\xf9\x02\xcd\xcc\xd0\xe4\x94\x31\xf1\x1a\x55\x92\xfa\x28\x68\x78\xb3\xeb\xc2\x0f\xc6\x2c\xee\xe3\x65\x39\x39\xdd\x76\x0a\x69\x1c\x03\x3e\x70\x1c\x12\x17\x39\xc9\x0e\x48\xf3\xdd\x94\x56\x4e\x23\x77\x67\x08\x65\x0d\xde\xd2\x3d\x82\x81\xc1\xb0\xda\xc1\xf4\x2e\xb6\xb9\x70\x2f\x3a\x26\xeb\x21\x6c\xd7\x43\xbd\x77\x7a\x18\x82\x31\xd5\xbf\xb7\x3f\xd4\x33\xd8\xd9\xc1\xed\xf0\xe1\x1e\x8e\x00\x90\xab\xa5\xf7\x4e\x8f\x85\x1b\x5c\x95\xe2\x5a\xc9\x2a\xf1\x84\x06\xfb\x02\x0c\xc1\xdb\xda\xda\x3c\xc4\xca\x22\x91\xe4\xa3\x29\xac\x63\x05\x35\x18\x02\x87\x11\x4b\x9e\x87\x11\x09\xc7\x80\x8e\x26\xe7\x19\xf4\xd8\xa0\xd9\x14\x4f\x02\xd5\x1c\xbf\x8f\xa9\x3e\x64\x97\x4e\x60\xe4\x71\xee\xd5\x99\x68\xd4\xf2\x66\xe9\x3d\x5d\xda\x40\x97\x4e\x7e\x9c\xe4\x86\x85\x6f\x27\x3b\x20\x9f\x3f\xe6\x8e\x9d\xdc\x23\x03\x8e\x26\xbc\x93\x12\x22\x33\x3a\x45\x88\xc8\x3a\x6b\xed\x4f\x35\xc5\x6d\x30\xd4\x48\x26\xb8\xaa\xf1\x64\x5d\x2f\x2c\x80\x84\xfe\x21\x52\x90\x6b\x7d\x88\xcc\xa1\x4f\x7c\x7d\xe6\x8d\xbe\xb9\xcc\x0f\xcd\xea\x2a\x08\xfd\x39\x3d\x99\xc0\xa6\x98\x96\x84\x97\xf2\xc8\x8b\x24\xfe\x61\xee\x8c\xd1\x15\x2e\x7b\x98\x3b\x63\x5a\x99\x29\x11\x48\x6c\x34\x53\x32\x9e\x47\xf5\xcd\x65\x3c\xae\xb8\x14\x2f\x3b\x58\xeb\x85\x08\x5d\xc9\xd1\xd8\x5b\x33\x3a\xc1\x7d\x1f\x00\x90\x3e\xb5\xab\x2f\xc5\x99\xa2\x08\xf7\xcf\xe0\xc7\x9b\xc2\x6a\x7c\x27\xa0\x02\x7c\x67\xad\x1c\x0e\x1c\x27\x5c\xdd\xa3\x92\x80\xaa\x24\x5b\xed\xf8\x48\xfd\xe9\x82\x8b\x6e\x65\xf4\xe9\x1d\x17\x5d\x79\x81\x5b\x81\x0d\xb4\x72\x04\x6c\x89\x49\x81\xeb\xc6\x5e\x51\xdc\xa3\xea\x85\x57\x58\x4d\x4e\xce\x22\x0f\x00\xad\x10\xa8\x79\x43\x9a\x9b\x9c\x3e\xb7\x64\xf9\xc8\x23\xe1\x4b\xca\x3a\xe7\x04\xd0\x06\x42\x73\x9a\x2e\x63\xe2\xb0\x92\x6b\xec\xdf\xb1\x38\xea\x7d\xe8\xb5\x60\xe9\x23\x7c\x2f\x57\xd6\xb4\x4a\xda\xe1\xa8\xcf\xc4\x81\xef\x47\x15\x22\xf4\x8a\x8f\xd4\x38\x46\xf4\xfb\x03\x53\x7a\xbe\x3a\x8c\x44\xe5\x58\x3f\x7b\x9b\x9c\xc4\x5c\x7b\xce\x34\x55\x10\xfb\x71\xac\x56\x0c\x0a\x82\xe1\x72\x2a\x70\x6c\x74\x69\x91\x16\xca\xe1\xb0\xc6\x40\x63\x3b\x38\x0c\x70\x3d\x5c\xe5\x2b\x90\x7a\x8b\xe0\x39\xe7\x87\xb9\x8a\xae\xb8\xed\x28\x99\x90\xd6\x47\xab\xa6\xe9\xca\x1a\x8d\x6f\xd1\xad\x8c\xc3\xa1\xa7\x9f\xd2\xf8\x34\x78\x18\x4d\x39\x1c\xc6\xab\x57\xb8\x01\xf4\xfd\x1b\x04\x0b\xe3\x11\xba\x24\x5e\x6c\xe0\xcf\xfa\xd0\x9e\x5e\x78\xc9\xe7\x36\xbd\x83\xe7\xa2\xa0\x07\x1a\xdf\x11\x4a\x05\x84\x50\x72\x53\x0f\xcd\x2f\xea\x9b\x2b\xe6\xf8\xaa\xf9\x3c\xca\x74\x84\x66\xbc\xa7\xf1\x1d\xc4\x7b\xee\x76\x59\x99\x30\x8b\x2f\xf4\xfc\xb6\x56\x5e\xd5\x17\x6b\x62\x24\xfa\xf8\x2a\x93\x5d\xf3\xdb\x74\x65\x8d\x89\xe3\xd6\xd4\xac\xe5\x66\x75\xcc\x71\xc4\x73\x7b\x33\xc0\xec\x0b\xce\x4f\x10\xca\x05\x47\x3f\x26\x53\x72\x38\xe8\xee\x8e\x70\x45\xc0\xd8\x75\xba\x92\xd3\x76\x63\x34\x9b\x66\x94\x57\x5d\x33\xaa\x9b\x08\x05\x05\x4a\x36\x01\xe1\x21\x00\xae\x2f\x68\x6e\xc3\xbb\x55\x73\x79\x03\xaf\xcd\xcd\xf2\x32\xaa\xdf\xf6\xd1\x64\x2b\xec\xa8\xb9\x5a\xf8\x29\x73\x12\x41\xb2\x74\x24\xa5\x95\xd3\xb2\xca\xe9\x6a\x11\x24\x79\x83\xd2\x84\xb9\x3f\x04\xbe\x43\x42\x19\xa3\x91\x1a\x90\x82\xa5\x91\xc9\xe1\xf9\xa2\x12\x44\xa8\xef\x81\xc2\x6a\xc5\x05\x59\xee\xa5\x47\xcf\x30\xc6\x06\x85\x27\x69\xa3\x96\xc0\x33\x91\x8b\xba\xd2\xc4\xa0\x83\x27\x46\x7a\x0b\x0f\x43\x7d\x7a\xc7\x72\x68\x08\x7a\xc3\x6a\xbf\xef\x9e\x2f\xdc\x16\xba\xe3\x39\xea\xb4\xa8\x10\x82\x26\x30\x7e\x8a\x4a\x86\x55\xab\x2f\xa6\x14\xf3\x83\x85\x9f\x9b\x2d\x07\x39\x70\xc6\xa3\x9c\x99\xfb\x49\xc5\x47\xb4\xf2\x4a\x4b\xe8\x88\xc5\x63\x70\xd5\x31\xb4\x05\x42\x21\x5c\xdc\x91\x91\xbb\x71\x42\x31\x23\x73\x39\xac\x04\x19\xa9\x15\x56\x92\xd0\xca\x69\x71\xdb\xc2\xbd\x16\x95\x16\xbf\x43\xb9\x33\xe1\x38\x85\x38\x2b\x21\x72\xd4\xa2\xa1\x3c\x18\x3c\xb9\x0b\x39\x64\xb3\x01\x27\xd7\x8f\xf1\xd5\x56\xf3\xd2\x31\xe9\xf9\x60\x75\x24\xcf\x52\x76\x6e\x55\xb7\xf5\xb1\x15\x0c\xf1\xe0\x0e\xa6\x56\x54\x32\x2d\x0e\x69\xd5\x57\xdc\xb6\x5f\x49\x4b\xf9\x60\xf2\x8c\xfc\x9f\x8f\x18\x79\xb6\xc3\x5c\x86\x5e\x1f\xa7\x95\x0c\x42\x10\x99\x6a\xb8\x8a\xc2\x9d\x01\x2e\x9e\x97\x03\x46\xcc\xec\x1e\x2d\x6c\x61\xaa\x01\x3c\xb5\xf1\x3a\x5f\x76\x45\xff\x10\x99\xb3\x2e\xec\x13\x1f\x4f\xff\x60\xa7\x21\x69\x11\x25\x84\x87\x6c\x93\x17\x3b\xcf\x5c\xd3\xe4\xd8\x2e\x05\xbd\x3b\x6d\x70\x2d\xfe\xc5\xe8\x74\x6c\x03\x45\x1f\x61\xa2\x97\xdf\xe8\x0b\xcf\xd0\xbe\x47\x1e\x92\x0f\x91\x09\x1e\x1d\x3e\x18\xbe\x03\x8e\x0e\x0f\x65\x6f\x3e\x3b\x5b\x1f\x1b\x44\x8f\x5d\x49\x0a\xbb\x0f\xf8\xfb\x7d\x7e\xb5\xb5\x2d\x0a\xc7\x96\x3d\x36\xce\x54\xff\x3f\xda\x06\x2c\x80\x76\x4c\x7b\x19\xec\xad\x5b\xc7\xc3\x1d\x97\xe1\x4a\x7e\x1c\x1f\x03\x2f\xc3\x81\x7c\x3e\x32\x6d\x43\x9e\x16\x9b\x00\x05\x53\xc1\x20\x48\xd1\x0d\x52\x3b\x17\xc6\x8e\xa3\x79\xb3\xb8\x4f\xc0\x1e\x8a\x6b\x2a\x52\xc3\x71\xef\x07\x2b\x9b\x19\x5f\x6b\xc9\x8b\xeb\x21\x3a\xc6\xb4\x38\x7e\xc9\xde\x2a\x96\xae\x8f\xd7\xf2\xd5\x18\x77\xa1\xfb\xf1\xbb\x2e\x22\x2c\x2d\xff\x40\xc7\x96\x43\xcb\x43\xee\xdb\xc3\xb3\xf7\x89\x4e\x71\x45\xed\x4e\x3f\x07\x2e\x62\x67\x4f\x28\xec\x0d\x5a\xab\xda\x92\x23\xa2\xd9\x3c\x1f\xa7\xd5\x0a\x18\xa5\xed\x51\x7f\x0a\xae\xfa\x8b\xef\x63\x60\xc1\x8f\x5d\x80\xd5\xc7\x47\xea\xcf\xf6\x51\x17\xfb\x5d\xe0\xf7\x7c\xa1\x5e\x0c\xd2\xb1\x49\xb8\x51\x8b\xff\xdb\xf5\x2b\x97\xd1\xcd\x47\x2b\x8f\xb7\x10\xc9\x1d\xb5\x1f\x73\x16\x15\x5e\x61\xc0\xb3\x3e\x35\xaa\x2f\xfd\x26\xaa\x80\x50\xfe\x75\x5b\xbb\x95\x1b\xb4\x16\xa1\xb1\xb7\x8a\xc2\x1d\x97\x91\xbd\xe1\xa5\x48\x75\xd5\xdc\x1f\xaa\x6f\xcc\x70\x8f\x21\x4b\x4f\x61\x8a\xdf\xc8\x2c\xb2\x32\x63\x33\x41\xb3\xc9\x0f\x91\x82\x56\xad\xea\xc3\x19\xcc\x97\x85\x35\x79\x6a\x1b\x10\x51\xb8\xed\xec\xf8\xf4\x0e\xdc\xb0\xef\x81\x30\x72\x38\x8a\xc0\xfb\xef\x18\xc6\x0a\xba\xb0\xed\x0d\x8f\xde\x80\xdc\x23\xff\x58\x6f\x78\x6e\x88\x5b\x2a\xb6\xb8\xe8\xa3\xfd\xe9\xa8\x7f\xbe\x75\x24\x7e\xca\x39\x9f\xd0\xdd\x1d\xd4\x67\x45\x30\x2f\xeb\x03\xe0\xa2\x03\x16\x43\x53\xb8\xd5\x62\x2b\x95\x9f\xb7\x66\x26\x34\xa2\xaf\xdb\x3a\xb8\x36\x88\x9c\x8f\x66\x66\xea\xa3\x19\x6b\x0b\xf0\xfa\x15\x63\xc6\xf5\xfc\x81\x9e\x5a\xe6\x47\x49\x6a\x51\xdb\x4b\x19\xaf\x9e\x5b\xe6\x70\xeb\x37\xe4\xfd\xda\xd0\x76\x8f\xf0\x73\x86\x0d\x3d\x3d\x17\x2f\xdf\xb8\x70\xed\x72\xd7\xa5\x9e\xae\xab\x17\x7b\x7a\x3c\xcd\xb9\x4c\xac\x24\x22\xf1\x8f\xa4\x47\xb5\x33\xed\xf4\xf4\xfc\x7c\xe5\xda\x0f\x17\x2f\xff\xa5\xe7\xfc\xc5\x6b\x08\x47\xbe\xe9\x69\x49\x5a\xaa\x17\x36\xe8\xd6\x3e\x2d\x3f\x27\x1e\x57\x0b\x98\xeb\x17\xae\xfd\xed\xc2\xb5\x9e\x8b\xe7\x11\x48\x6b\x76\xd4\x8b\xe7\x8f\xa9\xcb\xa6\xf0\x5d\x57\xf7\x85\x96\x26\xb2\x4a\x2b\xe9\xb3\x92\x25\xe9\xeb\xb6\x4e\x11\xe7\xa8\xd5\x20\x77\x57\x6e\xd8\x48\x97\xe8\xf2\x10\xae\x3a\xa3\xf3\x72\x19\x8f\x9a\x26\xe7\x31\x2c\x3e\x66\x49\xf1\xc0\x69\x3a\x8c\x3c\x83\x21\xb6\x76\xf7\x50\xf5\x87\xfc\x0f\x81\x60\x1f\x9a\x08\x02\xf7\xee\x05\xfc\x3d\xa2\x70\xd0\x1f\x0e\x0e\x86\xc2\x6a\x5f\x0f\x5e\x5c\x4b\x1f\x20\xeb\x11\xe6\x2e\x85\x73\xe9\xf8\xc3\xeb\x28\x44\xb9\x6f\xdf\x2d\xc4\xe7\x9e\x81\x40\xa0\xbf\x27\xa8\xde\x0b\x84\xd5\xa3\x3d\x7d\xb2\xeb\xf1\xa6\xae\x9b\x0e\x38\xad\x3c\x66\x1e\x6c\x69\xbb\xe3\x74\x65\xca\x3c\x98\xd1\x0b\x09\xe2\xb9\xf9\x20\xac\x86\x7a\x82\x6a\xaf\xea\xbb\xaf\xe2\x9c\xf1\x53\x48\xf5\xc3\x05\xbc\x27\xec\xbb\xa7\xf6\xf4\x0d\x06\xbd\x61\x2b\x85\x18\xee\xcc\x09\x72\x54\x36\x21\x8c\xe1\x11\xcb\xd4\xdb\x94\x99\x83\xf3\xd9\xfe\xc0\x6d\x29\x3b\x4a\x1b\xfb\x89\x99\x34\x7a\x83\xbe\x81\xb0\x55\x6c\x85\x6a\x60\x99\x9d\x4a\x25\x7c\x07\xf2\x65\x84\x6e\xfa\xfc\x56\xc2\x0c\x2b\xeb\x85\xdf\x7b\x5b\xbd\xc7\xe6\x1c\x0a\xf4\xde\xc5\x5c\x1c\xf6\xc7\x36\xf6\x11\x6b\xf6\x7a\x7b\x6e\xf9\xfa\x55\xd8\x00\x56\xa9\xd7\xdb\xd6\x1b\x0c\x5b\xe9\x3c\x60\x8c\xbd\x6a\x30\xdc\x5c\xc9\x12\x8d\x5a\x2a\xde\x55\x1f\x1c\x5b\xef\xae\xfa\x00\xeb\xf5\xdd\x69\x2e\xef\xbb\xd3\xe1\x3e\x71\xba\x6d\x40\xbd\x87\xe5\xe1\x96\xc1\x60\x0c\x22\x1f\x68\x6f\x9f\x95\x20\xa4\xb7\xb7\x8f\x27\x02\x19\x18\x68\x6e\xe0\x1b\x18\x68\x0b\xff\x62\x8d\x2a\xec\x0d\x0f\x86\x9a\x2b\x58\x69\x45\xb0\x4c\x5a\x6f\x3e\x55\x44\xb7\x63\x27\x1b\xf0\xdf\xe2\x23\x91\xf1\xb8\x87\xef\x94\x55\xfb\x88\x88\xd5\xdc\x06\x11\xf0\xa3\x8d\x04\x7e\x36\xb5\x62\xdb\x7f\xa4\x09\x27\x58\x3e\xfc\x3b\x6a\x7f\xbf\x8d\x10\x56\xae\xba\x2f\xac\x34\x26\x88\xa2\x27\x8f\x97\x7f\x11\x3f\xed\x08\x18\x8f\x95\x47\x86\xfd\x54\x7e\xfd\xd5\x77\x8b\xb4\x5d\x87\x45\xe8\xc6\xd3\xe5\x52\xa0\xd7\xdb\xff\xe8\x51\x3f\xfb\x0f\xf9\xf5\xd7\x63\x0b\x7f\xfd\x55\xed\x0f\xa9\x8f\x1e\xfd\x0f\xac\xc5\xfd\x47\x7e\xfd\x55\xf5\xf7\x3d\x7a\xa4\x30\x0a\x3d\xd2\xf2\x6a\x20\x18\x66\x65\xc1\x40\x38\x70\xb4\x90\x7d\x7d\xf4\x48\xe9\x53\xef\x1f\x29\x3b\xaf\xde\x7f\xf4\x48\xe9\xf5\xb2\x82\x9f\x31\x6e\xee\xbc\x2f\xc8\xc6\xd0\xf6\xa3\x2f\xd4\xcb\x6b\x75\x77\x7d\xe7\xeb\x57\x2f\x7b\xef\xa9\xac\xb2\x8a\x03\xf8\x78\x75\xde\x83\x1a\x0c\x4b\xcd\xee\xaa\x0f\x3e\xa7\xd5\x0f\xea\x03\xa9\x51\xdf\x9d\x4f\xb7\x39\xff\xbd\x5c\x59\x8a\xc6\x3e\x3a\x51\x6f\xd8\xdb\x0d\x65\x8f\x1e\x29\x88\x97\x47\xea\xf0\x1f\x17\xcf\x5f\x7b\xf4\x48\x09\x07\x06\x02\xfd\x81\xdb\x0f\x8e\xd4\xba\xc1\x0b\x1e\x3d\x52\x6c\xb6\xf0\xe9\x61\xfe\x28\xea\x5d\x07\x96\xf2\xe8\x11\x19\xf4\xfb\x7e\x51\x44\xb8\xf9\x91\x4e\x7e\xb0\x4a\xd8\x48\xfa\x43\x4e\x86\xb2\x9f\xee\xe3\x86\xb4\x47\xc4\xad\x20\xce\x3b\x43\x6a\xef\x60\xd0\x17\x7e\x40\x3a\x15\x06\x02\xf3\x22\xb2\x73\xc9\x79\x5f\x0d\xfa\x6e\xfd\xce\x96\x74\x03\x11\x75\x0d\x86\xef\x5c\x07\x70\x1c\xfa\x7d\x9f\xd7\xa9\xfa\xef\x2b\x03\x6a\x30\xe4\x0b\x85\x9d\x77\xd5\x07\xe2\xef\xf0\xa0\x5f\x41\x0e\xf1\x3b\xbb\x0d\x75\xa4\xdd\xeb\x0f\xdc\x76\x7a\x07\x06\x54\x7f\xdf\xe7\xa0\xc9\xa5\xc0\xed\x47\x8f\x94\xfb\x6a\xf0\x26\xe9\x54\x9a\x94\x4b\x67\x9f\x2f\xf8\x3b\xb3\xea\x3e\x0f\x5f\xad\x76\x7d\xbe\x50\x6f\xc0\xef\x57\x7b\x7f\x67\x17\x71\x35\xae\x20\xa3\x91\x17\x44\x1a\xc0\x67\x43\xf1\x1f\x01\xd2\x8a\x02\x57\xc2\x77\xac\xbf\x1f\x3d\xb2\x92\x4f\x22\xdb\xe1\x79\xae\xfe\x12\xe0\xbf\xcd\xd2\x26\xa4\xc0\x4d\xd2\x4c\x09\x23\xc0\x5a\x04\x66\xad\xbc\xc9\x5d\x96\x20\x65\x24\xde\xe3\x97\x53\xfa\xe8\x63\x9e\x01\x90\xa7\xff\xd3\x27\x76\xeb\x13\xb3\x5a\x2d\x47\x4b\x35\x73\x74\x9b\x27\xf4\x05\x8f\x63\xd4\x89\x9a\xac\x20\x9f\x7c\x91\x80\xc7\x5c\x70\xbb\x87\x94\x0f\x00\xef\x96\x61\xf0\x10\xa8\x4f\x2b\xcf\x78\xdc\x7c\x77\x17\xd1\xca\x69\x3b\xfd\x7f\x4b\x74\x71\xa3\x16\x87\x51\xe3\xfd\x0d\x44\x55\x87\x42\xfd\x30\xee\x7a\xe4\x31\xcd\xc6\x41\xc0\xfb\x39\x18\x26\xc6\x66\x02\x45\x3b\xbc\xa2\x50\x78\x42\x91\x52\x8d\xc9\xd3\xef\xdf\xe8\x85\x84\x05\x31\x29\xdb\x81\x8e\x8d\x7c\x3e\x8c\x3c\x36\xc7\x57\xb5\xbd\x45\x3d\xbf\xad\xed\x2e\xea\x43\x25\xee\xe8\xc6\xad\xc1\xfc\x02\x80\x4d\x89\x75\x7f\xfd\xfa\x25\x82\x81\x6a\x3c\x06\x2d\x9b\xc6\xfc\x08\xfc\x7a\xaa\xdd\xdd\x76\x52\xf6\x12\x6b\x77\x33\x05\xec\xc8\x22\x29\x0a\x1b\x6a\xe6\xb7\x46\x2d\x27\xa7\xcb\x3a\x8c\x24\xe5\x5a\x87\x91\x94\x70\x3c\x12\x6b\x88\x06\x50\x9e\x98\x89\x09\xc4\x5a\x39\x6d\xed\x52\x15\x1f\x75\xe8\x06\xc9\x91\x30\xc4\xc3\x0b\x7d\xa3\x3a\x4a\xae\x88\x3f\x79\x0a\x9a\x2b\x7f\x3d\x64\x0a\xf6\x1e\x2d\xee\x90\x6e\x08\xe7\x8d\xba\xe8\xfb\x79\x72\xfd\x06\xfb\xbe\x90\xa6\xe5\xc7\x04\x1e\x39\x78\x5c\x34\x8a\xaf\x89\x7a\xcf\xeb\xeb\xef\xea\xeb\x0b\xaa\xa1\x10\xcf\x7c\x53\x48\xe8\x93\x71\xb8\xd7\x41\xd7\x52\x48\x04\x01\x41\x79\x96\x43\x6e\xfc\xda\xf5\x2e\xd7\x85\xee\xf3\xd7\xbb\xf8\xc5\x3c\xcc\xc2\x1c\x7d\x89\x69\x24\x49\x77\x97\x1c\x96\x1e\x5b\xb5\xe6\xc7\x73\x4e\x88\x54\x15\xac\x29\x24\xa6\x80\xc4\x2c\x18\xa7\x8d\xbe\x18\xf8\xd9\xc8\x0d\xb3\xca\x88\xca\x0c\x76\xe6\x89\x3e\xb5\x85\x6d\xd1\xc9\xc0\x4e\x89\x63\x7d\x65\x3b\x06\xfe\x71\x5a\x25\x69\x54\xd6\xec\x18\xbb\xa7\x71\x5a\xda\xd5\x17\xb2\x5a\xf9\x25\xe9\xee\xe2\x1e\x21\xe0\x02\x0a\x80\xad\x11\xe5\x8c\xc7\xbb\x87\x91\xa4\xfc\xf1\x30\x92\x42\x75\x93\xd6\x76\x8d\x97\xd3\x5a\x79\xd3\x98\x58\xa7\xa9\xc9\x7a\x24\x51\x5f\xda\x95\x13\x60\xe0\x02\x7d\x88\x4c\x7c\x88\x4c\x48\xc1\xcc\xd6\xd8\x88\x4b\xce\xfb\xd0\xf4\x55\x2f\xbc\xc4\x90\x68\x87\x43\x21\x84\x10\x70\x37\x04\xf7\x3a\xbc\x6c\x1a\x99\xe5\xd2\x3b\x60\x03\x66\x9b\x81\x37\x58\x5a\x77\x07\x68\x51\xec\x60\x82\xa9\xb7\x90\x0f\x07\x36\x42\x4c\xd2\xe1\xc0\x18\x77\x63\xe2\xb5\x59\x62\xfb\xc3\x57\x41\x4e\x27\xca\xe3\x59\xf2\x0e\x07\x5e\x95\xd1\xcc\x4b\x19\x0a\x5c\x00\xa5\x68\xf9\x39\xee\x15\x44\xd3\xcb\xab\xe0\x70\xf0\xc0\x37\x08\xea\x85\x62\x18\x09\x06\xe7\x8a\x34\x62\x78\xed\xc3\xb3\x7a\x22\x28\x91\x2d\x40\xc4\x72\x4b\x60\xd9\xfc\xc0\x77\x93\x4f\x9a\xe7\x11\x8f\x5f\xf8\xe1\xaf\x56\xf2\x0c\xb9\xba\x9e\x4c\x08\x0d\xd2\xe3\x74\xa2\x4a\xe5\x64\xd2\x90\x33\xdc\x1f\x22\x78\x06\x3c\x44\xd1\xc2\x63\x79\x38\x41\xac\x20\x64\x26\xe9\x38\xed\x26\xd6\xf5\x5a\x05\x32\x65\xb0\xad\x05\x0b\xd9\x06\xc1\x56\x90\x85\xc4\x98\x58\xaf\x47\x26\xb4\x72\xe5\x98\x5d\xc7\xa7\x4e\x58\x83\x5e\x71\x32\xcb\x0d\x8e\x20\x04\x63\x7e\x84\x68\xe5\x15\x33\x12\xab\x0f\xed\x81\x7f\xf3\x86\x1e\x9f\xaa\x0f\xed\xd1\xec\x06\x8d\xcf\xe2\x92\xf2\xde\x04\xde\x1c\x46\x1e\x73\x1a\x99\xde\x91\x3d\x0c\x39\x1b\xa9\xc6\x78\x3e\x10\x7b\xd8\xf2\xb3\x1c\xad\xb5\xec\xb1\xe2\x70\x44\x47\x3c\xe2\x1b\x6a\xf1\xd0\x98\x23\xfb\x71\x18\x79\x8c\xa8\xa2\x4f\xef\x20\x1a\xeb\xc9\x04\x22\x30\xbf\x91\x92\x50\x03\x37\xca\x4a\x23\x31\x6d\x2e\xad\x6b\xd5\x18\x1a\x81\x8c\x62\xc4\x7c\x1e\xb5\xe2\x4a\xe3\xb8\x12\x4d\xb8\xa2\x17\x5e\x69\x7b\xcf\xac\x5b\x70\x86\x53\x48\xa4\x18\x97\x8a\xd4\xc2\xe8\x64\x39\xca\xc8\x39\xc2\x30\x8e\x56\x32\x34\x3e\x4d\x33\xef\x21\x1c\x7c\x41\x9f\x8c\xbb\x30\xa4\x53\x64\x31\x50\x08\xa1\xcf\xe2\xb4\x9c\xc4\x7b\x4e\x11\x23\x8d\xf9\xf4\xc0\xa5\x1c\xae\x45\x2d\x53\x3d\xdd\x5b\x86\x0b\x76\xe4\xdc\xce\xee\xcb\x4e\xd1\xbc\x8d\xa1\x1a\x38\x3b\x33\xcd\x8e\xfb\x12\x34\x73\xd3\xdc\x35\xc6\x47\xe3\x4c\x33\x74\x75\xba\xff\xdc\xe1\x3a\xe1\xfe\xfa\x14\x0f\x74\xe0\x4c\x36\x7e\xd5\xd9\x71\xf2\x94\xeb\xaa\xb3\xf3\xf4\x09\xd7\x55\xe7\xc9\x8e\xf6\x96\xc4\x1b\xd6\x0d\x49\x0e\x4e\xe3\x71\xad\x9a\xd2\x0b\x09\xba\x99\xc5\xb5\xc2\x2b\x49\x73\x68\x0f\x2b\x63\x3c\x94\x6d\xb9\x81\x24\x3f\x46\x6e\xd8\x3a\x6f\xec\x9a\xcd\x04\x88\x89\xb3\xa4\x74\x08\xc8\xf7\x5d\xb8\xd5\x2e\x44\x3e\x7e\x43\xc4\x6f\x85\x5d\x1c\xf8\x66\x02\x1b\x33\x74\xae\xe5\xcc\xe2\x16\x8d\xad\xb6\x1c\x8b\xe8\x89\x27\x75\x81\x6c\x97\x51\x02\xfc\xc4\xfb\x6d\xab\x02\x84\x0c\x83\xa1\xd2\x2c\xad\xe2\x47\x23\x37\xcc\xed\xc7\x96\xbd\x1a\xf6\x6e\xd7\xd8\x28\xa1\x9d\x4c\x24\xba\x90\xe5\x15\x63\x33\x81\xf8\x85\x77\xb2\x10\xe6\x61\xbc\xa8\xf0\x3e\xb3\x69\x11\x09\x82\x29\x80\xf0\x4a\xf8\x30\x92\x94\xab\x1d\x46\x52\xe8\x3b\x81\xe2\xd8\xe2\xa8\x3e\x93\xd6\x67\x4a\xe6\x56\x94\xa7\xac\x39\x18\xb5\x2a\xda\x02\x44\x07\x24\xc5\xb3\xd3\xb2\x6c\xe2\x52\xe1\x08\x15\x85\x16\xd6\x59\x2f\x2d\x39\x34\xc1\x97\x50\xbe\x90\x93\x1e\xec\x49\x69\xe5\x4d\xb8\xf6\x14\xe7\x2b\xcf\x56\x77\x84\x23\x1d\xf7\xd5\xe2\xe2\x44\x2b\x27\xb4\xf2\x4b\x91\x1d\x0f\x3c\xb7\x8e\x26\x8d\x62\xd2\x0f\x2d\xee\x36\x6a\x79\x3d\x3e\xa5\x38\x09\x9e\x9a\xc7\x26\x91\xc2\x7d\xd4\xaa\x69\x4e\xdc\x4c\xaa\x7d\x52\x8f\x24\xc0\xce\xd8\x34\x06\x14\x03\x20\xf0\xa4\xa5\x04\xbc\x91\x04\xa7\x13\xb9\x34\x84\x17\xb8\x56\xcb\xe9\x63\x63\x7c\x05\xb9\xe3\x67\x05\xfd\x61\xd8\x68\xb9\xa3\xa4\x48\x4d\x25\x65\xdb\x6c\x49\x2e\x85\xe2\x78\x3d\x92\x20\xcd\xf4\x48\xb4\x3d\x26\xb5\x71\x19\xfe\xe3\x59\xab\xe2\x0c\x9f\xaa\xef\xb5\x4a\x1a\x8b\x14\x0f\x97\x78\x49\xdf\x9d\x01\x6f\xd0\x7b\x0f\x73\x46\x81\x27\x9e\xb1\xbf\xc2\xe5\xa7\xf9\x57\xf5\xe9\x6d\x11\xfe\xab\x95\x53\xe8\x4c\x54\x9f\x3c\x40\x9e\x84\xf7\xca\x8d\x5a\x1e\xe5\x60\x1a\xa9\x61\xac\x01\xde\xd3\xd3\xad\x11\xbc\x7b\xe4\xd3\xb4\x72\x63\x49\xb3\xfc\x54\xbe\xab\x23\xa1\xf6\x56\x45\xa7\xf3\xb6\xea\xbf\xab\x3e\x20\x3c\x6d\x38\x44\xc2\xd4\x68\x71\x57\x9f\x5e\x33\x12\x71\xc5\x23\x2a\x38\x9d\xa2\x4a\x02\xc1\xcb\x98\xde\x79\xfc\xbd\xe1\x47\x70\xfc\x30\x92\x42\x64\xfa\x88\x60\x9f\xb2\x22\x25\x5a\x12\x1b\xb1\xf3\xc1\xa2\x55\x5a\x7e\x2e\x87\x32\x68\xe5\x31\xfd\xd5\x12\xde\xdb\x0a\x37\x41\xad\x9c\xb6\x52\xa1\x24\x78\x60\x05\x97\xa6\x8e\x28\x30\x2d\x32\x29\x67\x22\xbb\x0b\x8c\x4f\xc2\x20\xf1\x21\x32\x7d\xa6\x84\x27\x14\xf1\x9c\xb9\xab\x3e\x38\xe7\x21\xe0\x74\x96\xb0\x82\x2b\x40\x8c\xb3\xd9\x6e\xeb\x28\x92\xb8\x55\x08\x11\xf7\x45\x3c\x5c\x83\x99\x27\xa4\x44\x4c\x98\xe9\x02\xef\x5f\xa7\x77\xe4\xbc\x34\x20\xcc\xe5\x86\x31\xe9\x0a\x5e\xf2\x1b\x6b\x29\x8c\xf0\xe1\xf4\xdc\x54\x17\x51\x1a\x7c\x3d\x6c\xca\xfd\x10\x99\xc3\xc5\x90\x03\x0a\x2c\xe6\x39\xae\x8f\x27\xd8\x09\x3a\x5a\x81\xbb\x77\x5b\x7a\x94\x2f\x2c\x25\x4e\xcb\xe9\x16\xa9\xd6\x16\x72\xf2\x47\x46\x52\xae\xf0\x6c\x21\xb0\x52\x4c\x86\x99\xd8\x45\x29\x47\xca\xcd\x77\xb4\x07\x5b\x00\x4d\xa2\xd0\x44\xe7\x20\xbd\x01\x24\x91\x65\x48\x8b\x88\x04\xd9\xcd\xd9\x81\xb1\xb4\x4a\x63\xeb\xf2\x83\x0b\x96\x6a\xa7\x6f\xae\xd0\x95\x29\xb6\x99\xd0\x82\x89\x11\x99\xdf\xf4\x4c\x56\xdb\xcf\x1f\x46\x92\x72\xca\xb6\xd9\x61\x3a\xb6\x68\x25\xd9\x3a\x8c\xa4\xe8\x4a\x8e\x41\xe6\xc9\x03\xd1\xdd\xee\x5e\x28\x74\xcb\xf7\x0b\x69\xef\x74\x9f\x06\x43\xfa\xb1\xf9\xe0\xb8\x3f\x9e\x82\xec\x14\xbc\x71\x44\xae\x39\x1c\x05\x1f\x28\xdc\xc8\x58\x0f\x35\xca\x07\x98\x38\xdb\x10\x8f\xb4\x72\xc4\x7c\xf7\xde\xe1\x90\x51\x82\x53\x01\xe0\x3f\x5f\xa6\x71\xfd\xd5\x12\xc2\xe7\x14\x93\x9f\xa7\x4b\x1b\x6c\x15\xd0\x1a\x41\x63\x3b\x8c\x51\x83\x7b\x07\xf1\xb4\x8a\xcd\x96\xbc\x8c\x29\x13\xec\xa7\xc9\x78\x32\x9d\x63\x44\x63\xc6\xbb\xa4\xe3\xce\xc8\x0d\x33\x0a\x97\x6e\x0f\xf0\xfc\x52\x3e\xd6\x23\x8a\xa3\x1e\x76\x14\x61\xa7\x47\x72\xe3\x1d\x23\x5e\x8b\x1b\x65\x3b\xf9\x17\x88\xad\x98\xde\x51\x3b\x98\x33\x4b\x51\x7d\x7a\x8d\x43\x00\xd6\x66\xa1\x42\x0b\x75\xfe\xf3\xeb\xc9\x91\x0f\xb6\x57\x4a\x03\xd1\xe2\x5a\x81\x2e\x13\x0c\x11\x90\x1c\xe9\x48\xcc\x8c\x4e\x10\xcf\x99\x5e\xef\x39\xd7\x19\xb6\x0a\xe7\x5c\xc0\x53\x5c\x67\x2c\xc3\x22\x84\x72\xd1\xd4\x24\x97\x42\x21\xb5\x0e\x4a\x62\x08\xa2\x51\xcb\xe3\x29\xc2\x06\x54\xcc\x69\xbb\x09\x26\x8c\x7f\xdc\xd4\x84\x3e\xc1\x4c\x9a\x02\xeb\x94\xcc\xc0\x4f\xd8\x0c\x9c\x00\xfb\x61\xc7\xa8\x19\x19\xc2\x9a\xb6\xe9\x1c\x27\x05\x26\xeb\xf0\xa0\x9f\x1b\xb6\x07\xfb\x06\x14\xdc\x4d\x22\x45\xbc\x5d\x3d\x47\xce\xe0\xd2\x9e\x53\x82\x6a\x28\xd0\x7f\xdf\x19\x54\xc3\xc1\x07\xc4\xe7\xbf\xe5\xf3\xfb\xc2\xaa\xe2\x0f\xdc\xf4\xf9\xfb\x3e\x6a\xae\x6c\x36\x8c\x5a\x46\x45\x45\x22\x3a\x45\x61\xab\xa7\x38\xd9\x3f\xdf\x5e\xf8\xcb\xc5\xcb\xa4\xfb\xc2\xb5\x1b\x17\xbf\xbb\xd8\xdd\x75\xe3\x02\x7c\x55\x1a\xb5\xb8\x10\x96\x2c\x81\x26\x81\x2d\x2e\x5c\x3e\x7f\xb4\xfe\x19\x17\x83\x88\xfb\xf1\x7b\x80\x5b\x11\xf4\xf3\xc0\x03\x64\xd8\x69\x19\xfe\xd5\x6b\x17\xff\xd6\x75\xe3\x02\xf9\xe1\xc2\xbf\x1f\x85\xcf\x4d\x28\x47\xe1\x1f\x69\x75\xc6\x05\x80\x6d\x14\x92\xfb\xb0\xb4\xe4\xeb\x61\x6f\xd8\xd7\x4b\xd8\xb1\xfe\xb7\x76\xd1\x1b\x4a\x0b\xe4\x98\x5e\x3e\xd1\xee\x8c\xcb\xee\xe9\xae\xfa\xc0\x89\xfc\xcf\x17\xf0\x93\x76\x9e\x6d\x9e\xf0\xfd\x42\x71\x93\xbb\x42\x11\x26\x18\xe8\x0b\x59\x7c\x74\xd2\xa8\x16\xc0\x4b\x22\x69\x24\x76\x69\x7c\x43\x9f\x29\x19\x6b\x55\x3a\xb6\x6e\xa5\xe1\x4a\xde\x0b\x0f\xe2\x01\xdd\x7e\xd2\xed\x16\xc1\xdf\x18\x3d\xdf\x7e\x02\x3e\x31\x86\x86\x9e\x89\x90\xd1\x96\x4b\x21\x4f\x93\x83\x7d\x03\xc4\x37\x70\xff\x04\x9e\x8e\xd8\x0d\xba\x2f\x70\xd2\x01\x87\x02\x1c\xa3\x56\xae\xdc\x0b\x0f\x3a\xbf\xee\xd0\x76\x17\xe8\xd6\x6b\x7d\xa6\xd4\xde\x89\xd1\x15\x04\x02\xa9\xe5\x78\x36\xa2\xe0\x03\x05\xfa\xdc\xaa\x59\xda\x06\xa1\x3c\xdc\x3b\xc0\x26\xab\x95\x2b\x46\xe2\x85\x91\x1d\xc1\xe1\x23\x44\x8c\xba\x62\xf3\xfe\xd4\x20\xeb\xb9\xb5\x7a\xf4\x99\xb5\x16\x4d\x30\x08\x9f\x27\x86\x18\x84\x07\xfd\xe8\x49\x01\x25\x9d\x27\x4e\x37\x6a\x49\x98\x25\x04\x29\xd0\xa7\xc9\x70\xef\x00\x5d\xd9\xae\x0f\xad\xd3\xec\x30\x4d\x2d\x1a\x13\xeb\x1d\x6e\x2b\xa4\x31\xa9\x27\x22\x5a\x75\xd5\x1e\x2e\x03\xe0\xec\x70\x3b\x3b\xdc\x67\x19\x55\xe1\x84\x9d\xfc\x31\x0f\x79\x99\x1a\xb5\x05\x42\x14\x3d\xbd\x6e\xa6\x50\xfa\x16\x2e\x5e\x10\xbd\x67\x45\x69\xe3\x6a\xca\x3e\xd8\x4d\x07\xc3\x46\x09\xdf\x33\xb6\x5a\x45\xb4\xf2\x4b\x74\xe9\xa4\x5b\x19\xd1\x1c\x47\x61\x87\x06\x62\x22\xe9\xb1\xc5\x70\xef\x80\x9e\x59\xd2\x13\xe3\x28\x37\x43\x48\xf0\xb3\xfa\xcb\xa4\x56\x1e\xc3\x3d\xc3\x3c\x6a\xc6\xde\x93\xfa\xd2\x3b\xa3\xf6\x4c\x8f\x2d\xcb\x8c\xee\x24\xf9\x98\x45\x18\xdd\xbe\x41\x6b\x49\x28\x0a\x7d\xfe\x58\x9f\x2f\x68\x7b\x8b\x5a\x39\xa5\x0f\xbd\x45\x86\x2b\x9b\xce\x85\x94\x68\x59\xcf\xed\xd9\x4a\x3d\xb8\xc4\x6b\xc7\xdc\xf1\x46\xee\x0f\xf2\x58\x8d\x8d\xf1\x93\x03\x14\x2f\x1a\xb7\x1f\x68\x95\x14\x34\xfb\xe1\x4d\xa7\xd3\x29\xe5\xdf\x65\x24\xd8\xa2\x7d\x10\x67\x60\x30\x4c\xda\x5c\xf6\x45\x34\xe8\x39\x0a\x6f\x2b\xb2\xea\xa2\x85\x42\x40\x68\xd2\x06\xc4\xcd\x56\x9b\x0b\xb9\x82\xd5\x9a\xc9\x81\xc0\x8b\x84\xed\xba\x69\x08\xb7\x55\x7f\x30\xe4\xb5\x46\xd0\x8b\x0c\x05\x7a\xb7\x6a\x04\xd5\xff\x22\x4e\xbf\xfa\x77\xe2\x0c\xdd\xf1\x76\x9c\x3c\x45\x18\xd7\xb7\xeb\xda\x2d\x7b\x43\x41\xe2\x0c\x0d\xde\xfc\x5f\xe4\x0b\x57\xf7\xd9\xee\xcb\xae\xee\xcb\x67\x51\xe4\x70\xf6\x7a\xbf\x10\xf0\x7e\x39\xe9\xfe\x9a\x38\x01\x6a\x9f\xf7\x41\x88\x74\x9e\x3a\xe9\x76\xdb\xc0\x43\xbe\xdb\xfe\xe6\x0e\x7c\x7e\x09\xbe\xdd\x5b\x30\x6c\x4d\xd1\xc6\xd3\xcf\x9e\xa8\xed\x13\xf0\x79\x93\x95\xea\x37\x43\x60\x83\xfa\xbf\x14\xd2\x3c\xf1\xeb\x37\xce\xfe\x9b\xcf\xeb\xbf\x7d\x7d\xd0\x75\xe9\xec\x65\xaf\xff\xdf\x7c\xfe\xdb\xf2\x6a\xa8\xc1\xb0\x4b\xb6\xf1\xf3\x82\xff\xa9\xfe\xe2\xbd\x37\xd0\xaf\xb6\xf5\x06\xee\x7d\xf6\x7a\x75\x77\x89\xf5\x60\x3f\x9a\x97\xae\xbb\x0b\xdf\x79\x0b\xa9\x41\x9f\xb7\x1f\x07\x0a\xcb\x29\x8d\xbe\x65\x3e\xf6\xb2\xb6\x9c\x65\x62\x59\x39\xd5\x41\x28\x14\xbf\x99\x81\x9c\xf8\x8d\x5a\xe2\x53\xa8\x05\x62\x48\xfb\x3f\x80\x5f\x52\x83\x16\x18\x1f\x5b\xf4\xeb\x77\xbc\xfe\xdb\x77\xbc\x3e\xd7\xa5\xb3\x57\x07\xcf\x07\x70\xd1\x79\xa3\x63\x56\x9d\x97\xfc\xff\xb8\xec\xf2\x04\x5a\xe7\x14\x0c\xe3\xf1\xab\x8f\x8d\x11\x0f\x42\xf6\xc8\x2f\x54\x37\xff\x44\xbb\x65\xd4\x63\xf3\x0c\xf4\x0b\x82\x11\xa0\x39\x03\x78\x14\x0f\x3b\x5e\xda\xa0\x31\x3b\x54\x14\xf9\x33\xab\x53\xda\xa5\x95\x09\x8b\x6b\x25\x15\x2b\xbb\x70\xfa\xe8\x35\x1a\x37\xa1\x00\x53\x95\xb9\xf3\x29\xd9\x45\xf7\x19\x7d\x3d\xdf\x92\x39\xdb\xf2\x3b\x42\x09\xf7\x58\xd3\x59\xb3\x31\x01\x05\x5f\x0c\xf8\x3b\x62\x87\x47\x63\xae\xc3\x81\x1a\x89\xc5\x68\x41\xce\xfd\x92\xb4\xa4\xaf\x45\x7b\x8e\x08\xf0\x53\x2c\x3f\x2e\x27\x64\x02\xb7\xf2\xdf\xb9\x5b\xb2\xd9\x2b\x02\x50\x3d\x92\xa3\xfb\x11\x39\x5f\x21\x26\x1f\x65\xc7\xc8\xfb\x92\x31\xf1\x5a\xb6\x95\x31\x32\xe1\x89\x30\x12\x8a\x0f\x82\xde\x88\x48\x6c\xf3\xe7\xd6\x94\xf9\xac\x13\x9a\x7d\x22\xc3\xd6\xd3\xeb\xf5\x48\x14\x01\x2b\x3c\x57\x79\x33\x94\x56\x20\x5f\x34\x3f\x0e\xf4\xc9\x77\xeb\x71\xb7\xda\xdb\xda\x79\x15\xeb\xa5\xe6\x87\xfc\x37\x79\xc8\x5d\x46\xf9\x63\x87\xbf\xfb\x0c\x4a\x4b\x4e\x60\x78\x1a\x41\xca\x08\x2c\x3d\x85\x60\xb9\x56\xb3\x6a\xf2\xbd\x7a\x73\x22\xe5\x0f\x91\x39\xbc\x83\x72\x89\x8c\xc1\xe8\x19\x28\x65\x0c\x26\x96\xbb\x3a\xef\xe1\xd3\x99\x82\xe1\xb2\x6e\x83\x74\x75\x5f\x72\x71\x1f\x6f\xc4\x7a\x9e\x93\x49\xf6\x68\x6c\x6f\x6f\xeb\xe0\x0b\x61\xad\x17\xdd\x7b\xa6\x2f\x64\xed\xa4\x1b\x7c\xf8\x0c\x24\x8d\xed\x58\xcf\xae\x25\xf4\x48\x15\xc2\x83\x62\x90\x13\xe6\xc8\x9b\x6f\x78\xe9\x03\x86\x31\x08\x52\xec\x0d\x0c\x3c\x08\x07\x07\xfd\xbd\xde\xb0\xea\x21\x28\x97\x22\x2c\x14\x32\xc5\x2a\xd9\xb7\x18\xe5\xe7\x46\xe5\xad\xb1\xf6\x14\x65\x27\x3d\xfe\x96\x9b\xc5\xb4\x6a\x1a\x9f\x80\x63\x64\x8c\x20\xe0\xc9\x6f\xeb\x36\x21\x69\xe4\x41\x34\x81\x01\x8a\xdc\x32\xf8\xc8\x9c\x91\x1b\x26\x0e\xc7\x69\xf7\xff\x89\x16\x9f\xce\x36\x42\xd7\xc6\x8d\x6a\xdc\xe1\xc0\x4c\x52\xda\xc1\x9c\x31\x39\xcb\xc0\x43\xe2\x52\xad\xfc\x12\x7b\xe0\x31\xe4\xad\xf3\x24\x67\xce\x12\x37\x4c\xb6\xe5\xfd\x39\xb1\xba\x9d\x44\xce\xb7\x6c\x27\x9e\xb0\x1e\x94\x3f\xe2\x10\xda\x7e\x34\xa4\x40\x64\x65\x68\x09\x09\xb0\x13\x23\x34\x87\x2f\x60\xe4\x14\x94\x9e\x38\x5a\x8a\xaf\xd5\x43\xe9\xc9\x26\x8f\x59\x4c\x1a\x63\x97\x9e\x6a\x0a\xd8\x80\x94\xf2\x52\xe9\x9f\x8f\xb6\x95\xfa\x3d\x7d\xb4\xad\x54\xfa\x35\x2b\x45\xcb\x8a\x95\xc0\x0f\x02\xbf\x71\x07\xed\x6f\xed\xf8\x8c\x87\xfe\x6a\x49\x1e\x3a\xa6\xbe\x81\x78\xce\xa4\x28\x92\x6d\x7d\x98\x27\x58\x4e\xad\x69\x65\xcf\x45\xa7\xe6\x76\xc8\x70\x21\x35\xfe\x7c\xb8\x18\xb9\x80\x31\x0b\xbb\x3b\x3c\x98\x16\x13\x2f\x23\xe8\xce\x16\xd0\x56\x12\xd9\x38\xd3\xf9\x8e\xcb\xb7\x6b\x65\x9c\xcd\x63\x72\x24\x9e\x7d\x34\x3e\x5b\xcf\x65\x08\xfa\x19\xc3\x83\x98\xd5\x67\xfa\xdc\x82\x9d\xbd\x75\x69\xd5\x2c\x6e\x89\x4e\x4f\xb4\xac\x93\xdd\xe9\xef\xcd\xa7\xb5\x07\x01\xb2\x19\x35\xde\xbf\xd1\xa3\xcb\x74\x05\xa2\x4d\xa5\x17\x06\x68\x36\x6d\x2e\x6f\x18\x85\xf1\xfa\xf4\xba\x31\x3e\x2d\x3f\x04\x80\x80\x6c\x16\xdd\xd1\x66\x45\x08\x80\x2f\x3b\x30\x06\x87\x83\x9b\x7d\xd0\xdb\x1d\x42\x07\xf8\xf3\x5b\xf8\xfc\xe5\x31\x7e\xf3\xe4\x2c\xb1\x3c\xfb\xf3\x5a\x35\x46\x0b\xeb\xa8\xf3\xc1\x9d\xe2\x36\x23\x44\xc8\x65\xcd\xb3\x1d\x3b\x1c\xa8\x39\xd0\x5a\x85\x56\x9e\x63\x2e\x50\xf9\xd5\x53\x14\x2b\x9a\x1f\x23\xe5\x0f\x3b\xed\xbc\xa5\x2b\x0b\xf5\xc9\x03\x23\x37\x7c\xe4\x0d\xd4\x3c\x3a\x3c\xb1\xef\xc3\x19\xba\x32\xa5\xbf\x1d\xd6\xe3\x53\xf8\x12\x29\x4f\x6b\xec\x70\xd8\x7e\xf1\xd8\xef\xb1\x6f\x82\x1a\xd5\x27\xb4\x98\x93\x1e\xfa\xc4\x54\xe6\xe0\x4e\x95\xdb\xae\x17\xde\xd0\xf8\x16\x26\x01\xe7\x69\x8a\xe1\x85\x2a\xba\x95\xe1\xf9\x1f\x79\x68\x37\x7f\x50\x62\x9e\x04\x03\x81\x30\x3f\x77\x30\xe0\x0b\x63\x13\xec\x44\x48\x07\x31\xf3\x79\x14\xf5\x3b\xe0\xcf\x84\x10\x8f\xc7\x8a\x10\x57\x20\x01\xae\x59\x7a\xaf\x27\x13\xfc\x41\x1e\x78\x09\x95\x3e\x4d\xe2\x4f\x41\x56\x8d\x5a\xdc\xf2\x14\x67\x67\x01\x04\x16\xb0\xd6\xd6\x47\xd2\x75\xe9\xd2\xd9\x3f\x74\x5d\xba\xf4\x15\xb9\x7c\xe5\x6a\xd7\xf5\xeb\x3f\x9f\xff\x86\xb8\x06\x43\x41\x74\x96\xb6\x92\x77\xfd\x43\x4d\x4e\xfd\x13\x6d\x42\x6a\xf8\x1f\xa8\x1f\xee\xe5\xeb\xa1\x28\x27\xd9\x52\x8b\x83\x7c\x68\x8f\x8e\xe5\x11\x35\xab\xab\xf2\x22\xd3\x4c\x09\xa3\xd6\xf5\xcd\x15\x7d\x13\x52\x95\x80\xb7\x8a\x51\x9d\xd5\x2a\x49\xf3\x20\x4f\xe3\x3b\x7a\x3a\xae\x55\x78\x52\x6e\xee\x1c\x04\xf0\xa4\xf5\x07\x7d\x99\x10\xd8\x4e\x12\x52\xc3\xbd\xde\x01\xd2\xeb\x1d\xe8\xf1\xab\xe1\x1e\x78\xfd\xed\x8f\xea\x80\x34\x4e\x2e\x6f\x88\xc1\x9e\x62\x83\xb5\xf2\x4f\x1d\xd4\xa7\xf1\xa5\x0d\xfe\x94\x6c\x35\x86\xc2\x1b\x96\xe0\xeb\x3a\x34\x01\xc9\x10\xbf\xbf\x71\xe3\xea\x75\x42\x33\x29\x9a\x7d\xa2\x55\x7f\x03\xcb\x40\x5e\x7a\x6e\xce\xf2\xeb\xdb\x07\x4e\xa4\xcf\x16\xeb\x91\x9c\xfd\xfe\x97\x4d\xdc\x9d\x6d\x04\x9f\xc2\x6c\xd4\xe2\xa1\x07\xa1\xb0\x7a\xaf\x0f\xed\x12\x5b\x23\x42\x38\xe2\x2f\x49\xb6\x31\x29\x1e\x5e\x29\xd7\x27\xf6\x21\x64\xc6\xa5\x86\x7b\x5d\xbc\x15\xff\xaf\x8b\x3f\xee\xe4\xea\xf7\xdd\x3c\x52\x64\x89\xbe\x3e\xbf\x4f\xf9\x8f\xbf\xfa\x7d\xe1\xff\x54\xce\xab\xe8\xa9\xea\x0b\xf8\xcf\x36\x77\xa7\x74\xdd\x0a\xab\xc1\xb3\x7e\x35\xfc\xf7\x40\xf0\x6e\x5b\xd8\x1b\xbc\xad\x86\x89\x3f\x14\x72\xf6\x07\x02\x77\x07\x07\xf8\x17\x45\xf9\x8f\xeb\x38\xae\xff\x54\xfe\x1a\x52\x83\x16\x14\xa5\xeb\xde\x4d\xa6\xa4\x74\x7b\x07\xbc\x37\x7d\xfd\xbe\xb0\x4f\x0d\x9d\xed\xee\xba\xda\x73\xf9\xc2\x8d\x9e\xae\xf3\x3f\x5e\xbc\x4c\xac\x5f\xdf\x5e\xbc\x7c\x1e\x22\x4c\x2e\x76\x5f\x50\x44\xfd\x07\xdf\x06\x06\xfd\x7d\x3e\xff\xed\xeb\x6a\x18\x1a\x5e\xbc\xda\xdd\x73\xe9\x4a\xf7\x0f\xe4\xf7\xa1\x88\x8f\xd7\xba\x7e\x86\xbf\xaf\x5f\xb8\xf1\x97\x8b\xe7\xad\x3f\xff\x6a\xfd\xf9\xef\xd7\x7b\xba\xbf\xbf\x76\xe5\xca\x0d\xf8\x79\xbe\xab\xbb\xe7\xca\xdf\x2e\x5c\xbb\x76\xf1\x3c\x42\xe8\xfa\xeb\xf9\x8b\x37\x7a\x7e\xbe\x76\xf1\xc6\x05\xc5\xf6\x28\x55\x7b\xc3\x81\xe0\x83\xb3\xc7\xbc\xf5\xa9\x5c\xf8\x45\xed\xbd\x1e\xf6\x06\xc3\xc7\x95\x7e\xe4\x1d\x74\x72\x5c\xd5\x96\x57\xfe\x95\x6b\x2a\x84\xcb\x9d\x0d\xf8\x9d\xb7\xbc\xbe\xfe\xc1\xa0\x6a\x7d\xba\x1a\x54\xef\xab\xfe\xf0\x85\x5f\x7c\x61\xf4\xe9\x3d\xdb\xd1\xa9\x5c\x53\xbd\x7d\x3f\x07\x7d\x61\xf5\xaa\x37\x7c\x27\x74\xec\x50\x95\xff\xb8\xe8\x0f\x85\xbd\xfd\xfd\xff\xa9\xfc\xec\xf5\x87\xd5\xbe\x6f\x1f\x9c\xbd\x37\xd8\x1f\xf6\x81\x29\xde\xda\x5c\xa0\x11\x8b\xca\x90\xc4\x00\x97\x7a\xc3\xfd\xa4\xcf\xab\xde\x0b\xf8\x9d\x41\xb5\x3f\xe0\xed\x6b\x2d\x54\xfd\x8c\xe3\x10\xa7\xd3\x1f\xf8\x3b\x69\xe9\xba\x59\x03\x39\xd1\x46\x68\xb9\x6c\xae\x45\xeb\xd3\x45\x74\x8f\xfc\xae\xeb\x27\xa0\x01\x87\xe3\xa7\xf6\x46\x2d\x27\x13\x8f\xc8\xd1\x6b\x3d\xc2\x35\xdd\xa8\x2d\x38\x1c\x0a\xba\xba\x1c\x46\xb8\xb1\x98\x1c\x79\xf8\x51\x04\x3f\xd2\x4c\x49\x86\xf0\xa9\x17\x20\xb9\xae\xc0\xef\xe2\x7f\xea\x10\x59\x99\xcc\xa1\xbd\x66\xe9\x27\xa9\xed\x8d\x1c\x4d\xbe\x6a\xd9\xb5\xd9\x00\xf1\xf5\x1c\x70\x69\xe3\x21\xce\x2e\xc8\x74\x67\xa5\xf2\xc6\x24\x0b\x85\x75\xcc\x9f\x29\xbf\xbc\x09\x39\x97\xad\x0c\xb7\x78\x76\xb1\x41\x83\x12\x2e\x5a\xa2\x16\xac\x55\x46\x78\x96\x56\x73\x7c\x55\x4e\x3a\x6b\xe7\xa9\x95\xd2\xc6\x62\xa2\x57\x85\x1d\xbf\xd2\x57\x9e\x11\xb9\x35\x89\x73\x12\x9d\xc5\x20\x2b\x22\xa4\xe3\xb3\x33\x06\xff\xd4\x29\x5e\xf1\xe3\x03\x20\x2e\x22\x92\x2c\x8b\xe0\x79\xad\x5c\xd1\xaa\x11\x6d\x37\xae\x95\x53\x96\xd6\xcb\x56\xc6\xca\x21\x8b\xe1\xb2\x92\xa8\x07\x19\x25\x30\xc9\x1f\xa4\xaf\xc0\x74\x10\x22\xe1\x8d\x59\x7a\x6f\x16\x5f\x48\xb5\x79\x30\x3d\xe4\x33\x00\x1d\xa5\x25\x64\xa4\x35\x58\x1a\xb2\x9d\xc6\xde\x36\x6a\x09\x39\x89\x8e\x02\x80\x68\xb6\xd4\x72\x47\x28\xf2\xa3\xff\x74\x82\x09\x0c\x18\xee\x8e\xde\x04\xd2\x64\xb4\xfd\x39\xfd\xd5\x92\xd8\x6c\xbe\xad\x76\x5a\x56\xc8\xdb\xd7\x9a\xcb\x26\x6f\xa7\x99\xc1\x06\x4d\x99\x66\xf2\x47\x53\xc6\x60\x2d\xe1\x17\xf3\x89\xf4\x30\x79\x05\xb3\x67\xf1\xdc\x8a\xd9\x34\x36\x35\x96\x8a\xb4\x38\x4f\xce\x11\x37\x3c\x3d\x66\x59\x13\x70\xb4\xef\xdf\x48\x39\x07\x1c\x8e\x9f\x4e\x36\x6a\x39\x3b\x4d\x67\xf3\xe6\xb5\xe6\xf9\x84\x1c\x9d\xc4\x4a\xf4\x29\xe5\xf7\xd4\x73\x8f\x21\x7f\xe9\xbc\x91\xde\x6a\xd4\x92\x72\xda\x4f\x1e\x85\xbf\x37\xc2\x9f\xc5\x02\x51\xd8\xca\x49\x94\x14\xd9\x3e\xe5\x3c\x9f\xd6\xd0\x4e\x31\x82\x92\xee\x3f\xeb\xa3\x49\x86\xb9\x10\x8e\xaa\xcf\x94\x8c\xe8\x96\x99\x78\x63\xe4\x86\x71\xb0\xc7\x47\xbd\x42\x5a\x57\x11\x18\x7a\x6c\x28\x2a\x54\x39\x36\xe6\xd4\x7e\x07\x85\x0d\xe7\xcf\x4c\x74\x38\x98\x31\x8b\x5b\x6c\xb3\x81\x05\x11\xeb\x19\x12\x36\x00\xb6\x36\xdd\x97\x2e\x5a\x7e\x5f\x56\x30\x40\xce\xd3\xd6\x7a\x36\xa0\x29\x90\x71\x62\xc8\x4d\x04\x79\x8d\xfa\xfa\xd8\xef\x70\xe0\x76\x30\x30\x38\xe0\x41\x7f\x2d\x9e\xef\xe3\xc8\xab\x33\x68\x0f\x33\x26\x5e\x23\x73\xe3\x63\xc1\x68\x5d\x6b\xb4\xa7\x79\x24\x00\x3c\xc9\x4d\xcc\x83\x19\x7d\xa6\xc4\xdf\xee\xe6\xeb\x25\x9e\xdb\xf6\x90\xfa\xdc\xbc\xf1\xa2\x02\xbe\x4a\x90\xcd\x41\x3c\xf3\x2d\xbc\xff\xe1\x89\xfa\xca\x61\x24\x8a\xf2\x8c\xf5\xae\x77\x9e\xae\xe4\x90\x82\x5c\xf5\x8d\x19\xcc\x73\xcb\xfd\xb2\xf8\x5b\xe0\x71\xb9\x1f\x63\xaf\x08\xae\x1e\x56\x46\xbc\x9f\xbe\x86\x07\x3f\x39\xeb\x40\x53\x07\x06\xb7\x9a\x3b\x63\xfa\xdc\x2a\xa6\xc4\xc1\xf1\x5a\x41\xc3\xad\x16\x15\x8b\x2c\xe0\xf9\x6c\x0f\x31\x97\xd6\x8d\x95\x0a\xe9\x70\x93\x1f\xbf\x85\x27\x4a\x98\xa2\x27\x3f\x97\x2f\x5e\xc6\xc7\x9a\x68\x9f\x68\x16\xdb\x4e\xb6\x91\xfa\xec\x30\xdd\x9b\xe4\xd6\x8a\x93\x6d\xed\x44\x8e\xbc\x05\x83\xd1\x30\x1c\x9d\x8a\xfc\x1e\x9a\xf2\x61\x62\xe2\xc3\x44\xe4\xc3\x44\x84\x34\x25\x8d\x75\x81\xab\xf8\x87\x89\x02\x2f\x94\xf8\x14\x91\xfe\xf9\x92\xbb\x17\xe0\x63\x38\xc2\x5a\xc6\x43\x3e\x9a\x41\x70\x3b\xb3\x8b\xd8\xb6\x60\xfb\xc7\x5d\xf5\x01\x71\x11\xe9\xee\xc8\xc5\xbd\xc8\x5a\x81\xf4\xf6\xb9\xc8\xd1\x7f\xbe\xfc\xa8\xfd\x56\x4f\x26\x84\xd1\x15\x73\x9f\xc8\xe0\x78\x90\xe3\x51\x70\x52\x46\xb5\x64\x54\xdb\x8d\xd1\xe4\x54\x4b\x53\xc9\x50\xd8\xb2\x22\xcd\x46\xc5\xe3\x9b\x49\x51\x93\xd6\x5b\x25\x60\x41\xe4\x26\xcd\xe6\x36\x2d\xd1\xa6\xd2\xfb\x26\xf8\x56\xdd\xea\x34\xa3\xb9\xcd\xd6\xae\xac\xb8\x46\xe2\x22\x47\x42\x29\xe5\x6f\x22\x52\x92\xb7\xb7\x10\xc2\xb2\x52\x1e\x5d\x1c\xc9\x9c\x69\x07\x45\xb6\x9f\x6c\xeb\x20\x5a\xb9\xca\xd4\x0c\x48\x5f\x62\x2e\xad\x43\x46\x92\xa5\x75\x7c\xb4\xa1\xce\x13\x11\xb4\x04\xa2\x33\x26\x12\xf2\x88\x77\x1d\xc4\x73\xea\xe8\xe8\x2c\x1e\x4e\x17\x39\x5d\xac\xf4\x8b\xac\x2d\xb0\x1e\xa9\x31\xbe\x16\x2e\x5e\x58\x16\x99\x7b\xec\x9e\x7a\x5a\x9b\x88\xcc\x3f\x98\xf1\x94\x71\x87\xd2\x2e\xa6\xf8\x32\xde\x56\xa5\x6e\x7a\xbc\xbd\xfd\xcd\x5d\x59\x49\xfb\xc1\x1e\x48\xfe\x48\x30\x45\x7c\x53\xf6\x87\xd0\x31\x91\xec\x5c\x36\x92\x6e\xa2\xba\xbb\x5c\x4d\xae\xe7\x78\x97\x01\x97\x18\x15\xe2\x01\x4f\xa5\x50\x38\x10\xfc\xc6\x43\xac\x67\x53\x79\x27\xac\xc8\x77\x0b\x1e\x6d\x0d\x61\xe0\x7d\x53\x5c\x55\x77\x97\xfc\x64\x2b\x71\x91\x8f\x79\xb8\x41\x86\x9c\xa7\xf4\xf5\x3c\x04\xd8\xd8\x81\x3a\x4d\x89\x2c\xc0\x92\x8f\x13\x92\xcc\xfc\x4d\x69\x4f\xf0\xa0\x0a\xb5\xe4\x3c\x39\xe6\x42\xa5\x09\xf0\x80\x1a\xbc\xe7\x03\xcb\x4d\xf3\x72\x59\xc2\x65\xdc\x4a\x35\x88\x2f\x01\x34\xbf\x0f\x6a\x25\x07\x19\x18\x10\x67\x68\x4f\x50\xed\x0d\x04\xfb\x70\x45\xe0\x34\x6e\xd4\xe2\x88\xb4\x2e\x74\x2c\x72\xdd\xf3\x85\x7a\x5d\x77\xd4\xfe\x81\x23\xd9\x3a\x98\xf2\x02\x2d\xb9\x9f\x36\x3c\xbf\x77\x64\xb5\xa5\x7a\xb2\x07\x3b\xd6\x86\x11\xff\xae\xff\x7a\x8b\x97\xbc\x1d\xdd\xd6\xb2\xc7\x41\xd6\x1d\xa4\x7c\xe9\x19\xe8\xf7\xe2\x12\x1d\x97\xc6\x2a\x2e\x72\xe6\x1d\x69\x17\x1c\xec\x57\x8f\xb4\xb3\x24\xe9\x38\xd2\x97\xc8\xbd\x66\x65\xda\x3d\x26\xd1\x9a\x8d\x77\x18\xd9\xa8\xf6\x59\x4c\xc4\xe7\xbf\x15\x90\x97\xbd\xe5\x69\x48\xb4\x4b\x62\x47\x5a\x39\x4d\xdf\xbf\x41\x79\xca\xc8\x35\x11\xa8\xb7\xaf\x4f\xed\xeb\xe1\x3b\xe1\xed\xed\x97\x21\x32\x8e\xf3\x6a\x09\x01\xc9\xed\xed\x97\x33\xb4\x4a\x9a\x67\x83\x81\x24\x30\xdc\x6c\xc9\x59\x53\x27\x97\xae\x65\x49\x17\x32\x3d\xda\xef\x18\xe4\xac\x64\xf2\x90\x2f\x01\xfe\xec\xb1\x72\xca\xb7\x7e\xf2\xa3\xd3\x32\x77\xda\xb6\xb2\xd3\x0b\xef\x1e\x11\x43\x61\x69\x1b\xff\x74\x7a\x48\x3c\xe2\xcf\xb5\x26\x6d\x11\x8f\x56\xe9\x33\xa5\x63\x7d\xee\xd8\xca\xf0\x8c\x2f\x76\x92\x29\x7c\x1b\xf0\x78\xb1\x93\x3f\x59\xb5\xb7\x88\xbe\x24\xec\xdc\xb4\xde\xc1\xc7\xd8\x49\xae\x94\x14\x87\xd8\xb0\xfe\xbf\x00\x00\x00\xff\xff\x31\x25\x4d\xe0\x65\x9c\x00\x00")

func helpBytes() ([]byte, error) {
	return bindataRead(
		_help,
		"help",
	)
}

func help() (*asset, error) {
	bytes, err := helpBytes()
	if err != nil {
		return nil, err
	}

	info := bindataFileInfo{name: "help", size: 40037, mode: os.FileMode(436), modTime: time.Unix(1790078500, 0)}
	a := &asset{bytes: bytes, info: info}
	return a, nil
}

var _misc = []byte("\x1f\x8b\x08\x00\x00\x00\x00\x00\x00\xff\x7c\x92\xcd\x6e\xeb\x20\x10\x85\xd7\x37\x4f\x71\xe5\x75\x4b\xaa\xaa\x8b\xaa\x2f\x83\x26\x30\x18\x64\x3c\x20\x98\x44\x8d\xaa\xbe\x7b\xc5\x4f\x62\xe1\x46\x5d\x7a\xbe\xef\x48\xc7\xc3\x7c\x1d\xfe\x4d\x19\xd3\x05\x93\xf4\x61\x9e\x3e\xfe\x4f\x21\x22\x5d\x22\x89\xf2\xf9\x54\xa8\x4a\x2e\xf2\x8d\xc2\x99\xed\x1d\x75\x55\x46\x60\x5b\xe0\x31\x9f\x1c\x1d\xfb\xb4\x1a\x2b\x10\xcc\xb8\x22\xb1\xcc\x41\x2d\xc8\x45\xdb\x86\xa2\x0c\xab\xa8\x40\x1a\xe7\x51\x12\xac\x58\x1c\x05\x42\x25\x6e\x05\x5a\x3d\x85\x89\x47\xa7\x81\xbd\xb7\xe0\xf5\xa1\xb6\xe0\xb5\x6a\xda\x8e\x58\xdb\xd7\x97\xb7\x77\x11\x71\xad\x98\x77\x45\x18\xee\x49\xa5\xb4\xd4\x2e\xd5\x7a\x4a\xd7\x91\x8b\x71\xd4\x5d\x8c\x82\x3f\x7b\x21\x06\x3e\xe7\x91\xf7\xe5\x3c\x37\xb6\x2d\xb9\xff\x63\x20\xe3\xe6\xc7\x7f\x19\xc8\xb4\x16\xde\x95\x75\x06\xf2\x8e\x50\xf6\xd7\xb9\xc9\x72\xa0\x22\xdb\x21\x62\xcc\x9f\x99\x86\x77\xa1\xf2\xe0\xbf\x12\xf5\x0a\xba\x97\x2d\x7a\xbf\x9d\x40\xb9\x80\x13\x64\x3b\x1d\xbe\x7f\x02\x00\x00\xff\xff\xb0\x83\x6f\xe3\x5c\x02\x00\x00")

func miscBytes() ([]byte, error) {
	return bindataRead(
		_misc,
		"misc",
	)
}

func misc() (*asset, error) {
	bytes, err := miscBytes()
	if err != nil {
		return nil, err
	}

	info := bindataFileInfo{name: "misc", size: 604, mode: os.FileMode(436), modTime: time.Unix(1769775783, 0)}
	a := &asset{bytes: bytes, info: info}
	return a, nil
}

var _ratelimitSh = []byte("\x1f\x8b\x08\x00\x00\x00\x00\x00\x00\xff\xc4\x57\x6d\x53\xdb\x56\x16\xfe\xae\x5f\x71\x22\x44\x80\xec\x38\xb6\x49\xe8\xc4\x10\x33\x43\x02\x49\x3d\x49\x4d\x86\xa4\xc9\xec\xa4\x19\x8d\x90\x64\xac\x41\x48\x8e\x25\x87\xce\x82\x67\x60\x0b\xc1\x50\xf3\x92\xa9\xeb\x06\x43\x96\xd0\x6d\xa6\xde\x6e\x37\xa4\xdd\x2c\x38\xc4\xc0\x8f\xa9\xaf\x24\x7f\xf2\x5f\xd8\xb9\xbe\xb2\x2c\x19\xf2\xb2\x9b\x66\xea\x2f\xd6\x3d\xf7\xdc\xe7\x9c\xfb\x9c\x97\x7b\x6f\xdb\x29\xff\xa8\xa4\xf8\x47\x39\x2d\x4e\xb5\x81\x75\x78\x58\x5d\x58\xad\xae\xaf\x55\x67\xb6\xac\xa3\x35\x6b\x3b\x6b\x7c\xb7\x6b\x6c\xbc\x34\xf2\x2f\xac\xb9\x82\xb1\xf9\x73\xad\x9c\xb1\xfe\x33\x67\xec\xaf\xa1\xb5\x65\x48\x72\xba\x28\x4b\x13\x92\x7e\x56\x8b\xd7\xca\x8b\x54\x1b\x98\xb9\x5f\xaa\x4f\xbe\x37\x9e\x1c\x99\x85\x39\x73\x69\xd7\x98\x99\xad\x2e\x2c\x54\x37\x1e\xa2\xf5\xa2\x91\x5d\x34\x36\x97\xd1\xd2\x36\x5a\x2f\x5a\x2f\xbe\x32\x73\xc5\x5a\xb9\x80\x0e\xbe\x31\xb6\xd6\x2a\xa5\x9f\xd0\x66\xd1\xdc\x3f\x42\xcf\xbf\x37\x32\x7b\xe6\x3f\x77\x50\xf6\x55\x75\x7e\x19\x65\x5e\x18\xf9\x17\x66\x61\xce\x76\xe8\xc7\x39\x94\x59\xff\x6d\x66\x96\x6a\x83\x4a\x29\x67\xe6\xb6\x8c\x6f\x33\x64\x0a\xbb\xe5\x72\xdd\xc8\xbf\x32\xb6\x33\x95\xd2\x8a\x99\x2b\x1a\x99\x3d\x3f\xf9\x33\x5f\xdb\x40\x68\x35\x6f\x6c\xce\x54\x0e\x56\x6a\xe5\x45\xb4\xfa\xc8\xcc\x6d\xa1\xd5\xc7\x28\x9b\x37\xbe\xdb\xad\x95\xb3\x54\x1b\x90\x3d\x18\x4b\x4b\x44\x6e\x16\xe6\x1c\xcf\xaa\x33\x05\xeb\x68\xc1\x78\xba\x80\x16\x1e\x5a\x87\xdf\xa0\xf9\x67\x95\xf2\x53\xeb\x68\xc3\x78\xf2\xac\x56\xce\x1a\x9b\x3f\x13\x9e\xaa\x0b\xcb\x98\xb3\xe7\x87\xe6\xc1\x73\x23\x93\x37\x7f\x7c\x5d\x5d\xff\x01\xed\xbc\x42\xfb\x39\xb3\x30\x07\x3a\x0f\xc4\x95\xdf\x66\xfe\x4a\xb5\x51\x6d\xe0\x06\x34\x76\x56\xad\xed\x6c\xad\x9c\x31\xff\xb1\x6f\xae\x1f\xa0\xcc\xc3\x6a\x21\x57\x2b\x2f\xd6\xca\x85\x8b\xd6\x7a\xc1\xf8\x7a\x2b\x72\xe3\xc1\xf9\x7e\xb8\x58\x29\x2d\x55\xca\x4f\xaf\x5d\xf2\x6b\xf5\xc1\xd7\xd6\xc1\x41\x7d\x40\xb5\x41\x00\xac\xed\xa2\xf9\xc3\xbe\xb5\xf3\xcc\xc8\xbf\x42\x6b\x8f\x2a\xa5\x65\x87\xaa\x4a\xb9\x40\x1c\x72\x66\xd1\xde\xaf\xe8\x5f\x8f\x71\x10\x88\x73\x84\xea\x5a\x79\xb1\xee\x1f\x10\x43\x10\x06\x27\x82\xe0\xeb\x07\x87\x93\x5a\x79\x83\x58\x87\x70\x53\x88\x35\x1c\x75\x0c\x43\x45\xa2\xb7\x86\x46\xa2\x03\xd7\xd9\x81\x1b\x91\x30\xcd\xb2\xee\x31\xcb\xd2\xd4\xf5\xe1\xab\xec\x95\xc8\xf5\x21\x3c\x77\x67\x78\xe4\x5a\x24\x7a\x95\x1d\x8c\x8c\xb0\x2c\x97\xd2\xe3\x67\x65\x75\x8c\xa6\x6e\x0e\x8d\xdc\x1e\x1a\x61\x23\x83\x58\xc7\x19\xe0\xc5\x8d\x01\xc6\xbc\x32\x70\x79\xc8\xad\xd0\x90\x11\x23\x97\xaf\xbd\xc1\x0a\x2f\x9f\x95\x55\x7e\x9c\xa6\x28\x59\x1d\x63\x27\x44\x4d\xe3\xc6\xc4\xce\x2e\x98\xa2\x00\x00\x64\x95\xe7\x64\x90\xc5\x07\xa2\x1c\xa6\x99\x20\xed\x12\xda\xaa\x61\x9a\xe9\x26\x62\x91\x8f\xab\x40\x33\x9d\x02\xa7\x8b\xd0\xf1\xa7\xf6\x3f\xfb\xda\x27\x7c\xed\x02\xb4\x7f\xda\xdb\xfe\x59\x6f\xfb\xcd\x8e\x2e\xb8\xcb\x4c\xd5\xb1\xd2\xf7\x80\x99\xb2\x01\xd2\x34\xf4\xf7\x03\xcd\x34\x88\xa0\xa9\x34\x45\xdd\xba\xcc\x5e\x8a\x44\xc3\x34\x4d\xc5\xd4\x24\xb0\x3a\x0f\x92\x02\xfe\x94\x96\xf4\x6b\xb8\x70\x75\x1e\x9a\x1f\x58\xda\xf8\x26\xff\x7d\x20\xa8\x75\x97\xa4\x18\xdc\x05\xdf\x97\x40\x33\xac\xce\xd3\x70\xaf\x0f\xf4\xb8\xa8\x40\x03\x5d\x4b\x09\x2a\xd4\xa7\xfa\x60\x34\x29\x72\xe3\x7d\x10\x93\x28\x41\x55\x44\xea\x2e\xf8\xfe\x02\x34\x43\x34\x69\xb8\x07\xa7\x4f\x7b\x97\xe9\x3c\x5d\x77\x73\x70\xe8\x76\x98\x66\x5a\x49\xa7\x29\x62\xda\xc6\x18\x1c\xba\xed\x58\xb7\x29\x74\xb8\x06\xfa\xce\xc0\x48\x34\x12\xbd\x4a\x03\xdd\xcc\x34\x07\x71\x10\x8c\xcd\x9f\xaa\xf3\xcb\xe6\xc1\x73\xf3\xe0\x11\x5a\xde\xae\x95\xb3\xd6\xde\xbf\xad\xa3\x05\x4f\xed\xd7\xbb\x95\x1d\x87\x2f\x25\x1d\x02\x54\x4c\xc2\x3e\x9c\x02\x29\x01\xb2\xa4\x8c\x83\x16\x57\x27\x5d\xde\xf4\xfb\x05\xf1\x81\x5f\x49\xc9\x32\x74\xf7\x9f\x0e\xbe\x87\x6f\x2b\xcf\xd0\xea\xdf\xc1\x06\x80\x4a\x69\x99\x14\xcf\xff\xe0\x0f\xee\xb5\x3b\xaf\xd1\x6a\x1e\xcd\x17\xab\x5f\x15\xd1\xe1\x3c\xd1\x73\xd5\x54\xb6\x3a\x7b\x84\xe6\x97\xd1\x66\x11\x62\x38\x2f\xa1\x52\x7a\x69\x7e\x9b\x45\xd9\x7d\xf4\x70\x1e\xcd\x16\xaa\x8f\x5f\xa3\xed\xbf\x41\x64\x98\xba\xfc\xe9\x40\xf4\xea\xd0\x4d\x9c\x23\x93\x71\x49\x16\x21\x29\x72\x02\xf8\x92\xc0\xcb\x92\xa8\xe8\xac\x94\x80\x54\x42\x56\x39\x81\x1d\x1f\x05\x41\x9d\x54\xec\x6f\x27\x39\xec\xf0\x38\xea\x76\x94\x79\x55\xd1\x25\x25\x25\xd6\x75\x78\x4e\x13\x81\x66\x1c\x20\x1a\xe7\x61\x47\xc7\xf4\x99\xbb\xa7\x02\xbe\xd0\xbd\x33\x5d\x4d\x1b\xe1\x00\xf4\xf5\x81\xa8\x71\xbc\x7b\xa5\xcb\xf0\xf1\xb5\xae\xc9\x96\xd5\xce\xe6\x98\x29\xfb\x33\xcd\x4c\x39\x9e\xa6\x81\x99\x72\xec\xe2\x81\x0b\x28\xfd\x85\x42\x93\x14\x76\xa5\xa0\x8d\xe1\xcd\x41\x4f\x5c\x2a\xa5\x95\x06\x71\xaa\x22\x4b\x8a\x78\x56\x8b\x83\xdf\x11\xc5\x62\x0d\x19\x9a\xff\xc5\xcc\x15\xd1\x5a\xb6\x52\x9a\x31\x96\x96\x48\x94\x6a\xe5\x6c\xa5\xf4\xab\xb5\x9d\x45\xd9\x3c\xee\xa4\x68\xf5\xb1\xb1\xf1\x92\xea\x24\x19\x48\x02\xe9\x9b\x84\x4f\x02\x10\xfa\x3f\x8b\xc0\x5a\xd9\x43\xab\x79\x92\x5c\xd5\xdc\xac\xb5\x3b\x4f\xce\xad\xf7\x4e\xbd\x44\x52\x52\xf4\x18\x74\xb4\x8f\x76\xb8\x09\x99\x86\x8f\x97\x3c\x2c\x1f\x66\x3a\x1d\xbb\x5a\x87\x57\x7f\x1a\xf8\x94\x0e\x3e\xe1\x2c\xf8\x62\xe7\xba\xc8\x02\xe1\x7d\x17\x9c\x27\x0b\x3e\x8b\x44\x87\x47\xc2\x4c\x67\x27\x74\x32\x53\x2c\xdf\xeb\x0b\xa4\xe1\xe2\x45\xb8\xd0\x05\xd3\xc0\x4c\xb1\x42\x5d\xd0\xd5\x65\x7b\x4c\x33\x75\x7d\x1a\x7c\xb2\x08\x01\xe2\x30\x41\x08\x1e\xd3\x18\x13\xe1\x93\x9e\x9e\x73\x3d\x6e\x2d\x2c\x38\x7f\x4c\x53\xbc\x0f\xa1\x50\x28\xe4\x56\x0c\x85\x42\x17\xa8\x66\x03\xf6\xd4\x8f\x6f\x4c\xc7\xb6\x5d\x69\x60\xeb\x9d\x02\xbb\xdb\xc2\x7d\x41\xd2\x78\xd2\xaf\x04\xf1\x81\xab\x67\x75\xbb\x9a\xd6\x34\x8c\x25\xc5\x04\xf8\xee\x43\x47\x5c\x1f\x85\x60\x6f\x47\x0b\x24\xfe\x79\x11\x39\x41\x68\x01\x4c\xaa\xaa\x0e\x71\x4e\x11\x64\x11\x82\xbd\x80\x81\x04\x31\xc6\xa5\x64\x9d\xec\xc9\x65\xf0\x44\x5c\x5e\xe6\x34\xed\x04\xdc\x04\x97\x14\x15\x1d\x43\xd6\x35\x24\x01\x82\xbd\x75\x40\x6c\x01\x5f\x20\x21\x18\x08\x8c\x8d\x4a\x3a\xf0\xa2\x24\x3b\x83\xd1\x54\x52\xd3\x21\xd8\x33\x0e\x7c\xf3\xf3\x7e\x8a\x53\xf4\xd4\x04\x04\x7b\x02\x81\x13\x1d\x8a\x49\xce\xe7\xe7\x37\xae\x0f\x0f\x0c\xb2\xd7\x2e\x45\x6e\xe1\xac\x68\xa6\xf0\x19\xb8\x60\xa7\x81\x4b\xed\xd2\xe7\x23\x37\xeb\x7a\xae\x65\x70\x06\x82\xdd\x2e\x55\x1c\x3d\xb7\x3a\x4e\x1e\x1d\xce\x05\x02\x76\xfe\x78\xa0\xb0\x98\xfa\x10\x8e\x48\x52\x35\x59\x62\xa6\x5c\xae\xa5\xc7\x1d\xc2\x4e\x90\x13\xc2\x9c\x89\xba\x43\xe9\x06\x8f\xad\xe2\x37\x71\x0a\x5f\x78\xc2\x3c\x3d\xdd\xb2\x0b\x3e\xce\x29\x63\x62\xcb\x46\xfe\x58\xf7\x8f\xf1\x1d\x93\x64\x5d\x4c\x82\x20\xca\x6f\x24\x3c\x91\x54\x75\x95\x57\x65\x7c\x37\x48\x24\x25\x15\x6c\xc7\x53\xe7\xba\xbd\x35\x36\x0d\x7a\xd2\x6e\x66\x27\x98\x78\x5b\x4c\xdf\x66\x62\x82\xd3\xf9\x38\x9e\x10\xea\x7b\x6b\x1e\x6b\xfe\x73\xdd\xf8\xb0\x98\x74\x91\xe9\xd8\xf6\x1c\x16\x91\xe8\x95\x61\x1a\xe8\xe3\x6d\x1f\xc8\xa3\xa7\xf1\x60\x80\x66\xff\x6c\x5c\xe7\xdd\x27\x27\x7e\x37\x1c\x0b\x9f\x7d\x72\xc8\xda\x1b\xf7\xfd\x31\xa9\x25\x79\x76\xdc\xc2\xb1\x24\x7b\x1b\xd8\x07\x73\x85\xdf\x8a\xbb\x19\xc2\x18\x59\x42\x58\xc1\x07\xa9\xab\xad\x7b\x2e\x37\x27\x37\xf6\x77\x75\x60\xbb\xf9\xc6\x62\xb1\x58\x2f\x48\xca\x58\x52\xd4\xb4\xb7\xee\x6d\x70\xf8\x4e\xd4\xd3\xe4\x5c\x4e\xb4\xb4\x39\x47\xd5\x69\x74\x9e\xc5\x27\xb5\x3a\xef\x92\xd6\x66\xd7\x02\x78\x62\xbb\x7b\x57\x8e\x90\x9d\x7e\xec\x0a\x7c\xb7\x15\xa7\x08\xb5\x24\x7f\xac\x08\x13\xaa\x2c\xf1\x62\xa3\x89\x79\x58\xf3\xb6\x2b\x2f\x23\x69\x10\x92\x6a\xa2\x51\xc2\xbd\xc1\xdf\xb3\x78\xeb\x2f\x6d\xef\x4d\x17\x97\xef\x07\x54\xeb\x87\x45\xe2\x77\xab\x31\xbc\xb1\x96\x1a\xab\x5f\xdf\xbb\x20\xd4\x8f\x5f\xc5\xf6\xcb\x9d\xa6\x28\xfb\x36\xfb\xdf\x00\x00\x00\xff\xff\x12\x38\x17\x37\xbd\x12\x00\x00")

func ratelimitShBytes() ([]byte, error) {
	return bindataRead(
		_ratelimitSh,
		"ratelimit.sh",
	)
}

func ratelimitSh() (*asset, error) {
	bytes, err := ratelimitShBytes()
	if err != nil {
		return nil, err
	}

	info := bindataFileInfo{name: "ratelimit.sh", size: 4797, mode: os.FileMode(436), modTime: time.Unix(1789788373, 0)}
	a := &asset{bytes: bytes, info: info}
	return a, nil
}

var _server_exitSh = []byte("\x1f\x8b\x08\x00\x00\x00\x00\x00\x00\xff\xb4\x94\x4f\x4f\x1b\x47\x18\xc6\xef\xfb\x29\xde\x0e\x63\xfe\xa8\x99\x1a\x38\x70\x48\xb4\x48\x96\xbd\x4e\xac\x82\xb1\x76\xad\x26\x51\x94\x8e\x16\xef\x60\x2f\x5d\x76\x57\x9e\xb1\x43\x65\x2c\x81\x14\x52\xa7\x82\x36\x52\x88\x5a\xc0\xad\x48\x85\x14\x4b\x0d\x8d\x72\x41\x3d\x58\xf9\x34\x9d\x35\x3e\xf9\x2b\x54\x6b\x8c\x0b\xc4\x58\xa0\x34\x7b\x59\xcd\xcc\xf3\xfe\xe6\x79\x1f\x8d\xde\x91\x2f\xa2\x8b\xb6\x1b\x5d\x34\x79\x41\x19\x01\x59\x6f\x04\xf5\x6d\xf9\xe3\xeb\xd6\x9f\xef\xe4\x46\x3d\x38\xfa\x43\xbe\xf8\x29\x78\xfe\xe6\xe4\xf5\x56\x70\x74\x78\xf2\x74\x2f\xa8\xbf\x55\x94\x54\x3a\xab\xe9\xe9\xd8\x1c\x8d\x65\x52\x2a\xa2\xf4\xfc\x9a\x52\xa4\xcc\x2d\xdc\xa5\xc9\xd4\x9c\x16\x9e\xdd\x5f\xd0\xbf\x4e\xa5\xef\xd2\x44\x4a\xa7\xd4\x2c\x89\xc2\x57\x8e\x97\x47\x8a\xa1\xe9\xdf\x68\x3a\x4d\x25\x42\x4d\x7f\x11\x16\xf7\x8f\x42\x68\x32\x16\xd7\xce\x2b\xce\xf6\x42\x61\xfc\x5e\x2c\x95\xa6\xe9\xd8\xbc\xa6\x22\xcf\x67\x6e\xd9\x77\xa9\x99\x73\x28\xee\xe3\x90\xa2\xcc\x1b\x86\x3a\xa9\x28\x8e\x97\xa7\x2b\x8c\x73\x33\xcf\xc6\x27\xa0\xa2\x00\x00\x38\x5e\xce\x74\xc0\x61\x65\xe6\xa8\x08\x4f\xa1\x73\x9b\x3d\xa9\x8a\xf0\xf4\xe9\x36\xcb\x15\x3c\x40\x78\xdc\x32\x05\x83\xb1\x2f\x23\x0f\x49\x64\x85\x44\x2c\x88\xdc\xbb\x1d\x99\xbf\x1d\x31\xc6\x26\xe0\x11\xae\x74\x59\xd5\xc7\x80\x2b\x3d\x40\x15\xc1\xec\x2c\x20\x7c\x16\x08\x52\xaa\x8a\x62\x2f\xc1\x23\x20\xab\x10\x2d\xf1\x62\x94\x87\xe1\xdb\x3e\x67\x02\x1e\xdf\x01\x51\x60\x6e\xf7\xbe\x54\xc6\xd0\xb2\x2a\xe2\x25\xcb\xbb\xac\x43\x0a\x73\x38\xfb\x48\xd5\x3b\x5b\xb2\x7b\x17\xe0\x79\xc3\x00\x92\x17\x30\x35\x39\x79\x86\x86\x6e\xd5\x47\x50\x61\x2e\x3a\x8c\x03\x49\x40\x72\x41\xbf\x1f\xd3\x13\x40\x7c\x10\x39\x1f\x88\x0d\xf8\x72\xf2\x40\x88\xc8\xf9\x64\xc9\x31\xf3\x1c\x8c\x87\xe9\x5b\xba\x91\x0d\xff\x40\x96\x21\x1b\xcf\x74\x6f\x25\x9c\x09\xb2\xc2\xf9\xa9\x89\xd1\x59\x88\x5a\xac\x1c\x75\x4b\x8e\x73\x53\x03\xde\xff\x6e\x20\x0c\xe8\x3a\x06\x06\xb6\xbe\x0c\xf8\xbf\x57\x77\x91\xfb\x09\xcc\x84\xbe\x90\x81\xde\x77\x63\xe6\xc0\x84\x96\x21\x16\x8f\x6b\x99\xec\x00\xe6\xd5\xd0\xe4\xf9\xe6\xae\x96\x3d\xb8\x20\x1b\xc0\x9b\xf9\x1c\x69\xde\x00\x7a\xfd\x38\x07\x41\x3f\x3d\xcf\x99\x6b\x06\x3a\x73\x45\xa2\x23\x20\xf7\x7f\x0f\x76\x8e\x83\xfa\xdb\xd3\x59\x2c\x77\x1b\xed\x8d\x5f\x5a\xaf\x76\x3b\xcd\x3d\xb9\x59\x93\xb5\x03\x79\xf4\xa2\xfd\xf2\xc3\xb8\xdc\x3c\x3e\x79\xf3\x54\xd6\x76\x65\xf3\x55\x6b\xa7\xd1\xfa\x6d\xbd\xb5\xff\x57\x70\xf0\x43\x7b\xff\xd9\x44\xa7\xb9\x25\x9f\x6d\xb7\x77\xd6\x83\x77\x1b\xa7\xc3\xa1\xd3\xac\x85\x63\x46\x6e\x36\xe4\xfb\x75\x79\xf4\xab\xac\x37\x3a\xcd\xad\x7f\xfe\xde\x6e\xef\xfd\xdc\x7e\xf9\x41\xd6\x0e\xda\xbb\x87\x27\xeb\x5b\xc1\x71\x4d\x1e\xbe\xef\x34\x9f\x5f\xfd\x06\x0c\x98\x9e\xed\x47\x00\x6b\x60\x3e\xf9\x0e\x48\x19\x7c\x15\x79\x65\x5c\xe9\xcf\xdf\x2a\xcd\x51\x04\x63\x78\x4a\x55\x11\x49\x23\x18\x1d\x05\xdb\xb5\xd8\xea\x38\x9e\xbe\xe5\x4f\xa8\xea\x14\x54\xfc\xa2\xed\x0a\xc0\xd3\xd5\x31\x58\x83\x27\x05\xdb\x61\x50\x64\xa6\x05\xa4\x08\x94\x97\x16\xef\x80\xe5\x0d\x9f\x19\x49\x40\x38\x54\xa2\x8b\x96\xd6\x40\x14\x4b\x6c\x78\xe9\x83\xa1\xa5\x96\xe7\x32\x45\xc1\xdd\x19\x0b\x8e\xcd\x05\x10\xf7\x52\xdb\xf9\x22\xf3\x81\x68\x80\xbe\xbd\xd4\x36\x1a\xd0\x0c\x13\xfd\x66\x7a\x50\x8b\x71\x51\xf4\xbe\xef\xba\x60\x62\x98\x0b\xb6\x6a\x0b\x98\xfc\x37\x00\x00\xff\xff\xc0\x55\xc8\xce\xab\x07\x00\x00")

func server_exitShBytes() ([]byte, error) {
	return bindataRead(
		_server_exitSh,
		"server_exit.sh",
	)
}

func server_exitSh() (*asset, error) {
	bytes, err := server_exitShBytes()
	if err != nil {
		return nil, err
	}

	info := bindataFileInfo{name: "server_exit.sh", size: 1963, mode: os.FileMode(436), modTime: time.Unix(1789561870, 0)}
	a := &asset{bytes: bytes, info: info}
	return a, nil
}

var _server_startSh = []byte("\x1f\x8b\x08\x00\x00\x00\x00\x00\x00\xff\xb4\x56\x6d\x4f\x1a\x59\x1b\xfe\x3e\xbf\xe2\xee\x38\xbe\xe5\xe9\x3c\x80\x4f\xe2\x87\x36\x98\xf0\xc8\xd8\x92\x55\x34\x40\xb6\xdb\x34\xdd\x09\xc2\x41\xa6\x3b\xcc\x4c\x38\x83\x75\x63\x4d\xe8\x0b\x16\x5d\xac\x24\xd5\xb8\xbe\xb5\xd2\xed\x46\xb2\x6d\xd1\xdd\x74\x6d\xb7\x1d\xed\x8f\x29\xe7\x30\x7c\xe2\x2f\x6c\x06\x90\xfa\x82\xac\x56\x97\x2f\x27\x33\x73\x9f\xeb\x5c\xf7\x35\xd7\x7d\x0d\x6d\x97\x6c\xa3\x92\x62\x1b\x0d\xe2\x28\xd3\x06\x64\x2d\x4f\xd7\xe6\xc8\x6c\xae\xf4\x6a\x8b\x64\xb7\xc8\x6c\x9e\x64\x9f\xd0\x99\x4d\x33\x97\xa1\x6f\x5e\x9a\x8f\x56\xe8\xda\x6b\x86\xf1\x78\x03\x82\xcf\xeb\x1a\x14\x5d\x23\x1e\x27\x2b\x8a\x07\xaf\x45\x91\x65\x06\x87\xaf\x89\x03\x9e\x41\xc1\x7a\x76\x63\xd8\xf7\x8d\xc7\x7b\x4d\x74\x7b\x7c\xa2\x18\x4c\xe8\xd1\xff\xca\xea\x18\xcb\xf8\x05\xdf\xb7\x82\x4f\xf4\xb8\xad\x9a\xc6\x85\xb5\xb9\xf1\xc8\x02\x1d\x70\xf5\x0b\x07\x2b\xf6\xef\x59\x85\xfd\xd7\x5d\x1e\xaf\xe8\x75\x0d\x09\x4e\x56\xd5\x90\x32\xae\x29\x62\x30\x24\x8b\x5c\x03\x8e\x65\x98\x36\x30\x0b\x7b\xa5\xdd\x42\x0c\xe3\xcf\xc9\x07\x31\x8c\xfb\x1c\x76\x3b\x5d\xda\x21\xd9\xad\xd2\x42\x1e\xe8\x93\xbc\x39\x97\x25\x6b\x79\x52\x78\x41\xd3\xef\x4a\xaf\xb6\x8a\xbb\x9f\x4a\x0b\xf9\x18\xc6\x11\x69\x82\xcc\x3f\xa0\x8b\xdb\xe6\xf6\x43\xba\xf8\x36\x86\x31\x30\x43\x7e\xbf\xd3\xce\x30\xb2\x3a\x26\xc6\x10\xc6\xc1\x31\xd4\xd5\x0d\x93\x0c\x00\x80\xac\x86\x82\x32\xc8\x68\x1c\xc9\x4e\x96\x73\xb0\x07\x6e\xd6\x4b\x9d\x2c\xd7\x53\xbb\x8d\x42\x51\x15\x58\xae\x2b\x1c\xd4\x11\x74\xfe\xa7\xfd\x26\xdf\x1e\xe3\xdb\xc3\xd0\x7e\xfd\x4a\xfb\xd0\x95\x76\x7f\x67\x37\xdc\xe2\x26\xab\x58\x53\xb7\x81\x9b\xac\x03\x4c\xb1\xd0\xd7\x07\x2c\xb7\x2f\x2f\xcb\x4c\x31\x8c\x14\x81\x5b\xc0\x4f\x80\x2d\x81\xe3\x36\x6c\xbd\x4a\x49\xc3\x48\x87\xdb\x57\x41\x8f\x22\xa5\x7a\x9e\x67\xc4\x2f\x04\x9c\x2c\x4e\x84\xd5\xa3\x75\x2c\x83\x64\x8c\x8e\x55\xd5\x9f\x45\x24\x4b\x41\x57\xff\x20\xd0\x85\x3d\x33\x97\x29\x1a\x3f\x93\x54\xda\x12\xae\x5a\x50\x31\x56\xe9\x93\x17\xf4\xcf\x9f\x48\x6a\x87\xcc\x3e\x37\x1f\xee\xd2\xe4\x26\x99\xb7\x94\xa5\xc9\xcd\x8a\x91\xae\x51\xe1\xf9\x71\x14\xc7\x92\xaa\x54\xed\xb5\xb4\x41\xa6\x53\x74\xe3\x3d\x5d\x7f\x58\x5e\xce\xd2\xa5\x9d\xe2\x5f\xcf\x8b\xc6\x0a\x79\xf9\xbb\xf9\xf6\xd7\x8a\x91\xa1\x8b\x29\xeb\x00\x59\xc2\x3a\xf0\x4a\xc5\x98\xf9\x9c\x7c\xc0\xb4\x41\xf1\xfd\x5c\x1d\x79\x69\xa7\x62\x64\x42\xb2\x84\x14\x5d\x54\x15\x59\x52\x90\x4d\x8d\x44\xac\x15\x8a\xc6\x8a\xf9\xf8\x37\xcb\xb5\xab\xcf\xcc\xec\x2e\x49\x6f\x17\x8d\x8d\xd2\xc7\xe7\xe5\x64\x96\xae\xe7\x40\xd2\xf4\xe0\xa8\x8c\x30\xd0\x7c\x8e\x18\xf3\x15\x23\x63\x7e\x5a\x2e\x3f\xce\x14\x3f\xa6\xcc\xc2\x36\xd9\x5d\xa4\xf3\xd9\xd2\xcb\x0f\xd6\x81\x52\x04\x2e\x01\x57\x95\x64\x9f\x0a\xf4\xd9\xc2\x68\xdc\xa6\x24\x64\x19\x7a\xfa\x3a\x1c\x07\x04\x3e\x60\x08\x60\x6f\xb8\x7c\x5e\x16\xd8\x5a\xef\x0d\xda\x15\x23\x63\xe9\x48\xb6\xa7\x4f\xc9\x2d\x4d\x3e\x7e\x30\x0b\x05\x52\x98\x31\x7f\x49\xd5\xf4\x06\x32\x3f\x5b\x17\x2f\x9f\x23\xeb\x4b\x20\x69\x22\x46\xba\x2d\x1a\xc4\x51\x51\xd2\x6a\xab\x62\xbd\x97\x99\xda\xbb\xab\x9a\x83\x1b\xf2\xfb\x81\x1f\xd3\xc1\x61\xb7\xef\xdb\x02\xaa\xb4\x8f\x19\xa2\x4e\x81\x77\xc3\xc0\xb0\xef\x86\xcb\xe7\x06\x5e\x03\x3d\xa4\x01\x2f\x01\x77\x74\x06\x81\xe7\xf5\x90\xc6\x47\xe4\xe0\x18\x06\xff\x4d\xef\x65\x9f\x3f\x60\xad\xc0\xdf\x81\x40\xff\x48\xf5\x54\x1e\x23\x9d\xb7\x46\xc7\xf1\x3f\xbb\x1d\x3a\xfa\xa0\x21\xe1\x59\x09\xa8\x17\x4e\xc0\x12\xe8\x34\x04\x9a\xb6\x7e\x07\xb8\x2f\xf9\x73\x18\xf7\x1c\x98\x6e\xdf\xf0\x08\xd4\x7f\x67\xc6\x6c\xaa\xd0\x1d\x70\xf5\xf7\x0b\x23\x81\x26\x98\x27\x83\x7a\xbf\xa2\xb9\x81\x43\x7b\xac\xd8\x20\xab\xcf\xe8\xc2\x0e\x5d\x7b\x5d\xfb\xa2\x90\xe5\x7c\xf1\xfd\x2c\x7d\x9d\x2b\xdf\x5f\x2a\x2d\x2e\x57\x8c\x15\x92\x4a\x93\xf4\x06\x79\x93\x2d\x3f\xdd\xeb\x22\xa9\x1d\x73\xf3\x11\x49\x2f\x13\x63\xb1\xb4\x90\x2f\xad\x27\x4b\xab\x05\xba\xf1\xb8\xbc\x3a\xdd\x5d\x31\x32\x64\x7a\xae\xbc\x90\xa4\x5b\xf7\xf7\x93\x27\x5d\x7e\xba\x47\xde\xfd\x01\x11\x39\x81\xa3\x15\x23\xb3\x3f\x6c\xd3\x73\xe6\x8b\x57\x35\x8c\x8a\x31\x73\x32\x5f\x3f\xf4\x1c\x98\xe7\x7b\x10\xbc\xfb\x03\xf0\xe3\xa0\x39\x59\x75\x9c\x9b\x6c\x7c\x42\xa6\xc4\x90\xc8\x42\x27\xe7\x70\x3a\x59\xde\xcb\x42\x47\x07\x48\x4a\x18\x4d\x74\x71\x3d\x97\xb5\x6e\xa7\xd3\x01\x93\x5a\x5c\x52\x74\xe0\x7a\xa6\x3a\xe1\x1e\xdc\x8d\x4a\x32\x82\x38\x0a\x86\x81\x8f\x83\x88\x13\xa3\x57\x21\xac\xb6\x36\xfb\x00\xb0\x9c\x55\xc9\x1e\xa6\x74\x0f\xf4\x78\x02\xb5\xde\xfa\x5d\xcb\xad\x61\x55\x41\x0c\x73\x24\xc5\x0e\xb7\x3d\x16\x47\x1a\xf0\x02\xb0\xdf\x1f\x69\x9b\x6d\xd2\x0c\xd2\x1b\xcd\xd4\x41\xc3\x08\xeb\x71\xf5\xc7\x2a\x0b\xa4\xb7\x62\xf1\xb5\x51\xe4\xba\xf0\x28\xaa\x92\x38\x7d\x14\x1d\x27\x70\xde\x28\x3a\x4e\x20\x22\x41\x8b\x71\x74\x1d\x1a\x2d\x3e\x06\x58\xb7\xfe\x38\xf0\x7c\x6d\x15\xfc\x01\xd7\xff\x07\x3d\xfe\xeb\x82\xfb\xb2\x4f\x18\x74\x05\x04\xf7\x97\xb9\x6f\x09\x7b\x86\x88\x3b\x0f\x8c\x95\x6a\xa7\xda\xdf\x32\xc1\x9a\x74\xd2\xfb\x6f\xa4\xf5\x19\x40\x4f\x1f\xd7\xcd\x40\xcf\x9f\xd7\xbd\x5f\x13\xd8\xbd\x27\x25\xf6\xc9\x95\x17\x6c\xc0\xde\x0b\x72\xe0\x19\x70\x9a\x5b\xb0\x19\xc0\x3f\x78\x10\x4d\x48\x3a\xd8\xe1\xef\x00\x00\x00\xff\xff\xac\xfe\xd2\xa0\x36\x0d\x00\x00")

func server_startShBytes() ([]byte, error) {
	return bindataRead(
		_server_startSh,
		"server_start.sh",
	)
}

func server_startSh() (*asset, error) {
	bytes, err := server_startShBytes()
	if err != nil {
		return nil, err
	}

	info := bindataFileInfo{name: "server_start.sh", size: 3382, mode: os.FileMode(436), modTime: time.Unix(1789563364, 0)}
	a := &asset{bytes: bytes, info: info}
	return a, nil
}

// Asset loads and returns the asset for the given name.
// It returns an error if the asset could not be found or
// could not be loaded.
func Asset(name string) ([]byte, error) {
	cannonicalName := strings.Replace(name, "\\", "/", -1)
	if f, ok := _bindata[cannonicalName]; ok {
		a, err := f()
		if err != nil {
			return nil, fmt.Errorf("Asset %s can't read by error: %v", name, err)
		}
		return a.bytes, nil
	}
	return nil, fmt.Errorf("Asset %s not found", name)
}

// MustAsset is like Asset but panics when Asset would return an error.
// It simplifies safe initialization of global variables.
func MustAsset(name string) []byte {
	a, err := Asset(name)
	if err != nil {
		panic("asset: Asset(" + name + "): " + err.Error())
	}

	return a
}

// AssetInfo loads and returns the asset info for the given name.
// It returns an error if the asset could not be found or
// could not be loaded.
func AssetInfo(name string) (os.FileInfo, error) {
	cannonicalName := strings.Replace(name, "\\", "/", -1)
	if f, ok := _bindata[cannonicalName]; ok {
		a, err := f()
		if err != nil {
			return nil, fmt.Errorf("AssetInfo %s can't read by error: %v", name, err)
		}
		return a.info, nil
	}
	return nil, fmt.Errorf("AssetInfo %s not found", name)
}

// AssetNames returns the names of the assets.
func AssetNames() []string {
	names := make([]string, 0, len(_bindata))
	for name := range _bindata {
		names = append(names, name)
	}
	return names
}

// _bindata is a table, holding each asset generator, mapped to its name.
var _bindata = map[string]func() (*asset, error){
	"acl_add.sh":        acl_addSh,
	"acl_del.sh":        acl_delSh,
	"auth.sh":           authSh,
	"client-config":     clientConfig,
	"client_offline.sh": client_offlineSh,
	"client_online.sh":  client_onlineSh,
	"config":            config,
	"help":              help,
	"misc":              misc,
	"ratelimit.sh":      ratelimitSh,
	"server_exit.sh":    server_exitSh,
	"server_start.sh":   server_startSh,
}

// AssetDir returns the file names below a certain
// directory embedded in the file by go-bindata.
// For example if you run go-bindata on data/... and data contains the
// following hierarchy:
//
//	data/
//	  foo.txt
//	  img/
//	    a.png
//	    b.png
//
// then AssetDir("data") would return []string{"foo.txt", "img"}
// AssetDir("data/img") would return []string{"a.png", "b.png"}
// AssetDir("foo.txt") and AssetDir("notexist") would return an error
// AssetDir("") will return []string{"data"}.
func AssetDir(name string) ([]string, error) {
	node := _bintree
	if len(name) != 0 {
		cannonicalName := strings.Replace(name, "\\", "/", -1)
		pathList := strings.Split(cannonicalName, "/")
		for _, p := range pathList {
			node = node.Children[p]
			if node == nil {
				return nil, fmt.Errorf("Asset %s not found", name)
			}
		}
	}
	if node.Func != nil {
		return nil, fmt.Errorf("Asset %s not found", name)
	}
	rv := make([]string, 0, len(node.Children))
	for childName := range node.Children {
		rv = append(rv, childName)
	}
	return rv, nil
}

type bintree struct {
	Func     func() (*asset, error)
	Children map[string]*bintree
}

var _bintree = &bintree{nil, map[string]*bintree{
	"acl_add.sh":        &bintree{acl_addSh, map[string]*bintree{}},
	"acl_del.sh":        &bintree{acl_delSh, map[string]*bintree{}},
	"auth.sh":           &bintree{authSh, map[string]*bintree{}},
	"client-config":     &bintree{clientConfig, map[string]*bintree{}},
	"client_offline.sh": &bintree{client_offlineSh, map[string]*bintree{}},
	"client_online.sh":  &bintree{client_onlineSh, map[string]*bintree{}},
	"config":            &bintree{config, map[string]*bintree{}},
	"help":              &bintree{help, map[string]*bintree{}},
	"misc":              &bintree{misc, map[string]*bintree{}},
	"ratelimit.sh":      &bintree{ratelimitSh, map[string]*bintree{}},
	"server_exit.sh":    &bintree{server_exitSh, map[string]*bintree{}},
	"server_start.sh":   &bintree{server_startSh, map[string]*bintree{}},
}}

// RestoreAsset restores an asset under the given directory
func RestoreAsset(dir, name string) error {
	data, err := Asset(name)
	if err != nil {
		return err
	}
	info, err := AssetInfo(name)
	if err != nil {
		return err
	}
	err = os.MkdirAll(_filePath(dir, filepath.Dir(name)), os.FileMode(0755))
	if err != nil {
		return err
	}
	err = ioutil.WriteFile(_filePath(dir, name), data, info.Mode())
	if err != nil {
		return err
	}
	err = os.Chtimes(_filePath(dir, name), info.ModTime(), info.ModTime())
	if err != nil {
		return err
	}
	return nil
}

// RestoreAssets restores an asset under the given directory recursively
func RestoreAssets(dir, name string) error {
	children, err := AssetDir(name)
	// File
	if err != nil {
		return RestoreAsset(dir, name)
	}
	// Dir
	for _, child := range children {
		err = RestoreAssets(dir, filepath.Join(name, child))
		if err != nil {
			return err
		}
	}
	return nil
}

func _filePath(dir, name string) string {
	cannonicalName := strings.Replace(name, "\\", "/", -1)
	return filepath.Join(append([]string{dir}, strings.Split(cannonicalName, "/")...)...)
}
