// Code generated for package ovpnserver by go-bindata DO NOT EDIT. (@generated)
// sources:
// internal/ovpn_server/resource_sets/linux-iptables/acl_add.sh
// internal/ovpn_server/resource_sets/linux-iptables/acl_del.sh
// internal/ovpn_server/resource_sets/linux-iptables/auth.sh
// internal/ovpn_server/resource_sets/linux-iptables/client-config
// internal/ovpn_server/resource_sets/linux-iptables/client-page.html
// internal/ovpn_server/resource_sets/linux-iptables/client_offline.sh
// internal/ovpn_server/resource_sets/linux-iptables/client_online.sh
// internal/ovpn_server/resource_sets/linux-iptables/config
// internal/ovpn_server/resource_sets/linux-iptables/help
// internal/ovpn_server/resource_sets/linux-iptables/misc
// internal/ovpn_server/resource_sets/linux-iptables/ratelimit.sh
// internal/ovpn_server/resource_sets/linux-iptables/server_exit.sh
// internal/ovpn_server/resource_sets/linux-iptables/server_start.sh
// internal/ovpn_server/resource_sets/linux-nftables/acl_add.sh
// internal/ovpn_server/resource_sets/linux-nftables/acl_del.sh
// internal/ovpn_server/resource_sets/linux-nftables/auth.sh
// internal/ovpn_server/resource_sets/linux-nftables/client-config
// internal/ovpn_server/resource_sets/linux-nftables/client-page.html
// internal/ovpn_server/resource_sets/linux-nftables/client_offline.sh
// internal/ovpn_server/resource_sets/linux-nftables/client_online.sh
// internal/ovpn_server/resource_sets/linux-nftables/config
// internal/ovpn_server/resource_sets/linux-nftables/help
// internal/ovpn_server/resource_sets/linux-nftables/misc
// internal/ovpn_server/resource_sets/linux-nftables/ratelimit.sh
// internal/ovpn_server/resource_sets/linux-nftables/server_exit.sh
// internal/ovpn_server/resource_sets/linux-nftables/server_start.sh
// internal/ovpn_server/resource_sets/openwrt-iptables/acl_add.sh
// internal/ovpn_server/resource_sets/openwrt-iptables/acl_del.sh
// internal/ovpn_server/resource_sets/openwrt-iptables/auth.sh
// internal/ovpn_server/resource_sets/openwrt-iptables/client-config
// internal/ovpn_server/resource_sets/openwrt-iptables/client-page.html
// internal/ovpn_server/resource_sets/openwrt-iptables/client_offline.sh
// internal/ovpn_server/resource_sets/openwrt-iptables/client_online.sh
// internal/ovpn_server/resource_sets/openwrt-iptables/config
// internal/ovpn_server/resource_sets/openwrt-iptables/help
// internal/ovpn_server/resource_sets/openwrt-iptables/misc
// internal/ovpn_server/resource_sets/openwrt-iptables/ratelimit.sh
// internal/ovpn_server/resource_sets/openwrt-iptables/server_exit.sh
// internal/ovpn_server/resource_sets/openwrt-iptables/server_start.sh
// internal/ovpn_server/resource_sets/openwrt-nftables/acl_add.sh
// internal/ovpn_server/resource_sets/openwrt-nftables/acl_del.sh
// internal/ovpn_server/resource_sets/openwrt-nftables/auth.sh
// internal/ovpn_server/resource_sets/openwrt-nftables/client-config
// internal/ovpn_server/resource_sets/openwrt-nftables/client-page.html
// internal/ovpn_server/resource_sets/openwrt-nftables/client_offline.sh
// internal/ovpn_server/resource_sets/openwrt-nftables/client_online.sh
// internal/ovpn_server/resource_sets/openwrt-nftables/config
// internal/ovpn_server/resource_sets/openwrt-nftables/help
// internal/ovpn_server/resource_sets/openwrt-nftables/misc
// internal/ovpn_server/resource_sets/openwrt-nftables/ratelimit.sh
// internal/ovpn_server/resource_sets/openwrt-nftables/server_exit.sh
// internal/ovpn_server/resource_sets/openwrt-nftables/server_start.sh
package ovpnserver

import (
	"bytes"
	"compress/gzip"
	"fmt"
	"io"
	"io/ioutil"
	"os"
	"path/filepath"
	"strings"
	"time"
)

func resourceSetBindataRead(data []byte, name string) ([]byte, error) {
	gz, err := gzip.NewReader(bytes.NewBuffer(data))
	if err != nil {
		return nil, fmt.Errorf("Read %q: %v", name, err)
	}

	var buf bytes.Buffer
	_, err = io.Copy(&buf, gz)
	clErr := gz.Close()

	if err != nil {
		return nil, fmt.Errorf("Read %q: %v", name, err)
	}
	if clErr != nil {
		return nil, err
	}

	return buf.Bytes(), nil
}

type asset struct {
	bytes []byte
	info  os.FileInfo
}

type bindataFileInfo struct {
	name    string
	size    int64
	mode    os.FileMode
	modTime time.Time
}

// Name return file name
func (fi bindataFileInfo) Name() string {
	return fi.name
}

// Size return file size
func (fi bindataFileInfo) Size() int64 {
	return fi.size
}

// Mode return file mode
func (fi bindataFileInfo) Mode() os.FileMode {
	return fi.mode
}

// Mode return file modify time
func (fi bindataFileInfo) ModTime() time.Time {
	return fi.modTime
}

// IsDir return file whether a directory
func (fi bindataFileInfo) IsDir() bool {
	return fi.mode&os.ModeDir != 0
}

// Sys return file is sys mode
func (fi bindataFileInfo) Sys() interface{} {
	return nil
}

var _linuxIptablesAcl_addSh = []byte("\x1f\x8b\x08\x00\x00\x00\x00\x00\x00\xff\xe4\x59\x6d\x53\xdb\x56\xf6\x7f\xaf\x4f\x71\x22\x8b\x1a\xfa\x1f\x61\x9b\xbf\x73\x67\x6b\xc6\x99\x71\x8c\x93\x78\xea\x1a\x06\x93\x64\x76\x12\x56\xa3\xd8\x22\x68\xd7\xd8\xac\x65\x68\xb6\xc0\x8c\xb3\x1b\x9e\xb2\x90\x90\x59\xba\xd9\x18\x48\x21\x9b\xb6\xb4\xdb\x31\x74\x9a\x26\x0c\x98\xf0\x5d\xba\x96\x64\xbf\xf2\x57\xd8\xb9\x7a\x42\xb2\x25\x63\x9c\x34\x2f\x76\xf5\xc6\xd6\xd5\xbd\xe7\xfc\xce\xb9\xe7\xe1\x77\x25\xd7\x05\xcf\x1d\x3e\xe3\xb9\xc3\x0a\xe3\x84\x0b\xe4\xf5\x1f\xe5\xd2\x8e\xbc\xb6\x50\xdb\x7a\x21\x6d\x9d\x54\xf7\xff\x22\xaf\xef\xd6\xcb\xc5\xca\xc1\xa1\xb4\xb2\x28\x96\x8a\xe2\xe6\xae\x7c\x78\x22\x96\x5e\x48\x4b\x6f\xe4\x7f\xed\xfd\x52\xd8\x14\x1f\xee\x4a\x85\xfb\xd2\x9b\x23\xf1\xe1\xf6\x2f\x85\x2d\x71\xfe\xb5\xf8\x78\xaf\x5a\x3a\xa9\x3d\x2d\xc9\xc7\x4f\xe4\xa3\xcd\x7a\x79\x29\x14\x8e\xd5\xcb\xcb\xff\x2e\xfc\x99\x70\x41\xe5\xf8\x44\x5e\xdf\x15\x37\x0f\xa5\x67\x7b\xf5\x72\x51\x5c\xdb\x93\xd7\x77\x2b\x87\x0b\x30\x32\x38\x32\x04\x72\xf1\x81\xbc\xbe\x2b\x2d\xbd\xa9\x97\x57\x6e\x0c\xc5\xa1\x5a\x7a\x59\xdd\xbb\x5f\x2b\x14\xab\x27\x8b\xe2\xda\x23\x71\x7e\xa9\x72\xb0\x2a\xad\xbf\xad\xee\xac\x54\x8e\x8e\x2a\xc7\x5f\x82\x22\x7b\x85\x70\x81\xf8\x76\x1e\x2b\xdf\xdc\x35\xd0\x55\x17\xbf\x17\x1f\x7e\x57\xdb\xf9\xb9\xb6\xf5\xa2\xfa\xf6\x6f\xe2\xfc\xd7\x2a\xd8\xda\xf7\x2b\xd5\xbd\xfb\xf2\xf6\xa9\xdc\x7a\x79\x45\xb5\x58\x5c\x58\x55\x8d\x96\x36\x7f\xa8\x3e\x28\x4a\x9b\x3f\xa8\xca\x14\xec\x84\x0b\xa4\xed\x45\x71\x71\x41\x15\x56\x2f\x2f\x49\x7b\x8f\x31\x92\x83\x82\xb4\xb5\x53\x2f\x2f\xd7\xcb\x45\xc2\x05\x00\xd3\x7c\x2e\x3f\xc5\xa6\x19\x7e\x32\x00\x3e\x6f\xaf\xb7\xd7\xd7\x7b\x11\xb4\xcb\x05\x95\x83\x23\x71\x73\x5f\xdc\x2a\x60\x01\x9b\xcb\x10\x1d\x9a\xf6\x83\xbc\xbe\xab\xfc\xa9\x97\x57\xc4\xb5\x6f\xc4\xa5\x67\xf8\x0e\xd5\xcb\xcb\x0d\x02\xfd\x4d\x12\x5d\x20\x96\x9e\xd7\x9e\xcd\xab\x72\x0c\xc9\xf2\xe1\x9e\x22\x02\x0c\x77\x54\x0e\x0e\xe5\xef\x0e\x9b\x45\xa2\x00\x8c\x25\xbd\xde\x40\xa0\x0f\x6c\x44\x22\x4d\xa4\xb2\x68\x4a\xe0\x72\x19\x76\x82\x0b\x00\x9b\xe6\x93\x9c\x32\xe6\x77\xf9\xbc\xbd\xbf\xe9\xf5\xf6\x7a\x3d\x7d\x7e\x65\x04\xb9\x14\x79\xbe\x40\xc0\x83\xf0\x88\x39\x98\xc4\xe5\xd5\x4a\xb9\x28\x6d\x9c\x48\xab\x2f\x80\x61\x6e\x0e\x0e\x7f\x1a\x8d\x5f\x65\x06\xa2\xc3\x0c\x03\x1e\x60\x98\x44\x64\xf8\x46\x64\x98\x89\x0e\x34\xdc\xc7\x47\x22\xc3\x57\x42\xe1\x08\xc3\xe0\xbd\x20\x62\x83\x57\x99\x2b\xd1\x58\x24\x48\x36\x08\x61\xa7\xf2\xe3\xbd\xe9\xec\x5d\x92\x30\x24\xe1\x39\x26\xb1\xa7\x4f\x74\x99\xe6\x09\xa7\x7a\x48\x22\x7c\x2d\x14\x8d\x33\xf1\xd0\x67\x91\x20\x99\x9d\xe4\x32\xd3\x93\x19\x86\x4d\xa6\x19\xca\x90\x46\x12\xb1\xc1\xf0\xa7\x0e\x48\x92\xe9\xde\x74\x36\xf9\x07\x92\x20\xa2\x43\x23\xa1\xcb\xb1\x48\x22\x48\x0a\x53\xa9\x2c\x78\xa6\x84\x9c\x47\xc0\x79\xc7\x4f\xe6\xd9\x3b\x69\x4e\x20\x89\xe8\x10\x72\x9c\x83\xf4\x49\xfc\x18\xdc\x02\xfa\x9e\xe5\xa1\xc0\xe5\x61\xb4\x1f\xf2\xe3\x5c\x86\xc0\x9b\x17\x1d\x4a\x44\x46\x6c\x84\x08\x5c\x9e\x24\xb8\xb4\xc0\x35\xcd\xd2\x9e\x8d\xf1\x04\xce\xcf\x83\x47\x90\x4c\xf3\x5c\x26\xcf\x64\x33\x69\x3e\xc3\xf5\x0a\xe3\x50\x39\x28\x54\x17\x5f\xd5\xcb\x45\x55\x9d\xf8\x18\x27\x6d\xf5\xe7\xfd\xea\xfd\xa2\xb8\xb6\x24\xed\xee\x88\xe5\xc7\xdd\xe2\xc1\x37\x30\x86\x0d\xee\x31\x82\xb8\x52\xde\x96\x8f\xbe\xaa\x15\xd6\xa4\xad\x1d\xd0\x6d\xed\x96\x9e\x6e\x6b\x13\x89\x6b\xa1\x1b\x11\x46\xc5\xe2\xc5\xd6\x51\xca\x7f\x48\xf3\x42\x1e\xe8\x0c\x5c\xf2\xa4\xb8\x69\x4f\x66\x2a\x9d\x86\xbe\x4b\x1f\xf9\x4c\x56\x9a\x16\xfa\x14\xe4\xda\x80\xee\x44\xaf\xad\xaf\x34\x47\xc2\x28\xcc\xce\x42\x32\x3b\x31\xc1\x66\x52\x40\x4f\xc3\xe9\x93\x33\x35\xea\x0a\x74\xad\x89\x6b\x4c\x2c\x12\x0f\xfa\x10\x41\xa4\xb3\x77\x99\x09\x4e\x10\xd8\xbb\x5c\x77\x0f\xcc\x28\xab\xd2\xd9\x24\x9b\x86\x34\x37\xcd\xa5\x83\x24\xe5\x23\x4d\x83\xda\xd4\x20\x49\xf5\xa9\xc3\x5c\x72\x3c\x0b\x24\xd5\x9d\x62\xf3\x1c\xb8\xff\xaf\xeb\xb7\x74\xd7\x04\xdd\x95\x82\xae\x6b\x81\xae\xcf\x02\x5d\x09\x77\x0f\xdc\xa2\x66\x14\x59\x73\xa3\x40\xcd\x68\x02\xe6\x48\xb8\x74\x09\x48\x4a\x4f\x09\x92\x98\x23\x08\xec\x41\x66\xda\xcf\x24\xf9\x54\x4e\x30\xd0\xe4\x73\x40\xa7\xc0\x7d\x3b\xe7\x86\xdb\x84\x9e\xed\xb3\x20\x70\x29\xec\x6d\xb7\xe0\xf9\xdd\xad\x5b\x01\x61\x92\x4d\x72\x81\xd1\xd1\x8f\xfd\x2e\x8f\x67\xb2\x79\xa6\x5b\xf0\x98\x67\x51\x1e\x8f\x75\xce\xdd\x1c\x37\x89\x9d\xea\xb6\x08\xa3\x1a\x04\x65\x73\x79\xa0\xa7\x88\x39\x0d\x29\x7a\x27\xa4\xe8\x83\x20\x25\x5c\x50\xfd\xf6\x9f\xd2\xf3\x35\x73\x17\x20\xc2\xb1\x68\x24\x3e\xc2\x44\x87\x82\x24\x79\x7a\xe3\xb7\xdc\x21\x7c\x77\x3d\x11\x19\x56\x6b\x09\x49\x84\xc2\x31\x26\x16\x8d\xe3\x6c\x27\x89\xcf\xc7\xf9\x34\x07\xd1\x2b\x89\x20\xe4\x38\x36\x05\x74\x0e\x18\x9c\x79\xfd\x90\xca\x2a\x40\x94\xbb\x20\x49\xcd\x28\x7f\xba\x28\xec\x96\x39\x35\x66\x92\xac\xc0\x01\x49\x29\x0f\x48\xe0\x33\x06\x70\x73\xcb\xf8\xb8\xc7\x18\xc6\x97\x09\x24\xd5\x3d\x99\xe3\x33\xf9\x31\x70\x77\x09\xb7\x33\xee\x53\x49\x16\x57\x9b\x65\x99\x3d\xa5\x38\x7d\x56\xdf\x2b\x70\x5b\xd5\xf4\xf7\xdb\x80\x41\x8e\x60\xd0\xb9\xc1\xa0\x77\x05\xe3\x88\xe5\xdc\x50\x3a\x43\x62\xb4\xd3\x06\x1c\x46\xa4\xb4\x07\xc3\x10\xd3\x08\xc2\x51\xb1\xdf\xf5\xf1\x2c\x72\x35\x68\x35\xc5\x24\x35\x63\xdc\xcc\x69\x51\x37\x47\x52\xee\xdb\x19\xb7\x9d\x44\x4e\x60\x93\x44\x2a\x9b\xe1\xd4\xfe\x61\xb0\x9b\xa2\x33\xbb\xd1\x06\x50\xbd\xbc\x54\x39\x78\xa4\x11\x84\xd2\xbe\x78\xfc\xa5\x5c\x7c\x50\x5b\x2f\xe9\x0d\x67\x59\x2b\xe3\x5f\x00\x49\x19\xbb\x43\x5a\xfa\x9d\x3a\x21\x63\x9e\xe0\x37\x66\x98\xb6\xd4\xf2\xbc\x1f\x70\x27\xb4\x7f\x8a\xc8\x7e\x18\xe3\x95\xf2\x7e\xa6\x72\x53\xc9\x07\xf2\x66\x68\x38\x1e\x8d\x5f\x25\x81\xc4\x24\x81\x4d\xa5\x40\x2e\x1f\x8a\xfb\x4f\x4c\x11\x57\x2f\xaf\x54\xdf\xfc\x54\x3d\x59\xd4\x2a\xfe\x3d\x3e\x0f\x6a\x27\x09\x47\x07\x86\x13\x76\x09\x69\xec\x04\xde\x75\x4b\x59\xef\x51\x17\xd9\x25\x8e\xcd\x22\xa4\x2f\x32\x19\xa5\xe8\x24\x61\x14\x3e\xfa\xc8\x32\x86\x5a\x58\x19\x8d\x5f\x19\x24\x81\x54\x69\x3a\x5c\x17\xb8\x1c\x50\x7a\xc0\xc2\x0d\xd5\xd2\xe8\x50\x00\x4e\x5d\x06\xb8\xe1\xab\x3c\x5d\x7a\xba\x5d\xdb\x2c\xa8\x9c\xda\xe4\x02\xaf\xe2\x82\x77\x55\xa3\x1d\x45\x14\xe1\x58\x1f\x88\xe5\x82\xf8\xed\x5f\x49\x6d\x1f\x49\xea\x94\x34\x90\x10\x04\xd2\x67\xb5\xb2\xdb\x88\x6d\x7e\x0c\x2e\xa8\x0c\x05\xe8\xcf\x01\x79\xe1\x13\xd3\x34\xfd\x72\xd8\xfa\xf3\x00\xae\x3e\x7a\x23\x3e\xfe\x7b\x28\x1c\xab\xad\xdf\xaf\xbe\x9e\x97\x9e\xbe\x36\xe2\x43\xb5\xa2\xbb\x76\xf4\x8f\x6a\xe9\xe5\xc0\xf0\xe0\x50\x0f\x69\xd1\xae\xb9\x4d\xbf\xc5\xee\xd3\xff\xbb\x80\x36\x2e\x35\xfd\x4e\xef\xcd\x26\xea\x59\xd3\x10\x04\x0e\x99\x64\xd1\x8e\x69\x8f\x4d\xd4\xe9\xa2\x66\x41\x18\x67\xfb\x2e\x22\x61\x6a\x02\x66\x21\x39\x95\x07\x3a\xe9\xa3\x29\x9d\x2c\x59\xcb\x4e\x62\x38\xcc\x28\x5c\x34\x3b\x4d\xcd\x18\xc4\x7a\x8e\x11\x18\x6a\x06\xaf\x98\xb3\x1a\x3e\x90\x18\xb1\x9d\x9e\xb2\x9f\x9e\xb8\x7e\x99\x51\x68\x7c\xd3\x82\xe4\xe9\x02\x6b\x19\x8c\xc5\x06\x6f\x32\xa1\x58\x2c\xe8\xb5\x8c\xf3\x63\xe0\x6c\xaf\xca\x24\xfe\x18\x01\xb7\xc7\x4b\xb9\x6d\x3c\x66\x95\xec\xb3\x3c\x33\x6f\x1e\xbe\x34\x12\x4c\x5f\x80\x64\x8e\xc3\x5c\x90\xa4\x34\x27\x91\x30\xce\x0a\xe3\x01\x7e\x52\xf9\x15\xf8\x2f\x38\xf0\x79\xfb\xfc\x30\xc1\xde\xe3\xd2\xdc\x04\xa0\x8b\x17\xff\x1f\x61\x6e\x7b\xbb\x49\xb9\x43\xb8\x8a\x4b\x1b\xe2\xd1\xa1\x74\xb8\x56\xdb\x58\x00\x5d\x0d\x88\x2f\x7f\xac\xbe\xfa\xba\xc1\x31\x5a\x12\x19\x56\xd8\xe5\x90\x8d\x19\xb8\x0e\xd2\x17\xcc\x36\x58\xe3\xab\xcf\x44\xb9\x6d\x91\xb7\x40\xaf\xbe\x76\x30\x4e\xb8\xa6\xdc\xf2\x83\xb8\xb4\xdf\x6c\x90\x0d\x46\x95\xcf\xe3\x44\xa7\xc3\x18\x9a\x71\xe6\x23\x81\x9e\x00\x7c\xdc\xa1\xe9\x09\x36\x9f\x1c\xa7\xf1\x7f\x93\x19\x42\x2e\x09\xf4\xef\x21\x14\x0e\x47\x86\x46\x2c\x66\xd8\xdb\x30\x3b\xdb\xa0\x2e\xd4\xb9\xba\xd6\xdb\x7b\xfe\xda\xe9\x07\xb5\xe0\x88\xa5\x15\x69\x69\xad\x5b\x39\xe6\xd1\xb5\x8d\xd7\xe2\xf2\xaa\x5c\x2e\xc8\x1b\xaf\xaa\x27\xcf\xd5\x19\x3d\x18\x48\xd0\x80\x65\x2d\x4a\xfa\xe9\xd2\xd9\xc5\x71\x6c\x92\x9e\x93\x4d\x9b\x9f\xcf\x4d\xd9\x0a\x68\x4c\x07\xad\x08\x68\xe9\x90\xe1\xf2\x0e\xf9\xe0\xf7\x7e\xe2\x90\x0e\x2d\x82\x4a\x4d\x09\x79\xa3\x24\x6d\x2f\x2a\x59\xa1\x69\x73\x0c\xa2\xb1\x6c\x0e\x70\x6f\x05\x3e\x03\x5a\x4d\x30\xa8\xbb\x83\x31\x46\x52\x18\x96\x90\x14\x16\xd1\x66\x3a\xb4\x40\xaf\xa6\x04\x60\x18\xa0\x88\x54\x13\xe1\x2c\x1b\x14\xfa\x76\x16\xd8\xff\xd2\x0c\x76\x8c\xc8\x5f\x33\x8f\xcd\x4a\xdb\x30\xca\x84\xd0\x56\xbc\x11\x47\x29\x21\xff\xee\x55\xa9\x33\x6d\x1f\xa2\x28\x59\xcb\x0f\xd6\x1f\x34\x62\x3b\x39\xce\xf2\x99\xa0\x93\x5f\xc7\xf8\xb6\xd8\x12\x6a\x83\x2d\x21\x07\xb6\x84\xec\x9b\xa1\x95\x7d\x6a\x2f\x90\x48\xb8\xd0\xba\x7d\x9e\x8b\x5f\x6a\x27\x2d\xa4\xd0\xde\xca\xf1\x82\xfc\xd3\x91\x7c\xf4\x15\xe6\xdd\xc6\xab\x2d\x83\x5a\xaa\x13\xcd\x1c\x5c\xbf\x6c\xeb\x37\xe6\x48\x76\x47\x0c\xdd\x13\xe7\x22\x7b\xa0\x12\x3e\x64\x4b\xe1\x90\x4e\xf9\xd0\x5c\x73\x4a\x0c\x24\x46\x1c\x56\xa5\x5a\xac\x4a\x5c\xbf\x8c\x1c\xf8\x1f\x4a\x9a\xd6\x39\x73\x35\xd4\x40\x03\xa1\x05\x15\x44\x6d\x53\xc1\x06\x15\xbe\xe6\x9e\xc2\x37\x63\xb2\xe7\x85\xc8\x4a\x0c\xc7\xd8\x09\x3e\xfd\x27\xe0\x33\x5c\x1e\x9d\x9f\x25\xc2\x59\x6d\x51\x0b\x9e\x53\xbe\x88\x9c\x09\x23\xd8\x90\x46\x74\x16\x6b\x04\xfb\xbe\x83\x9a\x1a\x0f\x7a\x5f\xbd\xd2\xae\xf9\x20\xa3\xf9\xa0\x96\xdd\x47\x43\x8b\x3a\x68\x41\xa8\x33\x16\x09\x46\xcd\x46\x1d\xb4\x20\x3b\xa5\x67\x07\x41\x7b\xa5\x1b\x05\x2c\x0e\x6c\xae\xdd\xe8\x2c\x46\x89\x9a\x29\x25\x38\x95\x25\x1b\xcf\x6b\xdc\x12\x9d\x87\x5c\x82\x23\xc1\x44\x0d\x0c\xb3\x8d\xc4\x6a\x4d\x37\x5b\x04\xa2\x39\xb7\xac\xc4\xf3\xec\xf0\x6b\x66\x9f\xc8\x91\x7d\x82\x3d\x03\x45\x1d\x52\xd0\x16\x16\x69\x34\x54\xb1\xc8\x86\x8b\x9e\x6d\x96\x2d\x21\xb5\xc3\xff\x3f\x50\x1c\x9c\xc3\xfa\xd7\xaf\x11\x16\xdd\xed\x9a\x68\x86\xeb\x44\x20\x51\x67\x7c\xd5\xd9\xb6\x4e\x95\x7e\xb8\xfa\xd7\x50\xe9\x0c\xf6\x8a\x1a\xe8\xab\xa3\xbb\x4d\x1c\x16\x9a\x28\x2d\xfe\xe9\x81\x4f\x2e\x91\x94\xf1\x4d\xda\xf4\xc1\xb7\xf3\x17\x7e\xed\x1c\x6f\xb5\x6f\xa9\x41\xb2\xf1\x2c\x61\x8a\x38\xa0\x05\x0b\xb9\xa7\x53\x5a\x51\x30\x76\x82\x74\x7e\xc1\xda\xc9\xe9\xa1\x5a\x7a\x2b\x1f\x97\xd8\x64\x5a\x7c\x72\x5c\x39\x7a\xa9\x6e\x42\xe5\x60\x55\xfd\x7c\x4d\xab\x1f\xa7\xd5\x8f\xd7\x3d\x01\xa0\x34\x1b\xac\x20\xf4\x51\x63\xd0\xa8\x4b\x9a\xc7\x3b\x3f\x1a\x38\x1c\x0b\x9c\xe9\x51\xbb\x95\xde\xbc\x19\xa8\xbd\xdd\x40\x67\xee\xc6\xfb\x49\x8a\xf7\xb1\x25\xb6\xdb\x02\x8d\x2d\xa3\x89\x34\x7c\xe0\xf3\x94\x16\x1e\xda\x87\x24\xed\x75\xfd\x7f\x02\x00\x00\xff\xff\x69\x49\xca\xd9\x6e\x25\x00\x00")

func linuxIptablesAcl_addShBytes() ([]byte, error) {
	return resourceSetBindataRead(
		_linuxIptablesAcl_addSh,
		"linux-iptables/acl_add.sh",
	)
}

func linuxIptablesAcl_addSh() (*asset, error) {
	bytes, err := linuxIptablesAcl_addShBytes()
	if err != nil {
		return nil, err
	}

	info := bindataFileInfo{name: "linux-iptables/acl_add.sh", size: 9582, mode: os.FileMode(436), modTime: time.Unix(1790391574, 0)}
	a := &asset{bytes: bytes, info: info}
	return a, nil
}

var _linuxIptablesAcl_delSh = []byte("\x1f\x8b\x08\x00\x00\x00\x00\x00\x00\xff\xbc\x59\x7b\x53\xdb\xd6\xb6\xff\x5f\x9f\x62\x55\x16\x35\xf4\x5e\x63\x93\xa1\x7b\x6e\x61\x9c\x19\x6a\x4c\xe3\x29\x75\x18\x4c\xda\xde\x49\x72\x35\x8e\x2c\x07\xdd\x18\x9b\x91\x04\xe9\x39\xc0\x0c\x69\x21\x40\xc3\x2b\x13\x1a\x0e\xc4\xb4\x21\x93\x9c\x90\x3e\x80\x3e\x0e\x10\x63\xc2\x77\x69\xbd\x25\xfb\x2f\xbe\xc2\x99\xad\x97\x25\x59\x26\x98\x72\xea\x7f\xac\xbd\xb5\xf7\x5a\x6b\xaf\xd7\x6f\xad\x2d\xdf\x3b\xc1\x5b\x42\x36\x78\x2b\x29\x0d\x52\x3e\x50\x57\x7e\x56\xb7\x37\xd5\xe5\xfb\x95\x8d\x67\xca\xc6\x71\x79\xf7\x2b\x75\x65\xeb\xa4\xb8\x5e\x3a\x28\x28\xf3\x33\x78\x7b\x1d\xe7\xb7\xd4\xc2\x31\xde\x7e\xa6\xcc\xee\xab\x3f\xec\xfc\x3e\x99\xc7\x5f\x6f\x29\x93\xf7\xf0\xec\xd3\xca\xda\xf3\xdf\x27\x37\xf0\xf4\x1e\xde\xff\x45\x59\x79\x53\xde\x9c\x57\xd7\xa7\xf0\xd2\x4e\x79\xfb\xb8\xb2\xba\xad\x1e\x3d\x54\x0f\xf3\x27\xc5\xd9\xae\x48\xef\x49\x71\xee\x8f\xc9\x2f\x29\x1f\x94\x8e\x8e\xd5\x95\x2d\x9c\x2f\x28\x6b\x3b\x27\xc5\x75\xbc\xbc\xa3\xae\x6c\xc1\xc0\xd5\x81\x3e\x50\xd7\xa7\xd4\x95\x2d\x65\x76\x1f\xe7\xb7\x2c\x76\xe5\x99\xef\xf1\xd7\xaf\x2a\x9b\xff\xaa\x6c\x3c\x53\xbf\x7c\x8d\x67\x0e\xd5\xb5\x43\x3c\x53\x50\x56\xf7\x4e\x8a\xf3\x76\x99\x95\xfc\x8f\xe5\xa9\x75\x25\xff\x23\x7e\xf2\xad\xb2\xb2\xa7\xcb\xa3\x31\xa5\x7c\xa0\x3c\x9d\xc1\x33\xf7\xcb\x6f\x1e\xe1\xe9\x17\x27\xc5\x59\x65\x67\xa9\xbc\x39\x5f\x3a\x98\x54\x36\x36\x4f\x8a\x73\x27\xc5\x75\xca\x07\x00\xa3\x82\x28\x8f\x24\x33\xac\x30\xdc\x01\x6d\xa1\xd6\x50\x6b\x5b\xeb\xfb\x60\xfc\x7c\x50\x3a\x38\xc4\xf9\x5d\xbc\x31\x49\x08\xe4\xe7\x20\xd6\x37\xda\x0e\x44\x7a\xf2\x70\x52\x9c\xc7\xcb\xff\xc4\xb3\x6b\x64\x84\x4e\x8a\x73\x2e\x82\xed\x35\x14\x7d\x80\xb7\xbf\xad\xac\x4d\xeb\x74\x2c\xca\x6a\x61\x47\x23\x01\x96\x0a\x4a\x07\x05\xf5\x55\xa1\x96\x24\xea\x80\x34\x17\x0a\x75\x74\x5c\x02\x0f\x92\xc8\x20\xa9\x6d\x1a\x91\x78\x31\x9b\x1c\xe2\x3b\x20\x99\x11\x38\x5e\x9b\x6b\xf7\xb5\x85\x5a\xff\xa7\x35\xd4\x1a\x0a\x5e\x6a\xd7\x66\x90\x4f\xa3\xd7\xd6\xd1\x11\x44\x64\xc6\xae\x5d\x3c\xb7\x50\x2a\xae\x2b\x4f\x8e\x95\x85\x67\xc0\xb2\x9f\x5d\xed\xff\x38\x16\xff\x88\xed\x8e\xf5\xb3\x2c\x04\x81\x65\x13\xd1\xfe\x4f\xa3\xfd\x6c\xac\xdb\x35\x8e\x0f\x44\xfb\x7b\xba\x22\x51\x96\x25\xb6\xa0\x7a\xaf\x7e\xc4\xf6\xc4\x7a\xa3\x61\xda\x45\x24\x39\x22\x0f\xb6\x66\x72\xb7\x69\xca\xa2\x44\xd6\xd8\xc8\x56\xdf\x98\x34\xed\x0b\xaa\x7c\x68\x2a\x72\xa5\x2b\x16\x67\xe3\x5d\x9f\x44\xc3\x74\x6e\x98\xcf\x8e\x0e\x67\xd9\x24\x97\x61\x19\x8b\x1a\x4d\xf5\x5e\x8d\x7c\x5c\x47\x12\x2e\xd3\x9a\xc9\x71\x77\x68\x8a\x8a\xf5\x0d\x74\x7d\xd8\x1b\x4d\x84\x69\x69\x24\x95\x83\xe0\x88\x24\x06\x25\x12\x3c\xc2\xb0\x9c\xbc\x95\xe1\x25\x9a\x8a\xf5\xa1\xba\x6b\x90\xb9\x48\x48\xc3\x75\x08\x7c\xe1\x78\x29\xf1\x32\xdc\xec\x04\x79\x90\xcf\x52\xc4\x78\xb1\xbe\x44\x74\xc0\x83\x88\xc4\xcb\x34\xc5\x67\x24\xbe\x66\x95\xf1\x2e\x2d\x50\x94\x0f\xb8\x5c\x36\x2b\x8b\x49\xee\x0e\x71\xc9\x52\x61\x51\x39\x98\x56\x97\xef\x97\x77\x5e\x58\x7e\xa4\xae\x4f\x95\x8f\xbf\x55\x16\x5f\x94\xf7\xbf\x2b\x1f\x7c\xdf\xac\x7e\xbd\xa7\x4c\xde\x2b\x6f\x6e\xb5\xfc\x31\xf9\x65\x57\xa4\x17\x2a\x8f\xde\xe0\x9d\xd7\x10\x4d\x90\x03\xc5\x12\x57\xa2\xdd\xff\xdd\x1f\xed\xed\x1a\x88\x76\x43\xe9\x60\x12\xbf\x79\xa0\xc7\xd4\x49\x71\x9e\x04\xf2\xe1\xb4\x9e\x01\x80\x6c\x2d\xbf\x9c\xc2\xb3\x6b\xca\xea\x53\xe5\xd7\x6f\x94\xc7\x3f\xe1\xe2\x24\xde\xff\x05\x1f\x16\xd4\x1f\x1e\x58\x6c\x49\x88\x1c\x4f\x57\x36\x0f\xf1\xf2\xbc\xb2\xba\x47\x04\x7c\x55\xc0\xd3\x7b\x96\x1c\xca\xc6\xa6\xfa\x64\x9b\xb8\x49\xe4\x6a\x3c\x3e\xd0\xdf\x15\xf9\x38\x4c\xd3\x54\x3a\x27\x02\xcb\xc9\x20\x64\x6d\x7a\xa9\x1e\xb7\x66\x4c\xd6\xb8\xa6\x1c\xc3\x4e\x48\xe5\x34\x5d\x9a\x56\xa1\x19\x96\x93\x69\xd3\x18\x60\x63\xae\xa9\x59\x7b\xdb\x09\xb7\x44\x3e\x79\xa7\x13\xd2\x02\x95\xca\x65\x79\xc3\xa4\x7f\x07\x9a\xb1\xd6\xd3\x70\x13\xde\x7d\x17\xb8\xdc\xd0\x50\x32\x9b\x82\xc0\xa8\xcd\x28\x97\x83\x29\x7e\x34\x98\x1d\xc9\x64\xe0\xd2\xe5\x77\xdb\x6c\x76\x77\xb3\xb3\xf6\xe8\x96\xbd\xd2\xf5\x69\x94\xd5\xad\x1e\x22\x4c\x19\xed\x19\x32\x82\x24\x43\x20\x7b\x0a\x5d\xdb\xc6\x36\x3b\x25\xd3\x5d\x43\x9e\x5e\x69\xb8\x2c\xdc\x84\xf1\x71\xfb\x49\xaa\x6f\xde\xca\xd1\x64\x60\x72\x4d\x5c\x61\x7b\xa3\xf1\x70\x1b\xa2\xa8\x4c\xee\x36\x3b\xc4\x4b\x52\xf2\x36\xdf\xdc\x02\x63\xda\xae\x4c\x8e\x4b\x66\x20\xc3\x8f\xf2\x99\x30\xcd\xb4\xd1\xb6\x49\x63\x69\x98\x66\x2e\xe9\xd3\x3c\x37\x98\x03\x9a\x69\x4e\x25\x65\x1e\xfc\xff\xd5\xf4\xbf\x81\xa6\xa1\x40\x53\x0a\x9a\xae\x74\x34\x7d\xd2\xd1\x94\xf0\xb7\xc0\x75\x66\x4c\xa3\x35\x71\x13\x98\x31\x83\xc0\x04\x0d\x97\x2f\x03\xcd\x98\xc9\x87\xa6\x26\x28\x8a\x68\x90\x1d\x6d\x67\x39\x21\x25\x4a\x96\x34\xb2\x08\x81\x14\xf8\x6f\x88\x7e\xb8\x41\x99\x79\x75\x1c\x24\x3e\x45\xb4\xed\x97\x82\xff\x77\xfd\x7a\x87\x34\x9c\xe4\xf8\x8e\x9b\x37\xdf\x6b\xf7\x05\x83\xc3\xb5\x2b\xfd\x52\xd0\xbe\x8a\x09\x06\x9d\x6b\x6e\x8b\xfc\x30\x51\xaa\xdf\x41\x8c\x71\x11\xca\x89\x32\x04\x46\xa8\x09\x43\x52\xf4\xa7\x24\x45\x7f\x89\xa4\x04\x69\xb5\xb0\x36\x4a\x07\x33\xf5\x40\x4c\x83\xf7\x3a\xe9\x47\x8f\x7b\x82\xaa\x85\xe5\xa0\xfa\x64\x5b\x5d\x9f\x52\x1e\xbf\xc6\xcb\x0f\xf5\xaa\xe1\x16\x2f\xc9\x01\x3e\x9d\xce\x89\x32\x49\x21\xcf\x7f\x2e\xff\xf6\xa2\x74\xb0\x80\x8f\x7e\xc6\x8f\x16\xb4\xec\xa3\x23\x3e\x49\x1c\xe9\xcc\x88\x34\xc8\x5a\x21\xe4\x72\x32\x61\xb8\xea\x61\x46\xf0\x0a\xc3\x46\xd4\x8a\xbc\x3c\x22\x66\x21\x64\xcb\x0c\xee\xe0\xb6\xb9\xba\x4e\xd3\x72\x66\xa0\x3f\xeb\xea\x8f\xc7\xe2\x1f\xd1\x40\x57\x63\x9e\x08\xb9\xb4\xa3\x95\x53\xf3\xe5\xfd\x5f\xcb\xc7\x33\x7a\x52\x06\x46\x18\x3e\x45\x1d\xb4\xc5\xc1\x21\x53\x5a\xb0\x9d\x84\xcb\xca\xda\x88\xcb\xca\x61\xa6\xb9\x2a\x25\x04\xba\x21\x20\x19\xe7\xba\x64\x0b\xd5\x71\xb8\xcb\x41\x20\xd3\xa2\xed\x72\xad\x4f\x79\xad\x1f\x07\x59\x1c\xe1\xa9\x9a\x83\xc6\xe2\x3d\x57\x69\xa0\x49\xc5\xa7\x1d\xa6\x6a\xe3\xd3\x4f\x05\x3a\x5a\x28\x85\x65\xdd\xdc\xca\x37\xbb\x61\x66\x8c\xcb\xca\x13\x5a\x34\x46\x7a\x63\xd1\xf8\x00\x1b\xeb\x23\x19\xdf\x1a\xb4\x3b\x46\x88\x8c\xae\x25\xa2\xfd\x3a\xb2\xd3\x54\x57\xa4\x97\xed\x8d\xc5\x09\xf6\xd2\xd4\xdd\x41\x21\xc3\x43\xac\x27\x11\x06\x91\x4f\xa6\x20\x20\x02\x9b\x11\xb2\xbc\x95\xee\xb5\x51\x98\x66\xc6\xb4\x87\x26\x86\x84\xce\x84\xae\x6c\x2e\x29\xf1\x04\x06\xc8\x0b\x1a\x84\xaa\x8d\xed\x05\xdc\x7b\x2d\xd6\xb4\x96\xb7\xab\x42\x32\xcd\xc3\xa2\x90\x95\xd3\xe0\x6f\x92\x6e\x64\xfd\x55\x4a\x8e\x70\xb4\xd3\xb2\x47\x93\x16\x98\xe3\x66\x3c\x83\xdf\xc9\xa6\xb3\xd3\x43\x18\x54\x57\x18\xd4\xb0\x30\xe8\xcf\x0a\x53\x57\x96\x86\x45\x39\x9f\x24\x56\x71\xeb\x92\xc3\xf2\x94\xb3\x89\x61\x91\x71\x0b\x51\x97\x71\xbb\xef\xbd\x71\xe4\x73\x71\xb5\xf9\x24\x33\x66\x0d\x26\x0c\xaf\x9b\xa0\x19\xff\x8d\xac\xdf\x8b\x22\x2f\x25\x39\xbd\xb4\xb0\xd7\x16\xa6\x2e\x9d\xe9\x47\x5f\x90\xb5\x2f\x68\xb7\x15\x30\xd5\x58\xb2\xbf\xef\x04\x52\x45\x7a\xbf\x45\xb4\x56\xd9\xa4\x85\xb7\xf3\xae\x93\xf6\x48\x7d\x9d\xe2\x33\xa0\x16\x0b\x78\xf7\xa1\xcd\x3d\xac\xe4\x67\x40\xf8\x17\x82\x0c\x6d\x46\xd1\x8a\xa7\x67\xf5\xdc\x0d\x5a\x8f\x38\x8f\xef\x2f\xe8\xf8\x51\x27\x89\x9c\x14\xd7\x49\xc3\x15\xfd\x3c\x36\x00\xb2\x98\x1c\x86\xd2\xf1\x46\x79\xe7\x1e\xce\x6f\x29\x73\x93\x4a\x7e\x4e\x27\x56\xde\xdf\xc1\x6f\xa6\x4a\xaf\x1f\xe0\xe5\x45\x65\xee\xa5\x55\xb2\x56\xee\x1d\xe3\xe9\x05\x3c\x3d\xab\x1c\x4c\xdb\x4a\x33\xbc\xbc\xf8\xc7\xe4\x3d\x0d\x47\x76\xd7\x95\xfc\xf7\x46\xa2\xca\x7f\x57\x59\xfd\x4d\x79\xbc\x4b\xaa\x58\x2b\xab\x3d\xfb\x41\x29\x2e\x29\x8b\x5a\x33\xab\x09\xe0\x77\x21\x0e\xb8\x54\x7e\xca\x6b\x44\xfb\xb5\x93\x50\x54\x24\xd6\xdd\x9f\xf0\x4a\x23\x96\xff\x10\x5f\x75\x14\x2c\x2d\xfa\x26\xaf\x70\xf7\xd8\x84\xcc\x4d\x36\xeb\x6a\x3c\x0d\xf0\xb3\xcf\xa1\x33\x99\x5b\xef\xd4\xe1\x9a\xc4\x8b\xc0\x98\x91\x06\x9f\xea\x56\x8f\xf5\x75\x40\xf5\x9c\xa0\xac\x3e\xd5\x9b\x84\xed\x5d\x7c\xf4\x8d\x0b\x0c\x6d\x5e\x11\xd2\xbc\xc2\x0b\x6d\x1a\xe1\x66\xdc\x4e\x58\x6e\x05\xa4\x19\x79\xf9\x80\x36\xc2\x8a\x66\xaa\x85\x31\x0d\x61\xa0\xdb\x9c\xe7\x6d\xb6\x62\x53\x48\xc3\x3b\x90\x26\x9d\x20\x04\xee\x02\x0a\xc1\x07\xae\x02\xe0\x82\xd4\x53\x5e\xdc\xc7\x4b\x8f\xbb\x22\xbd\x95\x95\x7b\xe5\xbd\x69\xfd\x66\x43\x57\x91\xd6\xe1\xd9\xf5\x64\xfe\x0c\x7d\x99\x43\xa2\x37\xf3\xd9\x07\x01\xeb\xa7\xdf\x2d\x54\xc7\xf6\xb3\x99\x09\xc4\xe5\x07\x75\x92\x8a\x83\x3b\xa9\xe9\x3d\x1c\xcf\x24\x35\x0e\xd2\x60\xf2\xd2\xfb\x48\x1a\x19\x82\x71\xe0\x46\x64\x08\x70\x6d\x01\xc6\xec\x04\x9c\xf9\x32\xd1\x1f\x61\xb5\x96\x36\x37\xca\x8c\x59\xfd\xf9\x04\x2b\xb1\xcc\x18\xd9\x31\xe1\x3c\x78\x77\x62\xc0\x73\x79\xca\x7b\x79\xe2\xda\x87\xac\x76\x1b\x50\xb3\x81\xab\x6e\x70\xec\xd0\xac\x6e\x6f\xb2\x68\xc6\x10\x91\x3e\xa5\xf5\x39\x83\x4b\x28\x85\xe5\xca\x93\xfb\x60\x52\xd3\xaa\xc3\x9f\xfe\x81\xf3\x5b\xcd\x78\x69\xa7\xfc\xd5\x91\x55\x51\x29\xb3\x8f\xf1\xa3\x59\x7c\x30\x4f\x56\xcc\xbf\xae\x4c\x2f\xb4\x40\x03\xfe\xd4\xee\xf2\x14\xf3\xe6\xc0\xfe\x33\xce\x47\xf2\xb5\xed\x78\x4e\xc3\xbb\xaa\xc1\x1b\x35\x44\x4e\x39\x6b\xe9\x70\xb1\x7a\x50\xf5\xe5\x61\x65\xed\xb9\x5d\x42\xd0\x8b\xf8\xea\xc1\x2d\x5d\xb4\xd0\x35\x6c\xfa\xa3\x9f\x10\xfb\x31\xcd\x8e\xce\x37\x20\xf3\xa2\x56\xb3\x59\xd2\x3b\xab\xdd\xe4\xdd\x3b\xe0\x0f\xc6\x47\x86\x6e\xf1\x22\xe4\xd2\xc0\x67\x65\x51\xe0\xa5\xe0\x98\xe6\xb4\xc0\xc4\x7b\x26\x5c\xc0\x0e\xd5\xa6\x40\x67\x69\xc4\x84\xc1\x3f\x74\xba\x9d\x1b\x4f\x54\xed\x46\xdb\xd2\xac\x05\x79\x0b\x48\x22\x17\xae\xea\xec\x70\x0a\xb4\x80\x01\x3c\xf7\xaa\x74\xb4\x16\x36\x65\xaa\x91\xc2\x48\x6a\xa6\xc8\x61\xa0\x43\xde\x41\x6b\xb3\xbd\xde\xa0\x93\xac\x16\xe8\x26\x56\xb7\xae\xcb\x68\x08\x0c\x81\xc4\x13\xfd\x0e\x25\x65\x6e\x30\x40\x9e\x6d\x3a\x96\x44\x0e\x02\xff\x4f\x66\xcc\xb8\xaa\xdf\x35\xfc\x07\xf8\x76\x45\x22\xd1\xbe\x81\x73\x72\xec\xb9\x08\xb1\x3f\x3f\x37\x11\x3d\xde\x24\x59\xcc\xfd\xad\xae\xd7\x36\x42\xc1\x48\x84\x67\xa7\xe0\xe9\xae\x55\x37\xdb\xff\x45\x59\x7d\xea\xba\xeb\x27\x15\x99\x8e\xa3\x0e\xe7\x4c\x49\x72\xd8\xe4\x0f\xdc\x60\x52\xc8\x86\x6d\x4a\xa9\x61\x6e\x34\xae\x1e\xc3\xd3\x60\x0b\x9d\x01\xb6\x50\x1d\xd8\x42\xde\x11\xe0\xc4\x7f\xe3\x9a\x8a\x86\x77\x6a\x8b\x80\xba\x7a\x7b\x1b\xc2\x1b\xdf\x05\x90\x56\x78\x94\x8e\xee\xab\xbf\x1e\xaa\x87\xdf\x91\x02\xc8\xba\x40\xb3\xc0\x5d\x5f\xe8\x89\xee\x5e\x39\x9b\x98\xc9\xab\xdc\x33\x35\xd1\x10\xea\x82\x8e\xbc\xc8\x13\x4b\x91\x89\xbd\x68\xa2\xd6\x9a\xdd\x89\x81\x3a\xbb\x52\xa7\xec\x4a\x5c\xfb\x10\xd5\x01\x62\xc4\xd9\xf6\x79\xa5\x37\x0f\x38\x46\x8d\xe0\xf1\x29\x46\xd4\x2d\x50\x05\x66\x74\xe1\xc8\x8c\xec\x29\x1f\xd5\x2a\xc6\xd3\xd4\xe0\x01\xd1\xa8\x06\xa3\xd1\x19\x31\xfa\x94\xf3\x9b\x38\x8d\xbc\x81\x1a\x35\x04\xd4\x60\x81\x35\x3a\x0d\xad\xd1\xc5\xc1\x35\xb8\x21\x1b\x39\x30\x1b\x79\x80\x76\x8d\x32\xce\x06\xdc\x4e\x33\x3a\x90\x1b\x55\xa1\x1b\x39\xb1\x1b\xb9\xc0\xdb\xc3\xfc\xe0\x46\x70\x74\x16\x08\x37\xfc\x03\x9d\x03\x4f\x51\x2d\x90\xa3\x46\xd1\xec\xc2\xd8\x37\x88\xe7\x1e\x7c\x7b\x2e\xee\x08\x9f\xff\x39\x52\x35\xf8\xee\xe5\xe7\x8d\x92\x31\x93\x6d\x63\x64\xbc\xfc\x5b\xcb\x74\x76\xcf\x3c\x1b\xde\x23\x07\xe0\x23\x17\xe2\xa3\x7a\x90\x0f\xb5\xb0\xef\x31\xe5\xac\x04\xc8\x5f\x0b\x7c\x70\x99\x66\xac\x4f\xb3\xb6\xef\x9e\xe7\x6f\x58\xd3\x39\x11\x38\x21\x25\x82\x90\x05\x63\xb3\x75\x25\x6c\xfe\x8c\x0f\x5d\x61\xda\x5d\xa4\xda\x9c\x1a\x02\x92\xa3\x7a\x0f\xa4\x80\xd1\xe8\x5a\x8e\x4c\xd7\xbf\x19\x38\x57\x7b\xa0\xdd\x43\x25\xb9\x0c\x7e\x78\x54\x3a\x7c\xae\x67\x1b\xeb\x9b\x42\xa0\x54\x7c\x4a\x4a\x8b\xad\x4d\x5c\x5c\x6a\xe9\x00\xc6\x38\x83\x53\x08\x73\xd6\x9a\xd4\x2e\x18\x6d\x1a\x3f\x7f\x45\x55\xa7\x9a\xaa\x5f\x4c\xd5\x1a\x02\xd5\x18\xc2\x6d\x0c\x74\x36\x6b\xa0\xb7\x5a\xe3\x9c\x16\x71\xe7\xfd\x0b\x30\x89\xa7\x59\x1c\xa6\x01\xaf\xba\xe0\x2f\x2e\x43\x0d\xf7\xd0\xef\x84\x29\xe3\xba\xe9\xdf\x01\x00\x00\xff\xff\xbf\x39\xbb\x2c\x3a\x24\x00\x00")

func linuxIptablesAcl_delShBytes() ([]byte, error) {
	return resourceSetBindataRead(
		_linuxIptablesAcl_delSh,
		"linux-iptables/acl_del.sh",
	)
}

func linuxIptablesAcl_delSh() (*asset, error) {
	bytes, err := linuxIptablesAcl_delShBytes()
	if err != nil {
		return nil, err
	}

	info := bindataFileInfo{name: "linux-iptables/acl_del.sh", size: 9274, mode: os.FileMode(436), modTime: time.Unix(1790391574, 0)}
	a := &asset{bytes: bytes, info: info}
	return a, nil
}

var _linuxIptablesAuthSh = []byte("\x1f\x8b\x08\x00\x00\x00\x00\x00\x00\xff\x9c\x56\x6f\x4f\xdb\xd6\x17\x7e\xfd\xbb\x9f\xe2\xfc\x2e\x8e\x48\x34\xb9\xa1\x55\xc5\x8b\xac\x61\x42\x23\xed\xa2\xd1\x80\x42\xff\x6c\xa2\xcc\x32\xf6\x0d\x58\x72\xae\xb3\x6b\x87\xb6\x03\x24\x68\x4b\x4b\xd7\x00\x55\x17\x75\x1b\xa5\xa3\x7f\x60\x45\xeb\x48\x3a\x69\x6b\x29\x4b\xc7\x87\x59\xfc\x87\x57\xfd\x0a\xd3\x75\xec\x90\x14\xd2\x6a\xcb\xab\xf8\xf8\x9c\xe7\x3e\xcf\x39\xf7\x3c\x72\xd7\xff\xe3\xe3\x1a\x8d\x8f\xcb\xe6\x24\xea\x02\x7b\x6d\xcb\xae\x3c\x71\x16\x5f\xb9\xcf\xab\x5e\x65\xc3\xab\xce\x3b\xdf\xbf\x74\x6e\x3f\xf3\x1e\x97\x9c\xed\x0d\xef\xc6\xaa\xb3\xf6\x2b\xea\x82\xfd\xb9\x55\x6f\xef\x96\xbb\x5c\xb5\x9f\x5c\xb7\x57\x7e\xd8\xbf\xb5\xe2\x2c\x6f\x3a\xe5\x97\x6e\x79\xcb\x59\x7c\x65\xdf\x5d\xb2\xef\x95\xec\xea\x4d\xf7\xd1\x3c\x44\x4d\x85\x69\x05\x4b\x34\x89\x52\x64\x9a\x75\x15\x4e\xc6\x10\x4a\x67\xce\xa5\xb2\x99\xfe\x41\xa9\x7f\x38\x9d\xc4\x92\xd4\xfa\x2c\x49\x18\x0d\x0e\x9d\x91\x4e\xa7\x07\x53\xfc\xdd\xc5\xa1\xec\xe7\xe9\xcc\x19\x69\x20\x9d\x95\x24\xb9\x68\x4d\x1e\xd3\x8d\x09\x8c\x46\x52\xd9\x0b\xa9\xac\x94\x1e\xe0\x39\xcd\x07\x5e\x8c\x74\x63\x42\xca\x13\xd3\x94\x27\x48\x34\x06\xd3\x08\x00\x40\x37\x14\x59\x07\x9d\x4c\x11\x3d\x89\x85\xe3\xb8\x25\x18\xa4\x26\xb1\x70\xa2\x11\x26\xca\xa4\x01\x58\x88\xaa\xb2\x45\xa0\xfb\xa3\xc8\x97\x62\x24\x2f\x46\x54\x88\x7c\x96\x88\x9c\x4d\x44\x46\xba\x63\x30\x2a\x4c\xfb\x58\xb3\x63\x20\x4c\x07\x00\xb3\x18\xfa\xfa\x00\x0b\x21\x79\x8c\x66\x11\x6f\x69\xd8\x4f\x77\x6d\xdd\xae\xfc\x64\xaf\xbd\xb0\x1f\xce\xbd\xad\xad\x0e\x15\x08\xbd\x30\x9c\xe1\x2d\x87\xf4\xf0\xd4\x49\xe0\x29\xd7\x5e\x7b\x95\xbf\xdc\x37\x15\x28\x52\x8b\x15\x4d\x8b\xa8\x92\x56\x78\x5b\x2b\x05\x49\xbd\x41\x92\x53\xe6\x79\x6d\x49\xbd\x7f\xcf\x5d\x43\x5d\x50\xdf\xd9\xf0\xe6\x16\xea\xbb\xf7\x9c\xfb\x9b\x6f\x6b\x25\x67\xa9\xe2\x6c\x6f\xb8\x8f\x2b\x76\x65\xb5\xfd\xfc\x07\x0d\xb8\xf2\x16\x8c\xca\xaa\xca\xc6\x12\x05\x83\x59\x60\xbf\x79\x62\xd7\x56\xf6\xe7\xf7\xec\x85\xa5\xfa\xce\xb2\xfb\xbc\x6a\xaf\x3c\x75\xee\xd4\x9c\xe5\xcd\xfa\xee\x33\xb7\xbc\xee\x6c\x3f\xab\xbf\xbe\xcd\xcf\xca\xa6\xfa\x07\xa5\x4f\x07\xd3\xa9\xcc\x39\xa9\x7f\x60\x20\x9b\xc4\x18\x69\x39\x18\x05\x91\x02\x16\x5a\xa9\x61\x18\xfb\x18\xac\x49\x42\xfd\xee\x1e\xae\x6b\x4b\x4e\xb4\x3c\x71\x4a\x18\x11\xfd\x68\xd8\xde\x0f\xe1\x8e\xb6\xa7\x8f\x1d\x86\xce\x69\x7c\x42\xce\xd3\x39\x67\x7d\xd3\xde\x5b\xf0\x7e\x9e\x77\x57\x6f\xb4\x5e\xeb\x40\xd1\x37\xfc\x68\x93\x30\x2a\xe7\x09\x86\x31\x98\x99\x09\xa3\x05\xd9\x34\x2f\x1b\x4c\x6d\xe7\xd2\x72\x03\x01\xa7\xb2\xd9\xa1\x2c\x6e\x41\x80\x66\x15\xe4\x98\x91\x07\xe1\x5d\xea\x70\x56\x33\x4d\x8d\x4e\x40\xb3\xc2\x60\xd0\xac\x21\x74\x4a\x63\x06\xcd\x13\x6a\xc1\x94\xcc\x34\x79\x5c\x27\xc7\xf0\xe1\x73\x85\xa8\x49\xac\x58\x70\xa5\xaf\x68\x16\x1c\x87\x2e\xd8\xff\xa5\xe4\x55\xe7\xed\x8d\xdf\xbc\xdf\x37\x7d\xf9\xa1\x40\x81\xaf\x96\x94\x93\x35\x9d\xa8\x12\x23\xb2\x69\x50\x29\xa7\xe9\x24\xd4\x05\x3e\x4e\x87\xa4\x24\xee\xf0\x22\x6c\xb1\x5d\x7d\x1d\x6a\xb1\xef\x95\x42\x29\xde\xde\x03\xef\x71\x69\x5c\x36\x49\xef\x49\xb7\x76\xdf\x7d\x34\x8f\x08\x55\x0c\x95\xa8\x52\x98\x9d\x14\xa2\xfe\x3a\x36\xa6\xdf\x1c\xc1\x0c\x34\xaa\x40\xbc\x0c\x3d\x30\x03\x16\x03\x51\x85\xee\x4b\xb4\x3b\xd6\x84\x08\x4f\x69\x83\x38\x98\xd7\xfb\x20\xf8\xa5\xf0\x4d\xcf\xde\x2d\xbb\xe5\x2d\x77\xeb\x8e\xbd\xbb\xd2\x60\xdb\x70\x45\x34\x69\x59\x05\x69\xdc\x50\xaf\x26\xb1\x49\xd8\x14\x61\x92\xa6\x26\x40\x68\x1a\x11\x0a\xb9\x26\x40\x78\x57\x13\x0a\x49\xb4\xbc\x0b\x43\x88\x11\x59\x97\xb4\x82\xc4\x97\x32\x71\xf8\x6a\x20\x45\xd7\x08\xb5\x24\x85\x30\x4b\x0a\xf0\x15\x23\x9f\x37\xa8\xff\x84\x11\x62\xc4\x0c\x98\x09\x51\xa5\xc8\x74\x10\x4d\x10\xbf\x80\xe1\xa1\x91\x73\x5c\x20\x16\x9a\xd4\x31\xf0\xbf\x89\x78\x5c\x68\xf5\xdf\x38\xa7\x19\xe7\xf3\xe4\x9d\xc1\x97\x2e\x51\xd3\x92\xad\xa2\x99\x8c\x4c\xfb\x95\x9c\xef\x2c\x8e\xa1\x20\x8a\x31\x3f\xb1\xa8\x5b\xfc\xdf\xe5\x49\x7e\x63\xd2\xa7\x47\x92\xc0\x88\xac\x82\xc8\x40\xd7\x28\x41\xaa\xd1\x6a\xac\x3c\xc4\xfb\x3f\xc1\x48\x01\xf0\x57\x21\x10\xf4\xc5\x55\x32\x15\xa7\x45\x5d\xf7\xb3\xfd\x9b\x29\x7c\x02\x22\xf9\x1a\x7a\xda\xd6\x8b\xff\x82\xaa\x60\xb6\x07\xa0\x4a\xd1\xf2\x65\x26\x31\x88\x39\x38\x11\x6b\x16\x28\x06\xb5\x34\x5a\x24\x7e\x20\xa7\xbd\x87\x50\xa8\xe7\xdf\x11\x0a\xaa\xfe\x3b\x21\xd5\xa0\x04\x4e\x9d\x3a\x05\x58\x68\xce\x10\x07\x0b\x8a\x85\x86\x5e\x0c\xc9\x24\xe0\x13\x3d\x3d\x07\x7e\xd3\xb6\xf3\xe9\xcc\xe9\x21\x0c\xf8\xbc\x49\x18\x74\x37\xf7\xa5\xbb\x93\xcf\xf0\x29\x13\x6a\x69\x8a\x6c\x11\x15\xcc\xa2\xa2\x10\xd3\xcc\x15\x75\xfd\xea\x31\x8c\xfe\xe7\x9b\x46\x4f\xd3\x34\x9c\xc5\xbb\xf6\xb7\xeb\x88\xe8\x26\x81\xc3\x6e\x73\xb1\x3f\x9b\x49\x67\xce\x60\xc0\xfd\x07\xa0\x9a\x41\xa1\x61\x0a\x90\x33\x98\x6f\x67\x6d\xb4\xa2\x20\x34\xda\x06\xb1\x0e\x14\x7d\x1e\xbc\xa1\x61\x62\x5f\x5f\x67\xab\xfa\x80\xd5\x75\x81\x28\x8a\xd0\xf8\x88\x71\xff\xfc\xce\x79\xb8\xce\x03\x7c\xd7\xb7\x9f\xda\x3b\x3b\xce\xf5\x05\xfb\xe6\x1f\xf5\x9d\x3b\xf5\x9d\xa5\x7a\x6d\x35\x30\x80\xc5\x17\xde\xde\x8f\xfb\xb7\x4a\xe8\x48\x4f\x3f\x4f\xc9\x95\x02\x51\x78\xf7\x08\x63\x06\x03\x8d\xb6\x36\x95\xeb\x6f\x7c\xff\x1c\xad\xbf\xa3\xe6\x86\x88\x7f\x02\x00\x00\xff\xff\xea\x0d\xb7\x48\x9c\x09\x00\x00")

func linuxIptablesAuthShBytes() ([]byte, error) {
	return resourceSetBindataRead(
		_linuxIptablesAuthSh,
		"linux-iptables/auth.sh",
	)
}

func linuxIptablesAuthSh() (*asset, error) {
	bytes, err := linuxIptablesAuthShBytes()
	if err != nil {
		return nil, err
	}

	info := bindataFileInfo{name: "linux-iptables/auth.sh", size: 2460, mode: os.FileMode(436), modTime: time.Unix(1790421345, 0)}
	a := &asset{bytes: bytes, info: info}
	return a, nil
}

var _linuxIptablesClientConfig = []byte("\x1f\x8b\x08\x00\x00\x00\x00\x00\x00\xff\x4c\x8e\xcd\x6a\xec\x30\x0c\x85\xf7\x7a\x0a\xbf\x80\x13\x2e\x77\x6b\x0a\xc3\x74\x51\x68\x17\x43\xa7\x2f\xe0\x49\xce\x10\x93\xd4\x0e\xb2\x12\x08\x41\xef\x5e\xec\xe9\x4f\x76\xfa\x8e\x3e\xa4\xd3\x4d\x01\x51\xa8\xc7\x6a\x64\x89\x34\x73\x92\x64\xf6\xbd\xb9\x82\x57\x70\x73\x29\xac\x4a\x8c\xcf\x24\x28\x8b\xf7\x3a\xbd\xa4\x2c\xaa\x7f\x7c\x49\x2c\x55\xcb\x69\x5a\x2d\x43\x78\x33\x21\xde\x43\x0c\x02\x8a\xe9\x16\x62\x4f\x33\x38\x87\x2c\x76\xc4\xf6\x3b\x97\x9f\x7e\x91\xc1\x2e\x19\x6c\x67\x9f\x33\xf5\x5e\xbc\xed\xc2\x3c\x80\xf3\xa1\xc9\xb3\x17\x7f\xae\xa9\x2a\xad\xe0\x9b\xf9\x4f\xae\xf3\x4f\xb4\xef\xcd\xf9\xa4\x4a\xae\x2d\xe4\x3a\xb0\x3c\x42\xd4\x4a\xae\xfd\x49\xc2\xdd\x34\xaf\xd8\x54\xdd\x88\xad\x2a\x95\xc8\xb5\xdf\x8c\xd8\xab\x3e\xbc\x8f\xb7\xeb\x69\x91\xa1\x0a\x23\x36\xdb\x07\x46\x27\x21\x45\xf3\x8f\x9c\x4c\xd9\x96\xd2\xf5\xc6\xd1\x24\xd7\x1e\x77\xf5\x1e\x7d\x05\x00\x00\xff\xff\xf2\x73\x31\xa0\x62\x01\x00\x00")

func linuxIptablesClientConfigBytes() ([]byte, error) {
	return resourceSetBindataRead(
		_linuxIptablesClientConfig,
		"linux-iptables/client-config",
	)
}

func linuxIptablesClientConfig() (*asset, error) {
	bytes, err := linuxIptablesClientConfigBytes()
	if err != nil {
		return nil, err
	}

	info := bindataFileInfo{name: "linux-iptables/client-config", size: 354, mode: os.FileMode(436), modTime: time.Unix(1790391574, 0)}
	a := &asset{bytes: bytes, info: info}
	return a, nil
}

var _linuxIptablesClientPageHtml = []byte("\x1f\x8b\x08\x00\x00\x00\x00\x00\x00\xff\xb4\x59\x6d\x73\x13\x47\xb6\xfe\xee\x5f\x71\x32\xdc\xcb\x48\x17\x49\x23\xc9\xb6\x80\x91\x46\x14\x70\xe1\xc2\x4d\x78\xa9\xc0\xbd\x55\x29\x8a\xa5\x46\x33\x3d\x52\xe3\xd1\xf4\xa4\xa7\xc7\x2f\x51\x5c\x65\x67\x43\x70\x58\x48\xc8\x2e\x2c\x05\x4b\x12\xc8\x02\xa1\xb2\x60\xb3\x59\xc2\xcb\xc6\x4e\xfe\xcb\xc6\x23\xcb\x9f\xfc\x17\xb6\x7a\x7a\x46\x1a\x49\xc6\xc0\x92\x35\x55\xd2\xa8\xe7\xf4\x39\xcf\x39\xfd\xf4\x39\xa7\x9b\xca\x5b\xff\x7d\x6c\xff\xc9\xf7\x8e\x1f\x80\x06\x6b\xda\xd5\x91\x0a\xff\x02\x5b\x77\xea\x9a\xf4\x41\x23\xbb\xff\xa8\xc4\xc7\x90\x6e\x56\x47\x2a\x4d\xc4\x74\x30\x1a\x3a\xf5\x10\xd3\x24\x9f\x59\xd9\x5d\x12\x28\xf1\x0b\x47\x6f\x22\x4d\x9a\xc4\x68\xca\x25\x94\x49\x60\x10\x87\x21\x87\x69\xd2\x14\x36\x59\x43\x33\xd1\x24\x36\x50\x36\xfc\x91\x01\xec\x60\x86\x75\x3b\xeb\x19\xba\x8d\xb4\x82\x50\xc3\x30\xb3\x51\xf5\xff\x8f\x1f\x85\xce\xcf\x5f\xb5\x3f\xbb\xbb\xfa\xf3\xed\xf6\xfc\x52\x45\x11\xe3\x23\x15\x8f\xcd\xf0\x6f\x00\x95\x12\xc2\xa0\x05\x06\xb1\x09\xcd\x7a\x46\x03\x35\x91\x0a\x36\xae\x37\x18\x98\x3a\x9d\x28\xc3\xec\x08\xc0\x7f\x41\x0b\x6a\x64\x3a\xeb\xe1\x0f\xb0\x53\x57\xa1\x46\xa8\x89\x68\xb6\x46\xa6\xc5\xfb\x1a\x31\x67\xa0\x05\x4d\x9d\xd6\xb1\xa3\x42\xbe\x0c\x16\x71\x58\xd6\xd2\x9b\xd8\x9e\x51\x21\xab\xbb\xae\x8d\xb2\xde\x8c\xc7\x50\x33\x03\xd2\x09\x54\x27\x08\xfe\xef\xb0\x94\x81\x77\x49\x8d\x30\x92\x01\xe9\x10\xb2\x27\x11\xc3\x86\x0e\x47\x91\x8f\xa4\x0c\xec\xa5\x58\xb7\x33\x20\x1d\xc7\x4e\xfd\xa0\xee\xd4\xe1\xc4\x7e\x29\x03\xd2\x11\x6c\x50\xe2\x11\x8b\xc1\x7b\xfa\x21\x84\xa5\x0c\x78\xba\xe3\x65\x3d\x44\xb1\x55\x86\x9a\x6e\x4c\xd4\x29\xf1\x1d\x53\x85\x6d\xd6\xb8\x55\xb2\x76\x95\x85\x6f\x2a\x6c\x2b\x58\xc5\xdd\xa3\x3b\x05\xe2\xdc\x14\xd5\xdd\x10\xf2\xb4\x08\xa4\x0a\x3b\x8b\x79\x77\xba\xdc\x73\x02\x74\x9f\x91\x32\xb8\xba\x69\x86\x4e\x8b\xd7\xe1\x64\x43\xa7\x26\x0f\x49\x9f\x35\x8b\xdb\x17\x81\xa1\xba\x89\x7d\x4f\x85\x42\x91\x4f\x09\x23\xd7\xd0\x4d\x32\xc5\xb5\x16\xdd\xe9\x70\x1c\x68\xbd\xa6\xa7\xf2\x19\xfe\x2f\x97\xdf\x95\x1e\xb2\x24\x80\x64\x6b\x84\x31\xd2\x54\xa1\x50\x8a\xcd\x37\x0a\xd0\x12\x01\xf6\xf0\x07\xa8\x5f\x9c\x5b\xc8\x27\x65\x8b\xfd\xb2\x85\xf1\x21\xd9\x10\x63\x1c\xa3\xd1\x9d\x63\x85\xf1\x42\xe4\x26\x25\x53\xd0\x02\x13\x7b\xae\xad\xcf\xa8\x60\xd9\x68\xba\x0c\x67\x7d\x8f\x61\x6b\x26\x1b\x91\x52\x05\xcf\xd5\x0d\x94\xad\x21\x36\x85\x90\x53\x86\xba\xee\xc6\x8e\x77\x1d\xda\xed\x4e\x73\x52\x74\x69\x13\x79\xe4\x4e\x83\x47\x6c\x6c\xc2\x36\x2b\x6f\x15\xac\xd1\x9e\x59\xd5\xd6\x3d\x96\x35\x1a\xd8\x0e\xe3\xdc\x3f\xcf\x21\x0e\x8a\x44\x27\x62\xea\xaa\xb0\xad\x54\xdb\x59\xdc\xc5\xa9\x67\xa3\x69\xe1\x9a\x58\xc0\x50\x70\x12\x5a\xc0\xd0\x34\xcb\xea\x36\xae\x3b\x2a\x50\xce\xf0\x32\x4c\x11\x6a\x66\x6b\x14\xe9\x13\x2a\x84\x5f\x59\xdd\xb6\x23\xf6\x4e\x21\x2e\xa3\xc2\x78\x3e\x1f\x29\x71\x10\xf3\xfa\x69\x1e\x79\x98\xb5\x91\xc5\x54\x28\xec\xea\x32\x24\x14\xb5\x31\xb4\x7a\x41\x18\x15\x41\x08\x5f\x37\x7d\x86\xcc\x04\xf6\xdd\x86\x3e\xaa\x5b\xe5\xbe\x95\x1a\xed\x2a\x43\x94\x0e\xb1\x0d\x59\x45\xab\xd8\x5b\xb7\xda\xee\x82\x51\x30\xe2\x10\xf7\xc7\x16\x19\xba\xa1\x0f\x71\x73\x57\xdf\x0a\x89\x05\x7b\x21\xe5\x72\x64\x62\x08\x41\xde\x32\xad\xb1\xc4\xee\x2a\x95\xc6\x47\xc7\x36\x45\x50\xab\x59\x3b\xcd\xfc\x9b\x21\xc0\x8e\xeb\xb3\x53\x6c\xc6\x45\x1a\x5f\xc7\xd3\xd0\x82\x68\xdf\x16\xf2\xf9\xff\xec\x8b\x5c\x31\xd4\x64\x23\xc6\x10\xcd\x72\x76\x86\xfa\x43\x4d\x49\x0a\x18\xc8\x61\x88\x0e\x21\xd8\x04\xbf\x59\x30\xc7\xcd\xda\xe6\xf8\xc3\xf4\xe7\x33\x46\x9c\x41\x44\x91\x2b\x8c\x0c\xef\x07\xf1\x33\xb9\xd8\xa5\xa4\x69\x41\xf0\xcd\xac\xf5\xad\x40\x71\xbc\x34\x8a\x6a\xbd\x15\x08\x33\x90\xe1\x53\x8f\xff\x72\x09\x16\xee\xf5\x00\xe6\x3c\x64\x10\xc7\xd4\xe9\xcc\xe0\x5a\x22\x6b\x6c\x6c\x6c\x2c\x29\xab\x9a\xd8\xd3\x6b\x76\x48\x52\xc2\x43\xc8\x66\x54\xc8\x95\x7a\xfa\x1d\xc2\x03\x69\x93\x29\x64\x8a\x79\x06\x31\xd1\x10\x47\x46\xad\x31\xab\x94\xcc\x6c\xee\x34\x24\x5c\xed\x3a\x37\x36\x18\x8f\x1e\xf9\xc5\x32\x0d\x6c\xdf\x78\xed\x66\x47\x2a\x4a\x54\xcb\x2a\x4a\x54\x5b\x79\x31\xaa\x8e\x54\x4c\x3c\x09\x86\xad\x7b\x9e\x26\xf1\x5c\x2f\xf1\x6a\x17\x0e\x62\x53\x93\x74\xd7\x95\xe2\xb7\x3c\x99\x4b\xd5\xa4\x7c\x64\x32\xdc\xa4\x52\x35\xb8\x70\xab\xb3\xb2\xb2\xfa\xec\xe1\x3f\xe6\xee\x55\x14\x13\x4f\x56\xc5\x67\xac\xaf\x4f\xcd\x08\x00\x40\xa5\x51\xac\xb6\xaf\xdd\x0a\xee\x3c\xee\x2c\xfe\x14\xdc\x39\xbf\xb1\xbc\x60\xf8\xd4\xde\x58\xfe\xb4\xa2\x34\x8a\x91\x4c\x62\x6a\x64\x28\x1c\x07\x58\xbb\xfe\x63\xb0\x72\x75\x63\xf9\x46\x25\x0c\x29\x87\xcb\x67\xbf\x43\xea\xd8\x91\xaa\xfc\x11\x1a\x8c\xb9\xaa\xa2\xb4\x6f\x3e\x58\xbf\xfd\x43\x70\xf3\x51\xf0\xe5\x9c\x62\xf3\xf7\x4a\xa1\x38\x3a\x36\x5e\xaa\x28\x7c\x6a\xb5\x52\xa3\x4a\x52\xeb\xf9\xbf\x6f\xa6\x95\xf8\x6c\x6b\xb5\xc4\x67\x91\x42\x81\xbc\xeb\xbd\x78\x88\xbf\x3c\x83\x62\x97\x55\x47\x52\x96\xef\x18\x0c\x13\x07\x52\x69\x68\x8d\x00\x4c\xea\x14\x74\xd7\x05\x0d\x4c\x62\xf8\x4d\xe4\xb0\x5c\x1d\xb1\x03\x36\xe2\x8f\xfb\x66\x0e\x9b\x29\x59\x77\x5d\x39\x5d\x8e\x64\x6b\xba\x87\x40\x03\x9b\x18\x3a\x57\x93\x73\x29\x61\xc4\x20\x36\xec\x00\x59\x51\x64\xd8\xd1\x7b\xd5\x20\x1e\xe3\xd3\x5e\xa8\xb8\x1b\x39\x39\x9d\xe3\x04\xda\x2f\xaa\x16\x68\x10\xbe\x02\xae\x2d\xb4\xc7\x75\x27\x43\x28\xbf\x8a\x5a\xe2\xb3\x57\xd4\xcb\x25\xcb\x23\x23\x00\xdd\xe0\x58\x4d\xb6\x6f\x86\x21\x2f\xe5\x88\x28\x01\x38\xa0\xc1\x51\xbf\x59\x43\x94\x8f\x7d\xf8\x21\xe4\xcb\xe1\x38\x8f\x89\x0f\x1a\x9c\x92\xf7\xc9\x19\xf9\x6d\xfe\x71\x84\x7f\xfc\x0f\xff\x38\xb9\x4f\x3e\x9d\x01\x0c\x5a\x2c\x3d\xd5\xc0\x36\x82\x94\x03\x55\x0d\x0a\xf9\xe2\x18\x6c\xdf\x0e\x18\x2a\xe0\xe7\x6c\xe4\xd4\x59\x03\xb2\x50\x48\x43\x0b\x1c\x50\x84\x40\x19\xf0\x8e\x1d\x62\xb3\x01\x50\xc4\x7c\xea\x40\x0a\x83\xa6\x69\x90\x87\x3d\xe0\x80\x0a\x4e\x8e\x91\x83\x78\x1a\x99\xa9\x62\x3a\xcd\x5d\x0a\xfd\xf3\x4f\xe1\xd3\xdc\xe6\xec\x80\x5b\xef\xe0\x26\x66\xa9\x89\x1a\xb7\x12\xeb\x8b\xfc\xe2\x83\x55\xc8\xa7\x61\x4f\xdf\x10\xd7\xf8\xf6\x3e\xc5\x93\xd3\xa0\x82\xbc\xfa\xec\xd2\xfa\xf5\xcb\xeb\x73\x5f\xcb\xe5\x7e\xdd\xc8\x33\x52\x5e\x42\xeb\x09\x46\xb1\x53\x4f\x79\xa0\x69\xe0\xf8\xb6\x0d\x7b\x40\x96\x41\x05\x2f\x9d\xa3\xc8\xb5\x75\x03\xa5\x94\x53\xdb\x2b\x55\xe9\xb4\x52\xcf\xf4\xd4\xa4\x8c\x24\xb2\x96\xbc\x5d\x56\xe5\xed\x7a\xd3\x2d\xcb\x19\xb9\xc2\x9f\x6d\xc6\x1f\xab\xfc\xb1\x1e\x3e\x4a\xfc\xf1\x7d\x9f\xb0\xb2\x3c\x9b\x3e\x65\x9c\x2e\xc3\x6c\x9a\x63\x4b\x82\xf3\x1a\x64\xea\x00\xa5\x84\xa6\x9a\x5e\x9d\x1b\xd0\x5d\x37\x87\x1d\x07\xd1\x43\x27\x8f\xbc\xc3\x89\x91\xdc\xf2\x88\x52\xa9\xca\x83\xc8\x7d\x0a\x27\xec\x00\x59\xec\xa4\x41\xaf\xb9\xe2\xa3\x84\x61\x03\xbd\x92\x66\x32\xb1\xa5\xe2\xa4\x66\x8a\x1c\x13\xd1\xc3\x8e\x45\x52\x66\x4c\x42\x6c\x41\xca\xcc\x35\x2d\xfd\x0c\x45\xef\xfb\x98\x22\x93\x13\xe8\x2d\x33\x67\x93\x7a\x1d\x99\x67\x70\x97\xae\x30\x88\x23\x1a\x05\x90\x2b\x8d\x42\x75\xfd\xe6\x5c\xe7\xde\x7c\x70\xe1\x7e\x7b\x6e\x7e\xfd\xbb\x8b\x9d\xa5\xf9\xb5\x5b\xf3\x15\xa5\x51\xe0\xe8\x12\xa2\xee\x40\x16\xec\x2c\xdd\xed\x3c\xbe\x17\x7c\xfe\x34\x78\xfa\x7d\x70\x79\x69\xed\xca\x7d\x38\x79\xec\xe4\xf1\x8d\xe5\x85\x23\x07\xf7\x6e\x2c\x7f\xfa\xcb\xdc\x47\x9d\xa5\xa7\x9d\x9f\xfe\x10\x9c\xbb\xdb\x59\xbc\xd3\x59\x9a\x0f\xae\xdf\x87\xbd\xae\x0b\xab\xcf\x1e\xc2\x68\x1e\xd6\xbe\xfd\x7d\xb0\xf0\xb4\xfd\xc7\x47\xab\xcf\xe6\xda\x0f\x6e\xaf\xdd\xf8\x18\x4a\xb0\xba\x72\xa9\x0b\x62\xf5\xc7\xbb\xc1\xe2\xc5\xf6\xc2\x65\x91\x69\x83\xe7\x4f\xda\x57\x7e\xea\xdc\xbe\xb8\xb6\xf2\xc5\xda\x8f\x37\x7f\x99\xfb\xa8\xa2\xb8\x03\x20\xc3\xee\x43\x24\x4d\x62\x22\x09\xc2\x3e\x44\xe2\x1b\x5f\x12\x9d\x49\x93\x98\x48\x93\x1c\xbf\x89\x28\x36\x24\x7e\xac\x10\xbb\x4d\x93\x4a\x12\x84\x54\x6c\x10\xdb\x44\x54\x93\xf2\xe1\x9f\x14\x36\xa7\x06\x69\xba\x36\x62\x48\x93\x88\x83\xb2\x0c\x37\x51\x56\xe8\x57\x06\xec\x47\x1d\x06\x07\x10\x26\xa9\x7d\xcc\x91\xaa\xc2\xa1\xe0\xf9\x13\xe1\x47\x45\x11\x52\x03\x53\xe3\x92\xd7\xf4\xea\x52\x35\x26\x42\xf4\x9e\x67\x16\xe1\xda\x16\xb9\x99\x23\x12\xc9\x39\x9e\x52\x63\xce\x56\x13\x62\x84\xbd\x49\xa1\x8d\x9c\x45\x0c\xdf\x4b\x75\x07\xbb\x34\x34\x49\x98\xa1\x53\x3d\x62\x09\x33\x61\xa1\xd2\x20\x25\x66\x4f\xea\xb6\x8f\x78\x56\x94\x79\xca\xa5\xb8\xd9\xd3\x24\x58\xfb\x96\xf2\x9b\x53\xf9\xec\xee\xd3\xad\xd2\xec\x7f\x28\x39\x86\x3c\x96\xe2\x1a\xd2\x7c\xc7\xbc\x10\x6b\xd3\xab\xcb\xe9\x97\x6c\xd3\x2e\xdd\x04\x8f\xda\x57\x1f\x05\x0f\xaf\x25\x28\x1d\xed\x2d\x91\x50\xe2\x44\xca\xff\x6a\xcc\xc9\x75\xfb\x28\x0d\x18\xf5\x51\x0f\xb2\x85\x98\xd1\xe0\x95\x0f\x8b\xba\x23\x67\xf8\xd1\x02\xb1\x06\x31\x55\x90\x8f\x1f\x3b\x71\x52\xce\x00\x6f\x69\x10\xf5\x54\x68\x81\x1c\x95\x98\xec\xc9\x19\x17\xc9\x2a\xf0\x9a\x69\x63\x51\x07\x95\xb3\x1e\x71\x64\x98\xcd\x84\x27\x71\x15\xfe\xf7\xc4\xb1\xa3\x39\x2f\xcc\x8e\xd8\x9a\x49\xb5\xc2\x50\xaa\x22\xa0\xb3\x69\x98\x4d\x77\x51\x00\xe4\x58\x03\x39\x89\x9a\x4d\x13\xc9\x91\xe6\xb8\xe2\x54\x7a\x50\xe6\x6c\x42\xa6\x05\x64\x42\x05\x9a\x23\x13\x19\x38\xab\xc2\x59\x98\x8d\xb2\xe3\x96\x46\x90\x97\x5c\xed\x4d\x82\x65\xe9\xb6\x97\x88\x56\x77\x91\x29\xf2\x72\x64\xe2\x8d\xd7\x34\xce\x90\x5c\xdd\x59\x7e\xc0\x22\x34\xe4\x56\xb4\xa7\xee\xfc\xb5\xf3\xf8\xae\xdc\x9f\x3b\x87\xd7\x97\xff\x29\x0a\x1c\x39\xb8\x17\xc4\xbc\xf6\xc2\xe5\xe0\xc2\xd7\x1b\xcb\x37\x3a\xe7\xbf\x0b\x2e\xdc\x17\x69\x28\x78\xfe\xa4\xb3\xf2\x20\x58\x78\xb4\x76\xe5\x7e\x7b\xe1\xa9\xb8\x8a\x59\xbb\x7a\x71\xfd\xcb\x6f\xfa\x34\xfd\xab\xfe\xf0\x84\xdf\x6f\xfe\x62\xfb\xe1\x9f\x83\x9b\xf7\x45\xe3\xda\x79\x7c\xaf\x6b\xb5\xdb\xc1\xca\xfd\x91\xb5\x89\x6e\x26\xb7\x13\x0c\xac\x9e\xa1\x73\xae\xf6\xf5\x75\x9b\xaf\xd7\x9b\x2d\x8a\x48\xc0\xeb\x57\xae\x77\x96\x96\x7a\x25\xab\x8b\x2b\x0e\x3c\xb7\x4c\x1c\xc3\xc6\xc6\x44\x98\x86\xc2\xec\xd1\x9f\x6a\x88\x33\x81\x66\x4c\x32\xc5\xf3\x54\x0f\x36\xe2\xb8\x39\x8b\x50\x6e\x02\xcd\x84\x1d\x8e\x7c\x80\xb7\xfa\x72\xba\x97\x84\xca\x30\x1b\xeb\x8a\x56\x7c\x44\x18\xef\xf6\x62\xe1\xd9\x5e\xe3\x65\xd2\x41\x6c\x8a\xd0\x09\x8f\x53\xe7\xd4\xe9\x74\xb9\x4f\xe4\x10\x6b\xda\xa0\x85\x8f\x51\xeb\x15\xa9\xdd\x03\x72\xc5\xb7\x63\xcf\xf9\x7b\xc1\xc7\x50\xb2\xa9\xbb\x89\x40\x3b\x89\x8d\x26\x57\x6c\xdc\xe5\xad\x13\x71\x93\x0f\xf1\x18\xe5\xce\x12\xec\xa4\xe4\x98\xb2\xbe\x5d\x95\x23\x6b\x2a\xc8\x15\xcf\xd5\x9d\x81\x32\xdb\xbe\x76\x6b\x63\x79\xa1\x7d\xf3\xbb\xf5\x73\x97\xd6\x56\x16\x83\xcf\x97\x3a\x8b\x3f\xaf\x5f\x5b\x14\x6b\x10\x1e\x55\xf8\xac\x98\x29\x61\xa5\x70\x27\x4b\xef\x92\x29\x1e\xf3\xdc\x24\xa6\xcc\xd7\xed\x33\xd8\x2d\x25\xbc\x4a\x2c\x28\x25\x53\x52\xb5\xcf\xf0\x84\x54\x0d\x3e\x39\xb7\xb6\xf2\x05\x1c\x3e\x3e\x59\x8a\xd4\xf7\x49\x4c\xf6\xf6\x65\x9f\x85\xc8\x29\x31\x41\xf0\xa2\xe7\x9c\x68\xab\x5f\xd4\x8c\x84\xad\xc8\xf0\x3d\x68\x5f\x17\xf2\x72\xdc\xed\x9b\x97\x82\x0b\xb7\x83\xeb\xf7\x83\xcb\x97\xd6\xbe\x7d\xf4\x52\xec\x1e\xa2\x93\x88\x9e\x71\xf4\x26\xda\x04\xfb\x6b\x18\x16\x29\xe3\x15\xad\xfa\x1e\xa2\x6f\x6e\xb2\xb3\x34\xbf\xfa\xfc\xde\x2b\x9a\x34\x10\x65\xa1\x9b\x61\xf2\xcc\xca\x6f\x66\x3a\x38\xf7\x40\xd0\xe3\xa5\x76\x5d\xbf\x66\x63\xe3\x0c\x76\x7f\x1d\xbb\x31\x2d\x5f\x83\x94\x5b\x59\x8c\x37\xca\x6b\x20\x58\xfc\xa6\xbd\xf0\x74\xed\x2f\x4b\xab\xcf\x7e\xd7\x59\x59\x69\xff\x30\xbf\x7e\xfe\xf3\x2d\xd0\x74\x0f\x8f\x66\xce\x77\x79\xf6\x3e\x53\xe3\x3f\xdf\x30\x0c\x3d\x10\x17\x56\x97\x6f\xbd\x0e\x08\x9e\x6a\xff\x0d\x30\x78\x2c\xc4\x51\x70\x6b\x18\xe2\xc4\xd9\x8d\x85\xcd\x7f\x9e\x89\x0e\x96\xbf\x56\x38\x5e\x07\x47\x37\x1c\xaf\x86\xa4\x51\x84\xf0\x12\x4b\x93\x12\x77\x86\x85\x5d\xee\xb4\x54\xed\xe5\xe5\x1b\x1f\x8b\xd4\x1c\x5e\x21\xc5\xe5\x22\xac\x31\xb1\xa2\xc1\x73\xdb\x9e\xa1\x83\x03\xf1\x19\x3f\x39\xc4\xc0\xbb\xf7\x81\x52\x35\xbe\x1e\x5a\x08\xfe\xf4\x55\xfb\xca\x13\x61\xaa\xfd\xe5\x6f\xd7\xaf\x5f\x0e\x6b\x41\xf7\x68\xc1\x33\x6e\x3a\x4a\xb9\xc3\x67\xc5\x5e\x53\xb7\xd5\xe9\x40\xc0\x90\xd3\x89\x2a\x3e\x78\x67\x94\xe8\xf8\x0c\xe2\x58\x98\x36\x53\xf2\xda\xed\xc5\x60\xf1\x86\x40\x1a\x5c\xbe\xb6\xb1\xfc\x75\xfc\xfc\x59\xf0\xe8\x13\x01\x3c\x78\xfa\x7d\x74\x98\x8b\xe3\x25\x9c\xf8\x65\xee\x23\x39\x9d\xee\xab\xe8\x30\xd4\x84\x13\x9f\x6d\xd2\x85\xf3\xea\x3a\xd0\xbe\xf2\xaa\x1c\xf5\x4c\xc9\xfe\x24\xee\x14\x60\xe0\x9c\x2d\x44\x23\xbf\x12\x26\xb1\x63\x11\x79\x48\x39\xed\x45\xe0\xcd\xdb\x70\x81\x68\xd8\x46\xb2\xff\x1e\xe8\xab\x7b\x17\x19\x83\xcd\x71\xfb\xda\xad\xf6\xdf\xae\x0a\x3e\xca\xe9\xe1\x8e\x38\x71\x9f\x10\x4e\xed\x99\xdf\xac\x81\xec\xd9\x91\x93\x8d\x9f\xdc\x8d\x29\x57\x1b\x77\xa6\xb3\x69\xfe\x59\x51\xe2\x4b\xc6\x8a\x12\x5d\xf3\x2a\xe2\x3f\x5b\xff\x19\x00\x00\xff\xff\xae\x58\x26\xe0\x7d\x1d\x00\x00")

func linuxIptablesClientPageHtmlBytes() ([]byte, error) {
	return resourceSetBindataRead(
		_linuxIptablesClientPageHtml,
		"linux-iptables/client-page.html",
	)
}

func linuxIptablesClientPageHtml() (*asset, error) {
	bytes, err := linuxIptablesClientPageHtmlBytes()
	if err != nil {
		return nil, err
	}

	info := bindataFileInfo{name: "linux-iptables/client-page.html", size: 7549, mode: os.FileMode(436), modTime: time.Unix(1790392136, 0)}
	a := &asset{bytes: bytes, info: info}
	return a, nil
}

var _linuxIptablesClient_offlineSh = []byte("\x1f\x8b\x08\x00\x00\x00\x00\x00\x00\xff\xc4\x5a\xff\x57\xd4\x56\x16\xff\x3d\x7f\xc5\x35\xc4\x32\xe3\x9e\x38\x60\x31\xa7\x60\xc7\x73\x46\x18\xeb\x9c\xc2\xc8\x01\xb4\xdd\x83\x6c\xce\x90\xbc\x91\xac\x21\x99\x26\x19\x6c\x17\x38\xc7\xb6\xa2\xa8\x08\xb6\x4b\xb5\x02\x55\x6c\xfd\xc2\x6e\xb7\x68\x6b\x57\x47\x18\x96\x3f\x66\x27\x99\xe1\x27\xfe\x85\x3d\x2f\x2f\xc9\x24\x33\x19\x04\xd4\xee\xfc\x42\xf2\xde\x7d\xf7\xde\x77\xbf\x7d\xee\x7b\xa1\xe9\x40\x6c\x58\x52\x62\xc3\x19\x7d\x84\xa2\x52\xe9\x81\x64\x5f\x3a\xd1\xcd\x27\x7a\x53\x71\x9a\xe7\xfd\xef\x3c\x4f\x53\xdd\xa7\x3f\xe2\x4f\xa6\xba\x93\x78\xee\x93\xd3\x7d\x1f\xa7\xd2\x1f\xf1\x5d\xa9\x3e\x9e\xcf\xe4\x8d\x91\xc3\xb2\x7a\x9e\xa6\xfa\x93\x7d\x67\x93\x7d\x7c\xaa\x0b\xd3\x78\x2f\x78\xb1\x37\x85\x99\x9e\x4c\x74\x26\xfd\x14\xee\x18\x26\xec\x3c\x95\x48\xa5\xf9\x74\xa2\x27\x19\xa7\xd5\x1c\x52\xc6\x72\x0a\x9f\x11\x64\x9e\xf1\xd8\x61\x4d\x3a\x3f\x6e\xa0\x8a\x20\x1f\x96\x55\xe1\x02\x4d\x51\xa9\xde\x81\xc4\x89\xee\x64\x7f\x9c\xd6\xf3\xa2\x0a\xb1\xbc\xae\xc5\x74\xbc\x5b\x29\x67\x64\x86\x65\xa4\xd3\x54\xaa\x97\x6b\x48\xc3\xb9\x44\x52\x16\x06\x81\xfd\x3c\x30\xa9\x23\x03\x86\x8e\x81\x31\x82\x14\x0a\x00\x20\xd5\xdb\x9f\x1c\x08\x61\xa2\x23\x83\xa6\x90\xac\xa3\x3a\x2a\x67\x2e\x2b\x51\x54\x13\x94\x0a\xb3\x20\xc8\x12\x52\x0c\x5e\x55\x64\x49\x41\x87\xf5\x11\x28\x15\x2e\x55\xae\xfe\xbe\x5d\x5c\x20\xe2\xcc\xb9\xa7\xe5\xf9\x15\x73\xfa\x6e\xe5\xdf\xcf\xc8\x6a\xb0\x0a\x53\xe5\x5b\x57\x22\x66\xe1\x31\x64\xf1\xa6\xa3\xdb\xc5\x19\xf3\xd6\x63\x73\xfa\x6e\xa9\xb8\x5c\x5e\xbf\xbf\x75\xe9\x96\xf5\xc3\x03\x70\xf7\x0b\x6c\x57\xc4\xba\xb3\xec\xd0\x52\x4d\x60\x3d\x5f\xb1\x2e\xcf\x6d\x17\x17\x0c\x01\xb6\xee\xde\xda\xba\x74\x9f\x70\xc4\xea\x38\x12\xee\x2c\x9b\x53\xcf\x31\xdb\x27\x37\xca\xeb\xd3\xe6\xcd\x65\xac\xc3\xad\x99\x52\xe1\x92\x75\xfd\x3a\xe1\x04\xa5\xc2\x6f\x95\x07\x33\xe6\xcc\xed\xff\x5e\xfa\x8a\x3a\x95\x38\x9b\xe4\xc9\x46\x5b\xb0\xe9\x18\xfb\x19\x64\x49\x37\x80\x55\xe0\x78\x4c\x44\x63\x31\x25\x2f\xcb\x70\xe4\xf8\x7b\xad\x3e\x13\xfa\x16\xb6\xda\x66\x71\x06\x5c\x0f\xb5\x84\x3a\xc2\xf1\x12\x0c\xc1\xc4\x04\x08\xea\xe8\x68\x46\x11\x81\x1d\x83\xea\xcc\x6b\x25\xba\x02\x5c\xa9\xfd\xa7\xf8\xee\x64\x3a\xde\xca\x51\x94\xac\x9e\xe7\x47\x91\xae\x67\xce\xa3\x48\x14\xc6\xed\x55\xb2\x2a\x64\x64\x90\xd1\x18\x92\xe3\x34\xd3\x4a\xfb\x06\x1d\xd2\x38\xcd\x1c\x21\xc3\x48\x18\x51\x81\x66\x22\x62\xc6\x40\xd0\xfc\xa7\x83\x7f\x66\x0f\x8e\xb2\x07\x45\x38\x78\xaa\xe3\x60\x4f\xc7\xc1\xfe\xe6\x28\x0c\x32\xe3\x36\xaf\xc9\x21\x60\xc6\x1d\x06\x93\x34\x1c\x3f\x0e\x34\xe3\x26\x1c\x4d\x4d\xe2\x28\x31\x57\x7f\xb4\xa6\x5f\x96\x7f\x7e\x5a\x5e\xba\x6f\xae\xde\x33\x97\x9e\x99\x3f\x5c\xda\x2e\x2e\x9c\xce\x21\xe5\x6c\x6f\x1a\xcc\xa5\x15\x48\xf5\x8e\xb5\x01\x26\xf9\xea\x55\x65\xf5\x3f\xe5\x8d\x55\x30\xb4\xbc\x6e\x20\x91\x97\x72\xd8\x8d\x84\x84\x73\x48\xac\x79\x4c\xe5\x23\xe1\xb0\x0b\x71\x3c\x3e\xac\x5c\x9a\x2a\xad\x7d\x6b\xdd\x7e\xb4\x5d\x9c\xb1\x6e\xae\x5a\xbf\x3c\x2c\x3f\x58\x35\x57\x17\x82\xb2\x17\x09\xb3\xf9\x15\x18\xcc\x88\xa2\x36\xd4\x91\x53\x35\x03\xcc\x8d\x1f\xcd\xe2\xdc\xd6\x97\x9b\xe6\xd4\xcd\x52\x61\xb6\xfc\xf3\x53\x73\xee\x27\xeb\x46\xd1\x9a\x7d\x54\x5a\x7b\x52\x9e\xbf\x6f\xfd\xf2\xa4\xf4\xea\x1a\x96\xd5\x97\x4c\x74\xf3\x9d\xdd\xa9\x64\x7a\x80\x4f\x74\x75\xf5\xc5\x69\x37\xe1\x14\xa0\x99\xaa\x62\x74\x20\xdd\xea\x57\xf9\x48\x3b\xbc\x67\xac\x0c\x4e\xbf\x30\x86\xdc\xeb\x38\x0e\xfa\x89\x87\x6a\x99\xee\x90\xb7\xe6\xea\x8c\x39\xb5\xe2\x66\xef\x4c\x79\x7e\xa5\xb4\x36\x5b\x5a\x9f\x35\x7f\xf9\xde\xfc\x6a\xa5\xbc\x70\x19\x04\x55\x51\x90\x60\xb0\x86\x34\x8a\x20\xd1\xd9\x0d\x95\xcd\xef\xcd\xd9\xfb\x24\xaf\xca\xeb\x97\xcd\xbf\x4f\x9b\x85\x19\x0a\xe7\x0c\x3f\xd6\xc6\x0b\x92\xa8\xe9\x5e\xfc\x19\x1a\xb0\x22\x34\x9f\xd3\x9a\xe1\x9c\x3d\x80\x7f\x13\xa0\x23\x11\x6f\xb1\x59\x8f\xfd\x65\x70\xb0\x43\xcf\x65\x04\xd4\x31\x34\x74\xa8\xad\x29\x16\xcb\xd5\x53\x36\xeb\x31\x3f\x15\x13\x8b\x05\x69\xce\x6b\x28\x87\xd3\xa8\x39\xc0\x8c\xa9\x61\x84\x7d\xcd\xe6\xa9\x49\x47\x53\xee\x8d\x34\xe5\xfe\x10\x4d\xa9\x51\x49\x51\x35\x3e\xab\xa9\xa3\xfc\x58\x5b\x4d\x52\xf3\x02\xf0\x22\xf4\xd8\x23\xbc\x10\x67\x22\x39\x4d\x52\x8c\x2c\x34\x1f\xd4\x9b\x01\xe7\x3a\x4c\x80\x90\x37\x80\x15\x0f\x03\x9b\x7d\x3f\x4a\x08\xc5\xd7\x11\xb6\x11\xc2\x9e\x38\x13\x89\x40\x84\x19\xe7\x85\x0e\xb6\x65\x12\x3e\xfc\x10\x3e\x88\xc2\x04\x30\xe3\xbc\x68\x0f\x44\x09\xdd\x20\xd0\x4c\x0f\x0d\xac\x8c\xa0\x05\x86\xe0\xbd\xf7\xa0\x27\xde\x1a\x98\x39\x8f\x80\x3b\x7a\xf4\xfd\xa3\xee\x2c\x7e\x69\x0b\x50\xa0\xcf\xa0\xbd\xbd\xbd\xdd\x25\x68\x6f\x6f\xff\xc0\x9e\x0f\xea\xd9\x83\x0b\x8b\xdf\x20\x5c\xad\x41\x46\x5c\x6b\x8c\xc4\x99\xf1\xd6\xa6\xa6\x43\x1d\x93\xf6\xbb\x90\xd1\x11\xd0\x0c\x3f\x42\x83\xa4\x40\x73\xf3\xc4\xa1\xc1\x03\x2d\x6c\x7b\x86\xcd\x26\xd8\x93\x43\x87\xa2\x78\x41\x0b\x1c\x3b\x06\x48\xcf\x08\xbe\xdd\xb7\x72\x4d\xcc\x38\x3f\xf2\x7f\xdc\x2e\xe5\x24\x79\xaa\xb7\x2d\x4e\x33\x52\x56\x50\x95\xac\x74\x9e\xcf\xa9\xaa\xcc\x6b\x68\x54\x35\x10\xae\x36\x55\x2a\xae\x31\x15\x47\x07\x10\x02\xe8\x54\xfa\xe4\x69\x1a\xe8\xf2\xfc\x8a\x35\xfd\xb2\x54\xb8\x51\x5e\xdb\x84\x4e\xa4\x19\x52\x56\x12\x32\x06\x4a\x67\x46\x11\x30\x18\xa4\x54\x85\x57\xf0\xcb\x19\x1d\x69\xc0\xe4\x75\xa4\xd9\xaf\x67\x25\xcd\xc8\x67\x64\x48\xf5\x76\x00\x53\xd5\xd3\x37\xce\xf9\x27\x38\xe8\xb4\x6b\x0f\xa1\xaf\xad\x60\x70\xe2\x0b\x03\xe9\xd0\x87\x04\x24\x8d\x21\xb1\x03\x98\x61\x3c\xc0\x6b\xce\x80\x33\xdf\x8f\x14\xc3\x9b\xd3\x31\xb7\xae\xbc\x96\x31\x24\x55\xe9\x00\x06\x17\x28\x5e\x74\xde\x41\x47\x82\xaa\x88\x3a\x4d\x21\x45\x50\x45\x24\xf2\xae\xe2\x71\x26\x62\x23\x9d\x5d\x62\xdd\x41\x9c\x03\xc3\x19\x1d\x71\x6d\xc0\x5e\x84\x16\x98\xf0\xea\x81\xd2\x1c\xc5\xc5\xd3\xba\xf6\xa4\xf2\x60\x86\x98\xc9\xfc\x66\xa3\xb4\xfe\x90\xd2\xd0\x67\x79\xa4\x1b\xfc\xb0\x2a\x7e\x11\xa7\x75\xa4\x8d\x21\x8d\x97\xb0\xee\x5e\xf3\x47\xb9\xfc\x3b\x80\xa9\xd5\x83\xd2\x50\x46\xe6\xa5\x1c\x8f\xb1\x28\xc4\x24\x94\x53\xab\x05\xa4\x19\xbc\xc3\xc3\xe7\x0e\x6a\x8c\xd8\xd9\xc7\xa1\xea\x04\xdf\x24\x57\x37\xcb\x51\x41\xdb\xd6\x19\x9b\xf2\xec\x2b\x06\x8c\x4d\x53\x94\x90\xd7\x64\x60\x75\x60\x3f\x85\xde\xd3\xfd\x03\xd8\x44\x34\xe3\x37\x04\x0d\x23\x86\x91\xeb\x88\xc5\x18\x7f\x43\x1e\xc3\x9b\x8e\xa9\xd9\x2c\x86\x1d\x6c\xce\x38\xfe\x39\x2d\xa1\x59\x78\x6c\xae\x6e\x90\x96\x0e\x22\x86\x10\x25\xb3\x54\x13\x08\x72\x46\xd7\x25\x31\x96\xd3\x24\x15\xc3\x57\xa9\x70\xbd\xbc\xb6\x59\xb9\xbc\x60\x2d\xfd\xcb\x85\xac\x69\x6b\xe9\x9a\xd3\x48\xcc\x93\x8e\xc2\xeb\x2b\x9d\x01\x6e\xbb\x78\x6d\xbb\xb8\x68\xdd\x59\xae\xac\xae\x59\xdf\x3f\x35\x6f\x3d\x26\xdd\x46\x65\xf3\x2a\x91\xba\xf5\xf5\x86\xf9\xec\x87\xca\xd3\xef\x88\x42\x18\xea\x07\x3a\xf9\x13\xa9\x34\x06\xf8\xac\xaa\x01\x6f\x08\xb8\x74\x54\x7b\x39\x43\x80\xea\x03\x1e\x75\x9f\xc9\xdf\x63\x20\xaa\x76\x4e\xbb\x5d\x20\xcd\xf0\x86\xe0\x81\x38\xb8\xdc\xed\xe6\xda\x9e\x3a\x06\xc3\x1a\xca\x5c\x38\x06\x59\x89\x12\x55\x05\x51\x83\xc0\xfe\x0d\x68\x86\x50\xd2\xa4\x58\x04\x96\x19\x02\x4d\x61\x35\xbb\x92\x67\xe3\x34\x53\x7b\x38\xb1\x1b\x93\x71\xb7\x93\xa8\x46\x06\x4d\x9a\xcf\xda\x71\xd2\x60\x4c\x62\x21\x52\x0e\x64\x49\xb9\x00\xfa\x88\x7a\x91\x28\xd0\x95\x3c\x4b\xef\xd0\x99\x36\x55\x5d\x63\x4e\xfd\x5a\xdf\x72\x6f\x17\x67\xbc\xa6\x9b\x18\x78\xbb\x38\xe3\xf5\x5b\xe6\xab\x17\xe6\xdc\x37\xa5\xc2\xf5\x18\x49\xae\xca\xe6\x62\x79\xe5\x46\x69\xed\xdb\xf2\x62\xa1\xf2\xf8\x4a\x79\xf1\x36\x7c\x26\x4a\xba\x10\xb3\x83\x21\x96\x95\x64\x03\x69\xb6\xdc\x88\x6b\xe1\x03\x4e\x6b\xcf\x5e\x04\xae\x05\xda\x7d\xaa\x11\x70\xf0\x15\xbd\x4f\x12\x7d\xe9\x54\xfa\x23\xaf\xee\x35\x28\x6a\x35\x35\x2d\xe6\x2f\x63\x95\xd9\x97\xe6\xdc\x6d\x27\x70\xe6\xbf\xac\xbc\x98\xb2\xee\xbc\xd8\x2e\xce\x54\x5e\x3e\xaf\x6c\x5e\x05\x43\x70\xc2\x9a\xf6\x34\x40\x9f\x4b\x06\xb4\xd8\xaf\x59\xc9\x17\x16\x75\x9e\xa9\xd1\xbc\x27\x95\x3e\xdd\x17\x67\x22\x81\x2e\x20\xb8\x86\xa0\x92\x77\x66\x6b\xb4\x8a\x0b\xfa\x3a\xea\xea\xe2\xf9\xef\x7a\xa9\xb8\xbc\x5d\x9c\x2e\x15\xd6\xad\xd9\x47\xe6\xdc\x4f\xa0\xa9\xaa\x01\x23\xc6\xf0\x76\xf1\x9a\x4d\xe4\x04\x22\x10\xfb\x83\x88\x64\x10\xd1\x98\x2f\x3e\x72\x19\x0d\xd7\xe3\xd6\x0e\xc8\x69\xaa\xa1\x0a\xaa\x8c\x23\xc9\xce\x5c\xc6\x56\x09\xf2\xef\x1f\x81\x23\xbe\x30\x9a\xc0\x45\x36\x8f\xde\x80\xfd\x18\xb7\x67\x01\x76\x14\x85\xf0\x77\x4a\x0d\xb4\x76\x38\xcc\x1a\x31\xc2\xd6\xba\x51\xd9\xd8\x08\x58\x4b\x52\xce\x6b\x48\xd7\xb1\x21\x71\xcb\x9c\x53\x65\x49\x40\x50\xd9\xbc\x6a\xad\x3f\x34\xef\xae\xec\xd5\x88\xd9\x6c\x36\xfb\x6e\xed\x58\x27\x61\x0f\xa6\x6c\xdc\x45\xec\x23\x9b\xcc\x97\xbf\x91\x74\x01\xef\x58\x5f\xe7\x0b\x92\x49\x51\x68\x3f\x8e\x4f\x99\xce\x65\x8a\x7b\xaa\x31\xe7\x6e\x9b\x8b\xf7\x2a\x4f\x1f\x79\x07\x4e\x52\x8a\xac\x3b\x2f\xf0\x19\x66\xea\x11\x76\x48\xa2\xb3\x7b\xbb\x38\x4d\x50\x28\x23\xc8\x31\x6c\x97\x52\x71\xa1\xb2\x39\x6f\x2e\xde\xc3\x15\x68\x7a\x79\xeb\xee\x43\x48\x88\x22\x12\xfb\x6d\x20\x4f\x74\x76\xf7\x21\x41\xd5\x44\xec\xbb\x77\x8d\xf4\xfb\x87\x72\x9a\xd2\x90\x9e\x97\x8d\x38\x13\x79\x23\x68\x76\x8c\x12\xad\xe9\x11\xbb\x92\x27\xce\xe0\x62\x99\x11\x64\xf3\xca\x94\xb9\xfa\x0a\x18\x22\x8f\xa6\xa8\xce\x54\x57\x5f\x7f\x5b\xe0\x38\x71\x4e\x69\xb6\x65\xda\x14\x30\x01\x81\x33\x61\x94\xac\xe0\x76\xb1\x82\x73\x57\x90\x3a\x89\x71\x90\x48\x73\x70\xd0\x3f\x56\x73\x34\x7e\xdb\xd5\xde\x5a\xfa\x67\xe5\xeb\x0d\x72\xe4\x25\xa7\xdf\xd5\x67\xe6\xc6\x77\x5e\xbd\xf7\xd7\x7a\xa7\xce\xe3\xb8\xb4\x15\xa7\x99\xea\x35\x11\x0d\x71\xa0\x5b\x83\xba\x46\xbc\x9a\xfd\x5a\x10\x7b\x77\x40\x96\xe8\xec\xae\x47\x31\xfb\x3e\xad\x16\xc6\x6a\xa0\xcc\x0f\x21\xa4\x30\xb2\xde\x8f\x34\x64\xd5\x77\xff\x46\x5d\xe0\xab\x71\xe8\xeb\xc0\x10\xec\x3b\xb0\xfe\x53\x21\xe1\xe3\xb2\x9a\x00\x7d\x24\x73\xe4\x28\xa7\xe7\x47\xdd\x23\xad\xd0\xca\x32\xee\x25\x59\x34\xc0\xab\xbf\xaf\x93\xb7\x2f\x38\xd5\x31\x66\xdc\x4b\xe3\x49\x5e\xe7\x99\x71\xbc\x62\x32\xb8\xf1\xae\xfe\x81\x50\x72\x31\x9c\xbc\xff\xcc\x09\xde\xbe\x1b\xae\x5b\x20\x54\x17\x04\x56\xd8\x21\xe0\xbf\x7f\xa4\x19\x47\xc5\x9d\x7a\xaf\x5d\xc4\x87\xb5\x76\x6b\x6b\xf1\x0a\xb8\xdc\xa0\x54\xb8\x89\x0b\xe3\xd2\x4a\xc4\x9c\x7b\x5a\xf9\x7a\xc3\xab\xc0\xd6\xf4\x6d\x72\x97\x83\x29\x66\x5e\x6d\x4d\xdd\x8c\xc2\x5e\x82\xab\x26\x52\xfc\x3d\x89\xfb\x73\xf6\x87\xcb\xaf\x6f\x7b\x41\xc7\xd7\xc0\xce\xb9\x3a\x26\x3b\xec\xb5\xb4\x3e\x5b\xdd\x68\xf9\xc9\x3a\x2e\xea\xfe\xb3\xa9\xf9\xf0\xd7\xca\xef\x8f\xaa\x1b\xf7\x6c\x11\xa5\xeb\xc4\xf4\x25\x7b\xb0\xff\x98\x48\xe0\x52\x98\x35\x90\x66\xdf\x26\x78\xda\x07\xf4\x85\xcc\xc5\x0b\xd0\x1c\x4b\xe7\x47\x87\x91\x06\x6a\x16\x90\x62\x68\x12\xd2\x63\xe3\x76\xd0\x02\x93\x3e\x39\xd9\x1c\xad\x93\xe5\x14\x34\x22\xd2\xc9\x09\x47\x7e\xcb\xce\x7e\xde\x07\xfe\x02\x69\xb4\x23\x76\x92\x47\x41\xd7\x84\x78\xd5\x66\xeb\x97\xc1\x4e\x18\x30\xaf\xfd\xa3\xb4\x71\x37\xee\xea\x54\xa7\x85\x53\xe1\x5c\x95\xe3\x40\xb7\x84\x27\xad\xcf\xf7\xe4\xee\x1a\x97\x38\xb6\x0b\x7b\xdd\xfb\x78\x42\x03\x3b\x0a\x3a\xc2\xf6\x1d\xcd\x18\xc2\x08\x8b\x9f\x7d\x36\xd6\x35\x01\xd8\xbf\xe2\x11\x37\xaf\xea\xe2\xc4\x6b\x4f\xde\x81\xdc\x44\x67\x67\xb2\x77\x60\x9f\x12\x4f\xbe\x0d\xb5\x3f\xdd\x37\x13\x92\x6f\xba\xa1\xa9\x5f\x34\x8c\xda\xbd\x70\x70\x0a\xe1\xee\x39\x84\x86\x6b\x35\xcc\x5e\xfe\x66\xdd\x59\x36\x97\x56\xf0\xe9\xd1\xed\xe0\xf0\x09\x7e\xf1\x9e\x35\xff\x22\x18\x9c\xa2\x6e\xc4\x5d\xf9\x20\x8c\x64\x24\x25\xee\x33\x4a\x9d\x70\xe7\xac\x15\xf2\xba\x13\x6c\x71\xbb\x80\x2d\xae\x01\x6c\x71\xe1\x19\x10\x6c\x06\x9c\x2f\x38\x34\x1c\xa8\xef\x08\x1a\xda\xed\x75\x70\xef\x5c\x82\x70\x76\x8b\x52\xda\xb8\x52\x7e\xbe\x5e\x5e\xbf\x6f\xdd\x59\xae\x7e\x5b\xaa\x1e\x51\x6d\xc2\x50\x74\x0f\xab\xd9\xd8\x4d\x61\x4d\x9b\x6b\x89\x3d\xa1\x2e\x10\xe4\xe5\x42\xb1\x94\x73\xb1\x97\x9b\xac\xf7\x66\x57\xff\x40\x83\x55\xe2\x0e\xab\xfa\xcf\x9c\xe0\x1a\x00\x31\x27\xf8\xd6\x85\x95\xb7\x10\x38\xe6\xf6\x82\xc7\x3b\x38\x91\x78\xa0\x0a\xcc\xdc\x5b\x47\x66\xae\xe6\x98\x50\xab\x58\xa8\xab\x21\x04\xa2\xb9\x3a\x8c\xe6\x76\x89\xd1\x3b\xec\xdf\xc5\x69\x2e\x1c\xa8\xb9\x3d\x01\x35\x78\x60\xcd\xed\x84\xd6\xdc\xdb\x83\x6b\xa8\x85\x6c\x2e\x80\xd9\x5c\x08\x68\xd7\x19\x63\x77\xc0\x5d\x73\x85\xee\x47\x6e\xae\x0a\xdd\x5c\x10\xbb\xb9\x1a\xf0\x0e\x71\x3f\xd4\x22\x38\xb7\x1b\x08\x77\xe2\x83\xdb\x07\x9e\x72\xf5\x40\xce\xed\x15\xcd\xde\x9a\xf8\x3d\xe2\x79\x88\xdc\x93\x6f\x6f\x0b\x9f\xbe\x19\xab\x3a\x7c\x0f\x8b\xf3\xbd\xb2\x71\x8b\xed\xde\xd8\x84\xc5\x37\xf9\xe4\xee\x8b\xcc\xdd\xe1\x3d\x17\x00\x7c\xae\x06\xf1\xb9\x46\x90\x0f\xf5\xb0\x1f\x32\x14\xec\x04\x20\xec\x6e\xc9\x2b\x8f\x4d\x40\xfe\x3b\xc5\x5a\x79\x60\x16\xe7\xb6\x8b\x0b\xe4\xdf\x54\xc8\x85\x11\xa9\xc5\xe5\x85\xcb\x95\x27\x97\xcd\xe9\xbb\xf6\x45\xf7\xcd\xd2\xc6\x66\x79\x7e\x85\x9c\xe6\x6b\x2f\x7b\xf7\x78\xe6\xcd\xaa\x1a\x08\x92\xa8\x81\xa4\x80\xb3\xd8\xfb\xb2\xe0\xfe\x9c\x7f\x23\x89\xd3\xb5\x7d\xae\x2f\x2f\x80\xd5\x03\x07\x00\x56\x04\xc6\xe6\xeb\xe5\x02\xdd\xf8\xa6\x61\x3f\x27\x0c\x62\x9e\x8c\x20\x93\x4f\x65\xa4\x60\xe1\x1a\x6e\xff\x5b\x10\xeb\x37\x69\xd4\xf9\xac\x95\x51\xc4\xa0\x12\xee\xa8\x37\x68\x7f\x16\x81\xd0\x4b\xf4\x3d\x36\x65\x0d\x1a\xb2\xc6\xfd\x58\xbd\x23\xb8\x3a\x47\xd4\x3a\x83\xdb\x9d\x37\xb8\xd7\x7a\x63\x9f\x1e\xa9\x81\x8e\xb7\xe1\x92\x50\xb7\x04\x5c\x03\x61\xad\xc5\x1f\xdc\xc9\x3a\xe1\x91\x95\xec\x9b\x38\xe7\xc6\xea\x7f\x01\x00\x00\xff\xff\x92\xa0\x0a\xba\x3c\x28\x00\x00")

func linuxIptablesClient_offlineShBytes() ([]byte, error) {
	return resourceSetBindataRead(
		_linuxIptablesClient_offlineSh,
		"linux-iptables/client_offline.sh",
	)
}

func linuxIptablesClient_offlineSh() (*asset, error) {
	bytes, err := linuxIptablesClient_offlineShBytes()
	if err != nil {
		return nil, err
	}

	info := bindataFileInfo{name: "linux-iptables/client_offline.sh", size: 10300, mode: os.FileMode(436), modTime: time.Unix(1790421345, 0)}
	a := &asset{bytes: bytes, info: info}
	return a, nil
}

var _linuxIptablesClient_onlineSh = []byte("\x1f\x8b\x08\x00\x00\x00\x00\x00\x00\xff\xe4\x3b\x6d\x53\xdb\x46\xb7\xdf\xfd\x2b\x4e\x84\x53\x70\x3a\xae\xed\x94\x68\x1a\x52\x67\xc6\x01\xda\x78\x4a\x08\x03\x24\xbd\x77\xd2\x5c\x8d\x23\xc9\x41\x37\xc6\xa6\x96\xa0\x7d\x4a\x98\x21\x2d\x04\x03\x36\xd0\x16\x42\x78\x49\x81\x3c\xa4\xe1\x36\x0d\x90\x26\x4d\x8c\x6d\xc2\x7f\x69\xb5\x92\xf9\xe4\xbf\x70\x67\xb5\x92\x2c\xd9\x32\x10\x9a\xe6\xb9\x73\x1f\xf3\x01\x6b\xb5\x7b\xce\xd9\xf3\x7e\xce\xae\xeb\x4e\xf8\x6e\x08\x71\xdf\x8d\x88\xd8\xe3\x72\x85\xdb\xbb\x5b\x3b\xdb\x43\x6d\x4c\xa8\x23\x1c\xa4\x18\xc6\xfa\xcc\x30\x94\xab\xed\xf2\xa7\xcc\x27\xe1\xb6\x56\xfc\xee\xf3\xcb\x9d\x9f\x85\xdb\x3f\x65\x5a\xc2\x9d\x0c\x13\xe9\x97\x7a\x3e\x88\x25\x6e\x52\xae\xae\xd6\xce\xab\xad\x9d\x4c\xb8\x05\xcf\x31\x1f\xf0\x62\xf3\x15\x06\xfa\x49\xa8\xb9\xd5\x3a\xc3\x18\xc3\x13\x9b\x2f\x86\xc2\xed\x4c\x7b\xe8\x52\x6b\x90\x4a\xf4\xf1\xf1\x81\xbe\x38\x13\x61\x63\x8c\xdb\x04\x87\x29\x69\xfe\xac\x06\x29\x6c\xec\x83\x58\x82\xbd\x45\xb9\x5c\xe1\x8e\xee\xd0\x85\xb6\xd6\xae\x20\x25\xf6\x73\x09\xf0\xf5\x8b\x49\x9f\x88\x77\x2b\xf4\x49\x91\x1b\x31\x5e\xa4\x5c\xe1\x0e\xba\xe6\x1c\xda\x98\x24\x44\xe1\x1a\x78\xbf\xb6\xbd\x14\x79\x09\xae\x9f\x03\xa9\x87\x8f\xbb\x00\x00\xc2\x1d\x5d\xad\xdd\x0e\x40\x44\x5e\xa2\x5c\x7c\x4c\xe4\xab\x66\xe9\xef\xa2\x82\xcb\x55\x07\xca\xd4\x43\xe5\xf7\x49\x32\x56\x2a\xa4\xe4\x5c\xba\xb8\xb7\x84\x52\x2f\xe1\x7d\x40\x77\x47\x95\xd5\xac\xb2\xb1\x86\x1e\xcc\x97\x0a\xe3\x7f\x0e\x7f\x8b\xa6\xb7\xd4\xd9\x0d\x94\x5a\x28\xfe\xbe\x4d\x96\x40\xf1\xce\x22\x9a\x49\xe1\x49\x85\x69\xb4\xf3\x52\x9d\xdd\x80\x28\xe6\x02\xc8\xd9\xdf\x8a\x6b\x69\x94\xbe\x57\x2a\x2c\xb9\xea\x40\xce\x66\xcc\xd5\x68\xe9\xa7\xe2\xcc\xae\x5c\x58\x55\xf3\x2b\xea\xe2\xc8\x1f\xc3\xcb\xca\xd6\xb4\xf2\x60\x0d\x42\xcd\x6d\x20\x67\x87\xf1\x57\x83\x53\x65\x76\x40\xf1\xf1\x08\x4a\x2d\xfc\x31\xfc\x80\x60\x2b\x15\x52\xca\xd3\x75\xf2\x5d\xce\x66\xe4\xdd\x3d\x13\x39\xa1\x16\xef\xee\xf9\x86\x32\x32\x5d\x2a\x2c\x4a\x2c\xec\x2f\xcc\xec\x0f\xaf\xc8\xd9\x29\x9d\x72\x65\x7e\x15\x8d\x3e\x2f\x15\xd2\xe8\xf1\xa4\x9a\x4f\xa1\xcc\x2a\xa6\x6e\x26\x8d\x09\x98\x98\xa8\xdc\x45\x05\x3c\x02\xc2\xeb\x1d\xe0\x93\xa2\x90\x88\x03\x5a\xde\x50\x0b\x39\xb4\xfd\xbd\xce\xb4\x07\xdf\xed\x2f\xcc\x28\xf3\x2f\xe5\x9d\x15\xb9\xb0\x88\xd6\x9f\x15\x5f\x3c\x2a\x15\xd2\xca\xdc\x28\x26\x32\x26\x88\x12\x78\xe3\x80\xee\x2c\xa2\x89\x95\xe2\x77\xbb\xca\xf0\x63\x22\x08\x8c\xe6\x62\xe8\x6a\x2b\x43\x04\xe6\xc7\x2a\xe0\xd6\xbe\x9b\x8b\xce\xfb\x38\x7e\xc0\x17\xef\x8f\xc5\xe0\xf4\xf9\xf7\x02\x16\x55\xb0\x2c\x0c\xe8\xe2\x0d\x77\x0c\xd0\xa0\xdc\xdf\x42\x33\x3f\x13\xf6\x97\x0a\xa9\x32\x47\xd1\xd3\xfb\x68\x79\x43\xe7\x96\xbe\xda\x50\x4b\xbf\xa3\xf6\x19\x2b\xaf\xc3\xed\xdb\xc0\x26\x7a\x7b\x23\x71\x0e\xbc\x03\x50\x7e\x73\x28\x79\x06\x02\x83\x44\x5d\x1a\xba\x1c\x27\x31\x97\xb6\xa6\xe5\xec\x2f\x9a\x36\xa8\xf9\x11\x75\x76\xe3\x8f\xe1\x65\xf4\x74\x66\xff\xc7\xd7\xf0\x3e\xc8\xd9\x75\x39\xfb\x0b\xca\xcc\x41\x6f\x44\x62\x7b\xbc\x9a\x12\x1a\x9a\x51\x5c\xdb\x28\xbe\x7e\x0d\x0d\x4a\x6e\x06\xfe\x48\xa5\x00\x6d\x3e\x54\x52\xaf\xd4\x27\x5b\xfb\x4b\x77\x3d\x10\x6a\x6f\x81\x06\x75\x69\x53\x5d\x1c\xd1\xde\x36\x87\x5b\x3a\xf1\x8b\x52\x61\xd1\x55\x07\x00\x89\x81\x8f\x45\x81\x3b\xcf\x88\xcc\xc7\x3d\x11\xb1\xe7\x3c\x00\x28\xb9\x99\xfd\xa5\xbb\x0d\xf8\xb1\x49\xe8\xf3\x00\x28\xb3\xaf\x8b\x5b\x8f\xd4\xfc\x88\x32\x3e\xac\x2c\x8f\x63\xb9\xe7\xf6\x4c\x34\xe1\x0e\x1b\x20\xae\x0c\x48\x5d\xda\x54\x56\xc7\x4c\x58\x71\x5e\xf2\x94\x61\xa1\xd1\x3b\xc5\xcd\x2c\x26\x0b\x93\x64\x03\xc1\x96\x41\x10\x16\x18\x42\x25\xca\x8a\x66\x32\x68\x3c\xa3\x16\x86\xe1\x7d\xa0\x01\xa5\x73\x28\x75\xb7\x54\x58\x34\x56\xd3\x22\xe3\xa3\x39\xc6\x47\xb3\x4c\xa9\x90\xde\x1f\xcd\xa0\x99\x94\x45\x56\x65\x63\x88\x46\x7a\x85\xd8\x3f\x40\x88\xf3\x12\x4d\x54\x1d\x63\x05\x75\xf6\x99\x32\xf5\x03\xca\x4d\xa3\xa9\xfc\xfe\x58\x06\xcd\x4c\x19\x44\xc2\xfe\xd2\x5d\x34\x93\x52\x37\xe7\xd1\x58\xae\x54\x48\x6b\xc2\x5a\xca\xa2\x99\xb4\xba\x38\x62\xf2\x03\x8d\x3e\x93\x73\x4f\x88\x51\xe1\x7d\x6e\xed\x14\x9f\xad\x95\x0a\x69\xec\x10\x72\x53\xca\xfd\x2d\x39\x9b\xdf\xff\xf1\x35\x91\x9f\x32\xb7\x0d\x41\xcd\x51\xcc\xa4\x0d\xe1\x2b\x73\xdb\xa5\x42\x5a\xce\x4e\x11\x46\xab\xb3\x1b\x4a\xea\x95\x32\xb7\x4d\x8c\x97\xa8\x6d\xd7\x45\xa6\xad\xb5\x3d\x18\xa0\x5d\xae\x58\xe2\x26\xd3\xcb\x8b\x62\xe4\x26\xdf\xe0\x81\x41\x4d\xed\x62\x09\x36\x12\x83\x18\x3f\xc0\xc7\x82\x94\x3b\x40\x59\x06\xf5\xa9\x41\xca\x7d\x9a\x0c\xf3\x6c\x4f\x02\x28\x77\x03\x17\x91\x78\xa8\x7f\xff\xe4\x7f\x7a\x4f\xf6\x7a\x4f\x72\x70\xf2\x62\xd3\xc9\x4b\x4d\x27\xbb\xea\x3d\x70\xcd\x3d\xa8\xc1\x1a\xba\x0e\xee\x41\x1d\xc0\x10\x05\xe7\xcf\x03\xe5\x36\xc2\x14\xe5\x1a\xc2\x9a\x6d\xb2\x41\x5d\x5e\x41\x9b\x3f\xa1\xe5\x6d\xf4\x60\xb8\x54\x58\xbc\xdc\xc7\xc7\xaf\x76\xb4\x63\xa7\x81\x65\xd9\x08\x78\xca\xb7\x3b\xc5\xcd\xd7\xea\xee\x26\x48\xc9\x7e\x51\xe2\x39\x46\xe8\xc3\xbe\x89\x4c\xa1\xf5\x29\xca\x2c\x9e\x65\x99\xa2\x0b\x4b\xce\xae\x17\x87\x47\xe5\xdc\x0f\xca\x3d\xcd\xcd\x64\x36\x95\xa7\xeb\xea\xda\x26\xda\x5c\xb4\xe3\x5e\x32\x74\x07\xae\x45\x38\x2e\x79\xbd\xa9\x2f\x91\x94\x00\xed\x3e\x44\x85\xe9\xfd\x3b\x7b\x68\x34\x23\x67\xa7\xb0\xe0\xa6\xff\xa9\x4c\x16\x94\xa9\x47\x72\xee\xb1\x3a\xbb\xa2\x3c\x7d\x2c\xef\x68\x5e\xa2\xb3\x35\xd4\xc6\x34\xb7\x85\x5b\xdb\xbb\x99\x50\x4b\x4b\x67\x90\x32\xc2\x54\x1c\x28\x77\x99\x30\xca\x16\xa4\xaa\x57\x59\xa6\x36\x99\xdf\x31\x31\x38\x68\x39\x01\xa4\x0f\x83\x78\xcd\x3a\xf9\x7a\x25\x50\xe2\x6b\xe4\xfc\x14\x50\x8d\x75\x1f\xb3\x02\x97\x3c\x4f\x81\x0f\x28\xda\x7c\x20\x4c\x50\x17\x47\x8a\x6b\xe9\xfd\xb1\xb4\x32\x3d\x83\xa6\xef\xfd\x39\x7c\x07\x4d\xe5\xd5\xff\xc9\xa9\x0b\xbb\x7f\x0e\xdf\xa9\x65\x0c\x28\x35\x5f\x5c\xc3\xbe\x55\xd9\x9a\x2e\xae\x61\x6d\x97\xb3\xbf\x94\x0a\xe3\x2e\xec\xb4\x99\x81\x46\x06\xe3\x10\x4d\x95\x94\x92\xe0\xe5\xa0\xfe\x8b\x64\x3d\x7c\xa1\x0d\xe0\xcf\x6d\x10\x79\x0e\xef\xba\x5e\xf4\xfd\xd7\xb5\x6b\x4d\x62\x5f\x84\xe5\x9b\xae\x5f\x3f\xd5\x58\xe7\xf3\xf5\x55\xcf\xac\x17\x7d\xd6\x59\x6e\x9f\xcf\x3e\xe7\x66\x92\xef\xc3\xae\xb9\xde\x06\xcc\x5d\x01\x08\x8b\xdf\xdb\xef\x1a\xd2\x29\xa5\xff\x12\xa5\xf4\x3b\xa1\xd4\x55\x87\xfd\x52\x71\x61\x51\x99\x5c\x21\xf6\xa3\x2c\x3f\x91\xb3\xeb\xca\xe6\xef\xca\xd4\x06\xda\x2a\x00\x1b\x8b\x88\xa2\xc0\xf9\xfa\x92\x42\xa2\x54\x48\x11\xff\x03\xbe\xd3\x8d\x38\xa7\x41\xb3\x5b\x72\x76\xb8\x54\x18\xc7\x1e\xf1\xce\x1e\x2a\x0c\xcb\x7b\x0f\xd4\xb9\x05\x2c\x4c\x3f\x76\x89\xfb\xf9\xfb\xc5\xcd\x75\xf5\x59\x1e\xce\x9e\x3d\x7b\x16\x2b\x7d\xaf\x10\x4f\x24\x99\x68\x32\xd1\xcb\x0c\x34\x56\x38\x16\x86\x05\x86\x83\x4b\xda\x08\xc3\x06\xdd\x0d\x7d\x49\x21\x2e\x45\xa1\xfe\xa4\x58\x0f\xd8\xdf\xc0\x6d\x60\xfb\x25\xf0\x72\x1f\x80\x37\xfa\xa1\x87\x4c\xe4\x0e\x9b\xd8\x48\x26\x5e\x0a\xba\x1b\x1a\xa0\xc1\x3d\xc8\xb0\x4d\x5e\xff\x10\x7c\xfc\x31\x7c\xe4\x81\xdb\xe0\x1e\x64\x38\x6d\xc0\x43\xe6\x5d\x03\xca\x7d\x89\x02\x6f\x8c\x07\x3f\x5c\x87\xf7\xde\x83\x4b\xc1\x80\xed\xcd\x4d\x1e\xe8\x33\x67\x3e\x3c\x63\xbc\xc5\x0f\x8d\xb6\x19\xfc\x97\xda\x86\x8d\x09\x67\xcf\x9e\xfd\x48\x7b\x6f\xa7\xf3\x12\x76\x6e\x75\xa0\xe6\xb6\x88\x63\x32\x9d\x5c\xa9\xb0\xa8\xce\x3e\xd3\x33\x8e\xe5\x27\x10\xa0\x41\xde\xcd\x10\x89\xa8\x93\xbf\xaa\x4f\x26\x6d\x72\xa9\xe4\x2b\x5d\xc9\xd7\x1e\x83\xa9\x3d\x41\xf7\x60\xa0\xae\xee\x54\xd3\x90\xf6\xcc\x46\x44\x1e\x28\x37\xd3\x43\x81\x10\x87\xfa\xfa\xdb\xa7\xae\x9d\xf0\x7b\xcf\x46\xbc\xd1\x90\xf7\x93\xeb\xa7\x3c\x78\x81\x1f\xce\x9d\x03\x5e\x8c\xb0\x16\x26\x06\xe8\x3a\xf7\x20\xd3\xf3\x2f\xe4\x9a\x4b\xf7\x57\xe1\x8e\xc6\x20\xe5\x16\xa2\x6c\x22\x1e\x15\x6e\x32\x7d\x89\x44\x8c\x49\xf2\xbd\x09\x89\xc7\x8e\xb3\x3c\x8b\xae\x3d\x8b\xa6\x6c\xc1\x0e\xa8\x70\xfb\x27\x97\x29\xa0\x48\x80\x94\xb3\x13\x6a\x6e\x0f\x9a\xf9\xa4\x24\x44\x05\x36\x22\xf1\xed\x91\x5e\x1e\xdc\x38\x61\x4b\xc4\x99\x38\x7e\xb8\x22\xf2\x49\x70\xf7\x8b\x7c\x52\x7b\xbc\x2a\x24\xa5\xfe\x48\x2c\xdc\xd1\x04\xee\x32\x99\xe5\x61\xda\x3a\x4e\x43\x73\x4c\xe0\xe3\x92\x36\xbb\xd2\x13\x03\xe5\xe2\xe3\x6c\x82\xe3\x39\xc6\x80\x1e\x74\x37\x68\x91\x55\x73\xe9\xc6\x20\xd6\xf7\x1b\x11\x91\xa7\x1b\xc1\xfb\x15\xf8\xe1\xb6\xe9\x6c\xe2\xf5\x1e\xad\x34\x19\x7f\xac\xf9\x52\xbc\x17\xf4\xfd\xae\x9c\x5f\x77\x25\xf9\x2f\xfb\x79\x51\x62\x6e\x24\xb8\x7f\x04\x29\x91\x4f\x0e\xf0\x49\x46\xe0\x9a\xa0\x5c\xa2\xb9\x0c\xf8\x4d\xe0\xae\xa4\xc3\x95\xe4\x23\x31\x46\xe8\x63\x70\xec\x73\x20\xdd\xc5\x6a\xdb\x62\x58\x3e\x29\x31\x3a\x0c\x0b\xcf\x5c\x03\x84\x1b\x16\x08\x65\x56\x59\x5e\xd2\x55\x6f\xb1\xb8\xd8\xfe\x64\x0c\xbc\x22\x78\xff\x03\x3a\x2e\x77\x75\xe3\xad\x52\x6e\xeb\x86\x28\xe8\x91\xa4\xbe\x26\x9f\xcf\x6d\x2d\x7f\x7d\x98\x78\x5f\x22\x1e\x13\xe2\x3c\xbc\x77\x1e\xcc\xf4\x1a\xb3\x28\x88\x3f\x80\xb2\x3f\xa3\xcd\x5d\x52\xdf\x40\x83\xc4\x7a\xc8\xb8\x96\x17\x4c\xc8\x85\x55\x08\x82\xb2\x9c\x41\x13\x6b\x68\x61\x03\xbc\xe7\x6d\x26\x8b\x13\x0c\xa9\x3f\x0e\x68\x2c\xa7\xdc\xdb\x41\x33\xdf\xe3\xdc\xe0\x62\xf7\x05\x50\xd2\xe3\x7a\xaa\x1c\xee\x00\x65\xee\x05\xda\x7d\x68\x54\x72\x93\xc5\xdd\x5d\x08\x96\xc1\x60\x98\x26\x02\x2b\xcc\xd1\x47\x65\x98\x7d\x89\x98\xc0\xf2\x18\x2c\x4e\xce\xc3\x1d\x7a\x3d\x46\xf2\x97\xfd\xe1\x15\x75\x6a\x0c\x67\x9b\x06\x18\x8c\x5e\xd3\x65\xf5\xe9\x3d\x75\xee\x51\x03\x1a\x4d\xa9\xcb\x93\x64\x08\xe7\x45\x77\x33\xea\xf2\xa4\xf2\x22\x5f\x7c\xf5\x9d\x3e\x2f\x3f\xe2\x31\xb3\x51\x94\x99\x93\x77\x33\xf0\xd9\x05\x9f\x58\x2a\xa4\xfd\x24\xad\xb4\x22\xd4\xc2\x06\x4e\x7f\x89\x0f\x5b\xcf\x98\xb5\x9f\xe1\xa4\x4a\x85\x94\xee\xce\xaa\xe2\x8b\x16\x3b\x96\xaa\x3d\x20\x29\x41\xcb\x4e\x90\xb8\xbe\xc5\x11\xbb\xf7\xc3\x04\x74\x37\x33\x17\xc2\xed\x38\x77\x8a\x26\x92\xc0\x48\x2c\x76\x65\xe5\x3a\x4b\x62\xa1\xfc\x05\x8f\x1a\xdf\xc9\xff\x73\xc0\x25\x34\x1f\x63\x54\x68\x94\x9b\x91\x58\x33\x3f\x02\x03\xba\x56\xed\x6b\xaf\xce\xc1\x8d\x24\x1f\xb9\x75\x0e\xa2\x82\x8b\x4b\xc4\x79\xd7\x35\xf0\x7e\x03\x94\x9b\xcc\xa4\x88\xf3\xb2\x2d\x93\x58\xca\x85\xc9\x6c\x69\xbd\x1a\xa4\xdc\x95\xdd\x12\xca\xe5\x4a\x46\x24\x9e\xd1\xd5\xf7\x18\xa6\x48\x19\x00\xc4\xfe\x98\x14\x74\x37\x38\x5b\x87\x05\xc7\x41\xd6\x81\xe7\xc5\x84\x5e\x41\xf2\xdd\xe4\x25\x8f\xeb\x4a\x47\xdb\xe5\x50\x0b\xf3\xd9\x05\x5b\x90\xfd\x22\x5e\x5f\x06\x89\xb1\x52\xf6\x44\xa6\xbf\x2f\x96\x88\x70\xcc\xad\x1b\x4d\xd6\x2c\x44\x4b\x68\x6e\x43\x0f\x1f\xc1\x13\x03\x1e\x57\xcb\xe5\xcf\xdb\x8f\x03\x9e\x4b\x7c\x15\x3f\x12\x02\x3d\xbe\x99\x9b\xb0\x87\x39\x1c\xe0\xca\xfb\x2b\xc7\x39\x7d\x95\x85\xba\xea\x75\x56\xd2\xcb\x2b\x0f\x88\x23\x47\x0b\x12\x3e\x6b\x60\xc0\xc5\xc2\x5c\x4a\xf7\x45\xc4\xfd\x04\xdd\x83\x26\xc5\x43\xd8\x24\x75\x17\x12\x74\x0f\x5a\x28\x22\x6f\x1a\xfc\x41\xd3\x52\x3d\x94\x0b\x97\x16\x83\x46\x2d\x50\xc6\x48\x91\xfe\x43\xe5\x38\x29\x11\x86\xb0\x2e\x0f\x6a\xf1\xd9\xc2\x43\xef\x4d\x49\x8b\xf1\xda\xb2\x0a\x3e\xe9\xef\xce\xc1\x90\xa5\xc0\x10\xa2\x70\x02\x84\x3e\x88\x09\xf1\x5b\x20\xf6\x24\xbe\x22\xe6\xd2\xd2\x7a\x95\x3a\xa0\xc7\x41\xf2\x17\x0b\x3f\x3f\x0f\x75\xb6\x87\xdb\x3f\xa5\x80\x52\xa6\x1e\xa1\xe9\x7f\x82\x0e\x44\xab\x73\xf5\xf6\x4b\xba\xf8\xea\x79\x71\x6f\x0c\xcc\x26\x15\x1c\x97\xfd\x7a\x15\x6b\x74\xfd\xf0\xa7\x0e\x83\x55\x7e\xcc\xc8\xbb\xcb\xca\xec\xeb\xe2\xde\x92\xd9\xd9\x7a\xa1\xce\xa5\x51\x3a\x67\x69\xd4\xa5\xcd\x12\x10\xed\xbc\x44\xd3\xdf\xab\x8b\x23\x72\x76\xc2\x27\x67\x27\xd5\xdc\x5e\x71\x6f\x49\xdd\x98\x94\x73\x3f\xa8\x4b\xd9\xe2\xcf\x77\xd5\xa5\x7b\xf0\x25\x27\x88\xac\x4f\xf3\x6b\xbe\xa8\x10\x93\xf8\xa4\x89\xb6\xc1\xfc\xa6\x31\x92\xe0\xf4\x7e\x05\xb4\x1f\xce\x56\xf0\xeb\x00\x9e\x1d\x5b\x0d\x8b\x53\xaf\xd0\xf4\x3d\xc2\xcd\xfd\xd9\x3b\xc5\x97\xa3\xca\xfc\x4b\x07\x4e\x53\x36\x2a\xf8\xaf\x05\x09\xfc\xe6\x50\x54\xb0\x6e\xc2\x49\x0b\x1d\x76\x72\x29\xdc\x7e\xb9\x33\xe8\x6e\xb0\xd5\x0c\xf6\x75\x1e\x73\x81\x4d\x52\xb5\x56\xd3\x76\x1d\xf7\x58\xe9\xb3\x13\xe8\xa4\xf1\x0e\x24\xd6\x81\xb2\xba\x43\x84\x07\x72\x7e\x54\xef\x5d\xae\x3f\x53\xe6\x5f\xa2\xd4\x12\xca\xe7\x4c\x4d\x50\xb2\xa3\xca\xd4\x38\x1a\x7d\x89\x36\xbf\xab\x68\x75\xe1\xb8\xf6\x2c\x2f\x67\xa7\x8a\x7b\x63\x4a\x7e\x1d\x2d\x6c\xd8\x70\x68\x52\xd7\xe3\x8b\x8e\x4a\x33\x22\x8e\x1f\xb0\x18\xd2\x69\x8b\x25\x19\x75\xe0\x97\x50\xdf\x23\xdd\x80\x40\x53\xbd\x03\xe9\xf8\x63\x87\x1a\xe1\xb8\x0a\xa0\xc9\x44\x42\x82\x9e\x48\x9c\x8b\xf1\x10\x68\x02\x0c\x8c\xe3\xa3\x91\xfe\x98\x44\x32\x75\x0b\xd2\x9a\xb0\x35\x9d\x76\x80\xdd\x17\x49\xf2\x71\x09\x83\xd5\xa3\x39\x04\x9a\x34\xa0\x18\x0b\x76\xfe\x10\xf0\xfb\x6f\xde\x10\x24\x60\x79\x21\x66\x3e\xdc\xe8\x4f\x8a\x12\x04\xce\xdc\x02\xb6\xfc\xf5\xcb\xfe\x48\x5c\xea\xef\x85\xc0\x19\xbf\xbf\x26\x51\x16\x1d\xc4\x1f\x53\xbe\xe1\x6e\x5c\xd4\x98\x8f\x70\x0a\x3e\xf2\x78\x2a\xa4\x4c\x50\x29\xe9\x71\x92\x5e\xc9\x85\x6d\x75\x73\xbe\x54\x48\x2b\xcb\xc3\x68\x7b\x1a\x3e\xf4\xfb\xfd\x80\x9e\xce\x17\x27\xbe\x35\x05\x5e\xdc\x1b\x43\xdb\xd3\xc5\x87\x4f\x34\xaf\x31\xf9\x83\x9a\x7f\xe0\x84\xff\xc2\x95\xce\x2e\x3b\x01\xe1\x6e\x38\x05\x81\xd3\x15\x34\x58\x54\x52\x5b\x82\x6b\x2d\x89\x20\xd6\x52\x0e\x1b\x38\x3c\xec\xfa\xab\xc2\x70\x6b\x16\x54\x16\x87\x25\xf6\x84\xbb\x87\x6e\x99\x92\x71\x18\x27\xec\x32\x5f\x68\x44\x0d\x19\x02\xab\x1c\xae\x25\x3c\x4b\xcf\xc2\xf8\xdc\xbe\x5d\xb1\x13\xb6\x27\x12\xbf\xc9\x57\x6c\xe6\x5f\xbb\x85\x4a\xdb\x3d\xa2\xb3\x23\x7a\x86\x46\x53\x4a\x7a\x1c\x57\xbc\x09\x50\xb2\xa3\xfb\x0b\xeb\xc5\xad\x47\xa6\xa3\x50\xe6\x1f\x9b\x2e\x02\xdd\xcd\xa0\x89\xd5\x52\x21\x2d\xef\x3d\x28\x6e\xdd\xd9\x1f\xcb\xa0\xf5\x0c\xa9\xf0\xe4\x6c\x86\xf4\x1a\xc9\x20\x59\xb2\xbf\xb6\xd3\xa0\x81\x25\x4d\x1b\x94\x79\x8e\xa6\x7f\x41\xbb\xcf\xd0\x8f\x19\x65\xf9\x57\x13\x85\xa7\xa6\x1d\x93\xa8\x04\x1c\x1f\xab\xa9\x3b\x7d\xc9\x84\x94\x60\x13\x31\x1c\xec\x35\x5c\x3a\xff\xfb\x3f\x3c\x6d\xf7\x4f\xb8\x40\xed\xe7\x0f\x43\x75\x90\x9a\x1e\x84\x4a\x3b\xcd\xc0\x2f\x38\x4d\x54\x65\xce\x0f\xf9\x3e\x3c\x8d\xe3\xe7\x57\x16\xe5\x38\xc8\x45\x38\x48\x8f\xae\x2d\xbd\xe3\x31\x6a\x80\x7e\x87\xac\x72\x40\x66\x30\x8b\xae\xe4\x16\x3d\xe4\x0b\x9c\xfe\xe8\x4d\xd8\xf5\x56\xb3\x5f\x92\xf0\x92\xd4\x02\xbd\xfa\x4d\xef\xe8\x57\xe5\xbf\x95\xb6\x4e\x1d\x14\xd2\x9d\x53\xd5\x2a\x61\x1e\x16\x15\xf5\x80\x18\x8d\x46\xa3\x4d\x20\xc4\x6f\x26\x79\x51\x3c\x54\x68\x16\xdc\x24\xe0\x58\x06\x1c\x42\x8e\xf9\xd6\x8c\x0f\x36\x00\xb5\x22\x84\x7d\x59\x65\x8c\xa8\x00\x5a\x15\x25\xde\xcc\x5b\x1d\x55\xdf\x09\x9f\xde\x95\x6f\x38\x1c\x9b\xe9\x1e\xc4\x24\x5b\xed\x1e\xf4\xe6\x8a\x1e\x2e\x6c\x4c\xb7\x07\x06\x3b\x33\x87\x80\x4b\x26\xfa\x0c\x6b\x69\x0a\xbc\x7b\xb7\x52\xb5\xf1\xbf\xd9\xb3\x1c\x05\x5f\xd9\xb9\x54\xf0\x5a\x77\x2e\xef\x80\xd9\x6f\xd9\x29\xe1\x6a\xbb\xda\x29\x55\x16\xdf\x94\x53\xe1\xe3\x81\xb3\xe7\x29\xb7\x79\xeb\x85\xcc\x89\x0a\xc6\xed\x91\xd5\x1d\x25\xb3\x69\x36\xe0\xf4\xaa\xeb\xfe\x6f\xea\x9d\x27\xe8\xe1\x02\xb9\x05\x41\x0e\x60\x94\xf9\x97\xca\xc4\x84\xb2\xfc\xab\xf2\xeb\x9a\x1e\xf0\x49\xb7\x6c\x71\x44\x3b\xeb\x2d\x6e\x6e\xa3\xdd\x39\x5c\x9e\x86\x38\x8e\xe7\xba\xb4\x7e\x52\xa8\xb9\xad\x93\x67\x13\x49\x4e\x3f\x32\xd6\xea\x50\x5c\xa5\x4c\xad\x28\xab\x18\x15\x5a\xfa\x49\x9d\xdd\x90\x73\x53\xc5\xbd\xfb\x68\x6a\xa5\x7c\xd0\xfc\x63\x0a\x65\xd3\xe5\x82\xb6\xb0\x58\xdc\x7a\x20\x67\x9f\xee\x0f\xcf\x2a\xb3\x3b\x6a\x9e\xe0\x44\x5b\x85\xe2\xd8\x0b\x65\xf2\xae\x9c\xcd\x28\x53\xe3\xa5\xc2\xf8\xdf\xde\x60\xfe\x2b\x1d\xe4\x43\x7a\x65\x47\xec\x24\x47\xd8\x18\xe9\x92\xd9\xfb\x3e\x2d\xad\x17\xae\xe0\x8a\x3b\xc2\xc6\xd0\xdd\x51\xb4\xb9\x03\x6e\xbd\x8d\xe5\x72\x35\x87\x5b\x3a\xbb\x1a\x9d\xba\x5d\x66\xa3\xcb\x76\xce\xe9\x21\x2b\xe8\x23\xac\xa0\x8d\x15\xc4\xbd\x7c\x83\xdd\x8b\x86\x4d\xef\x49\x5a\xc7\x2a\xdc\xcd\x5b\xb5\x11\x65\x7e\x15\x4d\x6f\x29\xb3\xaf\x8b\x6b\xda\xdd\x03\xb3\x55\xa0\x77\x54\x48\x63\x00\x2b\xbd\x1e\x95\xcb\x77\x6d\x28\x08\x02\x15\xb0\xd3\xf6\x7f\xa2\xfb\x11\x6a\x6e\xab\x6e\x7d\x90\x2d\x36\x90\x33\xce\x96\xce\xcb\x1d\xa5\x42\x9a\x5c\x4f\x42\x99\xe7\xa4\xe0\xf3\x1c\xd6\x14\xb1\xf4\x96\xbc\xe6\x87\x74\xca\xcb\xcf\x4e\xad\x93\x0a\xc9\x1e\x25\x66\x5f\x0c\x75\x5d\x74\xd0\x23\x03\xd4\x6d\x10\x7b\x22\xa7\xcf\xd0\x62\x7f\xaf\x71\x7c\xca\x06\xbc\x6e\xe3\x52\x88\x3d\xd7\xe8\xea\x6c\x66\xb4\x6b\x70\x89\x01\xf7\xa0\x69\xcf\x43\x8c\xc8\xb8\x07\xf1\x8a\x21\xfb\xc6\x5b\xba\xba\x1d\xa7\x73\xce\xd3\xbb\xae\x5c\x60\xb4\x1b\x84\x55\x0b\xd8\xf2\x82\x8a\x0a\x9d\x5c\xbe\xc1\x3e\xd0\xb8\x15\xa4\xf5\x05\xb5\xeb\x40\xfb\x4b\x2f\xc9\xd5\x1e\x75\xf7\x7b\x65\xf3\x77\xec\x46\x7f\xfe\x16\xfc\x1f\x68\x7f\x3e\xbf\x76\x08\xb1\xb8\x3f\x3c\x8c\xd2\xf7\xe4\x6c\xae\x3c\x7b\xe9\x45\x71\xef\x27\x22\x66\x2c\xdb\xe9\x5f\xd4\xfc\x0b\x65\x62\x9d\xdc\x64\xfa\x73\xf8\x5b\x1b\x09\xa1\xb6\xb6\xcb\x9f\x33\xa1\xb6\xb6\x60\x55\x52\x55\x9b\xe5\x7a\x9f\xa6\x15\xea\x7d\x7e\x77\xad\x2e\x4d\x19\x72\x55\xa4\xb3\xe7\xad\xe4\x76\x9b\xf7\x04\xb0\x49\x1e\x87\x54\xca\xad\xcb\x89\x02\xfd\xda\x95\xf6\x5f\x14\xbe\xe1\x21\xe0\x3f\xdd\x08\xbd\x91\xaf\xf9\x18\xdf\xab\x1d\xcc\xd2\x38\x23\xa8\x2e\xb9\x6b\x18\x14\xe9\x6e\x11\x4e\x80\x81\x06\x88\xfa\x57\xc8\x46\x37\x73\x73\x17\x4e\x56\xee\xb0\x0d\x9c\x78\x78\x4f\x58\xf7\x60\x57\xf1\x8a\x5c\xa6\x9a\xf2\x03\xa8\x57\x5e\xe5\xd1\xc4\x6a\xf9\xd4\xcd\x7a\x4e\x8b\x52\xdb\xd5\x1b\x72\xa0\x91\xdc\xbd\xc3\xae\xc8\xdb\x8c\x49\x33\x6f\xbc\x52\xe0\xed\x05\x72\xa7\xb1\x7c\xaf\xce\xb2\x0d\x9c\x0a\x79\xff\x1b\x42\xcd\xcd\xad\x1d\xdd\x87\x34\x3c\x40\x6f\x7a\xd8\xd0\x85\x8e\x8f\xee\x60\xf1\x1e\xc3\xf5\x03\x31\x0f\xb4\x99\x56\x52\x33\x0d\x9a\x11\x7a\x1d\x0d\xc8\x83\x09\x09\x9a\x64\xd9\xfd\x62\x65\xef\xb6\x9a\xc5\xed\x78\x4b\x86\x5b\xa8\x12\xbe\x73\x22\x5b\x6d\x0e\xba\x1f\xa2\xca\x3e\xc2\xd9\x1e\x1a\xfd\x67\x6b\x98\xc3\x01\x4a\x45\x4c\xc2\xbc\x9d\x08\x06\xb6\x9a\x4a\x14\x4d\x24\x01\xc7\x6c\x10\xe2\xa0\xfb\x04\xf3\x3c\xb2\xc6\x66\x4c\xa3\x30\x77\x42\xb9\x31\x88\x23\x9a\xc3\x01\xd4\x13\x93\x20\x77\xb0\x34\x90\xc4\x10\x0e\xdb\x83\x76\x04\x7a\x18\xb1\xff\x4f\x2d\xb8\xa6\x46\xfe\x9d\x76\x6c\x45\x7a\x84\x4d\x59\x28\x74\x04\x6f\xea\x11\x27\x4a\x7f\xdd\x2b\x1d\x0f\xdb\xbb\x70\x4a\x76\xf7\x83\xf1\x07\x4d\xdd\x66\x7b\x22\x42\x3c\x58\x8b\xaf\x96\x0a\xee\xa0\x84\x8d\x3e\x42\xc2\x46\xd7\x48\xd8\x6a\x54\xff\xf6\xfc\x58\xbf\xec\x4d\xc1\x89\x83\xc3\xe7\x1b\x65\xc0\xca\xf2\x38\x21\x5e\xfb\xbd\xc0\xee\x5d\xf5\x79\x5e\xcd\xaf\x28\xf3\xab\xe5\xab\xcd\xe5\xa3\x3e\x72\x15\x43\x63\xed\x11\xfc\x37\x4e\xd3\x9c\xea\x16\x83\x13\x6f\x94\x6f\x02\xc9\x39\x69\xc7\x2c\x92\x36\xb2\x4e\x7a\xa8\xda\x24\x5a\xba\xba\x6b\xac\xe2\x0e\x58\xd5\x75\xe5\x02\x5d\x23\x05\xa5\x59\xcb\xba\xda\xb9\x1a\x5d\x91\x06\xc2\x01\xa9\x20\x7d\xe4\x54\xb0\x02\x45\xa0\x3a\xa6\x08\xd5\x34\x39\xe7\x85\xb4\x3d\x31\xb4\x5e\x5b\x7f\xf3\x2c\x11\x0e\x0b\x8b\xba\xf2\x94\xf3\x45\xba\x76\xc2\x08\x0e\x49\x23\x7d\x58\xd6\x08\xce\x71\x87\xae\x0a\x3c\xf4\xdb\x8a\x95\x4e\xc1\x87\x36\x83\x0f\x7d\x60\xf4\xd1\xa9\xa5\x8f\x11\x82\xe8\xe3\x65\x91\x60\xfa\x6c\xfa\x18\x21\xc8\x09\xe9\xe1\x4a\x70\x34\xd7\x5d\x71\x1f\xb2\xda\x77\xd3\x87\x65\x94\x74\x75\x4a\x09\xb5\xdc\x92\x03\xe7\xf5\xdc\x92\x7e\x93\xe4\x12\x6a\x26\x98\x74\x45\x86\x79\x04\xc3\x3a\x38\xdd\x3c\x40\x11\xad\xb6\x65\x4f\x3c\x0f\x57\xbf\xea\xec\x93\xae\x99\x7d\x82\x73\x06\x4a\x1f\x33\x05\x3d\x60\x47\x7a\x1a\xaa\xed\xc8\x21\x17\x3d\x7c\x5b\x8e\x09\xa9\x13\xfd\xff\x06\xce\xa1\xb6\x5a\xff\xfd\x3e\xc2\x86\xfb\xa8\x5b\xb4\x92\x5b\x2b\x81\xa4\x8f\x97\xaf\xd6\xde\xdb\x71\x91\xbe\x3b\xff\x57\xe1\xe9\xcc\xec\x95\xae\x48\x5f\x6b\xb2\xbb\xe2\x4c\xc4\x9e\xd2\x82\xd3\xd9\x84\xe9\x3b\xeb\x80\xfc\xba\xd4\xf8\xa5\xe8\x62\xd5\x0f\x4c\xc9\x4f\xce\xb4\xdf\x96\xd9\x7e\x3a\xaa\x2d\x3f\x7e\xcb\xf2\x28\xd5\xb1\xfe\xb3\xc9\x20\x55\x59\x8a\x58\x14\x16\xbc\xa2\xad\x36\xf0\x72\xba\x4f\x31\x05\x49\xbd\xd5\x03\x23\x20\xa7\x42\x11\x36\x46\x6e\xda\x13\x19\x9a\x3f\xda\xf5\x5a\xd9\xe9\xd1\x6f\xc5\x47\xe2\x9c\x9d\x08\x63\xd4\x1c\x34\xdd\x9a\x2e\xb0\xe3\x57\x16\x35\xaa\x8a\xda\xd9\xd5\x51\x03\x85\x55\x18\xf4\xd1\xa4\x41\x1f\x2a\x8d\xb7\x63\x53\x6f\x43\x24\x8e\x62\x81\xca\x88\x53\x95\x73\xbc\xe3\x72\x4c\x57\x0f\xfd\x58\x51\x3f\x70\xf8\xdf\x00\x00\x00\xff\xff\xa9\x10\xe2\x28\x21\x40\x00\x00")

func linuxIptablesClient_onlineShBytes() ([]byte, error) {
	return resourceSetBindataRead(
		_linuxIptablesClient_onlineSh,
		"linux-iptables/client_online.sh",
	)
}

func linuxIptablesClient_onlineSh() (*asset, error) {
	bytes, err := linuxIptablesClient_onlineShBytes()
	if err != nil {
		return nil, err
	}

	info := bindataFileInfo{name: "linux-iptables/client_online.sh", size: 16417, mode: os.FileMode(436), modTime: time.Unix(1790421345, 0)}
	a := &asset{bytes: bytes, info: info}
	return a, nil
}

var _linuxIptablesConfig = []byte("\x1f\x8b\x08\x00\x00\x00\x00\x00\x00\xff\x8c\x54\x4d\x4f\xe3\x3c\x10\xbe\xfb\x57\x58\x7d\xcf\xae\x78\x17\x89\x0b\x27\xd4\x6a\xb5\x88\x4f\x01\xd2\x5e\xf6\x62\x9c\x49\x32\x8a\xb1\x2d\x7b\x92\xa5\xb2\xe6\xbf\xaf\x92\xa6\x90\x25\x2c\xa9\x7a\x68\xec\xe7\xc3\x33\x7e\x26\xc9\x19\x4b\xb9\x7e\x84\xd8\x41\xdc\x78\x57\x62\xb5\xbe\xf6\x46\x5b\x66\xdb\xff\xc9\x9c\x3f\x05\x65\xce\x60\x13\x30\x9f\xef\x69\x27\xeb\xe1\x97\x33\xb8\x82\x59\x04\x1f\x69\x26\xbd\xf7\x91\x7a\x2c\x7a\xf2\x73\xb0\xdf\x65\x16\x05\x74\x33\x6c\x0b\x1d\xb3\x30\xba\x07\x7e\xfa\xd8\xa0\xab\xb6\x18\x99\x73\x5e\xdf\x60\x32\x23\x6b\x73\xf1\x1d\x2d\xdc\xea\x17\xe8\xc9\xb0\x2f\xe0\xdf\xf4\xf1\x04\x88\x34\x91\x35\xb0\x3b\x46\x75\x05\xbb\x77\x91\x94\xff\xc9\xa7\x1a\x93\x2c\xd1\x82\x4c\xb5\x6f\x6d\x21\x9f\x41\x36\x10\x48\x26\x30\x11\x48\x14\xf5\xd7\xb6\xdb\x1f\x93\x22\x0a\x4d\x5a\x19\x0c\x35\xc4\x34\xbf\x0b\x4d\x7a\x33\x60\xcc\x22\x0d\xc8\x8c\x33\x2e\x2e\xb7\x0f\xcc\xe2\x93\x80\xdf\xf1\x33\xe6\xbd\x87\xc2\xd0\x9d\x7d\x61\x74\x36\x38\x0d\xe1\x92\x0f\xde\xfa\x6a\x37\x63\x3f\x8d\x00\xb3\x78\xd1\x4e\x57\xf0\x02\x6e\x21\x84\x9b\x37\xde\xa3\x37\x0d\x10\xb3\x6c\x1d\xbe\x8a\xcf\xaa\xde\xb6\xc1\xa2\xd1\x04\x9b\x5b\xe6\xe2\xb0\x50\xc6\xbd\xcf\xe2\xc7\xdd\x61\x16\x45\x03\x10\xb4\xc5\x0e\x66\x15\x5f\x1d\x10\x66\x41\x36\x29\xdd\xd2\x42\x50\x4f\x93\x21\x93\x27\x7f\x25\x8f\xe9\x90\xb6\xc8\x39\x6a\x57\xc1\xa1\x81\x07\xdf\x12\x30\x87\x36\xd5\x72\x15\xfb\x45\x7f\xc8\x2d\xd0\x6f\x1f\x1b\xe6\x95\xcc\x79\xf5\xcb\xad\xfa\xb3\xc6\x92\x93\x89\x18\x48\x25\x30\x6d\x44\xda\xc9\x53\xd1\x97\xa6\xda\x04\x51\x05\x9d\x92\xea\x20\x62\xb9\x30\xab\x1b\x8b\xe0\xe8\xa2\xa5\xfa\x71\xb0\x1b\xab\xee\x50\x2b\x70\x9d\x38\xef\xdd\xa4\x0f\xe0\xba\xe0\xc4\x79\x15\x7d\x1b\xde\x96\x01\x62\xc2\x44\xaa\x81\xdd\xdb\x33\xb5\x4e\x24\xd2\xd4\xa6\x85\x77\x64\xe0\x4c\xee\xe9\xdb\x89\xb0\xbe\x52\x3a\x04\x70\x85\x3c\xe6\x05\xbb\xf6\x15\xb3\xe8\x20\x3e\xcb\x53\x01\xaf\x7d\xaa\x48\x0a\x5e\x91\x94\xf3\xd4\x77\xfe\xbf\x10\x66\xe8\x4f\x99\x41\xa8\x0a\x8c\x0b\xd7\xb1\xd9\x0e\xbb\x02\xcb\x51\x12\xbc\xb7\x6a\xec\xee\x6b\xed\xe5\xfd\xfd\xf4\xe3\xb2\x3f\xb8\xc0\x64\xbc\x73\x60\x16\xc4\xfb\x1c\xee\xca\xd2\xa2\x83\x69\x14\x93\x0e\x8e\x76\x71\x33\x13\xf1\x71\xaa\xef\xa8\x3e\x3c\x33\xff\x09\x00\x00\xff\xff\xe4\x86\x1c\x3b\xe0\x05\x00\x00")

func linuxIptablesConfigBytes() ([]byte, error) {
	return resourceSetBindataRead(
		_linuxIptablesConfig,
		"linux-iptables/config",
	)
}

func linuxIptablesConfig() (*asset, error) {
	bytes, err := linuxIptablesConfigBytes()
	if err != nil {
		return nil, err
	}

	info := bindataFileInfo{name: "linux-iptables/config", size: 1504, mode: os.FileMode(436), modTime: time.Unix(1790391574, 0)}
	a := &asset{bytes: bytes, info: info}
	return a, nil
}

var _linuxIptablesHelp = []byte("\x1f\x8b\x08\x00\x00\x00\x00\x00\x00\xff\xec\xbd\x7b\x73\x13\x49\xb6\x2f\xfa\x7f\x7d\x8a\x3c\xf4\x3e\xb1\xa7\x35\x23\x4b\xb6\xc1\x43\x73\x1a\xe2\xb8\x0d\x33\xed\x3d\x34\x4d\x63\x66\xfa\xec\x98\x33\xd7\x12\xb2\x00\x1d\x8c\xe4\x2d\xc9\x4c\x73\x07\x22\x64\xfc\x92\x6c\xc9\x12\xe0\xa7\x24\xbf\x68\x1b\x1b\x8c\x25\x03\x6e\x5b\x96\x64\x3b\xe2\xde\x6f\x82\x2b\xab\x4a\x7f\xf9\x2b\xdc\xc8\xb5\x32\xb3\x52\xb2\xa1\x99\x7d\x22\x6e\xdc\x3f\x6e\xef\x3d\xdd\x56\x55\x56\x3e\x57\xae\x5c\xcf\x5f\x7e\x41\xbe\xef\xf3\x07\xff\x72\xfd\x1a\xa9\xcd\xbf\x30\xe6\x0f\x89\xbe\x7f\x68\x4e\xae\x1b\x89\x71\x3a\x92\xd4\xb4\x4b\x44\x2f\xc5\xf4\xd2\x6b\x6b\xf4\xb5\x91\x98\x35\x0b\xcb\x66\x76\x48\x7e\xc1\x7e\x66\x46\xf0\xbb\xe3\x6a\xd6\xac\x2c\xea\xa5\x18\x3e\x74\x38\x58\x25\xf1\x5d\x87\xe3\x28\x36\x20\x7e\x98\x95\x21\xfe\x5b\xd4\x60\xe4\x53\x74\x6c\x99\xce\xad\xd3\xc2\x82\x7e\x30\xee\x70\x1c\x57\x93\x74\x6f\xa7\x16\xcb\x5a\x87\xa3\xda\x25\xe2\x09\xf4\x45\xbd\xb7\x7a\xfd\x11\x8f\xcb\x13\xe8\x8b\xf8\xa3\x1e\x42\x07\xb2\x56\xe1\xb0\x36\x53\x30\x26\xd6\x68\x7c\xe7\x28\x36\x80\xa5\x89\x27\xea\x83\xb7\xb4\xf4\x92\x16\xf6\x6b\x73\x99\x5a\x6c\xf1\x28\xf6\x04\xbb\x67\x6d\x2f\x5a\xdb\x3f\x7f\x88\xe5\xcd\xea\xb4\x31\xf1\xec\x43\x6c\xfe\xb8\x9a\x34\xf3\x8b\xc6\xe6\xcf\x66\x76\xc8\x3a\x5c\x30\x26\x56\xf5\xd2\x84\xb5\xff\x86\xa6\x9f\x9a\x93\x6f\xe5\x18\x69\x21\x69\xc4\x33\x47\xb1\x27\x9a\xa6\x7d\xf1\x05\x31\x73\x05\xba\x3f\xa5\x69\xcd\x4d\xc4\x58\x2a\xd1\xc3\x41\xe3\xe5\x13\x7a\xf8\x8b\xd6\xd2\x44\xe8\xe1\x46\x2d\xb6\x48\xab\x31\xba\x36\xae\xb5\x36\x11\xfa\x74\x5f\xaf\xac\x58\xcb\xc9\xe3\x6a\xbc\xe3\x6a\xe7\x71\x35\xa1\x9d\x6d\x22\xb5\xe1\x94\xb9\x5f\x30\xa6\x47\xf5\xca\x0e\xf1\x85\x82\xb7\x03\x77\x9a\xfe\x57\x24\x14\xd4\xce\x35\xf1\x15\xa0\x63\x8b\xd6\xe0\xbe\xd6\xd6\x44\x8c\xf9\xc1\xda\x5c\xc6\x58\x5f\xa6\x0b\xe3\xda\xef\x9b\x48\x7b\xc7\x55\xa2\x97\x26\x6a\xb3\xef\xcc\x81\x0d\xfa\x62\x4e\x3b\xdf\x44\xd4\xd1\x1e\x57\xe3\x51\x1f\x6b\xe7\xab\x26\x62\xfd\x32\x64\x94\x33\x6c\x48\x43\x59\x23\xff\x46\x6b\x76\x37\x11\xab\x38\xa0\xef\xbd\xd4\x4b\x13\xb4\xf0\x82\x2d\xc7\x46\x11\x7b\xa3\x35\xb3\xe1\xcc\xac\xd2\xc3\x99\xa3\xd8\x80\x39\xb6\x63\xc4\x06\x60\x32\x0a\x46\xea\x85\xd6\xcc\xc6\x56\x48\xd0\xe1\x75\x5a\x29\x5b\x85\x82\xd6\xdc\xda\x44\x6a\x83\xeb\xe6\xfe\xbb\xe3\x6a\x3c\xf2\x30\x12\xf5\xdf\xef\x61\xad\x36\x9f\x65\xdd\x29\x59\x6b\x03\xb5\x99\x42\xed\xc5\xec\x71\x35\xfe\x87\xf6\x1f\xe0\x0d\x1b\xdc\xdc\x10\xcc\x9c\xd3\xe9\x84\x99\x6c\x9c\x41\xed\x11\xc1\xbf\xc8\x23\x62\x15\xb7\x8d\xd9\x09\xf2\x48\x7b\x44\x9c\x4e\x27\xe1\xff\xd6\x1e\x11\x41\x6b\xf1\x1f\xfd\xb7\x8e\xab\x09\xf2\x88\x20\x65\xb9\x24\x81\xb9\x24\x49\xb9\x70\x0a\x5c\x38\x30\x33\x3b\x44\xd3\x45\x6b\x6d\x84\x26\xa7\x91\x44\xcd\xa9\x64\x6d\xfe\xc5\x71\x35\xa9\x57\x86\x89\xc7\xdb\x73\x3f\x10\xf4\x10\xb3\xc2\x8a\x99\x73\x15\xba\x3f\x75\x14\x7b\x02\x8d\xd2\x91\xe1\xda\xe0\x3a\x69\xbf\xde\x49\x1e\x11\x4f\x20\x18\xf5\x87\x83\xde\xde\x6e\x6f\x5f\xa0\xbb\x37\x10\x89\xfa\x83\x1e\x46\xb5\xe9\xd7\x66\xee\x29\xcd\xbc\x31\xf2\x6f\x8c\x7c\xf9\xb8\x9a\xb3\x0a\x2b\x56\x71\x00\xa7\xff\x88\x4d\xe8\x98\x5e\x1a\x37\xcb\x87\xf8\x04\x89\x96\x16\x06\x69\x6e\xc1\xda\x1a\x34\x16\x57\xad\xe2\x0b\x5c\xf0\xa3\xd8\x40\x7b\xc7\x55\x46\xd8\x82\x86\xa1\x1b\x0d\x7b\x85\x3c\xe2\x5b\x53\x92\xaa\x75\x98\x33\xd7\xc7\xc9\x6f\xd9\x73\xba\x3a\x43\x77\x57\xf5\xfd\x3c\x12\xec\x71\x35\x8e\x8b\x7f\x14\x1b\xf0\x44\xfc\xe1\x07\xfe\x70\x13\x23\x3e\xcf\x51\x6c\x40\x2e\x3c\x76\xec\xb8\x9a\x90\x03\x57\x6a\x60\x43\xff\x7b\x28\x7c\x2f\x10\xbc\xd3\xdd\x13\x08\xbb\xbe\x96\xdd\xe9\xbc\x7c\xc9\xc5\x66\xc0\x28\xa6\xf5\xd2\x6b\xec\x9c\x39\xfe\xc6\xdc\x18\x17\xf5\xc8\xc5\xc1\xf1\x11\x17\x50\x32\x9b\xd8\xf7\xb4\x90\x95\xc4\x88\xb3\x4e\x9f\xbf\xa6\xe9\x2d\x59\x3b\xeb\xd7\xe0\x3e\xee\x78\xfa\xfc\xb5\x5e\xce\x99\xfb\x4f\x8d\xc2\x2f\xa2\x6e\x9c\x23\x73\x73\xda\x9c\x5a\x3d\x59\xa5\x5e\x1a\x73\xe9\xa5\x71\x6b\x39\xc9\x0a\x4d\x8c\xb2\x85\x52\xde\x99\xe5\x43\x63\x66\x87\x6d\x77\x60\x1e\xd6\xe8\x6b\x3a\xb6\x6e\x4e\x2e\x1a\x53\x71\x51\xbf\x5e\x1e\x67\x3b\x95\x4d\x36\x2b\xee\xc2\x35\x74\xe1\xe2\x1a\xf1\x0c\x1d\x5b\x34\xe2\xd3\x74\xe5\xad\xb5\xbd\x6a\xd3\x1e\xcd\x14\xe9\x40\xde\xc5\x86\x49\x5f\x2c\xd0\xf8\x92\xb9\x99\xa0\x85\x65\x8b\xfd\xff\x96\x24\x2d\xed\x8b\x2f\xbe\x20\xc6\xf4\x1e\xcd\x3c\x35\xcb\x2f\x69\x21\x7b\x5c\x8d\xd7\x46\x53\xd6\xcb\x01\xb6\x69\x34\x27\x71\x38\x18\xd5\x54\x97\x18\x5f\xcc\xca\xca\xc9\x87\x91\x67\x44\x0e\x83\x7d\x03\xbb\x82\xb7\x6e\x6e\x30\x2a\xb7\xd6\x9e\x99\xd9\xa1\x0f\xb1\x3c\x4d\x3f\xad\xc5\x06\x90\xdf\x21\x87\x1c\x2d\x63\x93\xb8\xd0\xbc\x95\x71\x6b\x7f\x1f\x5a\x91\xf5\x42\x2b\xb2\xcd\x5f\x69\xc5\x98\x58\x35\x26\x77\xd4\x56\x86\x57\x1b\x5a\x31\x7e\x19\xa8\x8d\xa6\xcd\xca\xa2\x55\x58\xd6\x4b\x9b\xec\x1c\xf1\x7c\x18\x79\xea\x21\x7a\xa9\x8c\xa3\x64\xb4\xf9\x61\xe4\x39\x7f\xc2\x7a\xc4\x96\x2b\xb3\xa1\xef\x25\xf4\xd2\x84\x5e\x1a\xab\xcd\xbf\xd0\x4b\x31\x6b\x74\x1b\xd8\x31\x3b\x9a\xb0\x50\xfc\x44\x93\xc6\xcc\x92\xf1\x7e\xca\xcc\x6d\xb3\x8e\x4d\x6d\xd3\xfd\x17\xc7\xd5\xac\x5e\x9d\xa5\xc3\x71\x63\x6c\x0c\xbb\x42\x3c\x61\x7f\x4f\x20\xec\xf7\xb1\x43\x25\xbe\x45\x3c\x81\xdb\xb7\xea\xa8\xda\x43\xac\xc2\x01\x5d\x19\xa5\x23\x29\x73\x72\x9d\x7c\x7b\xf3\x1b\x82\x75\x69\x97\xc8\x71\x35\xae\x1f\xcc\x5b\xbf\x4c\xd3\x91\x61\x63\xa9\x04\x1f\x7b\xc8\x6f\x89\xc7\xeb\x8b\x76\xdf\x0f\x84\xc3\xfe\x1e\xb6\x27\xd8\xd6\xfc\x31\x1c\x65\xc4\x43\x53\xef\x89\xe7\xde\xfd\x50\x8f\x53\x14\x85\x1f\x11\xdf\x5d\x7f\x8f\xd3\xeb\x8b\x3a\xe5\x57\x89\xe3\x6a\x4e\xbb\x44\xac\xf1\x55\xbd\x94\x62\xdc\x68\x72\x9d\xc6\xe7\x68\x6e\xa1\x16\x8b\xb1\x8e\x06\x82\x77\xc2\xfe\x48\x84\x78\xfa\x42\xbd\x01\x9f\xdf\x23\xfb\x82\xad\xcb\xa7\xac\x1e\xbd\xb4\x62\xc5\x86\x6b\x83\xfb\x66\xb5\x4c\x57\xde\x1a\x33\x3b\x7a\x35\x8b\x34\x48\x7e\x6c\xbf\x71\xad\xf3\xda\x1f\x09\xdd\xdb\xb1\x76\xdf\x5b\x87\xa3\x38\x9f\xe2\x2c\x49\xc2\x0c\xb3\x85\xc1\x27\xd0\x99\x19\xba\xff\x96\x3e\x4f\xc1\x02\x08\x4e\xde\x78\xf6\x69\x1e\x8f\xe7\x96\x37\x72\x57\xfb\x82\x34\x7f\x49\xd8\x76\x8a\x67\x18\xab\xaa\xec\x9b\x2b\x65\xfd\x60\x9c\x1f\x3a\x4d\xae\x50\x9f\x3f\xf8\xa0\x2f\xe8\xec\xf3\x06\x83\xfe\x5e\xd2\xe3\xbf\x1f\xc2\x13\x91\x5c\xaa\x3b\x1a\xb5\x2f\x48\xcb\x97\x44\x3f\x2c\x18\x93\x7b\xca\x73\xf5\x28\x65\x65\x5a\xbf\x24\x34\x3e\x4f\xd7\xc6\x69\x72\xda\x98\xda\x32\x52\x05\x5a\x7e\xce\x08\xf7\xe5\xb4\xf1\x66\x19\x4f\x2c\xc6\xef\xe2\xd3\x34\x35\x6a\x96\xd7\xcc\x44\xdc\xc8\xbf\xa1\x99\x09\x23\xb1\x06\xc7\x74\xe2\x64\x9f\x9c\xd8\xde\x45\xa5\x59\x72\x3f\x70\x27\xec\x8d\xfa\x7b\x6e\xb1\x46\xcf\xb2\x46\x73\xb4\x52\xc6\x43\x85\x3e\x9d\x45\x6e\x77\x5c\xcd\x12\xce\xf8\x68\x26\x45\x08\x2d\x8e\x98\x4b\x03\x84\x18\xe9\xb4\x75\xb8\xf5\x79\x0d\xf9\xc2\x7e\x6f\xd4\xdf\x1f\xf1\x87\x09\x1c\x4f\xe4\x5f\xdb\x2f\x7f\xd7\x79\xad\xfb\x7a\x7b\x57\xd7\x8f\xdf\xdf\xb8\xdc\xdd\xdc\xdc\xdc\xd2\xd2\xd2\xda\xda\xfa\xaf\x44\x36\xcf\x3a\x75\x4e\x74\x8a\x7f\x27\x19\xf0\x71\x35\x4e\x33\x29\x73\x6d\x8b\x1e\x0e\xd7\x96\x2b\x7a\x89\x97\xf8\xec\xb1\x63\x97\xee\x84\x43\xfd\x7d\xf8\x25\x6b\xae\xed\x4b\x62\x8c\x8d\xc9\x1e\xd0\xb1\x25\x3a\xbc\x2a\x9a\xae\x0c\x7d\x5e\xcd\xde\x9e\x1e\x36\xd2\x68\x48\xa9\xdc\x6e\xe2\xf7\x5f\x12\xc6\x53\xc7\xd6\x91\x0b\x7d\x5e\x95\xe1\xfe\x20\xa3\x45\x4d\xc3\x4f\xd9\x4a\xff\x92\xb6\xd6\xe2\x74\x6e\x1d\x0f\x14\xe2\xb9\x1b\x8d\xf6\x5d\x70\xb9\xbe\xd6\x4b\x15\x23\x5f\xbe\x74\xe1\xbc\xfb\x7c\x33\xdb\xb8\x6c\xc3\x4b\x99\x40\x48\x03\x8c\xe7\x38\x55\x51\xc1\x98\x2d\x9a\x89\x3d\xa3\x30\x06\x53\x9b\x75\x38\x68\xfa\xb5\x91\x4f\xd8\x43\x67\x07\xc4\xd3\x59\x6b\x70\x1f\xeb\xc0\xce\x83\x94\x6b\xcc\x15\x6a\xb1\x2c\x27\x90\xf4\x6b\x56\x64\x72\x5d\x2f\x4f\x10\x38\xc9\xe1\x74\x61\x2d\xb2\x06\x51\xec\xd2\x4b\xec\x60\x30\xc6\xc6\xa0\x04\x7e\x68\x4c\x1e\x58\x87\x39\xb5\x47\xe2\x1b\xdc\x2c\x92\x9b\xe1\x56\xa1\x99\x89\x5a\x3e\x66\xbd\x1c\x70\x38\x6a\xa3\x29\x9a\x29\x3a\x1c\x56\x71\xb5\x41\xae\x30\x12\x29\x3c\x01\x19\xf7\x80\x5a\x1a\xa4\x45\x26\xce\x76\x5c\x3e\xae\x26\xb0\x3a\x87\xc3\x7e\x3f\x9a\xb2\x0e\x17\x1c\x0e\x59\x45\x1d\x9b\x38\x5d\x24\xd6\xd8\x48\xde\x4f\x1d\x57\xb3\x9e\x13\x6b\xfa\x57\xb1\xa8\x5f\x5b\xbb\x45\x7a\x30\x74\xe9\x6f\xe4\x6b\xac\xe2\x92\xe7\x28\xf6\xc4\xc3\x5f\x7b\x48\xad\x32\x6b\x15\x56\x68\xac\xca\x08\xda\xa3\x90\x80\x07\x7a\xf0\x88\x37\xac\x48\x96\x04\x59\x51\xa3\x88\x29\x05\x4d\x8f\xdc\xe4\x1e\xf6\xd5\xe1\x80\xb9\x56\x71\x9d\xca\x5d\xd8\xea\x2c\x33\x31\x85\x91\xfd\xe6\x8c\x51\xf8\x05\x05\xd3\x93\xc3\xf9\x24\x2f\xf1\x60\xb3\xe1\xfe\x20\x6b\x50\xa5\x75\x26\xaf\x4b\x09\xf4\xb8\x9a\x44\x29\xc5\x18\x4f\x58\xbf\xec\xb2\xbf\xa1\xa8\x99\x1d\xb2\xe5\x83\xcf\x6d\x1c\x1b\x63\xcd\xda\x9c\x06\x5a\x47\x86\x26\xf8\x98\xe7\x6b\xc9\xc7\x2e\x91\xaf\x91\x91\x5d\x22\x5f\x23\x27\xbb\xe4\x39\xb5\x39\x85\x75\xf5\x37\x93\x7f\xbd\xfe\xdf\x23\x91\xbf\xbb\xc3\x3d\xff\x4a\x8c\x5f\xc6\xad\xe2\x14\x56\x58\xd7\x38\x6c\xfb\xc6\xd6\x71\x5f\x79\xbe\x66\x62\x79\x26\xf5\xc9\xb6\x90\x6d\x84\x6e\xdf\x66\x87\x1f\x56\x5c\xcf\x52\xd8\xc7\x8c\x4d\xe1\x58\x80\x47\x35\x34\xa2\x8c\xf2\x93\x0d\x36\xb0\xaa\xfe\xe6\xfa\x66\xed\x73\x0c\x68\xe7\xe0\x39\x1d\x2d\xab\x27\x1f\xf9\xb7\xae\xef\xaf\x31\x91\xc3\x58\x1a\xa5\xa3\x23\x58\xe0\xd4\x86\x3e\x76\x22\xf2\x86\x1e\xf8\xc3\x91\x00\xfc\xe2\xad\x18\x0b\x43\xb4\x52\x36\x66\x76\x6a\x33\xdb\xa7\x56\x68\x7f\xa1\x69\x6c\x9f\xee\xd5\x46\xd3\x75\xf3\x0d\xdd\x74\x38\x94\x33\xfc\xbf\xb8\x6e\x05\x82\x2e\xf8\xfb\x76\x28\x4c\x02\x24\x10\x24\xff\xf2\x9b\x88\xff\x3f\x48\x33\x39\xe7\xfe\xf2\xbf\x91\x9e\x90\x46\xc8\x3f\x7b\x9e\x9d\x61\xff\xfe\x97\xc0\x19\x72\xe6\xba\x17\x49\xa3\x1b\x7e\xe1\x44\x3a\xd9\x5b\xe7\xbf\x04\xce\x7c\x6e\xcd\x0d\x2b\x22\x6b\xc7\xea\xb4\x9e\x50\xd0\x8f\x27\xc1\x25\xc2\xad\x05\x1d\x57\x3b\x05\xa5\x65\x87\x70\xf0\xc8\x45\x54\x85\x42\x2f\x95\x3f\xc4\xf2\xfa\xc1\xbc\x91\x2a\x18\xdb\x15\x6b\x77\x50\x52\x0c\x6c\xb8\x98\xbe\x3f\x81\x8a\xc5\x87\xd8\xfc\x51\xec\x09\x7d\xf9\xa4\x96\x8f\xd1\x5c\x99\x16\xb2\x58\x8f\x4b\x2f\xa5\xa4\x40\x65\x15\x77\x69\x5e\xee\xea\x4d\xa6\xf6\x4d\x6d\xd7\xf1\xc8\x4f\x19\x08\x18\x1b\x03\xfe\xc2\xb8\xd7\xdb\x0a\x5d\x18\xff\xa8\xa6\x6c\xb3\x31\xae\xa0\x92\x47\x24\x12\x0d\x07\x82\x77\x88\xd0\xa1\xc9\x8f\xfe\x5b\x04\x35\x56\x9a\xdf\xa2\xf3\x31\x26\x6b\xbf\x7c\x42\x3c\x78\x04\x12\x23\x3e\x4d\x3c\xee\x26\xf8\x3f\x7c\x24\x34\x22\xcf\xfd\x87\x91\xff\xe8\xed\xf6\xf6\xf4\x84\xeb\xea\xfd\xee\x61\xd7\x0f\x57\x09\x56\x46\x3c\x77\x43\x91\xe8\x85\xbe\x50\x38\x0a\xe2\x29\xd8\x94\x78\x09\x63\x66\x87\x1e\x0e\xd3\xe5\x0d\x45\xd3\xe4\x75\x0a\x06\xd4\x50\xa7\xdc\x98\x0d\xc5\xfb\xbc\x91\xc8\x69\x5d\x00\x0e\xd5\x50\x16\x19\x79\x43\x49\xc9\xc7\xd5\xba\x23\xff\xd1\x1b\x88\xfa\x1b\x3f\xe8\xfa\xe1\x6a\x20\xea\x27\xb8\x2e\x78\x1c\x1d\xc5\x9e\x38\x1c\xb5\xf9\x05\xf3\x55\x19\xe4\x6a\xa6\x5d\xf0\x91\x62\x69\x34\x67\x1d\xee\x33\xd5\x14\x1a\x94\x6d\xb0\x9e\xff\xbd\xa7\x3b\xe2\xed\x8d\xd6\xb5\x62\xcc\x30\xa9\x14\x07\x40\x9f\xc7\x69\x89\x9d\x94\x9e\xc8\x5d\x6f\xcb\xb9\xb6\xdf\xe0\xe3\xdf\x9a\xb9\xcc\x97\x4c\xba\x37\x12\x31\x73\x92\x31\x7e\x33\x97\x39\x8a\x3d\x31\xa6\xb7\xf8\x77\xbb\xef\x8c\xc9\x3d\xd6\x0b\x87\xe3\x96\x2f\xfc\xb0\x2f\x0a\xfd\x60\xe2\xfb\x48\x0a\x15\x05\xab\xb8\x6a\xe6\x32\xc7\xd5\x9c\xb1\xb9\x52\x5b\xde\xd3\x2b\xc3\x28\x7c\x18\x4b\xcb\xb5\xd7\x49\x3a\x31\x42\xd3\xef\x44\xf3\x49\xa6\x1e\x82\xe8\x91\xdb\x36\x26\xf7\xa0\x2e\x6b\x6d\xc0\x7c\xf3\x86\x9c\x6b\x3a\x4f\xac\xb1\x27\xf6\xcc\xf9\x23\x8c\xbb\x74\x47\xfc\xbe\xb0\xbf\x7e\x60\x4c\xeb\x28\xce\x9b\x9b\x07\x34\x93\xa2\xc5\x91\xda\xb3\x55\x36\x35\x20\xd8\x90\xd6\x16\x46\xd8\xe6\x9b\x97\xb5\x6c\xda\xc8\x97\xf5\xd2\x3b\x36\x1c\x68\x0d\x84\xf3\x98\x91\x4f\xa0\xfc\x84\xb5\x30\x3d\xc6\x56\xd0\x55\xab\x44\x5d\x93\xaa\xf5\xc2\xac\xcc\xd3\xe2\x1e\x2e\x1b\x6b\x78\x73\xd6\x98\x3c\xa0\x99\xa1\x06\xd9\xc7\xcc\x0e\xe1\xf6\x73\xa1\xb5\xc4\x25\x6c\x23\xbc\xa9\xd3\x6c\x3f\x75\x4d\xda\x96\xa2\xc6\xad\x85\x32\xdc\xe1\xbc\x91\x1c\x20\x9e\xe6\x96\xdf\xc3\xce\x6a\xbe\x70\xee\x2b\xb7\xbb\xd5\xde\x5a\xbe\xde\x80\x3f\x18\xed\xee\xf3\xde\xf1\x9f\x56\x7f\x6d\xfe\x05\xcd\x3c\xa5\xbb\xef\xd0\x60\x49\xd0\x40\x29\xcc\x27\xd9\x21\x10\x0d\x5e\xd5\x96\x7f\xa9\xcd\xbf\x38\x6d\x6f\x37\xbb\x9b\xce\x43\xb3\xe7\xdd\xe7\xcf\xb3\x56\xf5\x52\xd9\x7c\x55\xa6\xf1\x39\x46\x1d\x19\xa6\x69\xaa\xab\xdb\x56\xb7\xba\xf7\xbd\x3f\x75\xf7\x86\xee\x74\x47\x02\xff\xa7\xbf\xfb\x1e\xec\x8e\x40\x30\xca\x46\x9d\x9a\x92\xf3\x88\x13\x46\x0b\xec\x60\x61\x1a\xfb\x5c\xe6\xb8\x1a\xff\xd3\x37\xb8\xd5\xad\x83\x03\x1a\xdf\xa2\x99\x09\x14\x61\xd0\xbe\x48\xf7\x76\x8c\xd2\xb0\x99\x19\x31\xf2\x31\x63\xe6\x15\xdd\x7f\x66\x2c\xff\x7c\x5c\xcd\x79\xbe\xbe\xe8\x66\x4a\xfd\xfb\xda\xcc\x26\x96\x94\x3d\xf1\xf6\xf6\x86\xfe\xde\xed\xef\x09\x44\xbb\xc3\xfe\x48\xa8\x3f\x0c\x47\x2f\xb9\x15\x0a\xf5\xb2\x3d\x34\x5b\xa4\x99\x97\x74\x78\xc0\x2a\x94\x50\x80\x75\xd5\x46\xd9\xa2\xa2\x7d\xcb\xdc\x4c\xa0\x61\x10\xb7\x2f\xf0\x7c\x72\xdb\xdb\x1b\xf1\xab\xa4\xfd\xd5\x51\x6c\xa0\xb9\xa5\x9e\xba\xa3\xa1\xbe\xee\x40\x30\x12\xf5\x06\x7d\xfe\x48\x77\x28\xd8\xed\xff\x29\x10\x55\x1a\xe6\x96\x66\xb0\xc2\x31\x55\x7d\xb4\x7c\x5c\x8d\x77\x75\xfe\xb1\xf3\xda\x4d\x57\x57\xe7\x1f\x6f\x5e\xb9\xf1\x1d\x93\x9a\x13\x29\xde\xc3\x81\xbc\xb1\xf9\x02\xc9\x5b\x31\x37\x33\x3a\x54\xbb\x16\x0d\xf7\x43\xcf\x72\x56\xe1\x00\xc4\x5b\xe8\xab\x87\xb1\x51\x6c\xc4\x45\xb7\x5f\x19\xe5\xc1\xda\xe0\x3e\x5b\x44\xa8\x14\x6b\x39\xae\x26\xb1\x4b\x28\xec\xd3\xcc\x04\x3f\xc9\x04\xd7\xe3\x66\x98\xeb\x9d\x97\x09\x9a\x04\x6a\xa3\x29\x63\x7a\xcb\x98\x58\x35\x0b\xcb\xaa\xa9\xcc\x98\x59\x32\x86\x16\xcd\xc5\x55\x95\x3a\x7e\x5f\x37\x3b\xd1\x70\x7f\x24\xea\xef\xe9\xee\x0b\x87\x7e\x0a\xf8\x15\xb6\xfc\xd7\xbf\x31\x12\x49\xa7\x68\xe6\xa9\x5e\xf9\x19\xd6\x59\xc8\xa9\x9d\xd7\x5d\x1d\x9d\x97\x6f\x10\x73\x6e\x9f\xb1\x85\xd4\x14\x13\xa7\x19\x9d\xfe\xf5\x8c\xdc\x21\x67\x7e\x77\xa6\x99\x1f\x43\xae\xf3\x67\xfe\xe6\x41\x4a\xd2\x2b\xc3\xd6\xe1\x9c\x5e\xce\x19\xf3\xab\x46\x39\x03\xc6\xa4\xff\xe1\xfc\x43\x28\xfc\x77\x6f\xb8\xc7\xdf\xc3\xfe\xf2\xb8\x3c\xff\xc3\x79\xc3\xef\xed\x75\x76\x5e\xf7\x00\xff\x79\xb1\x51\x1b\x1d\xd5\x0f\x97\xf5\x52\xd9\xb6\x72\x75\x5e\x07\x2b\x49\x19\x99\xb8\xf9\x72\x80\x71\x42\xe8\x27\x2b\x59\xa9\x70\x4b\x9d\xc6\xd4\x9c\xa4\x31\xb5\x5d\x27\x21\xc1\xb9\xfc\x0f\x8d\x90\x33\xb8\x59\xcf\x5c\x20\x67\xd8\xde\x72\x9f\xf9\x1d\x7b\x68\x1f\x94\xec\x85\xbd\xe9\x5b\x5b\xdd\x6d\x6a\x09\x76\xec\xb1\x12\x0f\x43\xfd\xe1\x6e\xe5\x91\x52\x84\x1d\x18\x0d\x45\xe0\x0c\x09\x85\x7b\xd4\x62\x3d\xb7\x64\xa1\x1e\x6f\xd4\x7b\xcb\x1b\xf1\x77\x07\xbd\xf7\xfd\x58\x46\x9e\x6c\xac\x10\x7b\xdf\xd4\x73\x0b\xdf\x28\xe7\x11\x7b\xd7\xfe\xe5\xbf\xfc\xcf\x7e\xb7\xbb\xa5\xed\xbf\xfc\x1f\xff\xf5\x37\x37\xbc\xc1\x9e\xd0\x7d\x67\x17\xac\xa6\xf3\x6c\x6b\x73\x8b\xaf\xc7\xcb\xbf\xab\xe7\xf8\xec\x53\xfc\xcb\x79\xcf\xff\xd0\xd9\xda\xe2\xbc\xf5\x30\xea\x77\xf6\x86\x82\x77\x9c\x6e\xb7\xdb\xdd\xdc\xdc\xdc\x8c\xdf\x29\x3c\x9b\x7d\xe4\x8a\xde\xef\x6b\x10\xf3\xb0\xdc\x29\x0c\xb7\x7e\x2a\x81\x7f\x62\xd9\x93\xbc\x93\x15\x55\x44\x98\xf3\x7c\xa6\xea\xf9\xd8\x99\x0b\xa4\xb9\xad\xf5\xfc\x59\x78\x77\x0a\x67\x39\x73\x01\xb9\x03\x8e\xf7\x54\x1e\x70\xe6\x02\xec\x52\x28\xd1\xb0\x0f\xce\x5c\x20\x7f\xd5\x08\x21\x4a\x9f\x99\x50\xfb\x37\xed\x31\xca\xa3\x60\x32\xa8\x13\x1a\x08\x3b\xd1\x39\x91\x1d\x57\xe3\xc6\xcc\x52\x2d\x1f\x43\xf1\x81\x6d\x68\xb0\x62\x19\xf9\x98\x59\x88\xc1\x86\x49\x7c\x0e\x21\xfe\xff\x0b\xff\xff\xb9\x85\x17\x12\x7f\xa3\xdb\x4f\xab\x2d\xef\xd4\x06\xd7\x69\xb1\x6a\xc5\x5f\x83\x4d\x89\xab\x1c\x60\x5d\x23\x2e\xdb\x96\x27\x9f\x48\x86\x2a\x9f\x58\x07\x07\xb5\xd1\x34\xea\x1d\xec\x27\x08\x33\xf6\x5b\x38\xfe\xec\xcf\xe1\xc8\xfe\xbf\x76\xd1\xef\x47\x5c\x84\x96\x0a\x74\xec\x95\x7e\xb8\x6c\x0c\x14\x1d\x0e\xd0\x4f\xbe\x80\x9e\x36\x13\xb5\x2f\x9a\xe6\x24\xc2\xe0\x91\x55\x44\xf4\x01\x21\x7f\x0f\xa0\x85\x00\x1c\xbe\xaa\x56\x05\x3e\x60\xb4\xc1\x33\x02\x8f\x55\xac\xc2\xb2\x8b\xee\x3f\xa7\x89\x14\x0a\x78\xb6\xcf\x60\xb2\x68\x24\x07\x8c\x64\x42\x56\x6f\x64\xf2\xe6\xf6\x0b\xd6\x48\x7c\xa4\xb6\xfc\x0b\xab\x88\x2b\xb1\x4b\xb5\xb9\x15\xf6\xb3\x34\x5c\x9b\x5b\xc1\xda\x85\x7b\x03\x8b\x18\xbb\x15\x3a\x86\xae\x14\xf3\xc9\xde\x87\x58\x5e\x7d\x8c\xae\x0b\x9a\x2e\xa2\x0d\x9c\x74\x74\xfd\x85\x18\xeb\xcb\xe8\x6c\xb4\x96\xd7\xe9\xca\xf6\x71\x35\xeb\x91\xfd\xf8\x1d\x0e\xf2\x77\xfc\xc1\xca\xa8\xf1\x7e\xfd\x77\x72\x69\xd0\xf8\x9e\xa4\xcb\x1b\x74\x64\x8e\x9d\xbb\x60\x46\x37\xe2\xd3\xe6\xbb\x59\x6b\x7b\xdb\x48\x67\xf4\xf2\x8a\xec\xdd\xe2\xaa\x99\x1f\x47\x17\x0f\xfc\x89\xd5\x58\xc5\x97\xc6\xe0\x30\x0c\x30\x46\xdf\x2e\xc8\xba\xd9\xd8\xf3\xeb\xaa\xec\xaa\x97\xc6\x98\x36\x0a\xbe\x35\xbd\x34\x41\xc0\x79\xc8\xeb\xce\x6d\x1b\xd3\x5b\x62\x29\x8f\xab\x59\x6e\xd1\x83\xce\x1f\x57\xe3\xe6\xd4\x9c\xf9\xaa\xac\x97\x52\xc6\xe4\x1e\xcc\x3a\x5f\x33\xbd\x34\xa1\xae\xd8\x71\x35\x47\xd3\x45\x5a\x8d\xd1\x4c\x91\x38\x1c\x37\xbf\xbf\x79\xfd\xb8\x1a\xff\xee\x0f\xed\xc7\xd5\x84\xc3\x41\x68\x3a\x49\x73\x4b\xe6\xf6\x12\xda\x2d\xd9\x8c\xd5\x89\x90\x72\x3d\xad\xb5\x67\x56\xe2\x1d\xea\xac\x6c\x3a\x15\x4b\x2a\x18\x4a\x69\xba\x58\x1f\x53\x90\xa3\xc3\x3b\x7a\x65\x1a\x07\x2f\xd5\x14\x26\xf7\x02\x59\xaa\x7d\xa4\xe9\x69\x1a\xab\x1e\x57\xb3\xa0\x28\xc7\xaa\x4c\x4b\x16\x5e\xc1\x5f\xd1\x92\xdd\xe0\xde\x4b\x59\x85\x03\x73\xbf\xa0\x57\x2a\xfa\xfe\x54\xa3\x5b\xb1\x90\xa4\xc3\xeb\x52\x97\x17\x52\x4f\x33\xfb\xf0\x33\xac\x03\xc7\xd5\x38\x4a\x73\x68\x1a\xa4\xf9\xf5\x86\xf2\x7a\x69\x93\xa6\xa7\x1d\x0e\xfc\x48\x6c\x17\xd1\x4c\xcb\xa7\x9b\xa9\x6d\xcc\x62\x33\xbf\x56\x75\x6d\x63\xb6\xb1\xea\x56\xf6\x8d\x62\xaf\x60\x2d\xc1\x69\xc4\x54\x44\xa4\xc3\xd1\xd7\x74\xf7\xad\x99\x1d\x42\x22\x76\xa9\x4e\x22\x1a\xab\x2a\x9e\xcc\x73\x4d\x2d\x8d\xdc\xa9\x9e\x47\x80\x4d\x8d\xc9\x78\x93\x45\xbd\x14\x53\xe9\x0d\x78\x84\xea\x6c\xe2\x71\x22\x6a\x63\x70\x1c\xd2\xd4\x94\xbe\x9f\x22\x7f\xfa\xc6\x15\x39\xae\x26\xdd\x17\x15\xf3\x0a\xa7\x31\x74\x8a\x0b\xc3\x7a\x91\xbe\x5d\xd0\xcb\x13\x74\x25\xcb\x1e\x56\x86\x40\x11\x8e\xe1\xdf\xec\x6d\x72\x98\x66\x36\xf8\x5b\xf8\x44\xec\x1c\x11\xc6\x22\xb8\x73\x7c\x84\xe6\x72\x7a\xe9\xb5\xb1\x34\x6a\x6e\x1e\xd4\x96\xd9\x80\x34\x42\x9c\xdc\xf1\x22\x8d\xa5\xc8\x4e\x5c\xe6\x5a\xa5\x36\xb7\xc2\x1a\x19\x19\x16\xef\xe2\x9c\x9d\x29\x6c\x07\x06\xa9\x72\x30\xe4\x8d\xc0\xe4\xd0\x81\xa7\x56\x41\xe3\x33\xd6\xf2\x3a\xd6\x82\xfc\x4f\x2f\x4d\x18\xc5\x74\x6d\xf9\x17\x63\x6a\x8b\x71\xfc\x58\xc2\x18\x7f\xc5\x86\x60\xf7\x8c\xb1\x83\xe3\x6a\x16\xdd\xd0\x6c\x55\x2b\x43\xa8\x1b\xa1\x0b\x84\x49\x1b\xc2\xa1\x0e\x5f\x21\x87\x40\x96\x21\x19\x86\xe4\x0a\x66\x65\x48\x12\x10\x14\xc7\x6e\xab\x86\x54\x74\x5a\xd6\x62\x23\xc6\xf3\x94\xbe\x9f\x57\xce\x8f\xd6\xc6\xa3\x4a\xd3\xd0\x04\xa7\xa8\x8f\x3b\xe8\xa1\x40\xd6\xa9\x57\x56\xf5\xd2\xb8\xec\x4b\x9d\x09\xec\x73\x2d\xf9\x8a\x4f\x3e\x65\xae\x6d\x31\x7a\x07\xf2\x93\x3f\x3d\xdc\xe6\xf8\xa0\x8f\xdb\x55\x51\x73\x36\x37\x8a\x34\xfd\x33\x79\x64\x47\x3b\x89\x07\x9e\xe6\xe6\xaf\xce\xf2\xa2\xfb\x4f\x69\x6a\xd9\xae\xaa\xc7\xff\xc0\x23\xb5\x7d\x3a\x32\xc7\xd8\x5a\x61\xa1\x36\x37\xcc\x3d\xc9\x99\x14\xf1\x44\xfb\x83\x6e\xb0\x2b\xf3\x3f\xd8\xa0\x52\x69\xab\x50\x60\xcf\xfa\x7b\xfa\xb8\xed\x2d\xea\x03\x8b\x35\x3e\x81\x81\x8c\x3f\x37\x12\x4f\x31\xec\xc3\x8a\xbf\x01\x5d\x30\xd2\x7f\x2b\x88\x96\x16\xfb\x4f\x75\xcc\xb8\xb4\x04\x3a\x6a\x56\xf2\xdc\x38\xf7\x5b\x62\x4c\xbc\x32\x97\x06\x60\x2c\x68\x12\x70\x93\x96\x73\xe7\x9a\xc4\xff\xdc\x0d\xd5\x90\xce\xeb\x0f\xda\x88\xac\x8c\x16\xf7\x68\x79\x12\x2d\x25\xb5\xd1\x24\x68\x5f\x18\x54\xe2\x0c\xf4\x3d\x68\x03\xff\x19\x1c\x2c\xd6\xf2\x3a\x5b\x1d\x61\x5b\xc0\x6a\x1e\x11\xcf\x6d\x9f\xdb\x7d\xa1\xc5\x7d\xf6\xfc\x85\x66\x77\xcb\xd9\x0b\x17\x5c\x6d\x7c\x3e\xe9\xe1\xa0\xb5\xfb\x9e\x9b\xc9\x1f\x11\xcf\x3d\xbf\xbf\xcf\xdb\x1b\x78\x00\xfa\xbd\xa7\xd9\x4d\xda\x44\xd7\x50\x87\x1d\x5b\x62\x47\x59\x61\xc6\x78\x0f\x01\x2a\x4c\xb4\x75\xfa\x02\x7d\x77\xfd\xe1\x08\xac\xc3\x4a\xb6\x16\x4b\xb8\x8c\xc4\x38\x1d\x5b\xb7\x0e\x9e\xd3\xe1\x55\x88\xf7\x59\x25\x9e\x0b\x1e\xc2\xb6\x50\x76\x92\x7d\xd7\x7e\xa5\xcb\xd9\x72\xae\xcd\xf9\xc7\x8e\xef\x2e\xb0\xbf\x9b\x5b\xce\xc3\xdf\x1d\xdf\xb6\x77\x7c\xdb\xde\xe2\x76\x5e\xff\xfe\xea\xbf\x37\xb7\xba\xcf\x61\xe3\x68\xbe\x40\xc7\x8b\xd4\xfb\xf1\xa7\x31\xb3\x53\xe7\x9f\x29\xae\xca\x68\x1d\x5a\x8d\xe1\x18\x33\x49\x14\xc8\xe8\x4a\xd6\x78\xb3\x8c\x96\x2d\xe8\x7d\x7f\x5f\x6f\xc0\xe7\x8d\xfa\x9d\x3e\x74\x02\x0d\xbf\x87\x0f\x3a\xda\xb9\x04\xa7\xca\x7a\xf2\x89\xb9\x36\x50\x7b\x06\x67\x54\xba\x88\x01\x0f\x28\x64\x90\xeb\x57\xbe\x3b\xae\x26\x8d\xf8\xb4\x5e\x99\x50\x25\x40\x64\x12\xb4\x3a\x05\xd6\x1e\x71\x54\x37\xbb\xf9\x49\xcd\x88\xe5\xc9\x1e\x1d\xad\x10\x2c\xc8\x1b\x62\x1d\xb9\xfc\x2d\xa1\xe9\x27\xc6\x14\x23\xf5\x86\xcf\x50\x74\x8a\xd5\x26\x0b\xe8\xef\x3f\xae\xc6\x6f\xfc\xa1\x83\xb4\x9e\x6b\x69\x23\xe8\xe6\x20\xdf\x7d\x7f\xf9\x3a\x01\x16\xc1\xdb\xf8\x10\xcb\xab\x9f\x7c\x88\xcd\x43\x2b\x37\xaf\x76\x39\xdb\xfb\xa3\x77\x4f\x6f\x84\x91\x11\x57\x18\x88\xfa\xb5\xac\x52\x2d\xc0\x5f\x45\xbd\x4d\xf7\xfc\x0f\x45\xfd\x28\x52\x48\x1a\xb3\x0e\xf7\x19\x19\xc5\xb7\x48\x5d\x60\x14\x53\xc3\xe8\xc4\x22\x5d\xe3\x4e\x1b\x6b\x39\xc9\xd6\xa8\xaf\x3f\x72\x97\x9c\x11\x81\x23\xce\x3b\xde\xa8\xff\xef\xde\x87\xa4\xc7\x7f\xbb\xf9\x0c\x78\x55\x9c\x84\x96\x4a\xe6\xe4\xba\xda\x8a\xa6\x3d\xe2\x0e\xd8\x91\x61\x5a\xd8\x7b\x84\xac\xeb\x91\xf6\xc8\xe9\x74\xc2\xff\xb4\x47\x9e\xfb\x91\xc8\xed\xc0\x4f\xa4\xb9\xd5\x7d\x9e\x78\x1e\x91\x9b\x1d\xd7\xc9\x77\x5d\x5d\xb5\x67\xef\x69\x7c\x87\x75\x5b\xb4\x1c\xea\x8f\xfa\x09\x58\x44\x5a\x1a\x37\xed\x19\x02\x2e\xae\x89\xf5\x5a\x6c\x20\xd0\xf7\xe0\xac\xb5\x5b\x34\x27\xdf\x36\x7e\x0c\x5b\x94\xc0\x0e\x6c\x6e\x6d\x86\xbd\x77\x86\xe9\x29\xf5\x1f\xb7\x9d\xf8\xb8\xe7\xae\xaf\xcf\x19\xea\x8b\x06\x42\x41\x72\xf9\x5a\x17\xf9\x6b\xe7\x75\x62\xee\xbc\xa3\xf3\xb1\xbf\x9d\xa9\xff\xfc\xf2\xb5\x2e\xce\x68\xd4\xb6\x4f\x9d\x32\xc2\xff\xb1\x3f\x46\x39\x89\xf1\x55\xa0\x7e\x8c\x82\xfa\x98\x07\x1a\x85\xe6\x64\xe2\x43\x2c\x2f\x8b\xf0\xbd\x05\x2c\xf9\x43\x6c\x5e\x2f\x8d\xd3\xf4\x53\x26\x49\xc2\x3e\xb4\x0e\x33\xd6\x72\x52\x2f\x6d\xf2\x63\xae\x9a\xa5\x85\x05\x63\x66\x87\xc9\xe9\xc3\xab\xc4\xe3\xf3\xf5\x78\x78\x90\xa7\x94\xa1\x41\xb0\xc6\xe0\xa8\xf8\x08\x52\x98\x11\xdf\xc5\xc7\x1f\x62\xf3\xf4\x59\x52\x3e\x94\x31\x6e\x5c\x9f\x60\x52\x7a\x02\x8f\x5b\x97\x31\xfe\xcc\xac\xcc\x83\x1b\xe8\x25\x27\x6c\x61\x60\xc5\x41\x42\xcc\x18\xb6\x03\xbc\x84\x75\x6e\x64\x8e\x53\xce\xde\x0e\xe7\x28\x60\x5e\x64\xe3\x01\x4b\x9f\x5e\xcd\x62\xf4\x0a\xda\x02\xd1\xc4\x29\x4d\xaa\x92\xfd\x40\x8c\x2b\x1b\xb9\x31\xb3\x03\xc1\x77\x32\x0c\x0d\x9a\xc6\x4a\xf5\xc3\x79\x63\xbb\x02\x1d\x40\x96\x66\x14\xd3\xa4\xcd\x4d\xcc\xb5\x67\xc6\xcf\x31\x63\x71\x55\x2f\xc5\x8c\x37\xcb\x74\xf7\x1d\x8f\xa7\x10\x55\xcb\xfd\x86\xf5\x70\xf3\xe6\xe6\xac\xb1\x5d\x61\xc3\x1d\x5f\xc5\xe7\xb4\xfa\x84\x96\x4a\xd2\x32\x8a\x66\xcb\xa3\xd8\x80\xf5\x62\x83\x78\xee\x05\x7a\x7b\x3d\xc4\xdc\x4c\x1c\x57\x13\x4c\x0b\x04\x26\xca\xed\x91\x30\xf0\xe3\x6a\xb2\x36\x70\x48\x87\x53\x74\xe5\xad\x35\x30\x09\x56\xbb\x0a\x1d\x5b\x67\x6b\x0f\x53\xf1\x21\x36\xcf\xf6\x2c\x74\x4a\x2f\xa5\xd0\xe2\xa7\x32\x63\x39\xd1\xc5\x2a\x1d\x2d\x37\xd0\x14\x0e\x1b\x38\x9e\xa2\x58\x4d\x34\x90\x15\x53\xbe\x50\xa9\x03\x02\x47\x91\x80\x2d\x74\xea\xbd\xad\x3b\x7a\x9a\x42\x4c\x96\x38\x85\xb7\x62\x0f\x50\x64\xb2\x5b\xa9\x66\xb9\x29\x18\x26\x19\x74\x5b\x28\x20\xcc\xb4\xb8\x56\x72\x51\x1b\xe2\x30\x21\xfc\x52\xc4\x27\x33\x29\xeb\x6c\x9d\x82\xaf\x69\x3c\x2e\x67\x64\x58\x9a\xc0\x99\xd4\x28\x75\x5b\x6e\xef\xb6\x7b\x28\x2c\xcf\x3c\xf8\xac\x3a\x6d\x1d\x3c\x05\x03\x34\xf7\x6e\xe6\xd7\xcd\xf2\x21\x3e\x06\xf7\xd6\x70\x6d\xb9\x42\xf3\xeb\xf5\x71\x17\x44\x2f\x6d\xa2\x3e\xa5\x79\x3e\x62\x5c\x89\x86\xfb\xfd\x70\x48\x67\x5e\xd2\xf8\x1c\x86\x66\x5b\x07\x4f\xb9\xb1\x9e\x6d\x5d\x58\x41\x34\xc9\xb2\x93\x6c\x62\x95\xa6\x7f\xb6\x0e\x27\x69\x6e\x81\x9c\x75\xb7\x2a\x82\xe5\xb9\x06\x23\x06\x72\x0d\xfc\xbb\x3e\x76\x12\x63\xbe\x8e\x62\x03\x38\x2b\x58\xa7\x7c\x88\x63\x93\x6b\x8e\xf2\x36\x53\x93\x15\xeb\x86\xe4\x2f\xac\x92\xfc\x22\x2d\x2c\x90\xce\xeb\xec\xf9\x5c\xd6\x18\x5f\xc4\xbf\xed\xb0\x53\xba\x39\x03\x5b\x7c\x40\x23\x04\x9d\x36\xe8\x9d\x47\xb2\xa7\xe5\x49\x74\xe1\xa1\x90\x9e\xc0\xe8\x77\x14\xf0\x1d\x0e\x63\x7a\x93\x56\x63\x0e\x87\x91\x1c\x55\x63\x5a\x25\x5f\xaa\xf7\xb9\xc0\x38\x3d\x7c\x27\x36\xf5\x86\xee\x60\x54\x72\xd1\x48\x26\xac\xe5\xa4\x95\x1c\xa4\xb9\x6d\xab\x58\xa1\xe9\x69\xb4\x92\x98\xaf\xca\x72\xfb\x03\x55\xa8\xd5\x78\xfb\xa3\x77\x45\x1d\x48\x7e\xa8\xda\x63\x1c\xa6\x1a\xc7\x8c\x81\x07\x32\x90\x14\xa2\x65\x05\x5b\xb6\x7b\x08\xd1\xcd\x2e\x6c\x15\xe3\x60\xb1\xa4\xb2\x47\x9a\x19\x05\xe2\x53\xf4\x6e\xf3\xfd\xc2\x97\xb8\xcd\x76\x74\xa9\x5e\x2e\xbd\x34\x41\xc0\x0e\x11\x47\xa3\x44\x42\xd3\xd0\x49\xe6\x70\x48\x37\x19\x9b\xdf\x3a\x4f\x99\xc3\x01\xd1\xe0\xaf\xad\x62\x05\x75\x0b\x50\xe7\x92\x28\xf7\xa3\x7a\x58\x7b\x31\x4f\x57\xa6\xc5\xfe\x8e\xd7\xd3\xb6\x99\x1d\xd2\x4e\x73\xd5\x9d\xee\x66\x03\x95\xf3\xa4\x9b\x8d\x0d\x0e\xc7\xc0\x23\x12\xbe\xbd\x79\xf3\x3a\x41\x7f\x06\x78\x25\xe2\x8c\xa9\x88\x2e\x6b\x10\x16\x26\x48\xec\xb8\x9a\xb0\x8a\x23\x34\xbe\xa1\x44\x01\x27\xc1\x17\x5d\x3f\x50\x54\xf1\xd8\x3e\x82\x5d\x53\x9b\x9c\xb3\x8a\x68\xd2\xc3\x96\x19\x79\x80\xc9\x49\xdd\x22\x78\x74\x32\xea\x16\x54\x8f\x3f\x35\xf5\x64\x65\x9b\x65\xf8\x8d\xb9\xff\x14\x09\x1e\xb8\x8b\xf8\x3b\x5d\x54\x55\x4b\xb3\x92\x3f\xae\xc6\x91\xbe\xd9\xdb\xdd\x77\xac\x5e\x6e\x9f\x1b\x40\xb3\x1f\x46\x8b\xd9\x8a\xa5\xc6\x34\x7f\x1e\x92\xc2\xad\x4e\xdf\xfd\xa1\x1d\x8f\xc6\xfc\xba\x7d\xda\xa2\x82\xfb\x61\xe4\x19\x41\xde\x01\xe7\xfd\xa6\x91\x78\x4e\xab\x31\x76\x2e\xa0\xd6\x51\x67\xae\x6a\xb0\x55\xe1\x39\xad\x1f\xce\xd3\xcd\x59\x9a\x99\xa0\xd5\x3d\x63\x79\xc4\x98\x3d\x30\x57\xca\xac\x13\xe5\xa4\x59\xd9\x36\x97\x06\x40\x2d\x47\xbf\x35\xa3\x38\x4f\x28\xda\xc7\xb6\xc8\x05\x97\xcb\x43\x6a\xcf\x0f\x8c\x89\x55\x8c\x19\xc4\x4a\x99\xc6\xd4\xde\xd7\x77\x5c\x8d\xff\x31\x14\xba\xd3\xeb\x77\x7d\x17\xf0\x85\x43\x91\xd0\xed\x28\x61\x82\xad\x3f\x18\x65\x62\x7e\x28\xcc\x8f\x3b\x23\xb1\x61\x2e\x0d\x18\xf1\x69\xd4\x53\x18\xaf\x1f\x5e\xc5\x13\x85\x4d\x86\xbe\xb7\x48\xd3\x45\x3a\x7e\x50\x8b\x31\x41\x07\xcf\x44\x94\x6c\xb1\x47\x1f\x62\xf3\x46\xea\x85\x59\x79\x7a\x14\x7b\xc2\x4d\x04\xd3\x5b\xf4\xc5\x02\x71\x38\x60\xd6\x08\x8d\xcf\xe0\x90\x70\x42\x90\x2f\xc2\x3c\x2b\x33\x44\x68\x66\x82\xad\x18\xa8\x23\xc6\x2f\x03\x20\x65\x64\x21\xd3\xc5\x0e\x49\x54\x79\xa1\x4b\x58\x11\x13\x48\xc0\x6c\x1e\xf7\x47\x20\x5a\xc0\xdc\x18\xa7\xa9\xf7\x28\x7a\xa1\x3d\x8d\x31\x38\x30\xe0\x20\x45\xc8\x13\xa6\x16\xcb\xf2\x7d\xde\xd2\xc4\x8d\x47\x3c\xd6\xff\xb4\xdd\xce\x64\x00\xf8\xc3\x48\x67\xcc\x95\x32\x9b\x0d\xb4\x16\x8c\xad\x1b\xb1\x81\xda\x6b\xa6\x58\x99\x4b\x7c\x51\x51\xdf\xab\x5b\x11\x76\x2a\x91\x56\x90\x68\x68\x7c\xd7\x98\xde\x42\x89\x86\x31\x88\x36\xa2\xef\xa7\x64\x0d\xac\x43\xad\x4d\x04\x7f\xf3\x54\x8d\xcc\x84\x74\xa8\x5a\x5b\x83\x18\x20\xea\x03\xf7\x5e\x53\xe4\xae\x87\x18\x93\x07\x8c\xcf\x0a\xb3\x19\x2d\x4f\xd2\x83\x19\xc9\xda\x19\x5f\xa7\x6f\xa7\xcc\x95\x32\xcf\x35\xe2\x36\x8d\x9c\xb1\xb9\xc2\xc4\xcf\xd1\xb2\x39\xb1\xc5\x08\x7b\xae\x42\x47\xcb\x6c\x45\x93\x89\xda\xb3\x02\xeb\xc7\xd9\x26\xae\x90\xe1\xbb\xe3\x6a\x9c\xe9\x74\xc0\x82\x31\x08\xf3\xd4\x6e\xf5\xf8\x7b\xa1\x5b\x0e\x07\x1d\x8e\xd3\xdc\x82\x31\xb9\x03\x81\x21\xac\x93\x4a\xaf\x46\x52\xc8\x94\x41\x52\xb4\x03\x09\x34\x22\x8e\x2b\x6b\x77\xd1\x2a\xbd\x66\x0b\x07\x54\x03\xe7\x61\x02\x03\x4a\xf6\x0f\xb1\x47\x34\x91\x62\x32\x61\xa5\x6c\x6e\x8c\xcb\x64\x2a\x24\x01\x0c\xd5\x38\xae\xc6\x6b\xf9\x98\xf9\xbe\x62\x56\x16\x69\x21\x61\xfd\x3c\x0c\xc2\x42\x30\x1a\xf6\xfa\xee\x81\xb5\x40\x04\xa7\xf3\xc0\x00\x88\x46\xe7\x74\x41\x08\x61\x23\x88\x2f\x81\xdc\xca\x3b\x2c\xfa\x42\xd3\x45\x14\x0a\x3f\xc4\xf2\x46\x69\x98\x16\x92\xf6\xab\xcc\x04\x26\xd2\x10\xba\x95\x35\xf2\xaf\x51\xa8\x62\x33\x9b\x5f\xac\xcd\x6c\xb3\x2d\x02\xb1\x5f\x7c\x98\x2f\x36\x8c\x6a\x1a\xa7\x07\x76\x86\x31\xb3\x44\x57\xb6\xb9\xd9\x06\xd5\x4e\x5f\x7f\xb8\x17\xb6\x84\x88\x8d\x63\x0f\x08\x8f\x20\xae\xe3\xf9\xae\xde\xd0\x9d\x40\xd0\xd5\xdc\xd2\x7a\xf6\x5c\x1b\x21\xe4\x0b\x82\x26\x7f\xa4\xb2\x06\x6a\xfd\x74\x35\xa1\xfe\xa8\x50\x92\xc8\x17\x84\x4f\xf8\xde\x0e\xae\x28\x9b\x12\x74\x27\x21\x01\xf0\xcd\x9b\x7f\x63\x95\x37\x80\x6d\xcc\xe0\xd6\x66\x92\xfd\xd8\x0a\x2a\x16\x60\x42\x1f\xc1\xe7\x6c\xf8\xdb\x2f\x69\x7a\x97\x09\x3e\x18\xa1\xbc\xfc\x0b\xee\x1b\xb9\xcd\x79\x50\x11\x90\x19\x13\x55\x81\x43\x5a\x2f\x07\x8c\xb7\x4f\xac\xe5\x55\x3a\x3c\xac\x35\x8c\x87\x91\xa3\xb2\x6f\x8c\x44\xca\x3a\xcc\xd1\xe1\x55\xec\x22\x0f\xa3\xc6\x6f\x70\xbe\x89\x8b\xd8\xc3\x21\xe6\xe4\x5b\x94\x5f\xeb\xb6\xd7\x51\x6c\xa0\x8e\xac\x31\x2d\x4f\x89\xd7\x10\x9a\x94\x70\xac\x7d\x01\x11\x0a\x6a\xfc\x83\x31\xb3\xa3\x1f\xce\x9b\x53\x73\x0d\xc1\x16\xec\xa4\x3d\x25\xd0\x81\x49\x12\xc0\xa5\x8c\xc1\x61\x3a\xf2\x8b\x5e\xb2\xe3\x29\xd8\x5e\x8a\x6f\xa1\x22\xa3\x1f\x2e\xd3\xf4\xee\x69\x81\x1e\x6c\xb2\x86\xe3\x9f\x88\xf2\xa0\x23\x29\xac\xe3\x28\xf6\xc4\x1a\xe7\xf3\x63\x8d\xbe\xb6\xca\x1b\x1a\x2a\x47\x34\x33\xc1\x94\x23\x9e\x63\xc7\x8e\x0b\x4c\xc2\x44\x7d\x4a\xd5\x6d\xd8\x4c\x1c\xce\x71\xd2\x86\xc6\x6c\xfd\x66\x70\x9f\x69\x89\xd3\x9b\x66\x19\x67\xdf\x18\x1b\x23\x27\x04\x9a\x8f\xc7\xb7\x34\xc4\x9d\xc8\x2d\x67\x1d\xce\x99\x6b\x29\x76\xde\x4e\x6f\x8a\x93\x42\x04\xb8\xab\x0a\x22\x26\x49\xd1\xcc\x04\xc6\xbd\x8f\x8d\xa9\x5a\x29\x04\x9f\xa0\xf2\xad\x06\x55\x5b\xcb\xeb\xc2\x1c\xd3\xdd\x17\x0e\xf9\xfc\x91\x48\x77\xd8\xef\x0b\x85\x7b\x22\x22\x41\x86\x10\xc6\xdb\x94\x70\x17\xa5\x1d\xdc\xeb\x68\xa6\xb4\x35\xdd\x16\xd1\x3f\x5b\x05\xcd\x6c\xe0\x44\x43\xca\xd0\x0e\x9c\x5d\x58\xa5\xc3\x81\xe7\x96\x8c\xa4\x91\x4b\xb7\x99\xe1\x5a\x6e\x3c\xa3\x97\xca\x74\x73\x85\x0e\x1d\x0a\xa5\x3c\x69\x4e\xbe\x25\x81\x60\x20\xea\x12\x4b\x86\xb1\x34\x66\x65\xcd\xac\x6c\xa2\x06\x2e\x8e\x16\x91\xc9\x88\xe7\x39\x70\x72\x6e\x40\x04\x13\x01\x13\xd4\x3f\x1e\xa8\x83\xce\x07\xe2\xe4\x1a\xb7\x5e\x49\xa1\xba\x0d\xb2\x10\x44\xf7\xcb\x38\x1e\x38\x75\xd9\x49\x3b\x9a\x92\xd6\x04\x50\x51\x52\xb8\x2d\x44\xdf\x13\x6a\xc0\x8f\x48\x88\xb5\x33\x7e\xf8\x94\x8b\x16\xe9\xee\x3b\xf6\x76\x73\x96\x69\x7e\x90\x8f\x06\x53\x2e\x7a\x07\x4a\xbf\x92\x5a\x80\xcd\xea\xe5\x11\x19\xb0\x4e\xe3\x73\x4c\x43\xd8\xfc\x99\x96\x4a\x28\x6d\xd8\x4a\xba\x76\x89\x18\xef\xd7\x8d\xa1\xf4\x71\x35\x6b\xbd\x1c\xb0\x0a\xaf\x78\xa3\x22\x78\xf6\xd4\xdd\x21\x77\xb9\xb4\x3c\xe0\x66\xa1\xa9\x29\x3a\x3c\x08\x24\xfe\xa7\x40\x6f\xef\x77\xa1\x1e\x46\xc5\x32\xff\xc5\xc3\xe9\xcb\x83\x59\x5d\x56\x2c\xa9\x97\x52\xc6\x6c\x91\x1b\xa2\xd8\x67\xbe\x50\x30\x1a\x0e\xf5\x3a\x31\x8c\x9c\x4f\x15\x68\xad\x8d\x8d\xc3\x78\x79\x92\xd5\xe1\x02\x2d\xbd\x34\xe6\x63\xc6\x44\x82\x66\x92\x7a\x29\x46\x7c\x18\x9d\xcc\x84\x65\x25\x8b\x1a\xc7\x06\x89\x1b\xda\x25\x62\x15\x57\x6b\xb1\x04\x06\x65\xca\xf1\x3a\x1c\x76\x0e\x24\x54\xa5\x57\xf6\x25\x71\x80\x6c\xaa\x97\x26\x1b\x22\x21\x61\xf1\x66\x8d\x99\x1d\x23\x9f\x68\x48\xc5\xf8\x02\x22\x37\x39\x63\xdf\x9c\xa5\x4f\xd6\x51\x6c\x87\x88\x27\x08\x7d\x2a\x4d\xf0\xe3\x60\x2e\x63\xfc\x32\x00\x61\x2a\x4a\x4c\x2a\xfa\xd0\xf1\x80\x80\xc7\x3c\x80\x45\x8d\x37\x8d\x33\xde\x57\xe4\x9e\x66\x3a\x90\x45\x49\x8b\x74\x7d\xdb\xee\x6c\x39\xd7\xc6\xce\x71\x82\x85\xd1\x20\x8f\x3a\xaf\xb5\x33\xcc\x34\xa1\xdf\x43\x40\xa8\x35\xf6\xc4\xcc\x0e\xd5\xa6\x0e\xa5\x9c\xc9\xc6\x80\x11\xb2\x46\xfe\x0d\x48\x3a\xf5\x91\xb1\x4a\x30\xcb\x97\x1e\x82\x23\x03\x33\xae\x1d\xcf\xca\x76\x4a\xba\x88\x64\x87\x43\x04\xf5\x6c\x52\x07\xcd\xc2\xe1\xc0\x5c\x31\x64\x25\xfc\x34\x15\x52\x09\x26\x8d\x31\x92\x51\xa2\x6a\x35\x8c\xcf\x41\xc9\x1d\x2d\x17\x32\xfc\xb8\x3e\xca\x97\xe6\x96\x8c\xcd\x15\x9a\x7e\xcd\x66\x45\xe9\x11\x5b\x9e\xa1\xb4\xbe\x97\xc0\x18\x5d\x19\x68\xcb\xf5\x20\x75\x59\xd0\x46\x25\x44\x67\x8c\x4f\x43\x36\x85\xef\xd5\x1d\x4c\x3a\xaf\x43\x1e\xf0\xc1\x38\x4d\x4f\x83\x39\x19\x55\x4b\x19\x10\x5a\x9b\x7d\x07\xf6\xc3\xd7\xb5\xd8\xd2\xc9\xe0\x39\xd6\xba\x3c\x93\x30\xe8\x88\xed\xf4\x6b\x77\x02\xc1\x9f\x5c\xdf\xb6\x5f\x0f\x87\x7e\x7a\xc8\xce\x23\x35\xb0\x4f\xdf\x1b\xe7\xd2\x28\x0a\xe5\x27\x6c\x42\xdc\xe6\x7e\x22\x56\x50\x63\x1c\xaa\x3e\x36\x90\x6d\x90\xce\xeb\xe0\x09\x83\x10\x41\x61\x8a\x49\x7e\x46\x7c\x20\xdb\xf9\x20\x55\x1b\xf3\xab\xec\x38\x85\x40\x41\x6e\xb0\xcb\x0e\x59\xc5\x5d\xe3\xed\x13\x03\x62\x4d\x6a\xa3\xa3\xe6\xe4\xba\xf6\x2b\xa1\x83\xfb\x79\xa6\x8c\x82\xa9\x47\x9d\x5e\xbe\x40\xea\x46\xc1\x10\x8b\x52\x19\xe7\x96\xef\x8d\xd2\x44\x83\x80\x64\xbd\xd8\xc0\x7c\x49\x23\xbb\x4d\xc7\x72\xc6\x42\x56\x2f\x1d\x00\x4b\x61\x5b\x9b\xab\xb6\xd9\x21\x51\x35\xdf\x42\x5b\xf3\x56\x71\x8a\x9d\x50\x13\xa0\xd6\x11\x59\x9d\x78\xa3\xd1\xcc\x90\x35\x0a\xf9\x67\x0e\x47\x0b\xe8\x38\x23\xbb\x34\xb5\x0d\x9d\xe2\xbf\x19\xe3\x61\xac\x6a\x25\x85\x5f\x31\xc1\x00\x84\x19\xb4\x3e\x9c\x6d\xf9\xea\xb8\x1a\xf7\x84\xfd\xd1\xf0\xc3\x6e\xef\xed\xa8\x1f\xf8\x48\x99\x26\x5e\xe9\xfb\x73\xe6\xda\x33\x63\x6a\x8b\xc7\x5f\x96\x56\xcc\xb7\x15\x5e\x07\x6c\x7e\xcc\xf8\x66\xaa\x03\xb6\x6a\x15\x96\xf1\x28\x43\xba\xff\x10\xcb\xa3\x5c\xc9\xf3\x20\xe1\xc8\xa8\xee\xd1\xd1\xb2\x1c\x87\xb1\x8c\xaa\x3c\x8a\xca\xaa\x32\x67\x66\x87\x70\xc7\xea\xa5\x15\x63\x73\x95\xc7\x82\x4b\x13\x6f\xb1\xa8\x57\x57\x1a\xf9\xdb\x57\xe8\x6c\x44\xbe\xa2\x69\x68\x36\x68\x70\x3f\xa3\xb9\x40\x2f\xd9\xfe\x67\x34\xee\xaa\xc6\x35\xd5\xf5\x89\x7c\x0d\xa4\x0a\xdb\x2b\x7c\x8a\xf3\x93\xbe\x7c\xa2\x9d\xea\xe3\x64\xa7\x3c\xb7\x14\x97\xa5\x14\xa4\xf8\x46\xa5\xe3\x54\x35\x15\x71\x3a\xe3\x56\x75\xb0\x86\x30\xa6\x06\x2e\x66\x34\x89\xa4\xde\xeb\xfb\x87\xc6\xbb\x65\x23\x9f\xe0\xda\x36\x74\x5a\x2f\x65\xe9\xd8\x32\x63\x2b\x7b\x8b\xdc\x23\x0d\x5f\x7f\x88\x4d\x7e\x88\x4d\xe2\x01\x86\x06\x50\xbd\x34\x86\x9f\xe3\x87\x92\x47\x68\x76\xb2\x7c\x35\x0b\x5c\xa7\x8c\xf0\x06\x6a\x69\x61\xe3\x49\xd2\x74\xd1\x1a\xdc\xa7\xc5\xaa\x35\xba\x4d\x87\x77\x38\x93\x85\x8d\xcc\x2a\x1d\x2d\xa3\xc5\x08\x6d\x3f\xe8\x0c\x38\x8a\x3d\x41\x6f\xbc\x99\x1d\x32\xab\x65\xf3\xc9\x9e\x31\x5b\x34\x16\x06\xe8\xd6\x53\x63\x6a\x4b\xc3\xb0\x1b\x1e\x94\x5b\x1e\xe1\xed\x65\x87\x30\x5b\x93\x13\x17\xa4\x7a\xb3\x9e\xc1\x50\x38\x8f\x51\xc6\x61\xc5\x92\x28\xce\x60\x92\xbe\xcd\x1d\x12\x29\xce\xa8\x20\xc6\x5c\x46\x43\x09\xbb\x23\xce\x3e\x70\xb4\x2c\x77\x43\x41\x7d\x34\x3e\x52\x1b\x4e\xd5\x27\xcb\xd7\xe6\x56\x58\x93\x67\x09\x5d\x99\xb6\x0e\x67\xf5\x6a\x16\x9c\xae\xab\x48\x37\xd6\xc4\x2e\x3d\x98\xe1\x68\x0d\xd0\x33\xb4\xe4\x89\x79\x8e\x73\x53\x2a\x08\x7d\x2a\x65\x69\x84\x78\x02\xb7\x91\x87\x76\xf7\x85\x42\xbd\xdd\x61\xff\xfd\x50\xd4\xdf\x1d\xe8\x6b\xf3\x10\x73\xa2\x48\x5f\x0c\xd2\xf4\x2c\x04\xd2\xa1\xe9\x5e\xad\x98\xe6\xd7\x31\x9e\x0e\xd5\x02\x14\x08\x30\x27\x05\xf6\x24\x9a\x10\x65\xa8\x17\xd3\x13\x2a\xab\x6a\x05\x6c\xeb\x8f\x8e\x08\xdb\x2e\xb7\xe0\x64\x6d\xa8\x0d\xc9\xaa\x40\x71\xc3\xad\x46\x3c\x67\xbf\xf0\xfc\x86\xcd\xc5\x97\x04\x4c\x65\x6d\xf8\xb3\x0d\xf8\x38\x7b\xc6\x38\xc7\x51\xec\x89\x40\x76\x21\x66\x82\x8f\x9f\xc6\x59\x7f\x38\xf6\x0b\x51\xb0\x5f\xb0\xa2\x40\x5f\x1b\xff\xcd\xa4\xe6\xe1\x14\xcd\xc4\x09\x82\xc2\x90\xdb\xde\xfb\x81\xde\x87\x24\x10\xf4\x47\xd9\x06\x4c\x70\xcb\x53\x69\x02\xf5\xca\xe3\x6a\x2e\x78\xfb\x44\x6b\xec\x78\x0a\x40\xc8\x84\xb5\xbc\x4e\x47\x86\x35\x42\xb0\x07\x20\x59\x04\xfa\x1e\x9c\xe5\x39\x4e\x2e\xf8\xd5\xc6\x7f\xd5\x72\x23\x34\x13\xa7\x2b\x43\x78\xe0\xe2\xf9\xcf\xcd\xc5\x95\x6d\x63\x6c\x85\xc8\x8e\x4a\x87\x93\x82\xd1\x82\xf6\x75\xc0\x2b\xc8\x24\x99\xb0\x5a\xdc\x43\xca\x61\x63\x44\xfa\x16\xa9\xb3\x34\x9d\x34\x96\xe2\x0a\x5e\xc5\x8a\xb9\x96\xe2\x4b\x3b\xfc\x16\x68\x93\x07\x33\x11\x5f\xaf\x37\x12\x09\xf4\xa0\x90\xce\x93\x90\xc5\x66\xb1\x2b\x40\x46\x3d\xf9\x56\xdd\x1d\xc6\xc4\x3a\x2d\x56\xd9\xf6\x03\x06\x2e\x6a\x92\x4e\x86\x3a\xd4\x86\x89\x53\xad\x72\x30\x24\xe4\x38\x98\x9f\x93\x49\x1a\x4b\xbb\x56\x61\x99\x29\x75\xca\xf7\x22\x77\x55\x98\xee\xab\x59\x9c\x36\xb4\x4d\x7e\x88\xe5\xa5\x15\xf9\x41\x1b\xe6\xd3\x69\x4e\xa2\x97\x93\xd6\x61\x8e\xc6\x77\x54\x07\xd6\x51\x6c\xc0\x23\x56\xd4\x19\xf1\x85\x03\x7d\xd1\x88\xeb\x8e\x3f\xe8\x0f\x07\x7c\x2e\xcf\xa9\x6f\x43\x7d\xfe\xe0\xdf\xc3\x51\x7c\xdb\x13\xf2\x39\xe5\x03\x36\x63\xb9\x1c\x5d\x9d\xe1\x74\x31\x3f\x0a\x86\x32\x20\x66\xd6\x95\x06\x5a\xc5\x0c\x2a\x6e\xcc\x42\xfd\xa7\x8e\x34\x73\xd6\xf8\x2a\xda\xb3\x8e\xab\x49\x98\x15\x80\xed\xc1\xa3\x0a\x0c\x5b\xac\xc1\xbd\x1d\x54\x95\xd0\xe9\x72\x5c\x8d\x73\x1a\x50\x15\xae\x44\x5d\x6a\x60\x23\x1e\x90\x66\x7b\x57\xe0\xb1\x39\xf9\xf6\xf3\x7d\xd3\x74\xf8\x2d\xcd\x24\x11\x2c\x05\xa1\x5b\x8c\xf9\x65\x11\x41\x5a\x06\xa3\xe1\x80\x55\x28\xfd\xe6\xfa\x95\x1b\xdf\x75\xde\xfc\xd2\xe1\x00\x49\xcc\xe1\x40\x1f\xf6\x6f\x2e\x5f\xb9\xf6\xef\x5f\xf2\xd0\x60\x87\x03\x33\xdf\xcc\xf2\x1a\xd2\x36\xef\x02\x94\x24\x97\x44\xf2\x1e\xd4\xc7\x7e\x56\x86\xec\x57\x22\x14\x4d\xa6\x69\xe7\xcb\xc6\x5c\x91\x3c\x22\x66\xe5\xb9\xb1\x90\x3f\x05\x00\x88\x9b\x88\x5f\x6c\x10\xd6\x07\x56\x12\x31\x3e\x84\x6f\x1d\xb3\xed\xe8\xf0\x0e\x2d\x0c\x5a\x6b\x43\x34\x3e\x57\x0f\x42\xc3\xbe\xc4\x41\x41\x80\x0d\x6b\xbc\x1e\xec\x87\xf7\x7e\x66\x89\x4f\x5a\x79\x0d\xab\x41\xeb\xb6\xb1\x98\xe1\xe1\xb8\x95\x21\xa5\x13\xa2\xf9\xb8\x1c\x1d\xcf\x06\x2c\x4f\xc8\x31\x2a\xd9\x8e\x9f\x68\xa3\xb1\x81\x4f\xf6\x15\x8f\x47\x3c\x8b\x69\x72\xaf\x36\x9c\xc2\x7a\xc8\x23\x22\x9c\xb8\xd8\x1b\x58\x2a\x11\xa6\xc9\xa5\xca\xcc\x04\x3b\xac\x0f\x66\x68\x7c\x0b\x71\x75\xc0\x98\xa8\x3d\xe2\x09\xb2\xb2\x26\x2c\x22\x98\xfc\xc7\x56\xc4\x2c\xaf\xd9\x7d\x15\xd0\x5f\x68\x88\x82\xff\xe2\x88\xa4\xe1\x39\x8e\xd9\x88\x66\x7e\x9c\x47\xb1\x02\xe9\x89\x59\xb0\x27\xaa\x32\x54\x57\xb1\x47\xce\x26\x63\x58\x95\x21\x0f\xf9\x10\x7f\x45\x04\xc5\x61\x2b\xfc\x85\x6c\x2a\x27\xd7\x09\x5f\xd5\xe6\x56\xe8\xca\x74\x03\x34\x51\x79\x4d\x2e\xe5\xcc\x92\x04\x5c\x9a\x59\x42\x71\x4a\xc2\x16\x19\x33\x4b\x38\xcf\x66\x65\x88\x3c\x22\x12\xd7\x41\xf8\x3d\x30\xa8\xb3\xde\xe3\x91\x44\x01\x85\x6b\xef\xe9\x19\x63\x62\x0d\x25\x26\xbe\x24\x0e\x07\x06\x30\x42\x44\x6c\x16\x47\x6c\x4c\xc4\x8d\xf9\x41\x26\x6c\xa6\xa7\x99\x2c\x9c\x1b\x01\xa3\x3b\x93\x42\xb0\xc3\xc4\xd3\xdf\xec\x21\x18\xdb\x8a\x5f\x91\xf6\xa3\xd8\x00\xfb\xef\x37\xfc\xbf\x1d\x9a\x53\x89\x7d\xe4\x24\x58\x57\x92\x95\xc0\x7a\x60\x89\x1b\xdf\x2a\x53\x08\xd2\x4b\x8a\x91\x01\x6b\x40\xbc\x10\x0a\x10\x76\xbf\x9c\xb4\x65\x83\xfa\x11\xd0\xbd\x9d\x53\x47\xd0\xf2\xbf\x3f\x02\xdc\x72\x92\x6e\xd8\x79\xb1\x3f\x62\x56\xe6\x78\xed\xa9\x29\x73\xfc\x0d\x0f\xeb\x2e\x4b\x4c\x3a\xb3\xbc\x86\xb5\x39\x1c\x30\x03\x2d\x1f\x99\x81\x6f\x4e\xce\x44\xbc\xa1\x06\xbd\xc4\x69\x58\x25\x5d\x75\x4d\x13\x4c\x4a\x4c\xbf\x36\x2b\x73\x2a\x67\x06\xd4\x2d\x4e\x27\x00\x8a\x57\x37\x2f\xad\x1e\x7e\x84\x37\x34\xc6\x93\x78\x61\xca\xe4\xb7\xec\x43\x60\x96\xd0\x50\x51\xaf\xac\x0a\x27\x80\x44\x6e\x42\xb7\x5c\x9d\x7e\x20\x68\x93\x3b\x88\x4b\x29\xbd\x3c\xc2\x0d\x9e\xf5\x14\xaa\x09\xf8\x91\xe3\x6a\xd6\x1a\x7d\x4f\xb7\x9e\xca\xa1\x30\x4a\x17\xa1\xd4\xdc\xc1\x95\x5f\x67\x1b\x6c\x34\xc9\x85\x70\x41\x23\xe2\x08\x3b\x0d\xc2\x0e\x58\xd2\xef\x9b\x9a\x31\x2a\x09\x66\x11\x26\x83\x87\x00\x64\x3d\x4c\x6b\x82\xd3\xf1\xb8\x9a\x80\xc0\xd8\x36\xfe\xa0\xcd\x0e\xa8\x81\xb8\x7f\x26\x5f\xb2\xc1\x1e\x8c\x0b\x27\x3c\x5a\x05\x5a\xce\xc2\x99\xdf\xfc\x55\x4b\x53\x73\xdb\xf9\xa6\x66\xfb\x11\xa8\x68\xa0\x98\x61\x3d\x3c\x33\x5f\x44\x1f\xf1\x6c\xe8\xbd\x1d\x87\xc3\x28\x0d\xd7\x72\x3b\xa8\x76\xe8\xfb\x28\xfc\xa3\x3e\x2b\x1b\x3a\xc7\x6a\x65\xe7\x3c\x3a\x93\xc1\xb4\x58\xdf\x87\x27\x62\xb0\x2d\x44\x8e\xdf\x1a\x98\xa4\x63\xeb\x9a\x76\x12\x95\xcc\xf6\x36\x2c\xed\x19\xa9\x02\x53\xa8\x90\x49\x16\x96\xcd\xc2\x8c\xed\x55\xe4\xec\x1a\x65\x17\x30\xa4\xa3\x6c\x22\x9b\x80\x48\xa9\x71\xac\x14\xe5\x61\x5c\x14\x62\x8d\xaf\xa2\x37\x8e\xa9\x56\x1c\x5e\xf1\x58\x18\x45\x1c\x0e\x6b\x20\x4b\x33\x71\x26\x6d\x54\xd3\xc8\xc8\x62\x6b\xd6\xe0\xbe\x91\xdb\xa6\xab\xfb\x32\xc6\x3c\x57\xa2\x99\x24\x3a\x6e\x14\x51\x93\x0e\xbf\xd5\xcb\x1b\x4c\xaf\xab\x0c\xd1\xe2\x9e\xf5\x76\xf9\xb8\x9a\x35\xca\x19\x14\x9e\x89\xe7\xae\x37\x72\xf7\x42\xa0\x8f\xad\x82\x99\x2b\x18\x4b\xa3\x75\x2f\x98\x50\x7e\x14\x1b\xa0\x9b\x99\xda\xf3\x03\xd1\x12\xd2\x06\x13\x53\xa6\xb6\x68\xfa\xb5\x5e\x9a\x80\xf8\xd1\x14\xcd\x08\x7f\x26\xc8\x16\x53\x5b\xe0\xe2\x4b\xd0\xe1\xf7\xb0\x5f\x26\x30\xa6\x47\x2f\x97\x8d\xa9\x2d\xc6\xbf\x87\xdf\xcb\xbe\x27\xf6\xc0\xb6\x9f\x45\xa2\xdc\xc4\x64\x00\x89\x7a\xe0\x72\x7b\xc0\x8c\xb9\x5e\x1b\x5c\x47\x47\x15\x7a\x09\xd8\xc2\xc4\x62\x34\x39\xcd\xd4\xa3\xfc\xba\x5e\xaa\xd4\x9e\x1f\xa0\x18\x42\x3c\xed\x1d\x1d\x57\xae\xdf\x84\x0f\x73\x4b\x40\x03\x72\x44\x4c\xba\x03\x1d\x75\xa6\x96\xdb\xa1\x89\x94\x59\x8d\xa1\x7a\x28\x1d\x9d\x4e\x22\x83\x6b\x04\xa6\xe5\xed\xde\x90\xef\x1e\xfb\xf4\x9d\xb5\x9c\xa4\xc9\x69\x3b\x0a\x6e\x6f\x87\xa6\x9f\x1a\x93\x7b\xfa\xde\x5b\xb9\xd4\xb6\x67\x1f\x56\xd7\xc8\xbf\x16\xee\x56\xb9\xba\x34\xb7\x60\x65\xf6\x69\x7c\x8b\xc9\x6d\x4b\x66\x65\x51\x5d\x60\x10\x03\xb9\x17\x8e\xa3\x76\xb1\x07\x8a\x26\x26\x65\x2a\xc9\x18\xea\x5b\x20\x88\x56\x63\x2c\x95\x58\xbd\xf3\x33\xec\x79\x37\xbc\x70\xe1\x54\x74\x07\xfa\xec\xbf\x71\xa1\xc1\xe0\x8f\xe2\x0a\x8f\x4f\xab\x0c\x33\xb5\xc8\xe1\x00\xa1\x18\x78\x15\x91\x98\x44\x0d\x22\x35\xee\x36\x64\x72\x75\x75\x94\x52\x18\x5d\x05\x67\x50\xd1\x48\x26\x98\xb2\x3f\xfa\xda\x5a\x4e\x1a\x89\x57\xf4\xed\x94\x8a\x76\x28\x36\x66\x2b\xa1\x8b\x65\x73\x39\x66\x6f\xcf\xe5\xa4\x5e\x42\x4f\x51\x91\x8e\xad\xcb\x6f\x14\xe9\x5b\xba\x6d\x74\x30\xfd\xd9\x66\x1d\xf4\x87\x83\x56\x55\x7b\x7e\x40\x44\x68\x56\xb7\xd7\xd7\xdb\x5d\x8f\x33\x27\xbc\x67\xdc\x1d\xea\xb9\xd2\x75\xb3\xfd\x9b\xab\x9d\x5d\xdf\x5e\xb9\xfc\xbb\x1b\x57\xae\xb6\xdf\xbc\x72\x99\x29\x16\x5a\x4b\x13\x41\x57\x6a\x5d\x5c\x27\x40\x96\x72\xa3\xca\x70\xdc\xac\xa4\xad\xc3\xd1\x93\x0d\x62\x3b\x49\x46\x12\x20\xc1\x30\xe1\xce\x73\xf9\xc6\xf7\xd7\xa1\xe6\xd6\x26\x42\x47\xcb\x6a\xb5\x02\x23\x4f\x12\x74\x4e\x3b\xdb\x44\xb8\xb6\xda\x46\x50\xc7\xc3\x31\xd6\x9e\x1f\x80\x01\x77\x18\xfb\x2f\x63\x01\xd0\xea\xc2\x28\x16\x33\xd9\xc1\x48\x90\x7f\xad\x06\x40\xd9\x67\xc3\xc7\xa0\x4c\x3f\xc5\x19\x91\x15\xd2\xe1\x1d\x35\x7e\x88\xee\xed\xa0\xfa\xcf\x31\x1d\xf9\xc1\xfc\x11\x1e\xe8\x70\x60\x46\x11\x70\x74\xcc\x2a\x8a\xd3\xd4\x20\xba\x1f\x8c\x62\xda\x5c\x7b\x76\x5c\x4d\x36\x93\x3f\x7d\x43\x2e\x92\x66\xb7\xdb\xcd\x3d\x13\xd8\x7d\xc4\x7b\x30\x52\x2f\xcc\xc2\x0c\x3b\xab\xee\xdd\x0a\x44\x5d\x11\x72\x11\xf2\x93\xc8\xff\x3d\x43\xce\x7b\x6c\x88\xc5\x5f\x07\x72\x3c\x01\xd0\x18\xff\xf6\xe6\x37\x6c\xd1\x92\x09\x33\x57\x10\x26\x71\x0e\x67\xf8\x4f\x81\x37\x9e\x00\x65\x8c\x23\x4a\x20\x56\x8e\x11\x67\xa4\x21\x91\xca\xe1\x70\x93\x8b\x44\x26\x58\x29\x99\xa0\xe7\x65\x26\xa8\x9a\x26\xa7\x69\x8c\xfc\x44\xfa\xa2\x48\x1c\x3c\x35\x1d\x0f\xd6\x8d\x75\xa5\x9a\xfe\xdf\x48\xca\xd3\x4b\x63\xd6\x72\xf2\xa2\x1b\xdc\x5f\xe3\xf0\x27\x77\x75\x2a\x03\xf9\xdf\xca\xd3\x2b\xee\x39\x1c\x0d\x5f\x40\xec\xa0\x02\x2b\x8a\x34\x07\x76\x23\x9a\x9e\xc6\xca\x8e\xab\x49\x37\xb1\xd6\x46\x10\x3e\xc8\x98\x59\xaa\xcd\x65\xe8\xca\xda\x87\xd8\x3c\x98\xfe\x99\x86\xfa\x9f\x49\xed\x2b\xee\x9d\x2c\xf3\xa9\x9e\xd4\x36\x66\x8f\xab\x39\xf4\x64\x97\x62\xfc\xdb\xca\x10\x3b\x95\xdc\x84\x9d\xa5\x53\xdb\xfa\xfe\xf3\xfa\x05\xfe\x74\x52\xa0\xcc\x08\xb4\xca\x1b\xa7\x67\x04\x2a\x7a\xe6\xf9\xa6\x16\xd2\xd0\x61\xb0\x63\x37\xce\x27\xb9\x48\x54\x05\x0e\x9d\x99\x60\xd7\x5f\x6d\x90\xfe\x65\x38\x67\x1d\x9e\x61\x7c\x85\x16\xb2\x3c\xef\x95\x08\x45\xf2\x67\x63\x21\x83\x58\xa1\xe0\x10\xca\xda\x02\x36\xd3\xf5\x3c\x4c\xd9\xf3\xe0\x26\x01\xb1\x58\x4e\x0e\xe3\x73\x75\x25\x51\xf7\xc4\xb2\x6a\x37\x1d\x0e\x94\x0c\x1c\x0e\x26\xf2\x0e\xee\x33\x82\x86\x4a\xb0\x06\xee\x1e\x86\x0d\x0e\x46\x22\xae\xca\xca\xfa\xf4\xd2\xa4\x74\xa0\x8b\x77\xd8\x2b\x54\x53\x8d\x44\x4a\xd4\xc7\x54\x1c\xf1\x12\xed\x0a\x8d\x7a\x86\x62\x97\x25\xed\x8c\x37\xd3\xb7\x0b\x1f\x62\x79\xb3\x32\xc4\x75\x99\x6f\x20\x24\x2e\x67\xcf\x67\xfa\x35\x4e\x29\x2f\xc5\x48\x93\x73\xeb\x1c\x8d\xcf\xc9\xaa\xac\xc3\x05\x1a\xdf\x52\x57\x02\xf9\xef\xc9\x75\x64\xab\x58\x19\x6a\xaf\xe3\x12\xad\x7c\xa7\x63\x27\x35\xcd\x2a\x1c\x34\x7c\x85\x1a\x57\x3b\xb9\x08\x1b\x97\x6d\x67\xc6\x64\xe5\x86\x26\x2d\x6e\x37\x3a\xf4\xd8\x18\xd4\x52\x4a\x99\x73\x6e\x31\x1d\x52\x9d\x17\x1c\x02\xcf\x05\xfe\x89\xfd\x73\x1c\x7f\x7e\x2a\x2b\x58\xb2\xa1\x66\x22\x69\x03\x37\x37\x79\xc4\xba\x48\x1e\x91\x73\x6e\xc9\x83\x68\x7a\x9a\xdc\x0f\x04\x7f\xd3\xec\x76\xff\x8e\xe0\x06\x77\x7f\x79\xb1\x99\x75\x3e\xc7\xe3\xc0\x79\x89\x16\xb7\xfb\x77\xe7\xdc\x5f\x5e\x3c\xe7\xb6\x39\x80\xda\x40\x6d\x63\x96\x20\xef\x6b\x71\xdb\xf5\x1b\xf9\x04\x71\x23\x21\x7c\x73\x5c\x4d\x30\xaa\x52\xd8\x9c\xda\x84\xf7\x27\xd9\x44\x8b\xdb\x6d\x6f\x68\xdc\xce\xc7\xd5\x78\xb3\xdb\xd5\xe2\x46\xf6\xd6\x8c\xcd\x48\x23\x9a\xba\xc7\x65\x66\x2f\xeb\x8c\x6c\x8b\x77\x8d\xb3\x66\x3a\xc0\xf8\x03\x60\xb0\x2b\x9b\xfe\x2c\x89\xfa\x08\x2d\x2c\x98\x13\x5b\xd6\xcb\x01\xf3\xc9\x1e\xe4\x44\x29\x67\x1a\x72\x0d\xdc\x96\x70\x2c\x19\x4b\x7b\xb5\xd9\x45\x1a\x9f\x21\x9e\xbb\xd1\x5b\x2a\x94\xb4\x3c\xf9\x41\xcd\x7c\x5b\xc1\xe3\x4a\x86\x41\x13\xf4\x92\xc2\xd1\x88\xd6\x6c\x87\xc3\x3a\x1c\x35\x2a\x3c\xb7\x5e\x3d\xef\x04\x56\xb0\x6c\xd5\xc3\x61\x74\x01\x8a\x57\x62\xe6\x9e\x52\xbf\x74\x9a\x8b\xca\x41\xc2\x78\x41\xab\x83\xd6\xce\x70\xed\xc5\xbc\x31\xb6\x6a\x4c\x8f\x72\x0d\x12\x99\x30\x68\x3c\xe0\xd2\x9a\xa6\xe9\x5d\x73\xf2\xad\x5d\xa5\x91\xdf\xd0\x4b\x2b\x46\xe1\x17\x34\xbc\x33\xd2\x5e\x7f\x0f\x0c\x6c\x52\xa4\x45\xe7\xd0\x43\x8b\xf2\x0e\x46\x91\x61\xe6\x07\x53\x75\xa0\x46\x14\x6a\xe8\x08\x84\xf0\x54\xca\x52\x29\x30\x0a\xe3\xe6\xd4\x9c\x4c\x61\x6e\x80\x46\xe7\x30\xbe\x88\x00\x20\xa0\x40\x4f\x80\x77\x62\x7c\xa9\x1d\xb9\x03\x81\x2d\x10\xa5\x8c\x1e\xf3\x14\x84\xcd\xf2\xa4\x2a\x87\x43\x85\x9a\x80\xb3\xd1\x98\x8a\x1b\x0b\x79\x9a\x9e\xa5\xc9\x69\x73\xf2\x2d\xaa\x24\xb5\x51\xd0\xf0\xe6\xd6\x65\x5e\x8f\x55\x38\xc0\xe0\x7f\x72\xbe\xa9\x8d\x3b\xed\xd1\x95\x02\xfd\x50\xb8\xc8\x39\x82\x26\x77\xbd\x34\x81\xdc\x9d\x11\x94\xe8\xbc\xd0\x3d\x20\xb5\xad\xc5\xc3\xb1\xa0\x21\xce\x7b\x4c\xd5\x43\xd8\xaa\x47\x7c\x77\xbb\x19\x81\x31\xd5\xdf\xd7\x1b\xe9\xee\x6f\x6d\xe1\x71\x85\x12\x34\x19\xe0\xd1\x7d\x77\xbb\x05\x6d\x70\x55\x8a\x6b\x25\xab\xc4\x13\xe9\xef\x09\x31\x02\x6f\x6a\x6a\xf2\x10\x81\x1b\xac\x06\x3c\xb0\x02\xfe\x30\xf8\xac\x36\x85\x3c\x0f\x3d\x92\x89\x0e\x2d\x75\xc9\x40\xe8\xb5\xa4\x99\x14\xbf\x77\xa1\x3e\x62\x0a\xd1\xb5\xd5\x2c\x63\x60\xe4\x71\x9e\x68\x9c\x38\xae\xe6\xac\xe2\x2e\x5d\xde\xc0\x2c\x63\x7e\x9c\x64\x87\x64\xba\xb1\x40\x54\x82\x5c\x63\x35\x72\x09\x5d\x11\x52\x64\x56\xbd\x11\xca\xdc\xb7\xd5\x41\x89\x30\xd2\x48\x26\xb8\xaa\xf1\x74\xdd\xc8\x2f\x82\x84\x0e\xbe\x7d\xbb\xd4\x87\xd8\x3c\xc2\x34\x60\x14\x04\x3f\x34\x2b\xab\x20\xf4\x67\x8d\x64\x02\x3f\x45\x9f\x10\x7f\xcb\xc1\x40\x92\xf8\x87\xb5\x33\x46\x57\xb8\xec\x61\xed\x8c\xe9\x25\xc0\x9d\x82\xcd\x46\xd3\x45\xf3\xe5\x80\xb1\xf9\x02\x8f\x2b\x2e\xc5\xab\x39\xff\x46\x3e\x46\x57\xb2\x74\xf8\xbd\x35\x30\xc9\x73\x39\xa0\x22\x63\x7a\xcf\x58\x8e\x73\x6f\x38\x18\xca\x18\x0b\x83\x62\x7c\x25\xa0\x00\x3c\x67\x5f\x39\x1c\xd8\x4f\x48\x45\x40\x25\x01\x55\x49\x36\xdb\xf1\x91\xda\xb3\x45\x17\xdd\x4a\x1b\x33\x3b\x2e\xba\xf2\x0a\x97\x02\x3f\xd0\x4b\x31\xb0\x25\x26\x25\xad\x9b\xfb\x05\x19\x17\x6e\xe4\xdf\x60\x31\xd5\x33\xa6\x76\x00\xad\x10\xa8\x79\x03\xb2\x7c\xd6\x98\x5f\x16\xb0\x0d\xb8\xf1\x15\x65\x9d\x73\x02\xf8\x06\xd0\x62\xea\x9c\x31\x71\x98\xc9\x35\xf6\xef\xe1\x38\xea\x7d\x98\x85\x21\xf4\x11\xbe\x96\x2b\x6b\x7a\x79\xc2\xe1\xa8\xcd\xc6\x81\xef\x0f\x68\x44\xea\x15\x1f\x29\x71\x8a\xe8\xf7\x1b\xa6\xf4\x7c\x79\x14\x1b\x50\x01\xd8\xec\x65\x72\x12\x6b\xed\x25\xd3\x54\x41\xec\xc7\xbe\x0a\x58\x14\xac\x86\xcb\xa9\xc0\xb1\x31\x45\x47\x99\x28\x87\x43\xf4\x81\x0e\xef\x60\x37\x20\x4e\x72\x95\xcf\x40\xea\x3d\x56\xcf\x39\x3f\x8c\x55\x36\xc5\x6d\x47\xc9\x84\x32\x3f\x7a\x65\x82\xae\xac\xd1\xf8\x16\xdd\x4a\x3b\x1c\xc6\xc4\x33\x1a\x9f\x81\x20\x86\x69\x87\xc3\x7c\xf3\x06\x17\x80\xee\xbe\xc3\x6a\xa1\x3f\x52\x97\x44\xc7\x06\xfe\xac\x0d\xee\x1b\xf9\xd7\x7c\x6c\x33\x3b\x78\x2e\xca\xfd\x40\xe3\x3b\x52\xa9\x00\x5c\x3b\x6e\xea\xe1\x1e\xf8\xf1\x55\xeb\xe5\x00\xd3\x11\xea\xe9\x9e\xc6\x77\x90\xee\x79\x1a\x69\x79\xd2\x2a\xbc\x32\x72\xdb\x7a\x69\xd5\x58\xaa\xca\x9e\x18\xe3\xab\x4c\x76\xcd\x6d\xd3\x95\x35\x26\x8e\x8b\xa1\x89\xe9\x66\x65\x38\x8a\xbc\xb2\x18\x60\xf6\x85\x64\x2e\x40\x17\x82\xa3\x1f\x43\x23\x1c\x0e\xba\xb7\x23\x53\x2b\x10\xad\x94\xae\x64\xf5\xbd\x61\x9a\x99\x60\x3b\x8f\x87\xb1\xb2\x5a\x50\xa0\xc4\x30\x4f\x2e\x32\x40\x2a\x0f\x9a\xdb\x30\x56\xdc\x7a\xb1\x81\x69\x00\x56\xe9\x05\xaa\xdf\xf6\xd1\x64\x2b\xec\xa8\xb9\x0a\xfa\x54\x39\x89\xdc\xb2\x74\x24\xa5\x97\x26\x54\x95\xd3\xd5\x20\x48\xf2\x0f\x8a\x93\xd6\xc1\x20\xe4\x42\x49\x65\x8c\xc6\xaa\xb0\x15\x84\x46\xa6\x02\xb2\xca\x42\x80\x49\xba\x0f\x0a\xab\x80\xaa\x11\xe9\xb2\x27\xcf\x30\xc6\x06\x65\x66\xec\x71\x35\x81\x67\x22\x17\x75\x95\x81\x41\x03\x4f\xcd\x89\x2d\x3c\x0c\x8d\x99\x1d\x91\xa0\x11\xf6\x46\xfd\xbd\x81\xfb\x81\x68\x53\xe4\xae\xe7\x64\x12\xa6\x46\x08\x9a\xc0\xf8\x29\xaa\x18\x56\x45\x5b\x07\x18\x48\xe7\xf3\xc8\x73\xb3\xe1\x20\x07\xce\x78\x92\x33\xf3\xbc\xaf\xf8\x88\x5e\x5a\x69\x40\x33\x11\x3c\x06\x67\x1d\x63\x9d\x00\x9d\xc3\xc5\x13\x33\x79\x5a\x2a\xbc\x66\xdb\x5c\x45\x3a\x41\x46\x2a\x90\x4e\x12\x10\xa5\xc6\x17\x87\x67\x61\x6a\x0d\x79\x94\x6a\x63\x32\x11\x0c\x69\x56\x21\xe4\x01\xb1\x87\x72\x60\xf0\xe4\x18\x03\x10\xe1\x0c\x49\xbb\x1f\xe3\xab\x8d\xe6\xa5\x53\x6e\xc4\x81\xd9\x51\x32\x65\xd9\xb9\x05\x01\x1c\x88\x3a\xc2\xe3\x0d\x04\x54\x24\x2d\x0c\xea\x95\x37\xdc\xb6\x5f\x9e\x50\x82\xd5\x73\x6c\xfb\xbf\x1c\x31\x73\x6c\x85\xb9\x0c\xbd\x3e\x4e\xcb\x69\xac\x41\x62\x93\x73\x15\x85\x27\x37\x74\x5e\x56\x31\x4c\xac\xcc\x3e\xcd\x6f\x21\xb8\x2c\x9e\xda\xe8\xce\x57\x51\x04\x3e\xc4\xe6\x85\xc3\x3e\xf1\x71\xc0\x5f\x1b\x78\xba\x41\x94\x90\x19\xbf\x75\x30\x07\x1c\xab\xbc\x0e\xf9\x40\x41\x22\x75\xda\xd5\x35\xe4\x4b\x63\x12\xb5\x5d\x29\xe6\x3c\x13\xa3\xf4\xce\x58\x7c\x8e\xf6\x3d\xf2\x88\x7c\x88\x4d\x72\xc8\xce\xfe\xe8\x5d\x48\xdc\x78\xa4\x66\x27\xda\x17\xe4\xb0\x4e\x74\xdb\x85\x14\x2c\xd4\x50\xb0\x37\x10\xf4\x37\x7e\x8b\xc2\xb1\xb0\xc7\xc6\x99\xea\xff\x5b\xdb\x80\x05\xb5\x9d\xf2\xbd\x5a\xed\xed\xdb\xa7\xd7\x3b\xae\xd6\xab\xe4\xa5\x7c\xac\x7a\xb5\x1e\x40\x70\x57\xf7\x36\x20\x73\xdb\x1b\x50\x32\x15\xc4\xe5\x92\xcd\xe0\x6e\xe7\xc2\xd8\x69\x7b\xde\x2a\x1c\x10\xb0\x87\xe2\x9c\xca\xdb\x58\x78\xf4\x83\xb8\xbf\x82\xcf\xb5\x92\x95\xf6\x08\x13\x7d\x1a\x12\xd9\xd4\xec\x1b\xa1\xeb\xa3\x5b\xbe\x32\xcc\xc3\x11\xbf\xfb\x43\x3b\x91\x96\x96\x7f\xa2\x61\x91\xa0\xf3\x88\xe7\x2a\xf1\x0b\x73\x64\xa3\x38\xa3\x76\xa3\x9f\x53\x2f\x4f\x04\x89\x44\xbd\x61\x31\xab\x0d\xc0\xbd\xf5\xe6\xf9\x38\xad\x94\xc1\x28\x6d\xf7\xfa\x53\xf5\xfa\x7f\x0a\x7c\xac\x5a\xc8\x05\x91\xd5\x1a\xe3\x23\xb5\xe7\x07\xa8\x8b\xfd\x6a\xe5\xf7\x03\x11\x1f\xa2\xb8\xd8\x5b\xf8\xb8\x1a\xff\xb7\xae\xef\xaf\x61\xda\x12\x64\x14\xd5\x6d\x92\xbb\xfe\x5e\x44\xa9\xcf\xbf\x41\x0c\x3e\x63\x7a\xd4\x58\xfe\x59\x16\x01\xa1\xfc\xab\xa6\x66\x71\x1d\x57\x35\x46\x87\xdf\x6b\x1a\x8f\x1e\x44\xf6\x86\x4e\x91\xca\xaa\x75\x30\x58\xdb\x98\xe5\x11\x43\x42\x4f\x61\x8a\xdf\xc8\x1c\xb2\x32\x73\x33\x41\x33\xc9\x0f\xb1\xbc\x5e\xa9\x18\x43\x69\xbc\x21\x01\x4b\x72\x30\x73\x10\x51\xb8\xed\xec\x74\xcc\x5d\x6e\xd8\xe7\xa9\x41\x32\xb2\xf2\x14\xc6\x0a\xba\xb0\x9d\xdd\x8f\xd9\x8d\xf2\x7a\x9b\x53\xb2\xfb\xb9\x21\x6e\xb9\xd0\x00\x39\xc0\x83\x8a\x4f\xc4\x96\x8b\x23\xf1\x53\x60\x03\x84\xee\xed\xa0\x3e\x2b\xf1\xe5\x58\x1b\x50\x2f\x26\x94\x31\x32\x05\xaf\x16\x9b\xa9\xdc\x82\x18\x99\xd4\x88\xbe\x6a\x6a\xe1\xda\x20\x72\x3e\x0c\xbe\x14\x4b\x80\xee\x57\x84\x31\x34\x72\x87\x46\xea\x05\x3f\x4a\x52\x4b\xfa\x7e\xca\x7c\xf3\x52\x98\xc3\xc5\x6f\xb8\xe9\x61\x43\xdf\x3b\xc1\xcf\x19\x35\x74\x77\x77\x5e\xbb\x79\xe5\xc6\xb5\xf6\xab\xdd\xed\xd7\x3b\xbb\xbb\x3d\xf5\x00\xd3\x32\x78\xf4\x23\x37\x92\xd9\xd8\xea\xdd\xdd\x3f\x7e\x7f\xe3\x4f\x9d\xd7\xfe\xd8\x7d\xb9\xf3\x06\xd6\xa3\x7a\x7a\x1a\xee\x09\x33\xf2\x1b\x74\xeb\x80\x96\x5e\x12\x8f\xab\xa1\x9a\xae\x2b\x37\xfe\x72\xe5\x46\x77\xe7\x65\xac\xa4\xf1\x42\xb2\xce\xcb\xa7\x94\x65\x43\xf8\x43\x7b\xc7\x95\x86\x4f\x54\x95\x56\xd1\x67\x15\x4b\xd2\x57\x4d\xad\x32\x14\x56\xaf\xc2\x6d\x0d\xd9\xa1\xfa\x90\xd7\x38\x42\xed\x80\x12\xaa\x04\x8f\xe1\xeb\x53\xa6\x14\x0f\x9c\xba\xc3\xc8\xd3\x1f\x61\x73\x77\x1f\x55\x7f\x01\xa9\x8b\x26\x82\xd0\xfd\xfb\xa1\x60\xb7\x7c\xd9\x1f\x14\x79\x0b\xdc\x85\xa9\x3e\x68\x6b\x28\x02\xc8\xf7\x78\x81\x18\x9c\x54\xa7\x1f\x67\x27\xdb\x50\x7b\xf3\x91\xc8\x5f\x78\xd7\xd0\x95\xc6\x8e\x9c\xd6\x8d\xf1\xba\x6e\xd4\x1d\x7f\x7a\x69\xcc\x3a\xdc\xd2\xf7\xc6\x31\x7c\xd9\xc8\x27\x88\xe7\xd6\xc3\xa8\x1f\x92\xee\xfc\x81\x07\x7e\x9c\x11\x7c\x14\xf1\x07\xa3\xd8\x48\xe0\xbe\xbf\xbb\xa7\x3f\xec\x8d\x8a\x2b\x25\x2e\x11\x89\xed\x28\xf3\xe5\xf2\xeb\x18\xdf\x6a\x6e\x14\xcd\x27\x7b\x62\x9b\xd6\x4d\x26\x93\x80\x79\x7a\x79\xa2\x6e\x30\x1e\x34\x17\xa2\xad\x17\xf3\x9d\xf9\xe6\xc7\xe0\x56\xa8\xd2\x98\x64\xb5\x62\x58\x3e\x44\xe3\x3b\x30\x3c\x5a\x50\x49\x12\xef\xc0\xd2\xcb\xcf\x8c\xe9\x55\xbc\x1f\x47\xbd\x82\x8f\x78\x6e\x5c\x69\xbf\xda\xdd\x71\xb5\xf3\xca\xb5\x9b\xdd\xed\x97\x2f\xdf\xf0\x10\xbc\xc9\x52\x22\x4a\xf2\xd8\xcc\x32\xf1\x04\xfa\xc4\x9d\x06\x49\x1e\x62\x5f\x26\x9e\xbf\x06\xfa\xfe\x86\x8f\x15\x3e\x71\x96\x9c\x14\xdf\x08\x3b\x13\x88\xb0\x86\xd7\xc1\xf6\xf2\xa3\xa8\x37\x74\xe7\xcc\x05\x72\x46\x41\xf1\xe0\x70\xbb\x10\xc5\x2a\x5e\x0b\x74\x0e\x7c\x27\xdc\xbc\x7d\xde\xe8\x5d\xc0\xd4\x8d\xdc\x0a\x04\x05\xa8\xae\x40\xbe\x0d\x7a\xef\xf8\xef\xb3\x85\x8f\x84\x7c\xf7\x10\xb0\xd7\x7e\xd8\xc4\x1e\x72\x2c\x5d\x6f\xf7\xed\x40\x2f\x07\x8d\xbe\xc0\x7e\x37\xf9\xc2\x51\x81\xf9\x0b\x7d\xf4\xf9\xc3\xd1\xfa\x42\x42\x7a\x6c\x28\x78\xcf\xff\xf0\xd4\x72\xf7\xfc\x0f\xb1\x5c\xcf\xdd\xfa\xf7\x3d\x77\x5b\xdc\x67\xcf\x37\xf5\xf9\xef\xe3\xfb\x68\x43\x67\x10\xc7\x8b\x77\xd4\xd7\x23\x40\x84\x7d\x3e\x8e\x81\x1d\xe8\xeb\xab\xff\x20\xd0\xd7\xd7\x14\xfd\x49\xf4\x2a\xea\x8d\xf6\x47\xea\x0b\x08\xe8\x61\x7c\xa7\xcc\x37\x1f\x2a\xee\xbf\x53\x07\x1b\x0a\xde\xae\x83\x1f\xc6\x8d\xdd\xcd\x57\x4a\x94\x3e\x21\x85\xd6\x7f\x83\xbb\xf0\xa3\x1f\xc9\x4d\x5a\xf7\x15\x5b\xfe\x13\x9f\x70\x9e\xc6\xbb\x7f\xd7\xdf\xdb\x6b\x13\x84\xb8\xc0\xe5\x8c\x00\x1f\x46\x12\x3d\x77\xba\x8a\x80\xf4\x69\x83\x9e\x78\x04\xc8\x34\xfb\xa9\xfd\xe3\x1f\x81\xdb\xa4\xa9\x0b\x26\xa1\x03\x0f\xe0\xab\x21\x9f\xb7\xf7\xf1\xe3\x5e\xf6\x1f\xf2\x8f\x7f\x9c\xfa\xf2\x1f\xff\xf0\xf7\x46\xfc\x8f\x1f\xff\x37\x2c\xc5\x43\x6c\xfe\xf1\x0f\x7f\xb0\xe7\xf1\x63\x8d\x6d\x9e\x13\x5f\x5e\x0f\x85\xa3\xec\x5d\x38\x14\x0d\x9d\x7c\xc9\x9e\x3e\x7e\xac\xf5\xf8\x1f\x9c\x78\x77\xd9\xff\xe0\xf1\x63\xcd\xe7\x65\x2f\x7e\xc4\x94\xc8\xcb\x81\x30\xeb\x43\xd3\x77\x81\x88\x8f\x97\xea\x68\xff\x43\xa0\xd7\x7f\xcd\x7b\xdf\xcf\x0a\xfb\xb1\x03\x1f\x2f\xce\x5b\xf0\x87\xa3\xca\x67\xf7\xfc\x0f\x3f\xe7\xab\x3f\xf9\x1f\x2a\x1f\xf5\xdc\xfd\xf4\x37\x97\xbf\x55\x0b\x2b\x88\x86\x27\x07\xea\x8d\x7a\x3b\xe0\xdd\xe3\xc7\x1a\xd2\xe5\x89\x32\xfc\x47\xe7\xe5\x1b\x8f\x1f\x6b\xd1\x50\x5f\xa8\x37\x74\xe7\xe1\x89\x52\x37\xf9\x8b\xc7\x8f\x35\x9b\x2d\x7c\xba\x9b\xdf\xc9\x72\x5d\xc0\x52\x1e\x3f\x26\xfd\xc1\xc0\x4f\x9a\x84\x6c\x3c\xd1\xc8\x9f\xc4\x1b\xd6\x93\xde\x88\x93\x91\xec\xa7\xdb\xb8\xa9\xac\x11\x71\x6b\x48\xf3\xce\x88\xdf\xd7\x1f\x0e\x44\x1f\x92\x56\x8d\x55\x81\x97\x05\xb1\xa3\xdb\xf9\xc0\x1f\x0e\xdc\xfe\x95\x25\xe9\x80\x4d\xd4\xde\x1f\xbd\xdb\x05\xd5\xf1\xda\x1f\x04\xbc\x4e\x7f\xf0\x81\xd6\xe7\x0f\x47\x02\x11\xc0\x31\x97\x7f\x47\xfb\x83\x1a\x72\x88\x5f\x59\x6d\x28\xa3\xac\x5e\x6f\xe8\x8e\xd3\xdb\xd7\xe7\x0f\xf6\x7c\x0e\x99\x5c\x0d\xdd\x79\xfc\x58\x7b\xe0\x0f\xdf\x22\xad\x5a\x9d\xfe\xed\xec\x09\x84\x7f\x65\x54\x1d\x97\xe1\xa9\xf8\xae\x27\x10\xf1\x85\x82\x41\xbf\xef\x57\x56\x11\x67\xe3\x7b\x64\x34\xea\x84\x28\x1d\xf8\xec\x5a\x82\x27\x2a\x69\x24\x81\xef\xa3\x77\xc5\xdf\x8f\x1f\x8b\x1b\x99\x90\xed\xf0\x1c\xe2\x3f\x86\xf8\x6f\xab\xb8\x09\xf7\xc2\x25\x69\xba\x88\xd9\x7b\x0d\x3a\x85\x5e\xda\xe4\x51\x5d\x70\x8f\x12\x86\x3a\x94\x52\xc6\xe8\x13\x9e\x46\xcb\x2f\xab\x31\x26\xf7\x6a\x93\x73\x7a\x35\xcb\x33\xd3\x10\x2c\x00\x82\xb2\x51\x6d\xac\x33\x14\x7d\xf2\x9e\x64\x0e\xb3\xc1\x4d\x43\x0a\xa6\x26\xba\xdf\xa1\xf3\x00\x76\x49\xcb\xcf\x39\xf6\x64\x47\x3b\xd1\x4b\x13\xf6\xa5\xc4\x0d\x80\x72\xc7\xd5\x38\xf4\x9a\x5f\xe0\xc9\xce\xa3\x48\xa4\x17\xfa\x5d\x8b\x3d\xa1\x99\x38\x11\x57\x88\x9a\x9b\x09\x94\x7e\x51\x08\xd2\x38\x0c\x70\xb1\xca\x54\x8e\xdd\x77\x46\x3e\x21\x6a\x4c\xaa\xa6\xb2\x53\xc1\xee\x10\x70\x42\xdf\x5f\x32\x72\xdb\xfa\xde\x92\x31\x58\xe4\xb1\x80\xdc\x60\xce\x7d\x24\x6c\x48\xac\xf9\xae\xae\xab\x04\x33\x9c\x39\xec\x50\x66\x02\x31\x46\xb9\x07\xaf\xd9\xdd\x74\x4e\x0d\xa4\x6b\x76\x33\x1d\xf5\xc4\x24\x69\x1a\xeb\x6a\xfa\xe7\xe3\x6a\x56\x05\xb9\x3f\x8a\x25\xd5\x52\x47\xb1\x94\x8c\xcd\x92\x73\x88\x36\x62\x0e\xa7\xce\x74\x06\xbd\x34\x21\x56\xa9\x82\x57\x4d\x77\x80\x28\x4d\x18\xe1\x61\xcc\x83\x59\x19\x25\xdf\xcb\x3f\x39\x70\xf4\xf7\x7f\x3e\x8a\x0d\xd0\xdc\x3e\x2d\xec\x90\x0e\x40\x70\x1b\x70\xd1\xdd\x05\xd2\x75\x93\x3d\x5f\x9c\xa0\xa5\x27\x04\xae\x5e\x7e\x52\x30\x0b\x6f\x89\xff\xbe\x37\xd0\xdb\xde\xd3\x13\xf6\x47\x22\x1c\xaf\x1a\xb2\xe9\xc1\xf5\x85\xd1\xb7\x00\xa6\x0a\x38\x4c\x22\x66\x39\x7e\xa3\xab\xdd\x75\xa5\xe3\x72\x57\x3b\x8f\x5d\x80\x51\x58\xa3\xaf\xf1\xfa\x23\xd2\xd1\xae\x22\x11\x0e\xaf\x8a\xf1\x71\xdc\x56\x09\xf7\xca\x3e\x05\x70\x57\x80\x53\xc6\xfc\x3e\x0c\x57\xc1\xc7\x4c\xd8\xed\x68\x27\xfc\xae\xdb\xcd\x03\x70\xae\x6c\xe1\xb7\x18\x87\x61\x03\x59\x8b\xa7\x6c\xc5\x20\x84\x50\x2f\x27\xcd\xf2\x9a\x0d\xab\xf4\x2c\x4e\x8b\x7b\xc6\x62\x46\x2f\xbd\x26\x1d\xed\x3c\x68\x06\xa2\x64\xa1\x62\xd1\xa3\xac\xf9\x64\xef\x28\x96\x54\x1f\x1e\xc5\x52\x28\x94\xd3\xea\x9e\xf9\x7a\x46\x2f\x6d\x9a\x93\xeb\x34\x35\x85\x30\x06\x2a\x88\x2c\x4e\x10\xa6\x9f\x2a\x29\xb6\xa2\x6f\xc4\xa5\x42\x7d\xd6\x3d\x35\xf2\xaf\x11\x05\xcf\xe1\x80\x4b\x15\x20\x22\x13\x22\x10\xd1\x1f\x37\x32\xc7\x55\x18\xa0\x06\xc4\x88\x86\x9b\xe1\x1b\x57\x07\xf6\xa2\x5c\x41\x0e\x24\xe2\x24\xb8\x10\x72\x90\x0e\x07\xe2\x43\x98\x93\x6f\xad\x22\x5b\x1f\x3e\x0b\x98\x3c\x89\x89\xb3\x3c\xe5\x27\x87\x29\xfa\x95\x55\xc8\xec\xb7\x6b\x41\x88\x0d\x5a\x7a\x89\x6b\x85\x37\xf8\x28\xb3\xe0\x70\x70\xac\x23\x48\xc2\x84\xd7\xd0\x13\xc4\x63\x93\xe0\xff\xe8\x19\xe3\xb7\x51\x61\x55\x12\x20\x52\xc2\xf7\x29\xd5\xb2\xf1\x41\x78\x2b\x1f\x34\xbf\x5c\x33\x7e\xe5\x4f\x7f\x16\x78\xa9\x6a\x71\x23\x69\x83\xd2\x78\x9c\x4e\xd4\x31\x9d\x4c\x1a\x72\x46\x7b\x23\x04\xcf\x80\x47\x28\x5a\x78\x44\x10\x18\xe4\xa5\x02\xba\x6f\xcb\x79\x37\x11\x1e\xc8\x32\x80\xa3\xb2\xa5\x05\x23\xe2\x06\xc1\xaf\x00\xc9\xd7\x9c\x5c\xaf\xc5\x26\xf5\x52\xf9\x94\x55\xc7\x0b\xd8\xd9\x07\x3e\x79\x32\xab\x1f\x9c\x20\x08\xc6\xfc\x08\x91\x17\x1b\x43\x08\xf8\x86\x11\x9f\xae\x0d\xee\xd3\xcc\x06\x8d\xcf\x89\xbc\xd6\x72\x1d\xdd\x1c\xc5\x9e\xf0\x3d\x32\xb3\xa3\x06\x61\x72\x36\x52\x19\xe6\x10\xb0\x76\xb7\xeb\x00\x51\x1a\x4a\xd9\x7d\xc5\xee\xc8\x86\x78\xe6\x36\x94\xe2\xd9\x43\x27\xd6\xe3\x28\xf6\x04\x49\xc5\x98\xd9\x41\x32\x36\x92\x09\x24\x60\xee\xb4\x53\x48\x03\x17\x4a\x20\x87\xce\x58\xcb\xeb\x70\xf9\xd1\x24\xcd\x2d\x98\x85\x98\xf5\x72\x40\x40\x89\xc5\x71\x26\xea\x68\xc5\xc8\xbf\xd1\xf7\x9f\x8b\x40\x01\x46\x53\xb8\x49\x11\x8a\x0c\x77\x0b\xdb\x27\x2f\x06\xd8\x76\x8e\x31\x8a\xa3\xe5\x34\x8d\xcf\xd0\xf4\x2e\x20\x00\x2e\x1a\x53\x71\x17\xa2\x78\x49\xe0\x4a\x8d\x10\x84\xae\x40\x57\xb0\x84\xc5\xc3\x5b\x30\x40\xe1\x06\xcf\xb1\xf0\x66\xd0\xfd\x17\x10\x83\x80\x9c\xdb\xd9\x71\xcd\x29\x3f\x6f\x62\xa4\x06\x16\x0c\xa6\xd9\xf1\x70\x8b\x7a\x6e\x9a\xbd\xc1\xf8\x68\x9c\x69\x86\xae\x56\xf7\xef\x5b\x5c\x67\xdd\x5f\xb5\xf1\x5c\x10\xce\x64\xe3\xd7\x9d\x2d\xe7\xda\x5c\xd7\x9d\xad\xe7\xcf\xba\xae\x3b\xcf\xb5\x34\x37\x60\xad\x0a\x27\x52\x16\x4e\xe3\x71\xbd\x92\x32\xf2\x09\xba\x99\xc1\xb9\x42\xaf\xad\x35\xb8\x8f\x85\x31\x65\xcc\x36\x6e\x01\x50\x36\x00\x47\xe0\x79\x63\x97\xac\xdf\x80\x08\x77\xaf\x20\x60\x22\xdf\x77\xe1\x52\xbb\x90\xf8\xb8\x13\x8d\x3b\xce\x5d\xbc\xf2\xcd\x04\x7e\x8c\x50\x4d\x56\x61\x8b\x0e\xaf\x36\x1c\x8b\x18\xac\xa8\x34\x81\x6c\x97\xed\x04\xf8\x89\x21\x00\xa2\x00\xa0\xc4\x81\x2d\xd7\x2a\xae\xe2\x43\x33\x3b\xc4\x4d\xec\xc2\xa4\x0f\x6b\xb7\x67\x6e\x14\xd1\x94\x28\xb1\x4d\x55\x79\xc5\xdc\x4c\x20\x7d\xa1\xdb\x1a\x32\x61\xcc\x57\x65\xde\x66\x66\x42\x26\xcb\x20\x8c\x36\x7a\xcd\x8f\x62\x49\xb5\xd8\x51\x2c\x85\xe1\x25\x28\x8e\x2d\x8d\x1a\xb3\x13\xc6\x6c\xd1\xda\x1a\xe0\x28\xc5\x87\xa3\xa2\xa0\x2d\x40\xb4\xc0\x55\x16\x36\x12\xef\x26\x4e\x15\xf6\x10\xf0\x1c\x58\x2b\x0d\x37\xdf\x20\x10\x91\xe2\xb3\x94\x05\x8e\x62\x29\xbd\xb4\x09\x9e\x61\x79\xbe\xf2\x3b\x26\x4e\x70\xa4\xd3\x9e\x0a\x2e\x4e\xf4\x52\x42\x2f\xbd\x96\x77\x5a\x40\x70\xdb\x49\xe0\x75\x82\x48\xdf\xc7\xd5\x9c\x11\x9f\xd6\x9c\x04\x4f\xcd\x53\x81\xd8\x71\x1d\xf5\xca\x04\xdf\xdc\x4c\xaa\x7d\x5a\x8b\x25\xc0\x14\x5b\xd7\x07\x14\x03\x20\x37\xa7\xe1\x0d\x04\x6c\x49\x4e\x27\xe1\x53\x65\xa0\xbc\x5e\xcd\x1a\x63\x63\x7c\x06\x79\x6c\x6c\x19\x43\x86\x58\x6f\x79\x2c\xa9\x84\x77\x57\xee\xc8\x69\x00\x68\x47\x71\xbc\x16\x4b\x90\xfa\xfd\x48\xf4\x7d\x26\xb5\x71\x19\xfe\xe3\xc8\xef\x71\x46\x4f\x95\x5d\xb8\x6a\x92\xbd\xd2\x3c\x5c\xe2\x25\x3d\x77\xfb\xbc\x61\xef\x7d\xc4\x5d\x87\x60\x45\xf3\x60\x85\xcb\x4f\x0b\x6f\x6a\x33\xdb\x12\xf1\x4d\x2f\x71\xdc\x86\xda\xd4\x21\xf2\x24\x74\xbd\x1f\x57\x73\x28\x07\xd3\x58\x15\xd3\x31\x30\x94\x81\x6e\x8d\xa0\x7b\x96\x0f\x53\xe0\xcb\x2b\xa3\xfc\x14\x66\xfc\x09\x74\x45\x51\xd0\xe9\xbc\xe3\x0f\xde\xf3\x3f\x24\xfc\xba\x4b\x48\x16\xaa\xd2\xc2\x1e\x42\x14\x69\x1e\x59\xc0\xe9\x94\x45\x12\x58\xbd\x4a\xe9\xad\xa7\xbb\x56\x3f\x42\xe3\x47\xb1\x14\x12\xd3\x47\x04\xfb\x94\x84\x62\xab\xc7\xb2\x66\xe7\x83\xd8\xab\xb4\xf4\x52\xcd\xf6\xd0\x4b\x63\xc6\x9b\x65\x74\x6d\xcb\x48\x4a\xbd\x34\x21\xd0\x6f\x13\x3c\xf7\x84\x4b\x53\x27\x14\x98\x06\x99\x94\x33\x91\xbd\x45\x04\x03\x01\xa4\xb5\x24\x4d\xbf\x36\x66\x8b\x78\x42\x11\xcf\xd7\xf7\xfc\x0f\x2f\x79\x08\xc4\xe5\x25\x44\xfe\x09\x88\x71\x36\xdb\x6d\xec\x45\x12\x97\x0a\x6b\xc4\x75\x91\xb7\xb9\x23\xd8\xa8\x82\xbd\x8d\x00\x1e\xe8\xa2\x9e\xd9\x51\xa1\x88\x41\x98\xcb\x0e\x71\x30\x24\x88\x83\x30\xd7\x52\x98\x04\xc5\xf7\x73\x5d\x59\x24\x69\x08\x87\xb1\x77\xee\x87\xd8\x3c\x4e\x86\x9a\x73\x21\x98\xe7\xb8\x31\x9e\x60\x27\xe8\x68\x19\xc2\x13\x6c\xe9\x51\xf5\xe9\x2a\x9c\x96\xef\x5b\xdc\xb5\xb6\x90\x93\x3b\xd1\x93\x52\x99\x03\xc4\xc2\x4c\x31\x19\x66\x72\x0f\xa5\x1c\xe5\x7e\x8b\x93\x2d\xd8\x02\x28\xb7\x84\xd3\x79\x40\xb4\xe4\x60\x27\x71\x4e\x48\x70\x2b\x27\x3b\x30\x96\x57\xe9\xf0\xba\x7a\x0b\xb1\x50\xed\x8c\xcd\x15\xba\x32\xcd\x16\x13\xbe\x60\x62\x44\xfa\x67\x23\x9d\xd1\x0f\x72\x47\xb1\xa4\x8a\xd2\x3f\x37\x44\xc7\x96\x04\xae\xfa\x51\x2c\x45\x57\xb2\xac\x66\x7e\x01\x07\x46\x24\x2a\x17\x1e\x80\x37\xe1\xd4\x0b\x02\x78\xc8\xa2\x86\xec\x14\x02\x96\xe4\x7d\x0d\xd8\x0b\xde\x51\x70\x5a\xa1\x78\xbe\xb7\xa3\x1e\x60\xf2\x6c\x43\x3a\xd2\x4b\x31\xeb\x97\x5d\x87\x43\x25\x09\xbe\x0b\x80\xfe\xf9\x34\x8d\x1b\x6f\x96\xb1\x7e\xbe\x63\x72\x0b\x74\x79\x83\xcd\x02\x5a\x23\xe8\xf0\x0e\x63\xd4\x10\x01\x43\x3c\x8d\x62\xb3\x90\x97\x11\x25\x13\xdb\x51\x6e\x26\x38\x45\x34\x66\xbc\x4b\x39\xee\xcc\xec\x10\xdb\xe1\x8a\xf7\x00\xcf\x2f\xed\x63\x2d\xa2\x38\x0a\xe0\x8c\xd8\xe8\x89\xeb\x10\x4e\x11\xaf\xa5\xd3\xdd\xc6\x7b\x07\xb1\x15\x11\xd9\xf4\xc3\x79\xab\x38\x60\xcc\xac\xf1\x1a\x80\xb5\x49\x6c\x9c\xfa\xdd\xf9\x9f\x9f\x4f\x4e\x7c\xb0\xbc\x0a\xf2\x67\x43\xf4\x09\x46\x95\x30\x42\xc0\xed\x48\x47\x86\xad\x81\x49\xe2\xf9\xda\xe7\xbd\xe4\xfa\x9a\xcd\xc2\x25\x17\xf0\x14\xd7\xd7\xc2\xb0\x08\xd9\x6e\x34\x35\xc5\xa5\x50\x40\x5d\x42\x49\x0c\xab\x38\xae\xe6\xf0\x14\x61\x1d\x2a\x64\xf5\xbd\x04\x13\xc6\x3f\x6e\x6a\xc2\xb0\x69\x26\x4d\x81\x75\x4a\x65\xe0\x67\x6d\x06\x4e\x80\xfd\xb0\x63\xd4\x8a\x0d\x62\x49\xdb\x74\x8e\x83\x02\x93\x75\xb4\x3f\xc8\x0d\xdb\xfd\x3d\x7d\x1a\xae\x26\x51\x92\x02\xaf\x5f\x22\x5f\xe3\xd4\x5e\xd2\xc2\xfe\x48\xa8\xf7\x81\x13\x40\xb9\x48\x20\x78\x3b\x10\x0c\x44\xfd\x5a\x30\x74\x2b\x10\xec\xf9\xa8\xb9\xb2\xde\x30\x2a\x8c\x8a\x9a\xb2\xe9\x34\x8d\xcd\x9e\xe6\x64\xff\x7c\x73\xe5\x8f\x9d\xd7\x48\xc7\x95\x1b\x37\x3b\xff\xd0\xd9\xd1\x7e\xf3\x0a\x3c\xd5\x8e\xab\x71\x29\x2c\x09\x81\x26\x81\x5f\x5c\xb9\x76\xf9\x64\xf9\xaf\x5d\xac\x46\x5c\x8f\x5f\xab\xb8\x91\x40\x3f\xaf\x7a\xa8\x19\x56\x5a\xad\xff\xfa\x8d\xce\xbf\xb4\xdf\xbc\x42\xfe\x74\xe5\xdf\x4f\xd6\xcf\x4d\x28\x27\xeb\x3f\xf1\xd5\xd7\x2e\xa8\xd8\x26\x21\xb5\x0d\xa1\x25\x77\x45\xbd\xd1\x80\x8f\xb0\x63\xfd\x2f\xcd\xb2\x35\x94\x16\xc8\x29\xad\x7c\xe2\xbb\xaf\x5d\x76\x4b\xf7\xfc\x0f\x9d\xc8\xff\x02\xa1\x20\x69\xe6\x77\x44\x12\xbe\x5e\x28\x6e\xf2\x68\x31\xc2\x04\x03\x63\x31\xa3\x97\x73\x98\xa6\x8f\xd0\xb4\x66\x62\x8f\xc6\x37\x8c\xd9\xa2\xb9\x56\xa1\x63\xeb\x12\x95\xeb\x7e\xb4\x1f\x0f\xe8\xe6\x73\x6e\xb7\xcc\x8f\x47\x80\x81\xe6\xb3\xf0\x88\x31\x34\x0c\xde\x84\x7b\xa8\xb8\x14\xf2\x2c\xd9\xdf\xd3\x47\x02\x7d\x0f\xce\xe2\xe9\x88\xcd\x60\x84\x07\xdf\x3a\xe0\xcc\xc5\x3e\xea\xa5\xf2\xfd\x68\xbf\xf3\xab\x16\x7d\x6f\x91\x6e\xbd\x35\x66\x8b\xcd\xad\x98\x80\x42\x20\xd7\x5c\x4d\xf9\x23\x1a\xde\x5e\x6a\xcc\xaf\x5a\xc5\x6d\x10\xca\xa3\xbe\x3e\x36\x58\xbd\x54\x36\x13\xaf\xcc\xcc\x08\x76\x1f\x6b\xc4\xc4\x34\x36\xee\x4f\x75\xb2\x96\x5d\xab\x0d\x3c\x17\x73\x51\x57\x07\xe1\xe3\xc4\x2c\x8c\x68\x7f\x10\x83\x4d\xe0\x4d\xeb\xd9\xf3\xc7\xd5\x24\x8c\x12\xf2\x38\xe8\xb3\x64\xd4\xd7\x47\x57\xb6\x6b\x83\xeb\x34\x33\x44\x53\x4b\xe6\xe4\x7a\x8b\x5b\x64\x7d\x26\x8d\x44\x4c\xaf\xac\xda\xdd\x65\x15\x38\x5b\xdc\xce\x16\xf7\x45\xb6\xab\x70\xc0\x4e\x7e\x09\xb5\x3a\x4d\xc7\xd5\x45\x42\x34\x63\x62\xdd\x4a\x65\xd4\x1b\x88\x79\x82\xa3\x48\x64\xc7\xd9\x54\xc3\xd4\xeb\x0e\x86\x8d\x22\xfa\xa6\xc5\x57\x31\xbd\xf4\x1a\xa3\x5e\xe9\x56\x5a\x7e\x8e\xbd\xb0\xb3\x27\xf1\xfa\xb7\xb1\xa5\xa8\xaf\xcf\x48\x2f\x1b\x89\x71\x94\x9b\x21\x6b\xfa\x79\xed\x75\x52\x2f\x8d\xe1\x9a\x21\x74\xbe\xb9\xff\xb4\xb6\xfc\x8b\x59\x7d\x6e\x0c\xbf\x50\x19\xdd\x39\xf2\x31\x8b\x30\x46\xc6\x83\xd6\x92\xd0\x34\xfa\xf2\x89\xb1\x90\xd7\xf7\x97\xf4\x52\xca\x18\x7c\x8f\x0c\x57\x35\x9d\x4b\x29\x51\x58\xcf\xed\xd1\x2a\x2d\xb8\x64\x0c\x01\x8f\x4d\x52\xdb\x03\xe8\xf2\xb1\x31\x7e\x72\x80\xe2\x45\xe3\x5b\xf6\x19\x64\x2b\x68\x02\xad\xfb\x0b\x88\x03\xb1\xef\xb0\x62\x5b\xb0\x41\xfb\x20\xce\x50\x7f\x94\x34\xb9\x6c\x47\x34\xe8\x39\x1a\xff\x56\xde\x4c\x85\x16\x0a\x59\x43\x9d\x36\x20\x3d\x5b\x4d\x2e\xe4\x0a\xe2\x6b\x26\x07\x02\x2f\x92\xb6\xeb\xba\x2e\xdc\xf1\x07\xc3\x11\xaf\xe8\x81\x0f\x19\x0a\xb4\x2e\x4a\x84\xfd\xff\x41\x9c\x41\xff\xdf\x89\x13\x61\x4f\x09\xe3\xfa\x76\x59\xfb\x4b\x5f\x24\x4c\x9c\x91\xfe\x5b\xff\x8b\x9c\x71\x75\x5c\xec\xb8\xe6\xea\xb8\x76\x91\x43\x14\xfa\xbc\x67\x64\x7d\x3f\x9d\x73\x7f\x45\x9c\x50\x6b\x8f\xf7\x61\x84\xb4\xb6\x9d\x73\xbb\xed\xca\x23\x81\x3b\xc1\xfa\x06\x02\x41\xa5\x7e\xbb\xb5\x70\x54\x0c\xd1\xa6\xd3\xcf\x1e\xa8\x1d\x13\xf0\x79\x83\x55\xca\xd7\xd7\xc0\x3a\xf5\x3f\x35\x52\x3f\xf0\xae\x9b\x17\xff\x2d\xe0\x0d\xde\xe9\xea\x77\x5d\xbd\x78\xcd\x1b\xfc\xb7\x40\xf0\x8e\x3a\x1b\xfe\x70\xd4\xa5\xda\xf8\xf9\x8b\xff\xee\xff\xc9\x7b\xbf\xaf\xd7\xdf\xe4\x0b\xdd\xff\xec\xf9\xea\x68\x97\xf3\xc1\x7e\xd4\x4f\x5d\x47\xbb\x2f\xec\xf7\x46\xfd\x11\x7f\x38\xe0\xed\xc5\x8e\xc2\x74\x2a\xbd\x6f\x18\x8f\x3d\xad\x0d\x67\x99\x9c\x56\xbe\xeb\x20\x5b\x8c\x7b\x66\xe0\x26\xcb\xe3\x6a\xe2\x53\xa4\x05\x62\x48\xf3\x3f\x41\x5f\xca\x07\x0d\x75\x7c\x6c\xd2\xbb\xee\x7a\x83\x77\xee\x7a\x03\xae\xab\x17\xaf\xf7\x5f\x0e\xe1\xa4\xf3\x8f\x4e\x99\x75\xfe\xe6\xff\xc5\x69\x57\x07\xd0\x38\xa6\x70\x14\x8f\x5f\xc4\x49\x87\x9a\x31\x31\x4c\x2e\x8c\xfa\x13\xed\x96\x03\x1e\x9b\x67\x60\x70\x14\xf4\x00\xcd\x19\xc0\xa3\x78\x66\xf6\xf2\x06\x1d\xb6\xb3\x69\x91\x3f\xb3\x32\x10\xbe\x24\xb8\x56\x52\x13\x30\xa1\x13\x27\xdd\x68\xdc\x84\x02\x4c\x55\xe5\xce\x6d\x6a\x14\xf3\x73\xfa\x76\xa1\xe1\xb2\x34\x11\x77\x74\x2a\x14\x6a\x3d\x14\x81\x8c\x58\x42\x9b\x19\x24\xce\x9c\x7a\xc1\x9a\xc3\x81\x1a\x89\x60\xb4\x20\xe7\x7e\x41\x1a\x6e\x2c\x42\x7b\x8e\xcc\x81\xd4\x44\x60\x9b\x13\xae\x86\x13\x57\x1e\xb8\x1b\xae\xb3\xd3\x64\x45\xb5\x58\x96\x1e\xc4\xd4\x2b\x2a\x10\x29\x90\x1d\x23\x70\x4d\x9d\x6a\x2b\x63\xdb\x84\x63\x85\x24\xb4\x00\xbf\x2f\x4f\x60\xff\xfc\xbe\xf1\xce\x3c\xd6\x08\xcd\x3c\x55\xeb\xc6\x7b\xe8\xb0\x62\xad\xee\xd6\x3d\x1b\x41\xa8\xe1\xe2\xbd\xfa\x2b\xbd\x9b\x9b\x9b\x88\xc8\xa4\x1b\xc0\xf4\x07\xb6\x65\xf7\x0b\x46\xea\x05\x5f\xad\xe6\xa6\x66\x5e\x04\xf5\x13\x0d\xe0\xc6\xd8\x6f\xf2\x88\x47\xd5\xe2\x8b\x5f\xbf\xbc\xb8\xe1\x1a\x28\xb8\xd0\x54\xb9\x04\x4a\xb9\xc0\x54\x44\x9f\x23\xe2\xa0\xed\x57\xaf\xbf\x3b\xeb\x43\x6c\x1e\x7d\x50\x2e\x79\x49\x14\x06\x4f\x2a\x97\x44\x11\x11\xd1\xcf\x5b\xf8\xf4\xe5\x50\x08\xb4\x4f\xda\x3b\xae\xba\x78\x18\x3c\x52\x3d\x87\xad\x52\x83\x3e\x9b\x9b\x9b\x5a\xf8\x44\x88\xf9\xa2\xfb\xcf\x8d\xc5\x8c\x8d\x4b\x22\x00\x13\x69\x66\x83\x0e\xef\xd0\xfd\x67\x98\x56\x65\xc4\x2a\x90\x41\x05\x00\xe2\x9e\x86\xab\xde\x3d\x04\x9d\x3e\x60\x18\x83\x3c\x4e\x5f\xa8\xef\x61\x34\xdc\x1f\xf4\x79\xa3\x7e\x0f\x41\xb9\x14\xeb\x42\x21\x53\xce\x92\xed\xc5\x28\xbd\x34\xcb\xef\xcd\xb5\x67\x28\x3b\x19\xf1\xf7\xdc\x2c\xa6\x57\x26\x8c\x7c\xcc\x98\x79\xc5\xb6\x31\x56\x51\x8d\xd1\xb5\x71\xe1\x4d\x48\x9a\x39\x10\x4d\xa0\x83\x12\x7e\x47\x2f\x8d\xd5\xe6\x32\x66\x76\x88\x38\x1c\xe7\xdd\xff\x15\x2d\x3e\xad\x4d\x84\xae\x8d\x9b\x95\xb8\xc3\x81\x60\x5b\x78\x61\x05\xab\x1e\xee\xaa\xd1\x4b\xaf\xb1\x05\x9e\x66\xdf\x38\x4e\xf2\xf5\x45\xe2\x86\xc1\x22\xa6\x2d\xce\xa1\xcd\x24\x9a\x9b\x5a\x89\x7a\xc5\x96\x8d\xcd\x81\x4f\x4f\x89\x99\x6d\x3e\x99\x75\x21\x81\x2b\x1a\xb2\x26\x6c\xec\x88\xfa\x0c\x0f\x4c\x2e\x83\xb7\x67\x4f\xbe\x45\xac\x75\x78\x7b\xae\x2e\xa8\x18\x71\x75\xec\xb7\x6d\x75\x39\x2d\x70\x85\x83\xf2\xf6\xf7\x27\xbf\x55\xda\x3d\x7f\xf2\x5b\xe5\xed\x57\xec\x2d\x5a\x56\x04\xc6\x21\xe4\xc6\xe3\x0a\xda\xcf\x9a\xf1\xf2\x5d\xe3\xcd\xb2\xda\x75\x44\x07\x82\x94\xd7\xa4\x7c\xa5\xda\xfa\xf0\x6a\x28\xf5\x36\x15\x71\x61\x12\xc6\x7d\x37\x03\x08\x88\xf2\xf1\xe7\xd7\x8b\xc9\x1d\x98\xd6\xb1\xb7\xc3\xf3\x8d\xf1\xae\x2d\xac\xba\xb5\xa1\x6a\x11\x47\x1b\x67\x3a\xdf\x69\x60\xae\xe2\x92\xa1\x1c\xe2\x47\xf1\x0b\x67\xe2\x73\xb5\x6c\x9a\x60\x28\x76\xd6\x2a\xce\xb3\xbd\x3b\xbf\x68\x5f\xd8\xb3\xbc\x6a\x15\xb6\x64\xa3\x67\x1b\xe6\xc9\x6e\xf4\xd7\xc6\xd3\xd8\x82\xac\xb2\x9e\x34\x76\xdf\x19\x03\x2f\xe8\x0a\x24\xe4\x2a\x97\x4a\xe2\x85\x10\x66\x7e\xbc\x36\xb3\x6e\x8e\xcf\xd4\xdf\x8f\x92\x80\xdb\x59\x05\x8b\x6e\x69\x12\x49\x14\x10\xee\x0f\x8c\xc1\xe1\xe0\x66\x1f\x4c\x08\x80\xec\x0a\x7e\x69\xfe\x3c\x20\x1b\x9f\x92\x5a\x40\x2e\x12\x91\xfc\x90\xe3\x37\x36\x80\xce\x07\x3e\xc5\x6d\xb6\x11\x01\x72\x9b\x5f\x3f\x02\xd7\x28\xd4\x9e\xad\xd2\x6a\x99\x96\x5f\x22\x5c\xaa\x7a\x49\x00\x8a\x15\x91\x48\x20\x14\xec\xe6\x2e\x03\x71\x1d\xfb\xce\x7b\xba\xb2\x58\x9b\x3a\x34\xb3\x43\xb5\x6c\xda\xc8\x97\xe9\xe6\x8c\xf9\xe6\xa5\x5e\x7a\x07\x00\x10\x29\xeb\xe5\x00\x7b\x3e\x94\xa6\x2b\xd3\xc6\xfb\x21\x23\x3e\x6d\x5f\x23\xd0\x0a\x2d\xcb\xd4\x01\x6c\xf7\xb4\xac\x01\x62\x56\x9e\xd2\x42\x96\x78\x24\xbc\xbe\xc7\xbe\x95\x20\xbb\x5d\xcb\xbf\xa3\xf1\x2d\x44\xf1\xe6\x37\x53\xc1\xbd\xf2\x74\x2b\xcd\x21\x32\x79\xf6\x3b\xbf\x43\x74\x81\x84\x43\xa1\x28\x3f\x77\x30\x27\x0e\xd3\x37\x6c\xac\xa8\xc3\x61\xeb\xe5\x00\xea\x77\xc0\x9f\x09\x21\x1e\x8f\x48\xa2\xd7\xe0\xce\x23\xab\xb8\x6b\x24\x13\xfc\x1a\xed\xdd\x22\x3d\x18\xa2\xcf\x92\xf8\x53\x6e\xab\xe3\x6a\x5c\x84\xce\xb3\xb3\x00\x72\x2f\xd8\xd7\xe2\x21\x69\xbf\x7a\xf5\xe2\x6f\xda\xaf\x5e\xfd\x92\x5c\xfb\xfe\x7a\x7b\x57\xd7\x8f\x97\x2f\x10\x57\x7f\x24\x8c\xc1\xd2\x02\xdf\xec\x9f\xfa\xa4\xed\x3f\xf1\x4d\xc4\x1f\xfd\x27\xca\x47\x7d\x7c\x3e\x34\xed\x1c\x9b\x6a\x79\x90\x0f\xee\xd3\xb1\x1c\x92\x66\x65\x55\x9d\x64\x9a\x2e\x62\x62\xbf\xb1\xb9\x62\x6c\x02\x9a\x0b\x44\xab\x98\x95\x39\x09\xa4\x6c\x4c\xc4\xf5\x32\xbf\x87\x8d\x07\x07\x41\x7d\xca\xfc\x83\xbe\x4c\x08\x2c\x27\x89\xf8\xa3\x3e\x6f\x1f\xf1\x79\xfb\xba\x83\xfe\x68\xb7\xb7\xe7\x7e\x20\xf8\x5b\x7f\x9f\xd2\x4f\x2e\x6f\xc8\xce\xb6\xb1\xce\x0a\x88\xae\xc3\xda\x0c\x87\xa9\x87\x9d\x06\x21\x14\x4c\x78\xc3\x37\x78\x43\x35\x4d\x00\x5e\xe4\xb7\x37\x6f\x5e\xef\x22\xea\x95\x12\xc7\xd5\x9c\x07\x1a\x64\xa4\x39\x24\xe2\xfa\x0e\x80\x13\x19\x73\x85\x5a\x2c\x6b\xdf\xda\x6f\x6f\xee\xd6\x26\x82\x57\x56\x1c\x57\xe3\xfc\x82\x16\xb4\x4b\x6c\x8d\x48\xe1\xc8\xd9\xe7\x0d\x06\xfd\xbd\x4d\x4c\x8a\x0f\xf8\xfc\x70\x7f\x1b\x64\x15\xb9\xfc\x51\x9f\xb8\xbe\x87\xff\xd7\xc5\xaf\x64\x77\xf5\x06\x6e\x9d\x78\x25\x44\xdf\x40\x30\xa0\xfd\xf5\xcf\xc1\x40\xf4\x6f\xda\x65\x3f\x46\xaa\x06\x42\xc1\x8b\xf5\xcd\x69\xed\xb7\xa3\xfe\xf0\xc5\xa0\x3f\xfa\xf7\x50\xf8\x5e\x53\xd4\x1b\xbe\xe3\x8f\x92\x60\x24\xe2\xec\x0d\x85\xee\xf5\xf7\xf1\x27\x9a\xf6\xd7\x2e\xec\xd7\xdf\xb4\x3f\x47\xfc\x61\x51\x8b\xd6\x7e\xff\x16\x53\x52\x3a\xbc\x7d\xde\x5b\x81\xde\x40\x34\xe0\x8f\x5c\xec\x68\xbf\xde\x7d\xed\xca\xcd\xee\xf6\xcb\xdf\x75\x5e\x23\xe2\xd7\x37\x9d\xd7\x2e\x43\x12\x4e\x67\xc7\x15\x4d\x96\x7f\xf8\x4d\xa8\x3f\xd8\x13\x08\xde\xe9\xf2\x47\xe1\xc3\xce\xeb\x1d\xdd\x57\xbf\xef\xf8\x13\xf9\xf5\x5a\xe4\xc3\x1b\xed\x3f\xc2\xdf\x5d\x57\x6e\xfe\xb1\xf3\xb2\xf8\xf3\xcf\xe2\xcf\x7f\xef\xea\xee\xf8\xf6\xc6\xf7\xdf\xdf\x84\x9f\x97\xdb\x3b\xba\xbf\xff\xcb\x95\x1b\x37\x3a\x2f\x63\x0d\xed\x7f\xbe\xdc\x79\xb3\xfb\xc7\x1b\x9d\x37\xaf\x68\x76\x44\xa9\xdf\x17\x0d\x85\x1f\x5e\x74\x85\xfa\xa2\xae\x86\x29\xbb\xf2\x93\xdf\xd7\x15\xf5\x86\xa3\xa7\xbd\x6d\xf8\x49\xb8\xcb\x80\x9c\x56\x54\xc9\x17\x23\xe1\xfe\xa0\x76\xc3\x0f\x19\x85\x17\x43\x41\xe7\x6d\x6f\xa0\xb7\x3f\xec\x17\x8f\xae\x87\xfd\x0f\xfc\xc1\xe8\x95\x9f\x02\x51\x8c\xe9\xbd\xd8\xd2\xaa\xdd\xf0\x7b\x7b\x7e\x0c\x07\xa2\xfe\xeb\xde\xe8\xdd\xc8\xa9\x5d\xd5\xfe\xda\x19\x8c\x44\xbd\xbd\xbd\x7f\xd3\x7e\xf4\x06\xa3\xfe\x9e\x6f\x1e\x5e\xbc\xdf\xdf\x1b\x0d\x80\x29\x5e\x2c\x2e\xec\x11\xb1\xcb\x70\x8b\x01\x2d\xf9\xa2\xbd\xa4\xc7\xeb\xbf\x1f\x0a\x3a\xc3\xfe\xde\x90\xb7\xa7\xf1\xa5\x3f\xc8\x38\x0e\x71\x3a\x83\xa1\xbf\x93\x86\xa6\xeb\x35\x90\xb3\x4d\x84\x96\x4a\xd6\xda\x40\x6d\xa6\x80\xe1\x91\x7f\x68\xff\x01\xf6\x80\xc3\xf1\x43\xf3\x71\x35\xab\x6e\x1e\x09\x63\x2c\x2e\xb2\x9f\x39\xae\x2e\x3a\x1c\x1a\x86\xba\x00\x10\x3d\x00\xca\x2b\x3b\x91\x49\x28\x4f\x67\x65\x7e\x28\x4d\x17\xd5\x1a\x18\xdb\x01\xdf\x15\xbe\xd5\x2b\xc3\x08\x08\xa2\x5c\x24\xc9\x7d\xf1\x3f\xb4\x48\xe0\x2a\xb8\xe1\x48\x95\x7e\x92\xfa\xfe\xc8\x49\x7c\x5a\x61\xd7\x66\x1d\xc4\x0b\x93\x21\xa4\x8d\x67\x81\xbb\x00\x0c\x50\xa0\x9d\x23\x0e\x45\x7e\x1d\x21\x46\x95\x60\x92\x31\x80\xa5\x16\x20\xc0\x78\x76\xb1\x4e\x63\x0e\x91\xf8\x52\x5e\x5a\xc5\x81\x6c\xad\xf1\x55\x15\x97\xd7\x86\xf2\x55\x90\x75\x11\x0b\x57\x63\xc7\xaf\xf2\x94\x83\x46\x37\xe2\x5c\x27\x31\x58\x0c\x80\x23\x01\xb1\xd0\x06\x55\xfe\xa1\x15\xe4\x0e\xb8\xa3\x1c\x3b\x40\x5c\x44\xe2\x50\x4b\x7c\x01\xbd\x54\xd6\x2b\x31\x7d\x2f\xae\x97\x52\x42\xeb\x65\x33\x23\x60\x76\x31\xa3\x58\x11\xf5\x00\x74\x03\x71\x10\x01\xe1\x03\x11\x33\x24\x26\x90\x55\xdc\xb5\x0a\xaf\x94\xd2\x1c\x6f\x00\x20\x1f\x40\x47\x69\x48\x19\x69\xcc\x27\x07\x40\xd8\xe1\xf7\xc7\xd5\x84\x8a\x33\xa4\x41\x45\xf2\x82\x2c\xe9\x23\x94\x10\xf2\x3f\x9c\x65\x02\x03\x22\x02\x60\x34\x81\x32\x18\xfd\x60\xde\x78\xb3\x2c\x17\x9b\x2f\xab\x8d\x5c\x0b\xd0\x86\x8d\x70\x3f\x39\x1b\x89\x07\x3f\xa8\x03\xe3\xc9\x9d\x44\xd5\xc1\x52\x32\x2e\xe6\x13\x08\x3a\x39\x0d\x01\xc6\x38\xfc\x64\x66\x02\x3f\x35\x97\x0b\xb4\xb0\x40\x2e\x11\x37\xdc\x36\x2f\xac\x09\xd8\xdb\xdd\x77\x0a\x2c\x83\xc3\xf1\xc3\x39\x71\x65\x02\xae\x54\xdd\xe2\x35\x42\xa1\x02\x8c\x29\x11\x58\xa8\x0a\x04\xaa\x91\x7d\x02\x10\xaf\x0b\xe6\xc4\x56\xc3\x65\x03\x1c\xa8\x60\x7f\x84\x5f\x93\x03\xa2\xb0\x80\x6d\x4a\x4a\x40\x54\x15\x0a\x55\x74\xad\x8d\x6d\x28\xc5\xff\x59\x1b\x4d\x32\xca\x85\x8c\x5d\x63\xb6\x68\x0e\x6c\x59\x89\x77\x66\x76\x08\x3b\x7b\x7a\x62\xb0\x72\x61\x20\xe3\x1f\xa7\x65\xeb\x42\x91\x53\xd3\x72\xed\xab\x6f\x59\x77\x7e\xcf\x44\x87\xc3\x59\xab\xb0\xc5\x16\x1b\x58\x10\x11\x37\x82\xb1\x0e\xb0\xb9\xe9\xb8\xda\x29\xe2\xbe\x44\x32\x40\xd6\xd3\xd4\x78\x36\xa0\x29\x90\x71\x62\x80\x6f\x02\xe8\xa7\x9e\x1e\xf6\x3b\x1a\x12\x57\xbb\xe5\x8c\xf8\x34\x87\x44\x39\x71\xd1\x30\xda\xc3\xcc\xc9\xb7\xc8\xdc\x78\x5f\x30\xa1\x59\xf4\xf6\x3c\xcf\x04\xf8\xee\x61\xd7\x0f\x57\x89\x75\x38\x6b\xcc\x16\x49\xd7\x0f\x57\x03\x51\x3f\x9f\xaf\xc8\x7f\xf4\x06\xa2\xfe\xee\x9e\x5b\x1e\x52\x9b\x5f\x30\x5f\x95\x21\x56\x09\x00\x2f\x26\xd7\x65\x51\x1e\xfd\x4f\x53\x53\x46\xbe\x7c\x14\x1b\x40\x79\x06\xdd\x66\x8c\xbc\x56\xb2\xb8\x83\x5c\xb5\x8d\x59\x84\x02\xe6\x71\x59\xd0\x30\xec\x4a\xbb\x1d\x73\xbf\xa0\xdc\x6b\xe3\x70\xfc\xf0\x15\x5e\x53\x85\xac\x03\x4d\x1d\x98\xff\x6b\xed\x8c\x19\xf3\xab\x88\x1a\x84\xfd\x15\x09\x9b\x8d\x16\x15\xb1\x2d\x5a\xdc\x67\xcf\xbb\xe1\x0a\x15\x73\xa5\x4c\x5a\xdc\xe4\xbb\x6f\xf0\x2e\x43\xa6\xb4\xa0\x72\x08\x46\x08\xb6\x23\xbf\xbe\x28\x4b\xa2\x7d\xa2\x5e\x6c\x3b\xd7\x44\x6a\x73\x43\x74\x7f\x8a\x5b\x2b\xce\x35\x35\x13\x35\x39\x19\x0c\x46\x43\x70\x74\x6a\xea\x15\xf8\xda\x87\xc9\xc9\x0f\x93\xb1\x0f\x93\x31\x52\x87\xab\xeb\x82\x50\xf1\x0f\x93\x79\xfe\x52\xe1\x53\x44\xf9\xe7\x0b\x1e\x5e\x80\xf7\x1f\x4b\x6b\x19\x4f\xf9\xa8\xaf\x82\xdb\x99\x5d\xc4\xb6\x05\xdb\x3f\xee\xf9\x1f\x12\x17\x51\x7c\x47\x2e\x1e\x45\xd6\x58\x89\xaf\xc7\x45\x4e\xfe\xf3\xc5\x47\xed\xb7\x46\x32\x21\x8d\xae\x08\x0f\xa3\x56\xc7\x93\x1c\x4f\x56\xa7\x80\xce\x25\x07\xf4\xbd\x61\x9a\x9c\x6e\xf8\x54\x31\x14\x36\xcc\x48\xbd\x51\xf1\xf4\xcf\x94\xac\x49\x71\x3d\x2d\x58\x10\xb9\x49\xb3\xfe\x9b\x86\x6c\x53\xe5\x4a\x5b\xd8\x5b\x74\x75\x86\xed\xb9\xcd\xc6\xa6\x44\x5e\x23\x71\x91\x13\xa9\x94\xea\x33\x99\x29\xc9\xbf\x17\x04\x21\xac\x94\x27\x27\x47\x31\x67\xda\x49\x91\xcd\xe7\x9a\x5a\x88\x5e\xaa\x30\x35\x03\x10\x5e\xac\xe5\x75\x00\x6d\x59\x5e\xc7\x7b\x2d\x6a\x1c\xab\xa1\x21\x57\x9f\x31\x91\x88\x47\x5e\x7d\x81\x51\xd1\xf2\xbe\x44\x26\x23\x88\x0b\xcf\xeb\x31\x6c\xd9\xb7\xc0\x7a\x94\x8f\xcd\xca\x10\xfb\x20\x9d\xb6\x0e\xb7\x30\x7d\x45\x80\x2f\x8a\x96\xba\x1b\x3f\x91\xe0\x48\x08\x0a\xcb\xb8\x43\x71\x0f\x51\xd0\xcc\xf7\x15\xa5\x99\x6e\xaf\xaf\xb7\xbe\x29\x71\xaf\x01\xd8\x03\xc9\x6f\x09\xa2\xe8\xd7\x01\x64\x44\x4e\x49\xf6\xe7\xb2\x91\xe2\x89\xea\x68\x77\xd5\x85\x9e\xa3\x2f\x03\xef\x3a\x23\x1e\x88\x54\x8a\x44\x43\xe1\x0b\x1e\x82\x71\xa8\xb2\x11\xf6\x2a\x70\x3b\xe0\xf3\x46\xfd\x11\xc4\x26\xa8\xcb\xab\xea\x68\x67\x92\x8f\x0c\x84\x73\x91\x8f\x45\xb8\x01\x88\xd0\x33\xfa\x76\x01\x12\x6c\xec\x44\x9d\x3a\xac\x0f\xb0\xe4\xe3\x80\x14\x33\x7f\x1d\x32\x0c\x1e\x54\x91\x06\x58\x98\x53\x1c\x2a\x75\x15\xf7\xf9\xc3\xf7\x03\x60\xb9\xa9\x9f\x2e\x21\x5c\xc6\x05\x1a\x23\x5e\x96\x00\xa2\xa7\x4b\x24\x91\x08\xfc\x94\xbe\x3e\x79\x86\xca\xeb\x6e\x89\x80\x0c\x92\xf7\x84\xb9\x30\xb0\xc8\x75\x3f\x10\xf1\xb9\xee\xfa\x7b\xfb\x4e\x00\x9a\x30\xe5\x05\xbe\xe4\x71\xda\x85\x65\xab\xb0\x7c\x62\xb6\x95\x72\x6a\x04\x3b\x96\x86\x1e\xff\x6a\xfc\x7a\x43\x94\xbc\x9d\xdd\xd6\xb0\xc6\x61\xd6\x1c\xa0\xe2\x74\xf7\xf5\x7a\x71\x8a\x4e\x43\xfa\x8a\x4b\x58\xc1\x13\xdf\x85\xfb\x7b\xfd\x27\xbe\x13\x92\x74\x1c\xf7\x97\x84\xa7\x13\x60\xc4\xa7\x60\xd1\xd9\x74\x87\x99\x8d\xfe\x1e\xc1\x44\x02\xc1\xdb\x21\x75\xda\x11\x76\xa4\xee\x0a\xbc\xe2\x3c\x36\xa4\x97\x26\xe0\x06\xdc\x71\x0c\xeb\x54\x37\xa8\xb7\xa7\xc7\xdf\xd3\xcd\x57\xc2\xeb\xeb\x55\x6b\x64\x1c\xe7\xcd\x32\xbf\x25\x4b\xf9\xde\xbe\x5c\x44\x2f\x4f\x70\xc0\x1c\x7e\x73\x59\x42\xba\x46\xce\x35\xb5\x72\xe9\x5a\x95\x74\x01\x0c\xd3\xbe\xea\x21\x2b\xf0\xf6\x01\x40\x02\xfe\xec\x16\xb0\xfb\x8d\x8f\x82\x18\xb4\xcc\x83\xb6\x05\x80\xbf\x8c\xee\x91\x39\x14\x42\xdb\xf8\x4f\x23\x68\xe2\x11\x7f\xa9\x11\xd7\x46\xde\x53\x6e\xcc\x16\x4f\x8d\xb9\x03\x34\x07\x04\xc5\xb1\x71\xb8\xc0\x9e\xfa\x11\x3c\x1a\x7e\x4b\xf9\xfe\x12\xc6\x92\xb0\x73\x73\xf4\x35\xdd\x7d\x2b\x91\x43\xb8\x52\x52\x18\x64\xdd\xfa\x7f\x02\x00\x00\xff\xff\xa3\x7b\xc9\xbd\xfb\xb4\x00\x00")

func linuxIptablesHelpBytes() ([]byte, error) {
	return resourceSetBindataRead(
		_linuxIptablesHelp,
		"linux-iptables/help",
	)
}

func linuxIptablesHelp() (*asset, error) {
	bytes, err := linuxIptablesHelpBytes()
	if err != nil {
		return nil, err
	}

	info := bindataFileInfo{name: "linux-iptables/help", size: 46331, mode: os.FileMode(436), modTime: time.Unix(1790421371, 0)}
	a := &asset{bytes: bytes, info: info}
	return a, nil
}

var _linuxIptablesMisc = []byte("\x1f\x8b\x08\x00\x00\x00\x00\x00\x00\xff\x7c\x92\xcd\x6e\xeb\x20\x10\x85\xd7\x37\x4f\x71\xe5\x75\x4b\xaa\xaa\x8b\xaa\x2f\x83\x26\x30\x18\x64\x3c\x20\x98\x44\x8d\xaa\xbe\x7b\xc5\x4f\x62\xe1\x46\x5d\x7a\xbe\xef\x48\xc7\xc3\x7c\x1d\xfe\x4d\x19\xd3\x05\x93\xf4\x61\x9e\x3e\xfe\x4f\x21\x22\x5d\x22\x89\xf2\xf9\x54\xa8\x4a\x2e\xf2\x8d\xc2\x99\xed\x1d\x75\x55\x46\x60\x5b\xe0\x31\x9f\x1c\x1d\xfb\xb4\x1a\x2b\x10\xcc\xb8\x22\xb1\xcc\x41\x2d\xc8\x45\xdb\x86\xa2\x0c\xab\xa8\x40\x1a\xe7\x51\x12\xac\x58\x1c\x05\x42\x25\x6e\x05\x5a\x3d\x85\x89\x47\xa7\x81\xbd\xb7\xe0\xf5\xa1\xb6\xe0\xb5\x6a\xda\x8e\x58\xdb\xd7\x97\xb7\x77\x11\x71\xad\x98\x77\x45\x18\xee\x49\xa5\xb4\xd4\x2e\xd5\x7a\x4a\xd7\x91\x8b\x71\xd4\x5d\x8c\x82\x3f\x7b\x21\x06\x3e\xe7\x91\xf7\xe5\x3c\x37\xb6\x2d\xb9\xff\x63\x20\xe3\xe6\xc7\x7f\x19\xc8\xb4\x16\xde\x95\x75\x06\xf2\x8e\x50\xf6\xd7\xb9\xc9\x72\xa0\x22\xdb\x21\x62\xcc\x9f\x99\x86\x77\xa1\xf2\xe0\xbf\x12\xf5\x0a\xba\x97\x2d\x7a\xbf\x9d\x40\xb9\x80\x13\x64\x3b\x1d\xbe\x7f\x02\x00\x00\xff\xff\xb0\x83\x6f\xe3\x5c\x02\x00\x00")

func linuxIptablesMiscBytes() ([]byte, error) {
	return resourceSetBindataRead(
		_linuxIptablesMisc,
		"linux-iptables/misc",
	)
}

func linuxIptablesMisc() (*asset, error) {
	bytes, err := linuxIptablesMiscBytes()
	if err != nil {
		return nil, err
	}

	info := bindataFileInfo{name: "linux-iptables/misc", size: 604, mode: os.FileMode(436), modTime: time.Unix(1790391574, 0)}
	a := &asset{bytes: bytes, info: info}
	return a, nil
}

var _linuxIptablesRatelimitSh = []byte("\x1f\x8b\x08\x00\x00\x00\x00\x00\x00\xff\xc4\x58\x6d\x53\x13\x59\xf6\x7f\xdf\x9f\xe2\xd8\x69\x06\xf0\x5f\x31\x09\x22\x25\x60\xa8\x42\x41\x4d\x29\x0f\x85\x8e\xfe\xb7\x1c\xab\x2b\x74\x77\x48\x17\x4d\x1a\x93\x0e\x4e\x6d\x48\x15\xae\x20\x01\x13\x82\x35\x0c\x4a\xc4\x55\x66\xa5\xcc\xcc\xce\x82\xce\xba\x18\x21\xc0\x87\x99\xbe\xdd\x9d\x57\xf9\x0a\x5b\xb7\x6f\xa7\xe9\x0e\xe0\xc3\x38\xb3\xc3\x1b\xfa\x9e\x7b\xee\xef\x9e\xa7\xfb\x3b\xf7\xc6\x73\xc2\x37\x2c\xc6\x7c\xc3\xe1\x44\x94\xf2\x80\xb1\xb7\x57\x99\xcd\x57\x56\x16\x2b\x53\xcf\x8d\xfd\x45\x63\x2d\xab\x3d\xde\xd2\x9e\xbe\xd5\x96\x5f\x1b\xd3\x05\x6d\xf5\xe7\x6a\x39\x63\xfc\x67\x5a\xdb\x5e\x44\x8b\x39\x88\x87\x15\x41\x12\xc7\x44\xe5\x54\x22\x5a\x2d\xcf\x51\x1e\xd0\x97\xde\x54\x9e\xfd\xa0\x3d\xdb\xd7\x0b\xd3\xfa\xfc\x96\x36\x75\xaf\x32\x3b\x5b\x79\xfa\x00\xad\x14\xb5\xec\x9c\xb6\x9a\x43\xf3\x6b\x68\xa5\x68\xbc\xbe\xaf\x2f\x15\xab\xe5\x02\xda\xfd\x4e\x7b\xbe\xa8\x96\x7e\x42\xab\x45\x7d\x7b\x1f\x6d\xfc\xa0\x65\xde\xe9\xff\xdc\x44\xd9\xf7\x95\x99\x1c\xca\xbc\xd6\x96\x5f\xeb\x85\x69\xcb\xa0\x57\xd3\x28\xb3\xf2\xeb\xd4\x3d\xca\x03\x6a\x69\x49\x5f\x7a\xae\x7d\x9f\x21\x53\xd8\x2c\x87\xe9\xda\xf2\x7b\x6d\x2d\xa3\x96\x16\xf4\xa5\xa2\x96\x79\xe7\x23\xff\xf4\x1d\x0b\x08\xe5\x97\xb5\xd5\x29\x75\x77\xa1\x5a\x9e\x43\xf9\x47\xfa\xd2\x73\x94\x7f\x82\xb2\xcb\xda\xe3\xad\x6a\x39\x4b\x79\x80\xf8\xa0\xcd\xcf\x13\xb9\x5e\x98\xb6\x2d\xab\x4c\x15\x8c\xfd\x59\xed\xc5\x2c\x9a\x7d\x60\xec\x7d\x87\x66\xd6\xd5\xf2\x0b\x63\xff\xa9\xf6\x6c\xbd\x5a\xce\x6a\xab\x3f\x93\x38\x55\x66\x73\x38\x66\x1b\x7b\xfa\xee\x86\x96\x59\xd6\x5f\xed\x54\x56\x5e\xa2\xcd\xf7\x68\x7b\x49\x2f\x4c\x83\xc2\x01\x31\xe5\xd7\xa9\xbf\x51\x1e\xca\x03\x4e\x40\x6d\x33\x6f\xac\x65\xab\xe5\x8c\xfe\xe3\xb6\xbe\xb2\x8b\x32\x0f\x2a\x85\xa5\x6a\x79\xae\x5a\x2e\x9c\x33\x56\x0a\xda\xc3\xe7\xa1\xc1\x2e\x38\xa7\x96\xe6\xd5\xf2\x8b\x2b\xe7\x7d\x09\x73\xf0\xd0\xd8\xdd\x35\x07\x38\x8d\xa6\x16\x84\x06\x01\xe5\x37\xd5\x9d\x75\xed\xc9\x26\x84\x06\x27\x5a\x41\xcb\x2c\xe3\x8f\x36\x0c\xbe\x6d\xca\xda\xc0\x76\x4d\x2d\xbf\x40\x33\x5b\x96\x70\xf5\x35\x7a\x36\x55\x2d\xcf\x99\x06\x82\x1f\x8c\xb5\xa2\xfe\x72\xdb\xd8\x5c\xd7\x96\xdf\xa3\xc5\x47\x6a\x29\x67\x47\x5e\x2d\x17\x88\x7f\xf6\x2c\x7a\xf7\x0b\xfa\xd7\x13\x9c\x53\xe2\x2b\xc9\x9c\x8d\x46\x2c\x87\x20\xd8\x05\x01\xde\xae\x03\x3b\xaa\xe5\xa7\xc4\x1d\x08\x1e\x08\xb1\x86\xad\x8e\x61\xa8\x50\xff\xf5\xde\xa1\xfe\xee\xab\x6c\xf7\x60\x28\x48\xb3\xac\x73\xcc\xb2\x34\x75\x75\xe0\x12\x7b\x31\x74\xb5\x17\xcf\xdd\x1c\x18\xba\x12\xea\xbf\xc4\xf6\x84\x86\x58\x36\x9c\x54\xa2\xa7\x24\x79\x84\xa6\xae\xf5\x0e\xdd\xe8\x1d\x62\x43\x3d\x58\xc7\x1e\xe0\xc5\xb5\x01\xc6\xbc\xd8\x7d\xa1\xd7\xa9\x50\x93\x91\x4d\x2e\x5c\x39\x66\x17\x4e\x3a\x25\xc9\xdc\x28\x4d\x51\x92\x3c\xc2\x8e\x09\x89\x44\x78\x44\x68\x6a\x86\x14\x05\x00\x20\xc9\x5c\x58\x02\x49\x98\x10\xa4\x20\xcd\x04\x68\x87\xd0\x52\x0d\xd2\x4c\x0b\x11\x0b\x5c\x54\x06\x9a\x69\xe2\xc3\x8a\x00\x8d\xff\xd7\xf0\x17\x6f\xc3\x98\xb7\x81\x87\x86\xcb\x1d\x0d\x7d\x1d\x0d\xd7\x1a\x9b\xe1\x16\x93\x32\xb1\xd2\xb7\x81\x49\x59\x00\x69\x1a\xba\xba\x80\x66\x6a\x81\xa0\xa9\x34\x45\x5d\xbf\xc0\x9e\x0f\xf5\x07\x69\x9a\x8a\xc8\x71\x60\x15\x0e\xc4\x18\xf8\x92\x89\xb8\x2f\x81\x79\x40\xe1\xe0\xe0\x03\x4b\x6b\xdf\xe4\x7f\x27\xf0\xb2\x69\x92\x18\x81\x5b\xe0\xfd\x16\x68\x86\x55\x38\x1a\x6e\x77\x82\x12\x15\x62\x50\x43\x4f\x24\x79\x19\xcc\xa9\x4e\x18\x8e\x0b\xe1\xd1\x4e\x88\x88\x14\x2f\xc7\x04\xea\x16\x78\xff\x0a\x34\x43\x34\x69\xb8\x0d\x5f\x7d\xe5\x5e\xa6\x70\xb4\x69\x66\x4f\xef\x8d\x20\xcd\xd4\x07\x9d\xa6\xa8\x31\x31\x26\xc7\xd9\x48\x5c\x1e\x63\x27\x5a\xeb\x02\xca\x72\xc0\xf2\xd0\x67\x4a\x58\x2e\xc8\x34\x8d\xc7\xc5\x98\x12\x81\xc6\x86\x44\x23\xe0\x38\xc3\x24\x70\x49\x05\xbc\xfc\x29\xf0\x46\x4e\x37\x13\x45\xfe\x63\x8a\xad\x44\xb1\x2f\xc8\x34\x35\x41\x13\x93\x62\xb9\x0e\xaf\x3f\x0d\xe7\xce\xc1\xd9\x66\x98\x04\x26\xc5\xf2\xa6\xa0\x99\xe8\xdd\x02\x9a\xe9\xa3\xc1\x2b\x09\xe0\x27\x1e\xf6\x05\x03\xae\x99\x11\x01\xda\xce\x9c\x39\x7d\xa6\x36\x8b\x07\xad\x2e\x0d\xe1\x0e\xb4\xb7\xb7\xb7\xd7\x14\xda\xdb\xdb\xcf\x9a\xf3\x6e\x3b\xfb\x70\x52\x9d\x01\x69\xab\x0f\x48\xb4\x16\x8d\x68\x90\x49\x05\x3c\x9e\x93\x1d\x69\x73\xcc\x85\x13\x02\x4e\x5f\x94\xc6\x15\xd0\xd8\x38\x79\xf2\xd6\x09\xbf\xb7\x3d\xec\x8d\x74\x7b\x2f\xde\x3e\xd9\x8c\x17\xf8\xa1\xb3\x13\x84\x44\x98\x73\x78\x1f\x68\xf3\x30\x29\x36\xfa\x27\xba\x4b\x91\xe2\xb3\xaa\xa8\xa7\xf7\x86\x5d\x7f\x96\xdf\xf6\x69\x03\xfa\x66\xf7\x50\x7f\xa8\xff\x12\x0d\xf4\x01\xd7\xd8\x35\xd5\x03\xda\xea\x4f\x95\x99\x9c\xbe\xbb\xa1\xef\x3e\x42\xb9\xb5\x6a\x39\x6b\xbc\xfb\xb7\xb1\x3f\xeb\x6a\x26\x66\xfb\xb3\x4e\xe2\xb7\xa2\x02\x7e\x2a\x22\x62\x1b\x4e\x80\x38\x0e\x92\x18\x1b\x85\x44\x54\xbe\xeb\xb0\xa6\xcb\xc7\x0b\x13\xbe\x58\x52\x92\xa0\xa5\xeb\xab\xc0\x27\xd8\xb6\xb0\x8e\xf2\xff\x00\x0b\x00\xd4\x52\x8e\xd0\xe7\x67\xd8\x83\x59\x7f\x73\x07\xe5\x97\xd1\x4c\xb1\x72\xbf\x88\xf6\x66\x88\x9e\x83\x55\xb3\x95\x7b\xfb\x68\x26\x87\x56\x8b\x10\xc1\xcc\x04\x6a\xe9\xad\xfe\x7d\x16\x65\xb7\xd1\x83\x19\x74\xaf\x50\x79\xb2\x83\xd6\xfe\x0e\xa1\x01\xea\xc2\xe5\xee\xfe\x4b\xbd\xd7\x30\x4b\xdc\x8d\x8a\x92\x00\x71\x21\xcc\x83\x37\x0e\x9c\x24\x0a\x31\x85\x15\xc7\x21\x39\x2e\xc9\x61\x9e\x1d\x1d\x06\x5e\xbe\x1b\xb3\xbe\x6d\x7a\xb0\xd2\x63\xab\x5b\xe7\x9c\x93\x63\x8a\x18\x4b\x0a\xce\x02\xb4\x81\xdc\x75\x88\x2b\xd0\x9e\xaa\x2b\x44\x6b\xa5\x63\xe3\xc3\x6b\x1d\x93\x75\xab\x6d\xe7\x98\x94\xf5\x99\x66\x52\xb6\xa5\x69\x60\x52\xf6\xbe\x78\xe0\x00\x4a\x7f\x13\xa3\x09\x89\x39\x4a\xd0\xc2\x70\xd7\xa0\x2b\x2f\x6a\x69\xa1\x16\x38\x39\x26\x89\x31\xe1\x54\x22\x0a\x3e\x5b\x14\x89\xd4\x64\x68\xe6\x8d\xbe\x54\x44\x8b\x59\xb5\x34\xa5\xcd\xcf\x93\x2c\x55\xcb\x59\xb5\xf4\x8b\xb1\x96\x45\xd9\x65\xdc\x4b\x51\xfe\x89\xf6\xf4\x2d\xd5\x44\x2a\x90\x24\xd2\x7b\x17\xda\xfc\xd0\xfe\x1b\x0f\x81\xb1\xf0\x0e\xe5\x97\x49\x71\x55\x96\xee\x19\x5b\x33\xe4\x22\xf4\xc9\xa5\x67\x9f\xd1\xe1\x46\x67\x40\x26\xe1\x8f\x2b\x1e\x0f\xa8\x7b\xcf\xb4\xdc\x06\xb9\xa7\x68\x8f\xf3\x95\xa9\x39\xed\xe1\x8f\x28\x97\x37\x36\x36\x7c\xe4\xfa\x88\xef\x22\xe5\x3c\x89\x7e\x38\x91\x10\x79\xd0\x16\x8a\x68\xb3\x8c\xaf\x2c\xa5\x05\xb5\x34\xef\x53\x4b\x0f\xf5\xed\x7d\x72\x63\x53\x4b\x53\xc6\xec\x5b\x7c\x8d\xb5\xfb\x1b\xed\xa8\x0b\xcc\x9b\x34\x9c\x08\xd6\x19\xe6\x08\x39\xfe\x1b\x1c\x1a\xb8\x3e\x10\xa4\xc5\xf1\x89\x36\xba\x13\xfa\xba\xaf\x5f\xb8\x8c\x47\x78\x30\x38\xd4\x7b\x31\xf4\xff\x41\xda\x17\x68\x39\x8b\xe7\x42\xfd\x03\x43\x41\xa6\xc9\xc5\xdd\x2e\x70\xc2\xad\x82\x94\x10\x0e\xc3\x3b\xc1\x9d\xd8\xa7\x5b\x8e\x81\x6e\x3d\x02\x1a\xa7\xce\xe1\xab\xe3\x20\x7a\x47\x14\xcc\xe4\x75\xce\x99\x05\x67\x35\x6e\xb8\xc3\x8b\x09\x8e\x10\x1f\x2f\x4c\x38\xc8\xaf\xc5\xc1\x7e\x93\x30\x12\x17\xc6\xc1\x7b\x07\x1a\xa3\xca\x30\x04\x3a\x1a\xeb\x20\xf1\x9f\x1b\x31\xcc\xf3\x75\x80\x71\x59\x56\x20\x1a\x8e\xf1\x92\x00\x81\x0e\xc0\x40\xbc\x10\x09\x27\x25\x85\x74\x0c\xc7\x86\x47\xe2\x9a\xc9\x3f\x02\x77\x3c\x1c\x17\x62\x0a\x86\xac\x95\x47\xa0\xc3\x04\xc4\x3b\xe0\xa7\x0d\x04\xfc\xfe\x91\x61\x51\x01\x4e\x10\x25\x7b\x30\x9c\x8c\x27\x14\x08\x9c\x19\x05\xee\xe0\xf3\x4e\x32\x1c\x53\x92\x63\x10\x38\xe3\xf7\x1f\x69\x50\x44\xb4\x3f\xbf\x1e\xbc\x3a\xd0\xdd\xc3\x5e\x39\x1f\xba\x8e\x1b\xea\xc1\x59\x38\x09\x67\xad\x86\xea\x50\x3b\xff\xf5\xd0\x35\x53\xcf\xb1\x0c\x4e\x42\xa0\xc5\xa1\x8a\xb3\xe7\x54\xc7\xad\x58\x81\xd3\x7e\xbf\xd5\x8d\x5d\x50\x58\x4c\x7d\x49\x8c\x18\xb3\xbe\x0e\xa2\xc4\xa4\x1c\xa6\xa5\x47\xed\x80\x1d\x21\x27\x01\xb3\x27\x4c\x83\xd2\xb5\x38\xd6\x8b\x8f\x8b\x29\x7c\xe3\x4a\xf3\xe4\x64\x9d\x17\x5c\x34\x1c\x1b\x11\xea\x1c\xf9\x73\xcd\x3f\x14\xef\x88\x28\x29\x42\x1c\x78\x41\x3a\x36\xe0\xe3\x71\x59\x91\x39\x59\x02\xc6\x3c\xf5\xf8\x22\x24\x83\x65\x7c\xf2\x74\x8b\xfb\x9c\x4d\x82\x12\x4f\x0a\xc7\x6d\xf3\xa1\xbc\x7e\x6c\x9b\xb1\xb0\xc2\x45\x81\x31\xd9\x06\x78\xd3\xcf\x83\x5e\xc9\xa4\x08\xf3\xa4\x71\x1f\xba\xeb\x08\xaf\x6d\x89\xab\x0f\x85\xfa\x2f\x0e\xd0\x40\x1f\xee\x28\x40\x1e\xe8\xb5\xc7\x2d\x1c\x50\x55\xed\xad\xe8\x6c\xca\xf8\x95\x7b\x28\xa1\xf4\x61\xb6\xf4\x00\x7e\xe8\x6f\x65\x08\x44\xed\xb9\x5a\x98\x68\xf5\x4d\xb4\x01\x7e\xc4\xef\xbc\x44\x2b\xc5\xca\xfd\x5d\xad\x34\xa3\x2d\xcc\x55\xcb\x59\xf4\x20\x87\x32\x2f\xf4\x37\x3b\xd5\x72\x86\xb4\xe1\x83\x5f\x24\xf2\x9b\xc6\xfd\x5d\xb5\xf4\x52\x7f\x95\x23\x5d\x86\x74\x6b\x63\x73\xdd\xd4\x9f\xfb\xa2\x1c\x8b\xe3\x5f\x92\xdf\x4f\xdc\x62\xa2\xed\x37\x6d\x42\x4e\xd5\xe1\x3d\x0e\x1d\xa9\x0f\x81\x7d\x71\x1d\x1c\x4e\x25\x7d\x54\x13\x73\xdd\x09\x8f\x6e\x63\x1f\xeb\x37\x56\xab\x89\x44\x22\x91\x0e\x10\x63\x23\x71\x21\x91\xf8\xa0\x6f\x3d\x03\x37\xfb\x5d\x94\xee\x30\xa2\x8e\xd4\x6d\x55\x9b\xd6\x5d\x8b\x8f\x22\x76\xf7\x92\x7a\x6a\xaf\x03\x3c\x92\xdc\x3f\x56\x25\xc4\xd3\xff\x05\xdf\x7c\xda\x4e\x2e\xca\x49\xc4\xb9\x63\x28\x67\x5c\x96\x44\x4e\xa8\x91\xb8\x2b\x8e\x6e\xba\x76\xc7\x28\x0d\x7c\x5c\x1e\xaf\x11\x56\x47\xe0\xf7\xa4\x2a\xf3\x47\x2b\xf7\x93\xe1\xf3\xc9\x0a\x83\xd8\x64\x45\xa8\x49\x2d\xed\x58\x4f\xc4\x5a\x3d\xaa\xa5\x79\xbd\x30\x5d\x8b\x81\x4d\x66\x5f\x9a\xfb\x3f\x88\x87\x0e\xed\xf2\x99\x54\xf4\xbb\xb1\xc7\x41\x6c\x6d\xf6\x30\xdf\x73\xcd\xd0\xde\x45\x33\xf6\x8f\x79\x34\x45\x59\xcf\x9b\xff\x06\x00\x00\xff\xff\x71\xc5\x60\x7c\x1f\x17\x00\x00")

func linuxIptablesRatelimitShBytes() ([]byte, error) {
	return resourceSetBindataRead(
		_linuxIptablesRatelimitSh,
		"linux-iptables/ratelimit.sh",
	)
}

func linuxIptablesRatelimitSh() (*asset, error) {
	bytes, err := linuxIptablesRatelimitShBytes()
	if err != nil {
		return nil, err
	}

	info := bindataFileInfo{name: "linux-iptables/ratelimit.sh", size: 5919, mode: os.FileMode(436), modTime: time.Unix(1790391574, 0)}
	a := &asset{bytes: bytes, info: info}
	return a, nil
}

var _linuxIptablesServer_exitSh = []byte("\x1f\x8b\x08\x00\x00\x00\x00\x00\x00\xff\xb4\x95\x5f\x4f\xdb\x56\x18\x87\xef\xfd\x29\xde\x1d\x1c\xfe\x68\x3d\x0b\x70\x91\x8b\x56\x46\x8a\x12\xa7\xb5\x06\x21\xb2\xa3\xb5\x55\xd5\x1d\x99\xf8\x90\x98\x19\xdb\xca\x39\x49\x99\x42\x24\x90\x4a\x97\x4e\xb0\x55\x2a\xd5\x06\x64\x13\x9d\x90\x1a\x69\x65\x55\x6f\xd0\x2e\xa2\x7e\x9a\x1d\x87\x5c\xe5\x2b\x4c\x0e\x21\x03\x1a\x22\x10\x23\x37\x91\xcf\xf9\x9d\xe7\xbc\xef\x13\xeb\xcd\xc8\x17\xd1\x05\xdb\x8d\x2e\x98\xac\x20\x8d\x80\xa8\x37\x82\xfa\x96\xf8\xf1\x6d\xeb\xcf\x0f\x62\xbd\x1e\x1c\xfe\x21\x5e\xfd\x14\xbc\x7c\x77\xfc\x76\x33\x38\x3c\x38\x7e\xbe\x1b\xd4\xdf\x4b\x92\x96\xce\xaa\x7a\x3a\x3e\x4b\xe2\x19\x4d\x41\x84\x9c\x7d\x26\x04\x49\xb3\xf3\xf7\x49\x4a\x9b\x55\xc3\xbd\x87\xf3\xfa\xd7\x5a\xfa\x3e\x49\x6a\x3a\x21\x66\x89\x17\xbe\x72\xbc\x3c\x92\x0c\x55\xff\x46\xd5\x89\x96\x0c\x33\xfd\x87\xf0\x70\x7f\x2b\x84\xa6\xe2\x09\xf5\x6c\xe2\x74\x2d\x0c\x26\x1e\xc4\xb5\x34\x49\xc7\xe7\x54\x05\x79\x3e\x75\xcb\xbe\x4b\xcc\x9c\x43\xe4\x3e\x0e\x49\xd2\x9c\x61\x28\x93\x92\xe4\x78\x79\xb2\x4c\x19\x33\xf3\x74\x7c\x02\x2a\x12\x00\x80\xe3\xe5\x4c\x07\x1c\x5a\xa6\x8e\x82\xe4\x29\x74\x66\xb1\x17\x55\x90\x3c\x7d\xb2\x4c\x73\x05\x0f\x90\x3c\x6e\x99\x9c\xc2\xd8\x97\x91\xc7\x38\xb2\x8c\x23\x16\x44\x1e\xdc\x8d\xcc\xdd\x8d\x18\x63\x13\xf0\x44\xae\x74\x59\xd5\xa7\x20\x57\x7a\x80\x2a\x82\x99\x19\x40\xf2\xa9\x10\x24\x55\x25\xc9\x5e\x84\x27\x80\x57\x20\x5a\x62\xc5\x28\x0b\xe5\xdb\x3e\xa3\x1c\x9e\xde\x03\x5e\xa0\x6e\xf7\x3e\x2d\x63\xa8\x59\x05\xb1\x92\xe5\x5d\xcc\x21\x89\x3a\x8c\x7e\x96\xea\xed\x2d\xda\xbd\x0b\xe4\x39\xc3\x00\x9c\xe7\x30\x35\x39\x79\x8a\x86\xee\xa9\xcf\xa0\xdc\x5c\x70\x28\x03\x9c\x84\xd4\xbc\xfe\x30\xae\x27\x01\xfb\xc0\x73\x3e\x60\x1b\xe4\x8b\xe6\x01\x63\x9e\xf3\xf1\xa2\x63\xe6\x19\x18\x8f\xd3\x77\x74\x23\x1b\x7e\x03\x5e\x82\x6c\x22\xd3\xbd\x15\x33\xca\xf1\x32\x63\x27\x45\x8c\xce\x40\xd4\xa2\xe5\xa8\x5b\x72\x9c\xeb\x16\xe0\xfd\xef\x05\x84\x82\xae\x52\xc0\xc0\xd6\x97\x40\xfe\xef\xad\x3b\xcf\xbd\x01\x33\xa9\xcf\x67\xa0\xf7\xb9\x36\x73\xa0\xa1\x25\x88\x27\x12\x6a\x26\x3b\x80\x79\x39\x34\x75\xb6\xb9\xcb\x63\x8f\xce\xc5\x06\xf0\x62\xb7\x61\xf3\x1a\xd0\xab\xeb\x1c\x04\xbd\xb9\xcf\xd8\x15\x85\xc6\x2e\x31\x3a\x02\x62\xef\xf7\x60\xfb\x28\xa8\xbf\x3f\x99\xc5\x62\xa7\xd1\x5e\xff\xa5\xf5\x66\xa7\xd3\xdc\x15\x1b\x35\x51\xdb\x17\x87\xaf\xda\xaf\x3f\x8d\x8b\x8d\xa3\xe3\x77\xcf\x45\x6d\x47\x34\xdf\xb4\xb6\x1b\xad\xdf\xd6\x5a\x7b\x7f\x05\xfb\x3f\xb4\xf7\x5e\x4c\x74\x9a\x9b\xe2\xc5\x56\x7b\x7b\x2d\xf8\xb0\x7e\x32\x1c\x3a\xcd\x5a\x38\x66\xc4\x46\x43\x7c\x5c\x13\x87\xbf\x8a\x7a\xa3\xd3\xdc\xfc\xe7\xef\xad\xf6\xee\xcf\xed\xd7\x9f\x44\x6d\xbf\xbd\x73\x70\xbc\xb6\x19\x1c\xd5\xc4\xc1\xc7\x4e\xf3\xe5\xe5\xef\x80\x01\xd3\x33\x7d\x05\xb0\x0a\xe6\xb3\xef\x00\x97\xc1\x57\x90\x57\x96\x2b\xfd\xf9\x5b\x25\x39\x82\x60\x4c\x9e\x52\x14\x84\xd3\x08\x46\x47\xc1\x76\x2d\xba\x32\x2e\x4f\xdf\xf1\x27\x14\x65\x0a\x2a\x7e\xd1\x76\x39\xc8\xd3\xd5\x31\x58\x85\x67\x05\xdb\xa1\x50\xa4\xa6\x05\xb8\x08\x84\x95\x16\xee\x81\xe5\x0d\x9f\x19\x29\x40\x72\x98\x44\xe7\x4b\x5a\x05\x5e\x2c\xd1\xe1\x47\x1f\x0d\x3d\x6a\x79\x2e\x1d\xf6\xeb\x5e\xd9\x41\xec\xf6\x24\xc4\x6e\x60\x21\x76\x1d\x0d\x72\xf7\xaf\x06\x1c\x9b\x71\xc0\xee\x85\xce\xf3\x45\xea\x03\x56\x01\x7d\x7b\xa1\x73\x34\xa0\x1d\xca\xfb\xed\xf4\xa0\x16\x65\xbc\xe8\x7d\xdf\xad\x82\xf2\x61\x55\xd0\x15\x9b\xc3\xe4\xbf\x01\x00\x00\xff\xff\xab\xc0\xe2\xf4\xb2\x08\x00\x00")

func linuxIptablesServer_exitShBytes() ([]byte, error) {
	return resourceSetBindataRead(
		_linuxIptablesServer_exitSh,
		"linux-iptables/server_exit.sh",
	)
}

func linuxIptablesServer_exitSh() (*asset, error) {
	bytes, err := linuxIptablesServer_exitShBytes()
	if err != nil {
		return nil, err
	}

	info := bindataFileInfo{name: "linux-iptables/server_exit.sh", size: 2226, mode: os.FileMode(436), modTime: time.Unix(1790391574, 0)}
	a := &asset{bytes: bytes, info: info}
	return a, nil
}

var _linuxIptablesServer_startSh = []byte("\x1f\x8b\x08\x00\x00\x00\x00\x00\x00\xff\xb4\x56\x6d\x4f\x1a\x59\x1b\xfe\x3e\xbf\xe2\xee\x38\xbe\xe5\xe9\x3c\x80\x4f\xc2\x87\x36\x98\xf0\x08\xb6\x64\x15\x0d\x90\xed\x36\x4d\x77\x82\x70\x90\xe9\x0e\x33\x84\x33\x50\x37\xd6\x84\xbe\x60\xd1\xa2\x92\x54\xe3\xfa\xd6\x4a\xb7\x1b\xc9\x6a\xd1\xdd\x74\x6d\xb7\x1d\xed\x8f\x29\x67\x66\xf8\xc4\x5f\xd8\x0c\x6f\xf5\x85\xb2\xa2\x96\x2f\x27\xcc\xdc\xf7\x75\xae\xfb\x3a\xf7\x7d\xcd\xe9\xb8\x62\x1a\xe3\x45\xd3\x98\x1f\x87\xa9\x0e\x20\xeb\x79\x75\x7d\x8e\xcc\xe6\xb4\xed\x5d\x92\xdd\x25\xb3\x79\x92\x9d\x57\x67\xb6\xf4\x5c\x46\x7d\xf3\x5a\x7f\xb2\xaa\xae\xef\x50\x94\xcb\xed\x73\x7a\xdc\xf6\x21\xce\x3e\xea\xb2\xd1\x1c\x77\xf4\x3f\xc7\xd1\xd4\xd0\xc8\x0d\x6e\xd0\x35\xe4\x34\xde\xdd\x1a\xf1\x7c\xe7\x72\xdf\xe0\x1c\x2e\x0f\xc7\xf9\xe3\x72\xf8\xbf\x82\x34\x4e\x53\x5e\xa7\xe7\x7b\xa7\x87\x73\x39\x8c\x98\xc6\x1f\x23\xb9\xf1\xca\x00\x1d\xb4\x0f\x38\x8f\x46\xd4\x9f\x19\x81\x03\x37\xed\x2e\x37\xe7\xb6\x0f\x3b\x6d\xb4\x14\x45\x62\x22\x2a\x72\xfe\x80\xc0\x31\x0d\x38\x9a\xa2\x3a\x40\x2f\x1c\x6a\x07\x85\x08\xc6\x9f\x93\x8f\x22\x18\xf7\x5b\xcc\x66\x75\x79\x9f\x64\x77\xb5\xc5\x3c\xa8\xf3\x79\x7d\x2e\x4b\xd6\xf3\xa4\xf0\x4a\x4d\xbf\xd3\xb6\x77\x8b\x07\x9f\xb4\xc5\x7c\x04\xe3\x10\x3f\x41\x16\x1e\xa9\x4b\x7b\xfa\xde\x63\x75\xe9\x6d\x04\x63\xa0\x86\xbd\x5e\x9b\x99\xa2\x04\x69\x9c\x8b\x20\x8c\xfd\xe3\xa8\xa7\x17\x26\x29\x00\x00\x41\x0a\xf8\x05\x10\x50\x02\x09\x36\x9a\xb1\xd0\x47\x1e\xd6\x42\x6d\x34\xd3\x57\x7d\x8c\x02\x61\x09\x68\xa6\x27\xe8\x97\x11\x74\xff\xa7\xf3\x36\xdb\x19\x61\x3b\x83\xd0\x79\xf3\x5a\xe7\xf0\xb5\x4e\x6f\x77\x2f\xdc\x61\x26\x2b\x58\x53\x77\x81\x99\xac\x01\x4c\xd1\xd0\xdf\x0f\x34\x53\x97\x97\xa6\xa6\x28\x8a\x0f\xc1\x1d\x60\x27\xc0\x14\xc7\x31\x13\x36\x8e\x92\x8f\x62\x24\xc3\xdd\xeb\x20\x87\x91\x58\xd9\xcf\x35\xea\x75\xfa\x6c\x34\x8e\x07\xa5\x93\x71\x34\x85\x04\x8c\x4e\x45\xd5\xde\x85\x78\x43\x41\xfb\xc0\x10\xa8\x8b\x87\x7a\x2e\x53\x54\x7e\x21\xa9\xb4\x21\x5c\x25\xa0\xac\xac\xa9\xf3\xaf\xd4\xbf\x9e\x91\xd4\x3e\x99\x7d\xa9\x3f\x3e\x50\x93\x5b\x64\xc1\x50\x56\x4d\x6e\x95\x95\x74\x95\x0a\xcb\x26\x50\x0c\xf3\x92\x58\x69\xaf\xe5\x4d\x32\x9d\x52\x37\xdf\xab\x1b\x8f\x4b\x2b\x59\x75\x79\xbf\xf8\xf7\xcb\xa2\xb2\x4a\x5e\xff\xa1\xbf\xfd\xad\xac\x64\xd4\xa5\x94\xb1\x81\xc0\x63\x19\x58\xb1\xac\xcc\x7c\x4e\x3e\xa2\x3a\xa0\xf8\x7e\xae\x86\xbc\xbc\x5f\x56\x32\x01\x81\x47\xa2\xcc\x49\xa2\xc0\x8b\xc8\x24\x85\x42\xc6\x0a\x45\x65\x55\x7f\xfa\xbb\xd1\xb5\x6b\x2f\xf4\xec\x01\x49\xef\x15\x95\x4d\xed\xe3\xcb\x52\x32\xab\x6e\xe4\x80\x8f\xca\xfe\x31\x01\x61\x50\xf3\x39\xa2\x2c\x94\x95\x8c\xfe\x69\xa5\xf4\x34\x53\xfc\x98\xd2\x0b\x7b\xe4\x60\x49\x5d\xc8\x6a\xaf\x3f\x18\x1b\xf2\x21\xb8\x02\x4c\x45\x92\x3a\x15\xe8\x37\x05\x51\xc2\x24\xc6\x05\x01\xfa\xfa\xbb\x2c\x47\x04\x3e\xd2\x10\x40\xdf\xb2\x7b\xdc\x34\xd0\xd5\xda\x1b\xb4\xcb\x4a\xc6\xd0\x91\xec\x4d\x9f\x91\x5b\x9a\x7c\xfc\xa0\x17\x0a\xa4\x30\xa3\xff\x9a\xaa\xea\x0d\x64\x61\xb6\x26\x5e\x3e\x47\x36\x96\x81\x8f\x72\x18\xc9\xa6\xb0\x1f\x87\x39\x3e\x5a\x5d\x45\xe3\x5c\x66\xaa\x67\x57\x69\x0e\x66\xd8\xeb\x05\x76\x5c\x06\x8b\xd9\x5c\x6f\x0b\xa8\xd0\x3e\xd5\x10\x35\x0a\xac\x03\x06\x47\x3c\xb7\xec\x1e\x07\xb0\x51\x90\x03\x51\x60\x79\x60\x4e\xce\x20\xb0\xac\x1c\x88\xb2\x21\xc1\x3f\x8e\xc1\x7b\xdb\x7d\xd5\xe3\xf5\x19\x2b\xb0\xf7\xc0\x37\x30\x5a\xd9\x95\xc5\x48\x66\x8d\xd1\xb1\xfc\xcf\x6c\x86\xae\x7e\x68\x48\xd8\x2e\x01\xe9\xd2\x09\x18\x02\x9d\x85\x40\xd3\xd2\xef\x01\xf3\xc5\x7f\x8e\xe3\x5e\x00\xd3\xe1\x19\x19\x85\xda\xaf\x6d\xcc\xa6\x0a\xdd\x03\xfb\xc0\x80\x73\xd4\xd7\x04\xf3\xeb\xa0\xee\x73\x14\x37\x78\x2c\xc7\xb0\x0d\xb2\xf6\x42\x5d\xdc\x57\xd7\x77\xaa\x5f\x14\xb2\x92\x2f\xbe\x9f\x55\x77\x72\xa5\x87\xcb\xda\xd2\x4a\x59\x59\x25\xa9\x34\x49\x6f\x92\x37\xd9\xd2\xf3\xc3\x1e\x92\xda\xd7\xb7\x9e\x90\xf4\x0a\x51\x96\xb4\xc5\xbc\xb6\x91\xd4\xd6\x0a\xea\xe6\xd3\xd2\xda\x74\x6f\x59\xc9\x90\xe9\xb9\xd2\x62\x52\xdd\x7d\x58\x77\x9e\x74\xe9\xf9\x21\x79\xf7\x27\x84\x84\x38\x0e\x97\x95\x4c\x7d\xd8\xa6\xe7\xf4\x57\xdb\x55\x8c\xb2\x32\xf3\x75\xbe\x5e\xe8\x3b\x32\xcf\x0f\xc0\x7f\xff\x27\x60\x13\x10\xb5\xd1\x52\x82\x99\x6c\x7c\x42\xa6\xb8\x00\x47\x43\x37\x63\xb1\xd9\x68\xd6\x4d\x43\x57\x17\xf0\x62\x10\x4d\xf4\x30\x7d\x57\xa3\xbd\x36\x9b\x05\x26\xa3\x31\x5e\x94\x81\xe9\x9b\xea\x86\x07\x70\x3f\xcc\x0b\x08\x62\xc8\x1f\x04\x36\x06\x1c\x8e\x8f\x5d\x87\xa0\xd4\xba\xd9\x07\x81\x66\x8c\x48\xfa\x38\xa5\x07\x20\xc7\xe2\xa8\x75\xea\x0f\x2d\x53\x83\x92\x88\x28\xea\x84\x8b\x1d\x2f\x7b\x3c\x86\xa2\xc0\x3a\x81\xfe\xf1\x44\xd9\x74\x93\x62\x90\xdc\x28\xa6\x06\x1a\x44\x58\x8e\x49\x3f\x57\x58\x20\xb9\x15\x8b\xf3\x5a\x91\xfd\xd2\xad\xa8\x42\xe2\xec\x56\x74\x9a\xc0\x45\xad\xe8\x34\x81\x10\x0f\x2d\xc6\xd1\x7e\x6c\xb4\xd8\x08\x60\xd9\xb8\x38\xb0\x6c\x75\x75\x7a\x7d\xf6\xff\x0f\xb9\xbc\x37\x9d\x8e\xab\x1e\xe7\x90\xdd\xe7\x74\x7c\x99\xfb\x96\xb0\x6d\x58\xdc\x45\x60\x0c\x57\x3b\x53\x7e\x4b\x07\x6b\x52\x89\xf5\x5b\xb8\x75\x1b\xa0\x67\xb7\xeb\x66\xa0\x17\xf7\x6b\xeb\x79\x0c\xdb\x7a\x5e\xc7\xd6\x56\x9f\x80\x6b\x34\x61\x85\xaa\x63\x57\xae\x77\x75\x30\xed\xd9\x8e\xb6\xfd\xac\xf8\x61\xbe\x71\x8f\x69\x6a\xbe\xd6\xb6\xdd\xd7\xfa\xed\xec\xd7\x7a\x01\xff\xb5\xb6\x63\xc0\x5f\xcf\xbe\xe4\xc9\xb6\x5e\xd2\x68\xb7\x81\xd3\x7c\xb6\x9b\x01\xfc\xcb\x70\xa3\x09\x5e\x06\x33\xfc\x13\x00\x00\xff\xff\x50\x79\xde\x00\x8f\x0e\x00\x00")

func linuxIptablesServer_startShBytes() ([]byte, error) {
	return resourceSetBindataRead(
		_linuxIptablesServer_startSh,
		"linux-iptables/server_start.sh",
	)
}

func linuxIptablesServer_startSh() (*asset, error) {
	bytes, err := linuxIptablesServer_startShBytes()
	if err != nil {
		return nil, err
	}

	info := bindataFileInfo{name: "linux-iptables/server_start.sh", size: 3727, mode: os.FileMode(436), modTime: time.Unix(1790391574, 0)}
	a := &asset{bytes: bytes, info: info}
	return a, nil
}

var _linuxNftablesAcl_addSh = []byte("\x1f\x8b\x08\x00\x00\x00\x00\x00\x00\xff\xc4\x58\x7f\x53\xdb\xd8\x15\xfd\x5f\x9f\xe2\xee\xb3\x88\x21\x3b\x46\x90\xf1\xbe\xd9\x35\x31\x53\x42\x4c\xe2\x59\xaf\x61\x30\xc9\x4e\x27\x49\x35\x8a\x24\x07\xb5\x42\x76\x2d\xd9\x9b\x16\x3c\xe3\xb4\x21\x98\xd4\x24\xec\x84\x69\x36\xc4\xec\x84\x4c\xb6\xf1\x6e\xb3\x26\x69\xb7\x81\x01\x07\xbe\xcb\xd6\xfa\xe1\xbf\xfc\x15\x3a\x92\x6c\x59\x36\x36\x29\x81\x6e\xcd\x3f\x7e\xf2\xf5\xb9\xe7\x9d\x77\xdf\x3d\xd7\x78\x3e\xa2\x6e\x0a\x12\x75\x93\x91\x67\x09\x0f\xe8\x6b\x6f\xf4\xf2\xa6\xbe\x7a\xaf\xb6\xf1\x5c\xdb\x38\x30\x5e\xff\x59\x5f\x2b\xd5\x2b\xeb\xd5\x9d\x5d\xad\xb0\xa4\x96\xd7\xd5\x62\x49\xdf\x3d\x50\xcb\xcf\xb5\xfc\xb6\xfe\xf7\xad\x9f\x73\x45\xf5\x7e\x49\xcb\xdd\xd1\xb6\xf7\xd4\xfb\xcf\x7e\xce\x6d\xa8\x0f\xb7\x8c\xf2\x41\xed\x71\x59\x7f\xf7\xb5\xbe\x57\xac\x57\xf2\x63\xe3\x91\x7a\x65\xf9\xdf\xb9\x3f\x49\x71\x85\xb9\x29\xf2\x32\xe8\xcb\x79\xad\xf8\xaa\x5e\xc9\xd7\x72\xeb\xfa\x5a\x09\x22\x82\x94\xbe\x5d\xaf\x14\x6a\xc5\x1c\xc8\x69\x2e\x61\x87\x13\x1e\xa8\xbe\x3b\xd0\xd7\x4a\x6a\x71\x57\x7b\xb2\x55\xaf\xac\xab\xab\x5b\x66\xf8\xcc\xe4\xcc\x14\xe8\xeb\x77\xf5\xb5\x92\x96\xdf\xae\x57\x0a\x57\xa7\xa2\x60\x94\x5f\x18\x5b\x77\x6a\xb9\x75\xe3\x60\x49\x5d\x7d\xa0\x2e\xe6\xab\x3b\x2b\xda\xda\xbe\xb1\x59\x00\x8b\x41\x41\xdd\x5f\x54\x17\xdf\xaa\xc5\x92\xc3\xde\x58\xfa\x41\xbd\xff\x7d\x6d\xf3\x5f\xb5\x8d\xe7\x84\x07\x8c\xfd\x47\xea\xe2\x77\xf6\x7e\x6a\x3f\x14\x8c\xad\x3b\xfa\xb3\x16\xa2\xc9\xcf\x12\x45\xbd\xb7\x62\xeb\xa2\x15\x5f\x19\x77\xd7\xb5\xe2\x2b\x3b\x4d\xbd\x92\xd7\x9f\xec\xa9\x4b\xbb\xda\xe3\xb7\xfa\xda\x1b\x60\x58\x91\xe6\x78\x71\x50\x9e\x05\xf5\xe9\xb7\xda\xda\xdb\xe6\xb6\x08\x0f\x68\xcf\x96\xd4\xa5\x7b\x76\xc2\x7a\x25\xaf\x6d\x3d\x34\x36\x0b\xd5\x9d\x9c\xb6\xb1\x59\xaf\x2c\xd7\x2b\xeb\x84\x07\x00\x32\x42\x4a\x49\x33\x22\x2d\x24\x03\x30\x3c\x34\xf8\xe9\xe0\xd0\xe0\x27\xd0\x78\x79\xa0\xba\xb3\xa7\x16\x5f\xab\x1b\x39\x13\xa0\xb8\x0c\xe1\xa9\x8c\x1f\x4c\x7d\xcc\x37\xe6\x7e\x57\xff\xa6\xe6\x9f\x98\x2b\x5c\xaf\x2c\x77\x00\xfa\x0f\x21\x7a\x40\x2d\x7f\x5b\x7b\xb2\x68\xe3\x38\xc8\xfa\xee\x96\x05\x01\x8e\x6a\xd5\x9d\x5d\xfd\xfb\xdd\xc3\x90\x38\x00\x71\x76\x68\x28\x10\x38\x07\x5d\x20\x71\x03\xd2\xfa\x52\x5a\xe6\x53\x12\x33\xc7\x07\x80\x11\x05\x96\xb7\x9e\xf9\x3d\xc3\x43\x83\xd6\x1f\xf5\xa9\xf5\x00\x7b\x2c\xb8\xe1\x40\x80\xc2\x7e\xc2\x03\xee\x92\x54\x97\x57\xaa\x95\x75\xed\xe9\x81\xb6\xf2\x1c\x68\xfa\xcb\xc9\xe9\xcf\xc3\xd1\x4b\xf4\xc5\xf0\x34\x4d\x03\x05\x34\x1d\x0b\x4d\x5f\x0d\x4d\xd3\xe1\x8b\x1d\xeb\xe8\x4c\x68\x7a\x62\x6c\x3c\x44\xd3\xce\x51\x38\xa7\xf8\x68\xa5\xfa\xae\xa8\xaf\xdf\x35\x36\x4b\x54\xed\xd1\x3e\x55\x7b\x7a\x4f\x5d\xcd\x57\x77\x1e\x80\xbb\x72\x81\x15\x05\x5e\x52\xe8\x84\x24\x0a\x12\x6f\x9d\x6e\xb9\xa0\x2e\x96\xaa\x3b\x39\x63\xe9\xa7\xe6\xd1\x09\x12\xaf\x40\x22\xc9\x4b\x99\xa4\x44\x9b\x95\x70\xde\x61\x34\x6a\xd6\xae\x59\x1d\x50\x7b\xb4\x0f\x1f\x43\x22\x73\x5e\x16\xb8\x51\x5a\xa6\x29\x8e\xa6\x58\xfa\xfc\x2c\x23\xcf\x8e\xf6\x9b\xc7\x30\x00\x66\xf6\x66\x00\x96\x69\x0a\x73\x34\x85\xdd\x31\x78\x80\x20\x22\x93\x97\xe8\x89\x70\x24\x14\x44\x1d\x52\x30\x69\x65\x76\x50\x4c\xdc\x42\x84\x93\xdd\x8c\x71\x89\xd3\xfa\xa4\xa9\x8c\x3b\xa0\xa5\x16\x22\x22\x93\xe3\x9f\xf7\xc8\xc2\x8a\x83\x62\x82\xfd\x1d\x22\x08\x21\x0e\xd7\xc0\x77\x1b\xa8\xb4\x9c\xa2\x64\xb3\xb1\x48\x71\x05\x6e\x8c\x80\x32\xcb\x4b\x84\x59\x13\xd1\x89\x99\x20\x32\x2f\x79\x7b\x0c\x22\x78\x51\xe6\x3b\x22\xac\xe7\x71\x81\x20\x66\xc6\x2e\x44\x42\x74\x74\xec\x8b\x50\x10\xb9\x45\x25\x9d\x9d\x20\x62\x6c\x3c\x42\x8f\x5f\x1e\x0b\x47\x83\x88\x61\x45\x44\x5c\x1e\x8b\x5d\xa6\x23\xa1\x68\x70\x18\x13\x84\x98\xb8\x45\xcf\xf1\xb2\xcc\xdc\xe2\xfb\x07\x60\xde\xca\x23\x26\x58\x46\x04\x91\xcf\xf0\x62\x10\x91\xc3\xc8\xf5\xb0\x11\x1a\x44\xe4\x39\xfb\x31\xcf\xce\x26\x00\x91\xfd\x1c\xa3\xf0\xe0\xfd\xb8\xef\xd7\xbe\xbe\x39\x5f\x1f\x07\x7d\x97\x03\x7d\x5f\x04\xfa\x62\xde\x01\xb8\x46\xce\x5b\x58\xd9\x1b\x40\xce\x37\x00\xb2\x08\x46\x47\x01\x91\xcd\x03\x42\x44\x96\x20\x44\x41\x56\xe8\x8c\x9f\x66\x05\x2e\x25\x3b\x6c\x94\x14\xf8\x38\xf0\x5e\x4f\x79\xe1\x3a\xd1\xbc\x40\x0b\x20\xf3\x1c\xf8\x24\xf0\xca\xd4\x6f\xae\x5d\x0b\xc8\x49\x86\xe5\x03\x37\x6e\x9c\xf5\x7b\x28\x2a\x79\x38\xd2\x2b\x53\xee\x28\x92\xa2\xda\x63\x6e\xa5\xf8\x24\xf8\x32\xe0\x6d\x03\x23\x3b\x80\x12\x29\x05\x7c\x69\x22\xdb\x60\x8a\x4f\xc4\x14\xff\x22\x4c\x89\xf1\x48\x38\x14\x9d\xa1\xc3\x53\x41\x84\x5a\x0b\x7f\xdb\x0a\x9b\xab\x2b\xb1\xd0\xb4\x5d\x48\x76\xc9\x44\xc2\xd1\x50\xcc\x5c\x7c\x35\x2b\x88\x3c\x84\x27\x62\x41\x48\xf1\x0c\x07\xbe\x14\xd0\xe6\x0d\x1f\x01\x2e\x61\xe5\xb4\x56\x41\x44\xce\x5b\x6f\xfa\x48\x53\x81\xac\x5d\x1e\x2c\x23\xf3\x80\x48\xeb\x03\x04\x82\xe4\x70\x74\x37\xdc\xb3\x03\xce\x63\xf3\xe5\x22\x49\xf6\x27\x53\x82\xa4\xc4\xc1\xdb\x27\x5f\x97\xbc\x2d\xa4\x36\x55\xdd\x58\x6e\x51\x2c\x7d\x17\x9a\xc7\x02\xde\xf6\x34\x23\x23\x5d\xc8\xe0\x9e\x64\xf0\xb1\xc9\xe0\x93\x92\xe9\xc9\xe5\xd8\x54\x3e\x8c\x89\x63\x46\x1d\x3c\x9c\x4a\xf9\xef\x68\x38\x30\x9d\x24\x7a\x26\xf6\x7b\xce\x2e\x60\x4f\x47\x56\x57\x4d\x92\xf3\xce\x22\xdb\xa8\xba\x2c\x22\xbd\xd7\x25\x6f\x37\x44\x5e\x66\x58\x82\x4b\x48\x7c\xb3\x0b\xff\x11\x10\xe9\x68\x89\xda\x9a\xb0\x1d\x20\xb9\x03\xfc\x4e\x84\xeb\x00\xda\x3e\x1f\x01\xb3\x45\x77\xff\x14\xa3\x11\x88\x0b\x66\xaf\x7e\x6f\x6e\x57\x2b\x06\xf4\xe5\xd8\x74\x34\x1c\xbd\x84\xc0\xec\xd9\x34\xc3\x71\xfd\x52\x5c\x19\x00\xbd\xb2\xab\xbe\xfe\xda\x55\x23\xf5\x4a\xc1\xd8\xfe\xa7\x71\xb0\xd4\x68\xc7\xb7\x05\x05\x86\x2d\x6b\x18\x0f\x5f\x9c\x8e\x75\xbb\x42\x8e\x76\xe6\x39\xb5\xf5\xdc\x01\xfb\x4b\xdd\x4a\xbd\xcb\x97\x70\xf3\x4b\xae\x9d\x59\x39\x11\xdc\x80\x33\x67\xda\x9e\xe1\x23\xb6\x1a\x8e\x4e\x4c\x22\x40\xf6\xd0\x0a\x57\x64\x3e\x05\x64\xb3\xc4\xe0\xaa\xbd\xd3\xf0\x54\x00\x5a\xba\x81\xf6\xf8\x59\x63\x76\xd5\x1e\x3f\xab\x15\x73\xf6\x9c\xe9\x92\x60\xc8\x92\x40\x88\xc3\x47\x40\x46\x27\x66\x2c\xc6\x60\x8d\x2a\xf6\x00\x82\xc8\x96\x73\x22\x18\xa5\x38\x3e\x43\x49\x69\x51\x84\x73\xa3\x67\x86\xdf\x7f\x26\xce\xd8\x63\x6c\x96\xc0\x05\x05\xd5\x9d\x15\xf5\xc7\x6f\xd4\x62\xc9\x39\x17\x9b\x5a\xbf\xb1\xb5\xad\x6f\x96\x8d\xf2\x0b\x90\xf9\x54\x86\x4f\xd1\xb2\xc2\xa4\x14\x6b\x48\xda\xfe\x87\xb6\xfc\xd2\xd8\x2c\x0c\x1c\xe2\x7f\x52\x99\x1a\xbf\x40\x9c\x59\x1f\xd4\x4a\x4e\x7d\xf9\x17\xab\x94\x10\x41\xf4\x37\x4b\xfe\x23\x88\x9b\x63\x0a\xf8\xbe\x02\x3c\x04\x9f\xb9\xf6\x7f\x84\x06\xc7\x21\x62\x3c\xd8\x56\x1f\xfe\x75\x6c\x3c\x52\x5b\xbb\x63\xbc\x5d\xd4\x1e\xbf\xed\xd4\xa7\xb6\xf7\x8d\x51\x7e\x71\x71\x7a\x72\xaa\x21\x83\x4b\x0a\xf3\xad\x29\x07\x58\x93\xb3\xcf\x79\xd9\x03\x79\x6b\xdd\x79\x83\x3b\x8a\xb1\xc7\xad\x76\xb2\x99\x73\x51\x97\xca\x6f\xc2\x2c\x80\x3c\xcb\x9c\xfb\x04\xcb\xe9\x39\x58\x00\x36\xad\x80\x8f\x1d\xf6\x91\xcd\x69\xaa\xd5\xac\x62\xd3\xe3\x74\x2c\x34\x13\x44\x89\x0c\x39\xef\xcc\x61\x59\x5a\xa6\xc9\x79\x33\x3a\xdb\xda\xe0\xc5\xd8\x4c\xd7\x50\xee\x70\x68\xec\xca\x85\xe6\x14\xd7\x11\xcc\xb6\x82\x9d\x68\xab\xe8\x19\x8e\x03\x99\x57\xba\x55\x3c\x22\x1b\x2c\x11\x78\xe7\x41\xf9\x43\x92\x07\x21\x99\xf1\x9b\x8d\x26\x05\x23\x90\xf5\xc2\x39\xd7\xa5\x58\x30\xdd\x22\xcd\x1f\x03\xbd\xb1\xb1\xee\xe8\x71\x91\xb9\x25\x83\x20\x29\x7c\x2a\xc3\x88\xbd\xd3\x39\xf9\xe2\x89\x14\x98\xbd\x06\x04\x09\x1a\xe7\xe1\x0c\x1f\x87\x38\xf1\x22\x3f\xc7\x4b\xef\xe3\x85\xe6\x81\xb4\x20\xb3\xe8\xc8\xad\x5a\xbe\x71\xbc\x1c\x8e\xb2\x66\x8e\x56\xc1\xf5\xca\x74\x18\x9d\x9d\x65\x04\xa9\x07\x76\xb3\x0a\xde\x83\xd5\xea\x7c\x3e\xc6\x6e\x7e\x47\x80\x3a\x3f\x10\x3a\x40\x1b\xb3\xe6\xef\x27\x00\xfd\xca\xd9\x55\xc7\xa5\x69\x23\x9e\x4a\x77\xef\xaf\x6d\x29\x84\x24\xc8\x56\x21\xb8\x40\xe1\xb7\xe9\xb9\xe4\x91\xdb\xbb\xde\x96\xf1\x88\xb6\x64\xff\xbf\xa5\xba\xb3\x57\x7b\xb4\x6f\xbc\xbc\x6b\xfe\xd0\x6f\x65\x07\x27\x25\xa8\x2f\xde\x18\x3f\x7d\xd7\xba\x5f\x71\xe1\xc3\xc4\xeb\x45\xb9\x4d\xbc\x66\xd9\x7d\x98\x78\xae\x14\x42\x12\xb8\xa6\x78\x4e\x2d\x33\x2c\xcb\x27\x95\x13\x2a\xa6\xfe\xb8\xea\x52\xcc\x49\x09\x4e\x9e\x6e\x8a\x75\xf7\x88\xe3\x3b\x95\x1f\x6c\x1b\x50\xcb\x05\x2d\xbf\x6a\x8f\x3a\x72\x8a\x0d\x3a\xa7\xc5\xc9\x4a\xd0\x21\x62\x9d\x46\xd0\x25\xcb\x91\x0e\x81\xdf\xe3\x10\xb8\x87\x43\xe0\xee\x0e\xd1\x6d\x38\x6a\xe2\x1c\xc7\x22\x70\xd7\xc6\x8f\x9b\x26\x81\xdb\x5d\xa2\x47\x34\xd7\x25\x3a\x76\xe5\x02\xee\xe1\x14\x98\x75\xc5\x1f\xcf\x2b\xf0\xa1\x76\x8e\x4f\xd3\x2c\x8e\x80\x3f\x05\xb7\xc0\x1f\xee\x16\xf8\x97\xb0\x0b\xdc\xc5\x2f\xf0\x69\xf9\x05\xfe\xff\x19\x06\x3e\x2d\xc7\xc0\x6d\x96\x81\x3b\x3d\xa3\xd7\x16\x4f\xd3\x34\xf0\x69\xbb\x46\x77\xd2\x9d\xb6\x71\x12\x09\xdd\x49\x4c\x0d\xdd\xce\x81\xff\x97\xd6\x81\xdd\xde\xd1\x53\xb8\x93\x98\x07\x0e\xb4\x5d\x95\xde\xee\x81\xdb\xec\x03\x77\xf8\x07\xee\x30\x90\x01\xf8\x6c\x14\x91\xce\x3f\x74\x11\x41\x34\x7e\x82\xfc\x27\x00\x00\xff\xff\x70\x68\xef\xed\x0d\x1a\x00\x00")

func linuxNftablesAcl_addShBytes() ([]byte, error) {
	return resourceSetBindataRead(
		_linuxNftablesAcl_addSh,
		"linux-nftables/acl_add.sh",
	)
}

func linuxNftablesAcl_addSh() (*asset, error) {
	bytes, err := linuxNftablesAcl_addShBytes()
	if err != nil {
		return nil, err
	}

	info := bindataFileInfo{name: "linux-nftables/acl_add.sh", size: 6669, mode: os.FileMode(436), modTime: time.Unix(1790391578, 0)}
	a := &asset{bytes: bytes, info: info}
	return a, nil
}

var _linuxNftablesAcl_delSh = []byte("\x1f\x8b\x08\x00\x00\x00\x00\x00\x00\xff\xbc\x59\x6d\x53\xdb\x56\xf6\x7f\xaf\x4f\x71\x2a\x8b\x1a\x37\x75\x0c\x19\x7a\xa7\x85\xbf\x33\x7f\x0a\xa6\xf1\xd4\x75\x32\x98\xb4\xbb\x93\x64\x35\x8e\x2c\x07\x4d\x8c\xcc\x4a\x32\xc9\x2c\x78\xc6\x69\x21\x31\x0d\x10\x3a\xa1\x61\x21\xa6\x0d\x99\x66\x43\xfa\x00\xf4\x61\x03\x31\x4e\xf8\x2e\xad\xaf\x64\xbf\xf2\x57\xd8\xd1\x95\x2c\xc9\xb2\x4d\x70\x92\x56\x79\x11\x5f\xe9\xe8\x3c\x9f\xf3\x3b\x47\x78\xde\x0a\x5c\x16\xc4\xc0\xe5\xb8\x3c\x4e\x79\x40\x5b\xf9\x59\xdb\xde\xd4\x96\x6f\x56\x37\x1e\xaa\x1b\x87\x95\xdd\x2f\xb4\x95\xad\x5a\x69\xbd\xbc\x5f\x54\x17\x6e\xe1\xed\x75\x5c\xd8\xd2\x8a\x87\x78\xfb\xa1\x9a\xdf\xd3\x7e\xd8\xf9\x3d\x57\xc0\x5f\x6e\xa9\xb9\x1b\xf8\xfe\x37\xea\xca\xd3\xdf\x73\x1b\xf8\xce\x4e\x65\xfb\xb0\xba\xba\xad\x3d\xff\x4a\x3b\x28\xd4\x4a\xf9\xc1\xa1\x48\xad\x34\xff\x47\xee\x73\x31\xa9\xc4\x2f\xa7\x78\x19\xb4\xf9\xbc\x5a\xf8\xb1\x56\xca\x57\x73\xeb\xda\xca\x16\x44\x04\x31\x73\xbd\x56\x5a\xa8\x16\x72\x20\x67\x12\x69\x83\x9c\xf2\x40\xf9\xf9\xa1\xb6\xb2\x85\x0b\x45\x75\x6d\xa7\x56\x5a\xc7\xcb\x3b\x3a\xf9\xd8\xd9\xb1\x73\xa0\xad\xcf\x6a\x2b\x5b\x6a\x7e\x0f\x17\xb6\x2c\x75\x2a\xb7\xbe\xc7\x5f\x3e\xa9\x6e\xfe\xb7\xba\xf1\x50\x5b\x3b\xc0\xb7\x8a\xea\xea\x53\x9d\xb1\xc3\x1a\xb5\xf0\x63\x65\x76\x5d\x2d\xfc\x68\xa8\xac\xae\xbc\xa8\x6c\x2e\x10\x71\x94\x07\xd4\x07\xb7\xf0\xad\x9b\x95\x17\x77\xf1\xdc\xa3\x5a\x29\xaf\xee\xdc\xa9\x6c\x2e\x94\xf7\x73\xea\xc6\x66\xad\x34\x5f\x2b\xad\x53\x1e\x00\x98\x12\x24\x25\x13\x4f\xb1\xc2\x64\x3f\xf4\xf6\x9c\x7c\xff\x64\xcf\xc9\xf7\xc0\xbc\x3c\x50\xde\x3f\xc0\x85\x5d\xbc\x91\xd3\x19\x14\xe6\x21\x7c\x6e\xaa\x0f\x74\xbd\xf5\x1f\xb5\xd2\x02\x5e\xfe\x0f\xce\xaf\xe9\x27\x54\x2b\xcd\xbb\x18\xf6\x35\x71\xf4\x00\xde\xfe\xa6\xba\x36\x67\xf0\xb1\x38\x6b\xc5\x1d\xc2\x02\x2c\xe3\xcb\xfb\x45\xed\x49\xb1\x99\x25\xea\x87\x24\xd7\xd3\xd3\xdf\x7f\x0a\x5a\xb0\x44\x26\x4b\xf2\x52\x46\xe6\x25\x31\x3e\xc1\xf7\x43\x3c\x25\x70\x3c\xb9\xd7\xe7\xe9\xed\x39\x49\xfe\x05\xde\x27\x37\x90\x87\xb0\xeb\xed\xef\x0f\xa0\x3e\xca\x03\x4e\xe7\xe2\xf9\xc5\x72\x69\x5d\xbd\x7f\xa8\x2e\x3e\x04\x96\xfd\xec\xec\xe8\xc7\xe1\xe8\x47\xec\x70\x78\x94\x65\x21\x00\x2c\x1b\x0b\x8d\x7e\x1a\x1a\x65\xc3\xc3\xae\x73\x74\x2c\x34\x3a\x32\x38\x14\x62\x59\x3d\x14\x54\xe4\xec\x47\xec\x48\x38\x12\x0a\xd2\x2e\x26\xf1\x8c\x32\x7e\x32\x95\xbe\x42\x53\x16\x27\x9d\xc6\xc1\xd6\x7e\x52\xe7\xe9\x24\xb0\xe5\xd0\x54\xe4\xec\xd0\xc7\x6d\xa4\x70\xa9\x93\xa9\x34\x77\x95\xa6\x28\x21\x09\x17\xc0\x7f\x1d\x02\x19\x59\x0a\xc8\x7a\xa9\x88\x49\x05\x2e\x0d\x80\x32\xce\x8b\x94\xee\xcd\xe8\xc8\x58\x90\xd6\xd3\xb6\x91\x86\xa6\xf8\x94\xcc\xbb\x28\xc8\xfd\xa4\x40\x51\x1e\xe0\xd2\xa2\xa8\x48\x71\xee\xaa\x9e\x1b\xe5\xe2\x92\xba\x3f\xa7\x2d\xdf\xac\xec\x3c\xb2\x02\xaa\xad\xcf\x56\x0e\xbf\x51\x97\x1e\x55\xf6\xbe\xad\xec\x7f\xdf\xad\x7d\xf9\x54\xcd\xdd\xa8\x6c\x6e\xf9\xfe\xc8\x7d\x9e\x4c\x4b\xd7\xe2\x52\x02\xaa\x77\x5f\xe0\x9d\x67\x10\x8a\x8d\x0d\x7e\x18\x09\xc7\xce\x84\x86\xdf\x1d\x0d\x45\x06\xc7\x42\xc3\x50\xde\xcf\xe1\x17\xb7\x8d\x04\xaf\x95\x16\xf4\x7a\x3a\x98\xc3\xf9\x07\xd5\xb5\xef\x60\x70\x28\x02\x95\xc7\xb3\x38\xbf\xa6\xae\x3e\x50\x7f\xfd\x5a\xbd\xf7\x13\x2e\xe5\xf0\xde\x2f\xf8\xa0\xa8\xfd\x70\xdb\x12\xad\xe7\xeb\xe1\x5c\x75\xf3\x00\x2f\x2f\xa8\xab\x4f\x75\x25\x9f\x14\xf1\xdc\x53\x4b\x17\x75\x63\x53\xbb\xbf\xad\x07\x6d\xe8\x6c\x34\x3a\x36\x3a\x38\xf4\x71\x90\xa6\xa9\x64\x5a\x02\x96\x53\x40\x10\x1d\x5e\xb1\x4d\x6e\x3a\xeb\x34\xae\x5b\x0d\xc7\x01\x48\xa4\x89\x2f\xeb\xf1\xa0\x19\x96\x53\xe8\x7a\x20\xc0\x21\x9c\x38\x9a\x3c\x1d\x80\xcb\x12\x1f\xbf\x3a\x00\x49\x81\x4a\xa4\x45\xde\x0c\xe6\xbf\x80\x66\x2c\x7a\x1a\x2e\xc1\xdb\x6f\x03\x97\x9e\x98\x88\x8b\x09\xf0\x4f\x39\x02\x73\x3a\x90\xe0\xa7\x02\x62\x26\x95\x82\x53\xa7\xdf\xee\x75\xc4\xdc\x2d\xce\x7a\xc7\x88\xae\x1e\x8b\x10\x1b\x1d\xfc\x24\x14\xa4\xd3\x93\xbc\x38\x35\x29\xea\x39\xc5\x32\x56\x9e\xd2\xd4\xe0\x50\x84\x1d\x3a\x33\x18\x8e\x06\xe9\x38\x97\xa2\xa9\x33\x83\xb1\x33\x6c\x24\x14\x0d\xf6\x22\x8a\x4a\xa5\xaf\xb0\x13\xbc\x2c\xc7\xaf\xf0\xdd\x3e\x98\x26\x32\x53\x69\x2e\x9e\x82\x14\x3f\xc5\xa7\x82\x34\xd3\x4b\x3b\x6e\x9a\xa4\x41\x9a\x39\x65\xdc\xe6\xb9\xf1\x34\xd0\x4c\x77\x22\xae\xf0\xe0\x3d\xd1\xf5\x77\x7f\xd7\x84\xbf\x2b\x01\x5d\x67\xfa\xbb\x3e\xe9\xef\x8a\x79\x7d\x70\x81\x99\x26\xbc\xb2\x97\x80\x99\x36\x19\x64\x69\x38\x7d\x1a\x68\xa6\x5e\x7e\x34\x95\xa5\xa8\x94\x20\x2b\xec\x54\x1f\xcb\x09\x09\x49\xb6\xb4\x51\x24\xf0\x27\xc0\x7b\x51\xf2\xc2\x45\xaa\xde\x58\x66\x40\xe6\x13\xe0\x17\xc1\x2b\x07\xfe\x71\xe1\x42\xbf\x3c\x19\xe7\xf8\xfe\x4b\x97\xde\xe9\xf3\x04\x02\x93\xcd\x94\x5e\x39\xe0\xa4\x62\x02\x81\x46\x9a\x2b\x12\x3f\xa9\x87\xc4\xdb\xc0\x8c\x71\x31\x4a\x4b\x0a\xf8\x33\x54\xd6\xd4\x14\xbd\x96\xa6\xe8\x2f\xd1\x54\x87\x1a\x52\x4a\x26\xaa\xd6\x4b\x1e\xc2\x04\xd9\xda\x94\xbd\x51\x6b\x3a\xac\x14\x97\x03\xda\xfd\x6d\x6d\x7d\x56\xbd\xf7\x0c\x2f\x7f\x65\x00\xe6\x65\x5e\x56\xfc\x7c\x32\x99\x96\x14\xbd\x6c\xbf\xfb\xb9\xf2\xdb\xa3\xf2\xfe\x22\x7e\xfe\x33\xbe\xbb\x48\x2a\xde\x80\x3c\xbd\x58\x93\xa9\x8c\x3c\xce\x5a\x69\xeb\x4a\x32\x61\xd2\xce\x30\xb3\x60\x84\x49\xb3\x52\x24\x5e\xc9\x48\x22\xf4\x38\xaa\xd1\x5d\x50\x8e\x42\x31\x78\x5a\xc9\x0c\xf4\x67\x83\xa3\xd1\x70\xf4\x23\x1a\x68\xbb\xce\x74\x25\xef\xec\x90\x49\x63\xa1\xb2\xf7\x6b\xe5\xf0\x96\xd1\x0c\x81\x11\x26\x8f\x70\x07\x6d\x49\x68\xd0\x29\x29\x38\x2c\xe1\x44\x85\x9c\x38\x51\x09\x32\xdd\xb6\x96\xe0\x1f\x06\xbf\x6c\xda\x75\xca\x51\xe8\x33\x70\x8d\x03\x7f\xca\x47\xde\x72\xd1\x27\x5a\xd1\xcf\x80\x22\x65\x78\xaa\xc9\xd0\x70\x74\xe4\x2c\x0d\x34\xde\xfb\xc5\x30\xc6\x8e\xf1\xd1\x56\x81\xd1\xa1\xd5\xe2\xb2\x11\x6e\xf5\xeb\xdd\x20\x33\xcd\x89\x4a\x96\x54\xe3\x50\x24\x1c\x8a\x8e\xb1\xe1\x73\x7a\x97\xb5\x0e\x7d\x0d\x27\xa4\x9f\xce\xc7\x42\xa3\x46\x07\x32\x7a\x4d\x24\x1c\x0d\xc5\xf4\xc3\xb5\x71\x21\xc5\x43\x78\x24\x16\x04\x89\x8f\x27\xc0\x2f\x01\x9b\x12\x44\xde\x6a\xb1\xe4\x14\xa4\x99\x69\xf2\xa3\x8b\xd1\x4b\x27\x6b\x38\x9b\x8b\xcb\xbc\xde\x7a\xf5\x07\x34\x08\x76\x8c\x9d\x13\xcc\x3b\x3e\xeb\x36\xe9\x95\xb6\x92\x4c\xf7\xa4\x24\x88\x4a\x12\xbc\x5d\xf2\x45\xd1\x6b\x73\x6a\x28\x47\x27\x2f\x67\x35\x91\xc2\x9c\xa9\xd7\x33\x78\x1b\xc5\x0c\x0c\xb4\x50\x06\xb5\x55\x06\x75\xac\x0c\x7a\x5d\x65\xda\xea\xd2\xb1\x2a\xaf\xa6\x89\x35\xdd\xb9\xf4\xb0\x32\xe5\x78\x6a\x58\x6c\xdc\x4a\xb4\x15\xdc\xe7\x79\x67\x06\x79\x5c\x52\x1d\x39\xc9\x4c\x5b\x87\xac\x99\x75\x59\x9a\xf1\x5e\x14\xbd\xad\x38\xf2\x72\x9c\x33\xe0\xdc\x89\xe7\x75\x5f\x36\xb6\x1f\x83\x40\x74\x12\xf4\x39\x86\x06\xbb\x96\x9c\xcf\x07\x40\x9f\xdc\x5a\x3f\x45\x34\x99\x26\x92\xc2\xcb\x65\xb7\x69\x7b\xfa\x1c\x90\xe0\x53\xdd\x62\x52\xf1\x81\x56\x2a\xe2\xdd\xaf\x1c\x39\x62\x75\x40\x13\xc7\xaf\x0b\x0a\xf4\x9a\x13\x23\x9e\xcb\x1b\x0d\x1c\xc8\x4a\xb5\x80\x6f\x2e\x1a\x20\xd2\xa6\x93\xd4\x4a\x64\xbb\x0a\xfd\x2d\x3c\x06\x8a\x14\x9f\x84\xf2\xe1\x46\x65\xe7\x06\x2e\x6c\xa9\xf3\x39\xb5\x30\x6f\x30\xab\xec\xed\xe0\x17\xb3\xe5\x67\xb7\xf1\xf2\x92\x3a\xff\xd8\x9a\x15\xab\x37\x0e\xf1\xdc\x22\x9e\xcb\xab\xfb\x73\x8e\x99\x08\x2f\x2f\xfd\x91\xbb\x41\xc0\x64\x77\x5d\x2d\x7c\x6f\x76\xab\xc2\xb7\xd5\xd5\xdf\xd4\x7b\xbb\xfa\xf8\x68\xb5\xb6\x87\x3f\xa8\xa5\x3b\xea\x12\x59\xe6\x88\x02\x5e\x17\xec\x80\xcb\xef\x47\x3c\x46\xb4\x97\x58\x42\x51\x43\xe1\xe1\xd1\x58\xab\x5e\x62\x25\x91\x9e\xb0\x0d\x53\x8b\xcf\x78\xa9\x55\xcd\xb7\x78\x09\xd5\x5f\x72\x84\x98\xc8\x34\x11\xd0\x79\x0f\x1d\x2b\xe6\xc6\xa6\x0a\xe7\x65\x5e\x02\xa6\x5e\x6e\xf0\xa9\x11\xf5\xf0\xb9\x7e\xb0\xed\x04\x75\xf5\x81\x31\x9d\x6f\xef\xe2\xe7\x5f\xbb\x10\xd1\x91\x15\x3d\x24\x2b\x84\x24\xbc\x05\x4c\x74\x64\x8c\xe8\x0e\x64\xc1\x06\x41\xe4\x15\xa0\x19\x7b\x0a\xa5\x8f\x18\x65\xdb\xa8\x6c\x2d\xeb\x95\xcd\x2d\x70\xb0\x22\x60\xfd\xd3\xbf\x71\xc1\x0d\xd6\x4d\xaa\xb5\x42\xc3\x4e\x1c\xe1\xfc\xb0\x60\x4c\x2f\xa5\x1c\x7e\x7c\x9b\x14\x0e\x4d\x51\xdd\xf5\x02\x7f\x0b\x92\xfa\xae\x06\xfe\x6b\x80\x7a\xe0\x83\xe3\x0d\x1f\x9d\x28\x52\x59\xda\xc3\x77\xee\x0d\x0e\x45\xaa\x2b\x37\x2a\x4f\xe7\x8c\x4f\x0a\x86\xe9\x62\x52\x71\x5a\xef\xf0\x00\x18\x93\x08\xf9\xdf\x03\x7e\xeb\x32\xd6\x78\xfb\xec\x6e\x53\xae\x44\x6b\xd3\xba\x2c\x69\xfa\xd6\xd0\x22\xab\xeb\x6c\x66\x40\x1e\x8f\x9f\x7a\x0f\xc9\x99\x09\x98\x01\x2e\xa3\x80\x9f\xeb\xf5\x33\xf5\x5d\xc3\xee\xc8\xb1\xd1\x21\x36\x16\x1a\x0b\xd2\xe9\x29\x66\xda\xda\x52\xb2\xac\xcc\x32\xd3\x3a\x75\xd6\x36\x70\x38\x36\xd6\x92\x34\xd1\x4c\x1a\x3b\xff\x61\x7d\xc7\x71\x11\x73\x36\xb1\x45\xed\xca\x65\x99\x57\x5a\x65\x32\xcd\x98\xba\x1e\x95\xd4\x2f\x89\xbe\x5a\x5c\xae\xde\xbf\x09\x75\x4e\x76\x4e\x77\xe3\x3b\x3b\x95\x2f\x9e\x5b\x43\x9b\x9a\xbf\x87\xef\xe6\xf1\xfe\x82\x4e\xb1\xf0\xac\x3a\xb7\xe8\x83\x0e\x52\xa7\xcf\x91\x16\xf5\x8f\x01\xf5\x8b\x18\x9a\xe0\x53\xbc\xc2\x03\x9f\xe2\x27\x78\xf1\x65\xe6\xd2\xd3\x4e\xd6\x90\x6d\x1a\x44\x2f\x36\x08\x38\xc2\xfe\xf2\xc1\x92\x6d\xbc\xf6\xf8\xa0\xba\xf6\x5d\x03\x6b\x63\x77\xb0\x9d\x61\xf9\xc7\xe7\x08\x97\x7e\x8d\x86\x3e\xd1\xa3\xdb\xdb\x6c\xd9\x31\x43\xd8\x38\x7a\x1b\x5b\xd4\x3f\xc1\x6b\x3a\x44\xf6\xea\x66\x99\x42\x7a\xa8\xf6\xa1\xed\xbc\xbd\xf4\x99\xcb\x90\x81\xc3\xb2\xc4\x05\x6d\x87\x1c\xcc\x02\x29\x11\xc0\xf3\x4f\xca\xcf\xd7\x82\x8c\xa1\x81\xcb\x76\x52\xb4\x74\xfd\x19\x04\x81\xee\x69\xae\x4f\xbb\x4e\xa3\xc3\x11\x7d\xc2\x22\xce\xf1\xc7\x0d\xff\x70\xe3\x71\x41\x6c\xed\x21\xeb\xf3\x40\xa3\x8f\x9a\x43\x0c\x64\xb5\x8c\x5f\xbb\xaa\xaf\x9f\x72\x90\xfe\x7f\xdb\xb9\x5e\x41\x4c\xf0\xd7\xbb\x99\x9e\x77\x65\xdf\x74\x32\x2d\x75\x0b\xc1\xde\x01\xe1\xff\x82\xd1\x91\x01\xe1\xc4\x09\x1f\x08\xc9\x6e\x46\x08\x06\xe9\xf1\xb8\x98\x48\xf1\xb4\x6f\x9a\xb4\x11\x60\xba\x85\x13\xbd\xbe\x01\xd2\xc9\xb2\x59\xd7\x58\x07\xc6\x4a\xa8\xf7\x25\xc3\x26\xb3\x57\x39\xd3\x59\xca\xb4\x06\xa1\x06\xab\x0c\xa1\x0e\x36\xed\xb6\xaa\xa6\xd4\x22\x53\xc2\x51\xbe\xb3\xda\x4e\x07\x4c\x4d\xd5\xff\x1c\xae\x1d\xd6\xc1\xeb\x70\x34\xbb\xf3\xf1\x38\xb6\xac\x21\x3b\xfb\xf7\x7e\x51\x57\x1f\xb8\xbe\xf8\xeb\x73\xa7\x01\xc9\x0d\x35\x93\x90\x95\x60\x5d\xb6\xe1\xc4\xa0\xc3\x61\x0d\x82\xcd\xfd\xdc\xf1\xb3\x1d\x4e\xa2\x97\xe0\x24\x6a\x83\x93\xa8\x35\x4e\xb6\x1a\xff\xea\x7c\x3a\x01\x4a\xd4\x12\xfe\x50\x1d\x2a\x51\x23\x56\xb6\xa1\x4e\xb4\xa0\x8e\x9d\xff\x10\xb5\xc1\x4b\xc4\x39\xe8\x5f\x05\x31\xd1\x6b\x42\x26\x09\x87\x03\x37\xd1\x1b\x07\x4e\xe4\x6c\xcf\xe8\x0d\x21\x27\x6a\x01\x9d\xe8\x4d\x40\x27\x6a\x8d\x9d\xa8\x53\xec\x44\xaf\x04\x9e\xa8\x53\xf4\x44\x6f\x00\x3e\x1b\x03\xd4\x12\x3f\x51\x23\x80\x22\x17\x82\xa2\xa3\x20\x14\x1d\x0f\x43\xd1\x5f\x06\xa2\xe8\x2f\x44\x51\xf4\x86\x60\x14\xbd\x61\x1c\x45\x7f\x0e\x90\xbe\x32\xdb\x4e\x8b\xe2\x35\xa1\xb4\x03\x96\xad\x0a\x8a\x34\x4d\x67\x35\x1c\x0f\x51\x51\x03\xa4\x22\x17\xa6\xa2\x63\x83\xaa\x0f\x3e\x38\x4d\x33\xd6\x9f\x39\x69\x8a\x32\x97\xd3\xff\x05\x00\x00\xff\xff\xf7\x96\x9a\x45\xf5\x1f\x00\x00")

func linuxNftablesAcl_delShBytes() ([]byte, error) {
	return resourceSetBindataRead(
		_linuxNftablesAcl_delSh,
		"linux-nftables/acl_del.sh",
	)
}

func linuxNftablesAcl_delSh() (*asset, error) {
	bytes, err := linuxNftablesAcl_delShBytes()
	if err != nil {
		return nil, err
	}

	info := bindataFileInfo{name: "linux-nftables/acl_del.sh", size: 8181, mode: os.FileMode(436), modTime: time.Unix(1790391578, 0)}
	a := &asset{bytes: bytes, info: info}
	return a, nil
}

var _linuxNftablesAuthSh = []byte("\x1f\x8b\x08\x00\x00\x00\x00\x00\x00\xff\x9c\x56\x6f\x4f\xdb\xd6\x17\x7e\xfd\xbb\x9f\xe2\xfc\x2e\x8e\x48\x34\xb9\xa1\x55\xc5\x8b\xac\x61\x42\x23\xed\xa2\xd1\x80\x42\xff\x6c\xa2\xcc\x32\xf6\x0d\x58\x72\xae\xb3\x6b\x87\xb6\x03\x24\x68\x4b\x4b\xd7\x00\x55\x17\x75\x1b\xa5\xa3\x7f\x60\x45\xeb\x48\x3a\x69\x6b\x29\x4b\xc7\x87\x59\xfc\x87\x57\xfd\x0a\xd3\x75\xec\x90\x14\xd2\x6a\xcb\xab\xf8\xf8\x9c\xe7\x3e\xcf\x39\xf7\x3c\x72\xd7\xff\xe3\xe3\x1a\x8d\x8f\xcb\xe6\x24\xea\x02\x7b\x6d\xcb\xae\x3c\x71\x16\x5f\xb9\xcf\xab\x5e\x65\xc3\xab\xce\x3b\xdf\xbf\x74\x6e\x3f\xf3\x1e\x97\x9c\xed\x0d\xef\xc6\xaa\xb3\xf6\x2b\xea\x82\xfd\xb9\x55\x6f\xef\x96\xbb\x5c\xb5\x9f\x5c\xb7\x57\x7e\xd8\xbf\xb5\xe2\x2c\x6f\x3a\xe5\x97\x6e\x79\xcb\x59\x7c\x65\xdf\x5d\xb2\xef\x95\xec\xea\x4d\xf7\xd1\x3c\x44\x4d\x85\x69\x05\x4b\x34\x89\x52\x64\x9a\x75\x15\x4e\xc6\x10\x4a\x67\xce\xa5\xb2\x99\xfe\x41\xa9\x7f\x38\x9d\xc4\x92\xd4\xfa\x2c\x49\x18\x0d\x0e\x9d\x91\x4e\xa7\x07\x53\xfc\xdd\xc5\xa1\xec\xe7\xe9\xcc\x19\x69\x20\x9d\x95\x24\xb9\x68\x4d\x1e\xd3\x8d\x09\x8c\x46\x52\xd9\x0b\xa9\xac\x94\x1e\xe0\x39\xcd\x07\x5e\x8c\x74\x63\x42\xca\x13\xd3\x94\x27\x48\x34\x06\xd3\x08\x00\x40\x37\x14\x59\x07\x9d\x4c\x11\x3d\x89\x85\xe3\xb8\x25\x18\xa4\x26\xb1\x70\xa2\x11\x26\xca\xa4\x01\x58\x88\xaa\xb2\x45\xa0\xfb\xa3\xc8\x97\x62\x24\x2f\x46\x54\x88\x7c\x96\x88\x9c\x4d\x44\x46\xba\x63\x30\x2a\x4c\xfb\x58\xb3\x63\x20\x4c\x07\x00\xb3\x18\xfa\xfa\x00\x0b\x21\x79\x8c\x66\x11\x6f\x69\xd8\x4f\x77\x6d\xdd\xae\xfc\x64\xaf\xbd\xb0\x1f\xce\xbd\xad\xad\x0e\x15\x08\xbd\x30\x9c\xe1\x2d\x87\xf4\xf0\xd4\x49\xe0\x29\xd7\x5e\x7b\x95\xbf\xdc\x37\x15\x28\x52\x8b\x15\x4d\x8b\xa8\x92\x56\x78\x5b\x2b\x05\x49\xbd\x41\x92\x53\xe6\x79\x6d\x49\xbd\x7f\xcf\x5d\x43\x5d\x50\xdf\xd9\xf0\xe6\x16\xea\xbb\xf7\x9c\xfb\x9b\x6f\x6b\x25\x67\xa9\xe2\x6c\x6f\xb8\x8f\x2b\x76\x65\xb5\xfd\xfc\x07\x0d\xb8\xf2\x16\x8c\xca\xaa\xca\xc6\x12\x05\x83\x59\x60\xbf\x79\x62\xd7\x56\xf6\xe7\xf7\xec\x85\xa5\xfa\xce\xb2\xfb\xbc\x6a\xaf\x3c\x75\xee\xd4\x9c\xe5\xcd\xfa\xee\x33\xb7\xbc\xee\x6c\x3f\xab\xbf\xbe\xcd\xcf\xca\xa6\xfa\x07\xa5\x4f\x07\xd3\xa9\xcc\x39\xa9\x7f\x60\x20\x9b\xc4\x18\x69\x39\x18\x05\x91\x02\x16\x5a\xa9\x61\x18\xfb\x18\xac\x49\x42\xfd\xee\x1e\xae\x6b\x4b\x4e\xb4\x3c\x71\x4a\x18\x11\xfd\x68\xd8\xde\x0f\xe1\x8e\xb6\xa7\x8f\x1d\x86\xce\x69\x7c\x42\xce\xd3\x39\x67\x7d\xd3\xde\x5b\xf0\x7e\x9e\x77\x57\x6f\xb4\x5e\xeb\x40\xd1\x37\xfc\x68\x93\x30\x2a\xe7\x09\x86\x31\x98\x99\x09\xa3\x05\xd9\x34\x2f\x1b\x4c\x6d\xe7\xd2\x72\x03\x01\xa7\xb2\xd9\xa1\x2c\x6e\x41\x80\x66\x15\xe4\x98\x91\x07\xe1\x5d\xea\x70\x56\x33\x4d\x8d\x4e\x40\xb3\xc2\x60\xd0\xac\x21\x74\x4a\x63\x06\xcd\x13\x6a\xc1\x94\xcc\x34\x79\x5c\x27\xc7\xf0\xe1\x73\x85\xa8\x49\xac\x58\x70\xa5\xaf\x68\x16\x1c\x87\x2e\xd8\xff\xa5\xe4\x55\xe7\xed\x8d\xdf\xbc\xdf\x37\x7d\xf9\xa1\x40\x81\xaf\x96\x94\x93\x35\x9d\xa8\x12\x23\xb2\x69\x50\x29\xa7\xe9\x24\xd4\x05\x3e\x4e\x87\xa4\x24\xee\xf0\x22\x6c\xb1\x5d\x7d\x1d\x6a\xb1\xef\x95\x42\x29\xde\xde\x03\xef\x71\x69\x5c\x36\x49\xef\x49\xb7\x76\xdf\x7d\x34\x8f\x08\x55\x0c\x95\xa8\x52\x98\x9d\x14\xa2\xfe\x3a\x36\xa6\xdf\x1c\xc1\x0c\x34\xaa\x40\xbc\x0c\x3d\x30\x03\x16\x03\x51\x85\xee\x4b\xb4\x3b\xd6\x84\x08\x4f\x69\x83\x38\x98\xd7\xfb\x20\xf8\xa5\xf0\x4d\xcf\xde\x2d\xbb\xe5\x2d\x77\xeb\x8e\xbd\xbb\xd2\x60\xdb\x70\x45\x34\x69\x59\x05\x69\xdc\x50\xaf\x26\xb1\x49\xd8\x14\x61\x92\xa6\x26\x40\x68\x1a\x11\x0a\xb9\x26\x40\x78\x57\x13\x0a\x49\xb4\xbc\x0b\x43\x88\x11\x59\x97\xb4\x82\xc4\x97\x32\x71\xf8\x6a\x20\x45\xd7\x08\xb5\x24\x85\x30\x4b\x0a\xf0\x15\x23\x9f\x37\xa8\xff\x84\x11\x62\xc4\x0c\x98\x09\x51\xa5\xc8\x74\x10\x4d\x10\xbf\x80\xe1\xa1\x91\x73\x5c\x20\x16\x9a\xd4\x31\xf0\xbf\x89\x78\x5c\x68\xf5\xdf\x38\xa7\x19\xe7\xf3\xe4\x9d\xc1\x97\x2e\x51\xd3\x92\xad\xa2\x99\x8c\x4c\xfb\x95\x9c\xef\x2c\x8e\xa1\x20\x8a\x31\x3f\xb1\xa8\x5b\xfc\xdf\xe5\x49\x7e\x63\xd2\xa7\x47\x92\xc0\x88\xac\x82\xc8\x40\xd7\x28\x41\xaa\xd1\x6a\xac\x3c\xc4\xfb\x3f\xc1\x48\x01\xf0\x57\x21\x10\xf4\xc5\x55\x32\x15\xa7\x45\x5d\xf7\xb3\xfd\x9b\x29\x7c\x02\x22\xf9\x1a\x7a\xda\xd6\x8b\xff\x82\xaa\x60\xb6\x07\xa0\x4a\xd1\xf2\x65\x26\x31\x88\x39\x38\x11\x6b\x16\x28\x06\xb5\x34\x5a\x24\x7e\x20\xa7\xbd\x87\x50\xa8\xe7\xdf\x11\x0a\xaa\xfe\x3b\x21\xd5\xa0\x04\x4e\x9d\x3a\x05\x58\x68\xce\x10\x07\x0b\x8a\x85\x86\x5e\x0c\xc9\x24\xe0\x13\x3d\x3d\x07\x7e\xd3\xb6\xf3\xe9\xcc\xe9\x21\x0c\xf8\xbc\x49\x18\x74\x37\xf7\xa5\xbb\x93\xcf\xf0\x29\x13\x6a\x69\x8a\x6c\x11\x15\xcc\xa2\xa2\x10\xd3\xcc\x15\x75\xfd\xea\x31\x8c\xfe\xe7\x9b\x46\x4f\xd3\x34\x9c\xc5\xbb\xf6\xb7\xeb\x88\xe8\x26\x81\xc3\x6e\x73\xb1\x3f\x9b\x49\x67\xce\x60\xc0\xfd\x07\xa0\x9a\x41\xa1\x61\x0a\x90\x33\x98\x6f\x67\x6d\xb4\xa2\x20\x34\xda\x06\xb1\x0e\x14\x7d\x1e\xbc\xa1\x61\x62\x5f\x5f\x67\xab\xfa\x80\xd5\x75\x81\x28\x8a\xd0\xf8\x88\x71\xff\xfc\xce\x79\xb8\xce\x03\x7c\xd7\xb7\x9f\xda\x3b\x3b\xce\xf5\x05\xfb\xe6\x1f\xf5\x9d\x3b\xf5\x9d\xa5\x7a\x6d\x35\x30\x80\xc5\x17\xde\xde\x8f\xfb\xb7\x4a\xe8\x48\x4f\x3f\x4f\xc9\x95\x02\x51\x78\xf7\x08\x63\x06\x03\x8d\xb6\x36\x95\xeb\x6f\x7c\xff\x1c\xad\xbf\xa3\xe6\x86\x88\x7f\x02\x00\x00\xff\xff\xea\x0d\xb7\x48\x9c\x09\x00\x00")

func linuxNftablesAuthShBytes() ([]byte, error) {
	return resourceSetBindataRead(
		_linuxNftablesAuthSh,
		"linux-nftables/auth.sh",
	)
}

func linuxNftablesAuthSh() (*asset, error) {
	bytes, err := linuxNftablesAuthShBytes()
	if err != nil {
		return nil, err
	}

	info := bindataFileInfo{name: "linux-nftables/auth.sh", size: 2460, mode: os.FileMode(436), modTime: time.Unix(1790421345, 0)}
	a := &asset{bytes: bytes, info: info}
	return a, nil
}

var _linuxNftablesClientConfig = []byte("\x1f\x8b\x08\x00\x00\x00\x00\x00\x00\xff\x4c\x8e\xcd\x6a\xec\x30\x0c\x85\xf7\x7a\x0a\xbf\x80\x13\x2e\x77\x6b\x0a\xc3\x74\x51\x68\x17\x43\xa7\x2f\xe0\x49\xce\x10\x93\xd4\x0e\xb2\x12\x08\x41\xef\x5e\xec\xe9\x4f\x76\xfa\x8e\x3e\xa4\xd3\x4d\x01\x51\xa8\xc7\x6a\x64\x89\x34\x73\x92\x64\xf6\xbd\xb9\x82\x57\x70\x73\x29\xac\x4a\x8c\xcf\x24\x28\x8b\xf7\x3a\xbd\xa4\x2c\xaa\x7f\x7c\x49\x2c\x55\xcb\x69\x5a\x2d\x43\x78\x33\x21\xde\x43\x0c\x02\x8a\xe9\x16\x62\x4f\x33\x38\x87\x2c\x76\xc4\xf6\x3b\x97\x9f\x7e\x91\xc1\x2e\x19\x6c\x67\x9f\x33\xf5\x5e\xbc\xed\xc2\x3c\x80\xf3\xa1\xc9\xb3\x17\x7f\xae\xa9\x2a\xad\xe0\x9b\xf9\x4f\xae\xf3\x4f\xb4\xef\xcd\xf9\xa4\x4a\xae\x2d\xe4\x3a\xb0\x3c\x42\xd4\x4a\xae\xfd\x49\xc2\xdd\x34\xaf\xd8\x54\xdd\x88\xad\x2a\x95\xc8\xb5\xdf\x8c\xd8\xab\x3e\xbc\x8f\xb7\xeb\x69\x91\xa1\x0a\x23\x36\xdb\x07\x46\x27\x21\x45\xf3\x8f\x9c\x4c\xd9\x96\xd2\xf5\xc6\xd1\x24\xd7\x1e\x77\xf5\x1e\x7d\x05\x00\x00\xff\xff\xf2\x73\x31\xa0\x62\x01\x00\x00")

func linuxNftablesClientConfigBytes() ([]byte, error) {
	return resourceSetBindataRead(
		_linuxNftablesClientConfig,
		"linux-nftables/client-config",
	)
}

func linuxNftablesClientConfig() (*asset, error) {
	bytes, err := linuxNftablesClientConfigBytes()
	if err != nil {
		return nil, err
	}

	info := bindataFileInfo{name: "linux-nftables/client-config", size: 354, mode: os.FileMode(436), modTime: time.Unix(1790391574, 0)}
	a := &asset{bytes: bytes, info: info}
	return a, nil
}

var _linuxNftablesClientPageHtml = []byte("\x1f\x8b\x08\x00\x00\x00\x00\x00\x00\xff\xb4\x59\x6d\x73\x13\x47\xb6\xfe\xee\x5f\x71\x32\xdc\xcb\x48\x17\x49\x23\xc9\xb6\x80\x91\x46\x14\x70\xe1\xc2\x4d\x78\xa9\xc0\xbd\x55\x29\x8a\xa5\x46\x33\x3d\x52\xe3\xd1\xf4\xa4\xa7\xc7\x2f\x51\x5c\x65\x67\x43\x70\x58\x48\xc8\x2e\x2c\x05\x4b\x12\xc8\x02\xa1\xb2\x60\xb3\x59\xc2\xcb\xc6\x4e\xfe\xcb\xc6\x23\xcb\x9f\xfc\x17\xb6\x7a\x7a\x46\x1a\x49\xc6\xc0\x92\x35\x55\xd2\xa8\xe7\xf4\x39\xcf\x39\xfd\xf4\x39\xa7\x9b\xca\x5b\xff\x7d\x6c\xff\xc9\xf7\x8e\x1f\x80\x06\x6b\xda\xd5\x91\x0a\xff\x02\x5b\x77\xea\x9a\xf4\x41\x23\xbb\xff\xa8\xc4\xc7\x90\x6e\x56\x47\x2a\x4d\xc4\x74\x30\x1a\x3a\xf5\x10\xd3\x24\x9f\x59\xd9\x5d\x12\x28\xf1\x0b\x47\x6f\x22\x4d\x9a\xc4\x68\xca\x25\x94\x49\x60\x10\x87\x21\x87\x69\xd2\x14\x36\x59\x43\x33\xd1\x24\x36\x50\x36\xfc\x91\x01\xec\x60\x86\x75\x3b\xeb\x19\xba\x8d\xb4\x82\x50\xc3\x30\xb3\x51\xf5\xff\x8f\x1f\x85\xce\xcf\x5f\xb5\x3f\xbb\xbb\xfa\xf3\xed\xf6\xfc\x52\x45\x11\xe3\x23\x15\x8f\xcd\xf0\x6f\x00\x95\x12\xc2\xa0\x05\x06\xb1\x09\xcd\x7a\x46\x03\x35\x91\x0a\x36\xae\x37\x18\x98\x3a\x9d\x28\xc3\xec\x08\xc0\x7f\x41\x0b\x6a\x64\x3a\xeb\xe1\x0f\xb0\x53\x57\xa1\x46\xa8\x89\x68\xb6\x46\xa6\xc5\xfb\x1a\x31\x67\xa0\x05\x4d\x9d\xd6\xb1\xa3\x42\xbe\x0c\x16\x71\x58\xd6\xd2\x9b\xd8\x9e\x51\x21\xab\xbb\xae\x8d\xb2\xde\x8c\xc7\x50\x33\x03\xd2\x09\x54\x27\x08\xfe\xef\xb0\x94\x81\x77\x49\x8d\x30\x92\x01\xe9\x10\xb2\x27\x11\xc3\x86\x0e\x47\x91\x8f\xa4\x0c\xec\xa5\x58\xb7\x33\x20\x1d\xc7\x4e\xfd\xa0\xee\xd4\xe1\xc4\x7e\x29\x03\xd2\x11\x6c\x50\xe2\x11\x8b\xc1\x7b\xfa\x21\x84\xa5\x0c\x78\xba\xe3\x65\x3d\x44\xb1\x55\x86\x9a\x6e\x4c\xd4\x29\xf1\x1d\x53\x85\x6d\xd6\xb8\x55\xb2\x76\x95\x85\x6f\x2a\x6c\x2b\x58\xc5\xdd\xa3\x3b\x05\xe2\xdc\x14\xd5\xdd\x10\xf2\xb4\x08\xa4\x0a\x3b\x8b\x79\x77\xba\xdc\x73\x02\x74\x9f\x91\x32\xb8\xba\x69\x86\x4e\x8b\xd7\xe1\x64\x43\xa7\x26\x0f\x49\x9f\x35\x8b\xdb\x17\x81\xa1\xba\x89\x7d\x4f\x85\x42\x91\x4f\x09\x23\xd7\xd0\x4d\x32\xc5\xb5\x16\xdd\xe9\x70\x1c\x68\xbd\xa6\xa7\xf2\x19\xfe\x2f\x97\xdf\x95\x1e\xb2\x24\x80\x64\x6b\x84\x31\xd2\x54\xa1\x50\x8a\xcd\x37\x0a\xd0\x12\x01\xf6\xf0\x07\xa8\x5f\x9c\x5b\xc8\x27\x65\x8b\xfd\xb2\x85\xf1\x21\xd9\x10\x63\x1c\xa3\xd1\x9d\x63\x85\xf1\x42\xe4\x26\x25\x53\xd0\x02\x13\x7b\xae\xad\xcf\xa8\x60\xd9\x68\xba\x0c\x67\x7d\x8f\x61\x6b\x26\x1b\x91\x52\x05\xcf\xd5\x0d\x94\xad\x21\x36\x85\x90\x53\x86\xba\xee\xc6\x8e\x77\x1d\xda\xed\x4e\x73\x52\x74\x69\x13\x79\xe4\x4e\x83\x47\x6c\x6c\xc2\x36\x2b\x6f\x15\xac\xd1\x9e\x59\xd5\xd6\x3d\x96\x35\x1a\xd8\x0e\xe3\xdc\x3f\xcf\x21\x0e\x8a\x44\x27\x62\xea\xaa\xb0\xad\x54\xdb\x59\xdc\xc5\xa9\x67\xa3\x69\xe1\x9a\x58\xc0\x50\x70\x12\x5a\xc0\xd0\x34\xcb\xea\x36\xae\x3b\x2a\x50\xce\xf0\x32\x4c\x11\x6a\x66\x6b\x14\xe9\x13\x2a\x84\x5f\x59\xdd\xb6\x23\xf6\x4e\x21\x2e\xa3\xc2\x78\x3e\x1f\x29\x71\x10\xf3\xfa\x69\x1e\x79\x98\xb5\x91\xc5\x54\x28\xec\xea\x32\x24\x14\xb5\x31\xb4\x7a\x41\x18\x15\x41\x08\x5f\x37\x7d\x86\xcc\x04\xf6\xdd\x86\x3e\xaa\x5b\xe5\xbe\x95\x1a\xed\x2a\x43\x94\x0e\xb1\x0d\x59\x45\xab\xd8\x5b\xb7\xda\xee\x82\x51\x30\xe2\x10\xf7\xc7\x16\x19\xba\xa1\x0f\x71\x73\x57\xdf\x0a\x89\x05\x7b\x21\xe5\x72\x64\x62\x08\x41\xde\x32\xad\xb1\xc4\xee\x2a\x95\xc6\x47\xc7\x36\x45\x50\xab\x59\x3b\xcd\xfc\x9b\x21\xc0\x8e\xeb\xb3\x53\x6c\xc6\x45\x1a\x5f\xc7\xd3\xd0\x82\x68\xdf\x16\xf2\xf9\xff\xec\x8b\x5c\x31\xd4\x64\x23\xc6\x10\xcd\x72\x76\x86\xfa\x43\x4d\x49\x0a\x18\xc8\x61\x88\x0e\x21\xd8\x04\xbf\x59\x30\xc7\xcd\xda\xe6\xf8\xc3\xf4\xe7\x33\x46\x9c\x41\x44\x91\x2b\x8c\x0c\xef\x07\xf1\x33\xb9\xd8\xa5\xa4\x69\x41\xf0\xcd\xac\xf5\xad\x40\x71\xbc\x34\x8a\x6a\xbd\x15\x08\x33\x90\xe1\x53\x8f\xff\x72\x09\x16\xee\xf5\x00\xe6\x3c\x64\x10\xc7\xd4\xe9\xcc\xe0\x5a\x22\x6b\x6c\x6c\x6c\x2c\x29\xab\x9a\xd8\xd3\x6b\x76\x48\x52\xc2\x43\xc8\x66\x54\xc8\x95\x7a\xfa\x1d\xc2\x03\x69\x93\x29\x64\x8a\x79\x06\x31\xd1\x10\x47\x46\xad\x31\xab\x94\xcc\x6c\xee\x34\x24\x5c\xed\x3a\x37\x36\x18\x8f\x1e\xf9\xc5\x32\x0d\x6c\xdf\x78\xed\x66\x47\x2a\x4a\x54\xcb\x2a\x4a\x54\x5b\x79\x31\xaa\x8e\x54\x4c\x3c\x09\x86\xad\x7b\x9e\x26\xf1\x5c\x2f\xf1\x6a\x17\x0e\x62\x53\x93\x74\xd7\x95\xe2\xb7\x3c\x99\x4b\xd5\xa4\x7c\x64\x32\xdc\xa4\x52\x35\xb8\x70\xab\xb3\xb2\xb2\xfa\xec\xe1\x3f\xe6\xee\x55\x14\x13\x4f\x56\xc5\x67\xac\xaf\x4f\xcd\x08\x00\x40\xa5\x51\xac\xb6\xaf\xdd\x0a\xee\x3c\xee\x2c\xfe\x14\xdc\x39\xbf\xb1\xbc\x60\xf8\xd4\xde\x58\xfe\xb4\xa2\x34\x8a\x91\x4c\x62\x6a\x64\x28\x1c\x07\x58\xbb\xfe\x63\xb0\x72\x75\x63\xf9\x46\x25\x0c\x29\x87\xcb\x67\xbf\x43\xea\xd8\x91\xaa\xfc\x11\x1a\x8c\xb9\xaa\xa2\xb4\x6f\x3e\x58\xbf\xfd\x43\x70\xf3\x51\xf0\xe5\x9c\x62\xf3\xf7\x4a\xa1\x38\x3a\x36\x5e\xaa\x28\x7c\x6a\xb5\x52\xa3\x4a\x52\xeb\xf9\xbf\x6f\xa6\x95\xf8\x6c\x6b\xb5\xc4\x67\x91\x42\x81\xbc\xeb\xbd\x78\x88\xbf\x3c\x83\x62\x97\x55\x47\x52\x96\xef\x18\x0c\x13\x07\x52\x69\x68\x8d\x00\x4c\xea\x14\x74\xd7\x05\x0d\x4c\x62\xf8\x4d\xe4\xb0\x5c\x1d\xb1\x03\x36\xe2\x8f\xfb\x66\x0e\x9b\x29\x59\x77\x5d\x39\x5d\x8e\x64\x6b\xba\x87\x40\x03\x9b\x18\x3a\x57\x93\x73\x29\x61\xc4\x20\x36\xec\x00\x59\x51\x64\xd8\xd1\x7b\xd5\x20\x1e\xe3\xd3\x5e\xa8\xb8\x1b\x39\x39\x9d\xe3\x04\xda\x2f\xaa\x16\x68\x10\xbe\x02\xae\x2d\xb4\xc7\x75\x27\x43\x28\xbf\x8a\x5a\xe2\xb3\x57\xd4\xcb\x25\xcb\x23\x23\x00\xdd\xe0\x58\x4d\xb6\x6f\x86\x21\x2f\xe5\x88\x28\x01\x38\xa0\xc1\x51\xbf\x59\x43\x94\x8f\x7d\xf8\x21\xe4\xcb\xe1\x38\x8f\x89\x0f\x1a\x9c\x92\xf7\xc9\x19\xf9\x6d\xfe\x71\x84\x7f\xfc\x0f\xff\x38\xb9\x4f\x3e\x9d\x01\x0c\x5a\x2c\x3d\xd5\xc0\x36\x82\x94\x03\x55\x0d\x0a\xf9\xe2\x18\x6c\xdf\x0e\x18\x2a\xe0\xe7\x6c\xe4\xd4\x59\x03\xb2\x50\x48\x43\x0b\x1c\x50\x84\x40\x19\xf0\x8e\x1d\x62\xb3\x01\x50\xc4\x7c\xea\x40\x0a\x83\xa6\x69\x90\x87\x3d\xe0\x80\x0a\x4e\x8e\x91\x83\x78\x1a\x99\xa9\x62\x3a\xcd\x5d\x0a\xfd\xf3\x4f\xe1\xd3\xdc\xe6\xec\x80\x5b\xef\xe0\x26\x66\xa9\x89\x1a\xb7\x12\xeb\x8b\xfc\xe2\x83\x55\xc8\xa7\x61\x4f\xdf\x10\xd7\xf8\xf6\x3e\xc5\x93\xd3\xa0\x82\xbc\xfa\xec\xd2\xfa\xf5\xcb\xeb\x73\x5f\xcb\xe5\x7e\xdd\xc8\x33\x52\x5e\x42\xeb\x09\x46\xb1\x53\x4f\x79\xa0\x69\xe0\xf8\xb6\x0d\x7b\x40\x96\x41\x05\x2f\x9d\xa3\xc8\xb5\x75\x03\xa5\x94\x53\xdb\x2b\x55\xe9\xb4\x52\xcf\xf4\xd4\xa4\x8c\x24\xb2\x96\xbc\x5d\x56\xe5\xed\x7a\xd3\x2d\xcb\x19\xb9\xc2\x9f\x6d\xc6\x1f\xab\xfc\xb1\x1e\x3e\x4a\xfc\xf1\x7d\x9f\xb0\xb2\x3c\x9b\x3e\x65\x9c\x2e\xc3\x6c\x9a\x63\x4b\x82\xf3\x1a\x64\xea\x00\xa5\x84\xa6\x9a\x5e\x9d\x1b\xd0\x5d\x37\x87\x1d\x07\xd1\x43\x27\x8f\xbc\xc3\x89\x91\xdc\xf2\x88\x52\xa9\xca\x83\xc8\x7d\x0a\x27\xec\x00\x59\xec\xa4\x41\xaf\xb9\xe2\xa3\x84\x61\x03\xbd\x92\x66\x32\xb1\xa5\xe2\xa4\x66\x8a\x1c\x13\xd1\xc3\x8e\x45\x52\x66\x4c\x42\x6c\x41\xca\xcc\x35\x2d\xfd\x0c\x45\xef\xfb\x98\x22\x93\x13\xe8\x2d\x33\x67\x93\x7a\x1d\x99\x67\x70\x97\xae\x30\x88\x23\x1a\x05\x90\x2b\x8d\x42\x75\xfd\xe6\x5c\xe7\xde\x7c\x70\xe1\x7e\x7b\x6e\x7e\xfd\xbb\x8b\x9d\xa5\xf9\xb5\x5b\xf3\x15\xa5\x51\xe0\xe8\x12\xa2\xee\x40\x16\xec\x2c\xdd\xed\x3c\xbe\x17\x7c\xfe\x34\x78\xfa\x7d\x70\x79\x69\xed\xca\x7d\x38\x79\xec\xe4\xf1\x8d\xe5\x85\x23\x07\xf7\x6e\x2c\x7f\xfa\xcb\xdc\x47\x9d\xa5\xa7\x9d\x9f\xfe\x10\x9c\xbb\xdb\x59\xbc\xd3\x59\x9a\x0f\xae\xdf\x87\xbd\xae\x0b\xab\xcf\x1e\xc2\x68\x1e\xd6\xbe\xfd\x7d\xb0\xf0\xb4\xfd\xc7\x47\xab\xcf\xe6\xda\x0f\x6e\xaf\xdd\xf8\x18\x4a\xb0\xba\x72\xa9\x0b\x62\xf5\xc7\xbb\xc1\xe2\xc5\xf6\xc2\x65\x91\x69\x83\xe7\x4f\xda\x57\x7e\xea\xdc\xbe\xb8\xb6\xf2\xc5\xda\x8f\x37\x7f\x99\xfb\xa8\xa2\xb8\x03\x20\xc3\xee\x43\x24\x4d\x62\x22\x09\xc2\x3e\x44\xe2\x1b\x5f\x12\x9d\x49\x93\x98\x48\x93\x1c\xbf\x89\x28\x36\x24\x7e\xac\x10\xbb\x4d\x93\x4a\x12\x84\x54\x6c\x10\xdb\x44\x54\x93\xf2\xe1\x9f\x14\x36\xa7\x06\x69\xba\x36\x62\x48\x93\x88\x83\xb2\x0c\x37\x51\x56\xe8\x57\x06\xec\x47\x1d\x06\x07\x10\x26\xa9\x7d\xcc\x91\xaa\xc2\xa1\xe0\xf9\x13\xe1\x47\x45\x11\x52\x03\x53\xe3\x92\xd7\xf4\xea\x52\x35\x26\x42\xf4\x9e\x67\x16\xe1\xda\x16\xb9\x99\x23\x12\xc9\x39\x9e\x52\x63\xce\x56\x13\x62\x84\xbd\x49\xa1\x8d\x9c\x45\x0c\xdf\x4b\x75\x07\xbb\x34\x34\x49\x98\xa1\x53\x3d\x62\x09\x33\x61\xa1\xd2\x20\x25\x66\x4f\xea\xb6\x8f\x78\x56\x94\x79\xca\xa5\xb8\xd9\xd3\x24\x58\xfb\x96\xf2\x9b\x53\xf9\xec\xee\xd3\xad\xd2\xec\x7f\x28\x39\x86\x3c\x96\xe2\x1a\xd2\x7c\xc7\xbc\x10\x6b\xd3\xab\xcb\xe9\x97\x6c\xd3\x2e\xdd\x04\x8f\xda\x57\x1f\x05\x0f\xaf\x25\x28\x1d\xed\x2d\x91\x50\xe2\x44\xca\xff\x6a\xcc\xc9\x75\xfb\x28\x0d\x18\xf5\x51\x0f\xb2\x85\x98\xd1\xe0\x95\x0f\x8b\xba\x23\x67\xf8\xd1\x02\xb1\x06\x31\x55\x90\x8f\x1f\x3b\x71\x52\xce\x00\x6f\x69\x10\xf5\x54\x68\x81\x1c\x95\x98\xec\xc9\x19\x17\xc9\x2a\xf0\x9a\x69\x63\x51\x07\x95\xb3\x1e\x71\x64\x98\xcd\x84\x27\x71\x15\xfe\xf7\xc4\xb1\xa3\x39\x2f\xcc\x8e\xd8\x9a\x49\xb5\xc2\x50\xaa\x22\xa0\xb3\x69\x98\x4d\x77\x51\x00\xe4\x58\x03\x39\x89\x9a\x4d\x13\xc9\x91\xe6\xb8\xe2\x54\x7a\x50\xe6\x6c\x42\xa6\x05\x64\x42\x05\x9a\x23\x13\x19\x38\xab\xc2\x59\x98\x8d\xb2\xe3\x96\x46\x90\x97\x5c\xed\x4d\x82\x65\xe9\xb6\x97\x88\x56\x77\x91\x29\xf2\x72\x64\xe2\x8d\xd7\x34\xce\x90\x5c\xdd\x59\x7e\xc0\x22\x34\xe4\x56\xb4\xa7\xee\xfc\xb5\xf3\xf8\xae\xdc\x9f\x3b\x87\xd7\x97\xff\x29\x0a\x1c\x39\xb8\x17\xc4\xbc\xf6\xc2\xe5\xe0\xc2\xd7\x1b\xcb\x37\x3a\xe7\xbf\x0b\x2e\xdc\x17\x69\x28\x78\xfe\xa4\xb3\xf2\x20\x58\x78\xb4\x76\xe5\x7e\x7b\xe1\xa9\xb8\x8a\x59\xbb\x7a\x71\xfd\xcb\x6f\xfa\x34\xfd\xab\xfe\xf0\x84\xdf\x6f\xfe\x62\xfb\xe1\x9f\x83\x9b\xf7\x45\xe3\xda\x79\x7c\xaf\x6b\xb5\xdb\xc1\xca\xfd\x91\xb5\x89\x6e\x26\xb7\x13\x0c\xac\x9e\xa1\x73\xae\xf6\xf5\x75\x9b\xaf\xd7\x9b\x2d\x8a\x48\xc0\xeb\x57\xae\x77\x96\x96\x7a\x25\xab\x8b\x2b\x0e\x3c\xb7\x4c\x1c\xc3\xc6\xc6\x44\x98\x86\xc2\xec\xd1\x9f\x6a\x88\x33\x81\x66\x4c\x32\xc5\xf3\x54\x0f\x36\xe2\xb8\x39\x8b\x50\x6e\x02\xcd\x84\x1d\x8e\x7c\x80\xb7\xfa\x72\xba\x97\x84\xca\x30\x1b\xeb\x8a\x56\x7c\x44\x18\xef\xf6\x62\xe1\xd9\x5e\xe3\x65\xd2\x41\x6c\x8a\xd0\x09\x8f\x53\xe7\xd4\xe9\x74\xb9\x4f\xe4\x10\x6b\xda\xa0\x85\x8f\x51\xeb\x15\xa9\xdd\x03\x72\xc5\xb7\x63\xcf\xf9\x7b\xc1\xc7\x50\xb2\xa9\xbb\x89\x40\x3b\x89\x8d\x26\x57\x6c\xdc\xe5\xad\x13\x71\x93\x0f\xf1\x18\xe5\xce\x12\xec\xa4\xe4\x98\xb2\xbe\x5d\x95\x23\x6b\x2a\xc8\x15\xcf\xd5\x9d\x81\x32\xdb\xbe\x76\x6b\x63\x79\xa1\x7d\xf3\xbb\xf5\x73\x97\xd6\x56\x16\x83\xcf\x97\x3a\x8b\x3f\xaf\x5f\x5b\x14\x6b\x10\x1e\x55\xf8\xac\x98\x29\x61\xa5\x70\x27\x4b\xef\x92\x29\x1e\xf3\xdc\x24\xa6\xcc\xd7\xed\x33\xd8\x2d\x25\xbc\x4a\x2c\x28\x25\x53\x52\xb5\xcf\xf0\x84\x54\x0d\x3e\x39\xb7\xb6\xf2\x05\x1c\x3e\x3e\x59\x8a\xd4\xf7\x49\x4c\xf6\xf6\x65\x9f\x85\xc8\x29\x31\x41\xf0\xa2\xe7\x9c\x68\xab\x5f\xd4\x8c\x84\xad\xc8\xf0\x3d\x68\x5f\x17\xf2\x72\xdc\xed\x9b\x97\x82\x0b\xb7\x83\xeb\xf7\x83\xcb\x97\xd6\xbe\x7d\xf4\x52\xec\x1e\xa2\x93\x88\x9e\x71\xf4\x26\xda\x04\xfb\x6b\x18\x16\x29\xe3\x15\xad\xfa\x1e\xa2\x6f\x6e\xb2\xb3\x34\xbf\xfa\xfc\xde\x2b\x9a\x34\x10\x65\xa1\x9b\x61\xf2\xcc\xca\x6f\x66\x3a\x38\xf7\x40\xd0\xe3\xa5\x76\x5d\xbf\x66\x63\xe3\x0c\x76\x7f\x1d\xbb\x31\x2d\x5f\x83\x94\x5b\x59\x8c\x37\xca\x6b\x20\x58\xfc\xa6\xbd\xf0\x74\xed\x2f\x4b\xab\xcf\x7e\xd7\x59\x59\x69\xff\x30\xbf\x7e\xfe\xf3\x2d\xd0\x74\x0f\x8f\x66\xce\x77\x79\xf6\x3e\x53\xe3\x3f\xdf\x30\x0c\x3d\x10\x17\x56\x97\x6f\xbd\x0e\x08\x9e\x6a\xff\x0d\x30\x78\x2c\xc4\x51\x70\x6b\x18\xe2\xc4\xd9\x8d\x85\xcd\x7f\x9e\x89\x0e\x96\xbf\x56\x38\x5e\x07\x47\x37\x1c\xaf\x86\xa4\x51\x84\xf0\x12\x4b\x93\x12\x77\x86\x85\x5d\xee\xb4\x54\xed\xe5\xe5\x1b\x1f\x8b\xd4\x1c\x5e\x21\xc5\xe5\x22\xac\x31\xb1\xa2\xc1\x73\xdb\x9e\xa1\x83\x03\xf1\x19\x3f\x39\xc4\xc0\xbb\xf7\x81\x52\x35\xbe\x1e\x5a\x08\xfe\xf4\x55\xfb\xca\x13\x61\xaa\xfd\xe5\x6f\xd7\xaf\x5f\x0e\x6b\x41\xf7\x68\xc1\x33\x6e\x3a\x4a\xb9\xc3\x67\xc5\x5e\x53\xb7\xd5\xe9\x40\xc0\x90\xd3\x89\x2a\x3e\x78\x67\x94\xe8\xf8\x0c\xe2\x58\x98\x36\x53\xf2\xda\xed\xc5\x60\xf1\x86\x40\x1a\x5c\xbe\xb6\xb1\xfc\x75\xfc\xfc\x59\xf0\xe8\x13\x01\x3c\x78\xfa\x7d\x74\x98\x8b\xe3\x25\x9c\xf8\x65\xee\x23\x39\x9d\xee\xab\xe8\x30\xd4\x84\x13\x9f\x6d\xd2\x85\xf3\xea\x3a\xd0\xbe\xf2\xaa\x1c\xf5\x4c\xc9\xfe\x24\xee\x14\x60\xe0\x9c\x2d\x44\x23\xbf\x12\x26\xb1\x63\x11\x79\x48\x39\xed\x45\xe0\xcd\xdb\x70\x81\x68\xd8\x46\xb2\xff\x1e\xe8\xab\x7b\x17\x19\x83\xcd\x71\xfb\xda\xad\xf6\xdf\xae\x0a\x3e\xca\xe9\xe1\x8e\x38\x71\x9f\x10\x4e\xed\x99\xdf\xac\x81\xec\xd9\x91\x93\x8d\x9f\xdc\x8d\x29\x57\x1b\x77\xa6\xb3\x69\xfe\x59\x51\xe2\x4b\xc6\x8a\x12\x5d\xf3\x2a\xe2\x3f\x5b\xff\x19\x00\x00\xff\xff\xae\x58\x26\xe0\x7d\x1d\x00\x00")

func linuxNftablesClientPageHtmlBytes() ([]byte, error) {
	return resourceSetBindataRead(
		_linuxNftablesClientPageHtml,
		"linux-nftables/client-page.html",
	)
}

func linuxNftablesClientPageHtml() (*asset, error) {
	bytes, err := linuxNftablesClientPageHtmlBytes()
	if err != nil {
		return nil, err
	}

	info := bindataFileInfo{name: "linux-nftables/client-page.html", size: 7549, mode: os.FileMode(436), modTime: time.Unix(1790391590, 0)}
	a := &asset{bytes: bytes, info: info}
	return a, nil
}

var _linuxNftablesClient_offlineSh = []byte("\x1f\x8b\x08\x00\x00\x00\x00\x00\x00\xff\xc4\x7a\x7f\x53\xdb\x56\xd6\xff\xff\x7a\x15\xa7\x42\xa9\xed\xf6\xeb\x1a\x52\xaa\x59\xa0\xce\x7c\x1d\x20\x8d\x67\xc1\xc9\x00\xcd\x3e\xcf\xd0\x3c\x1a\x23\x5d\xc7\x9a\x0a\xc9\x95\x64\xda\x7d\x80\x19\xd2\x40\x30\x89\x03\xec\x86\xa6\xe1\x47\xf3\xa3\x4b\x1a\xda\xdd\x98\xb6\xdb\x4d\x1c\x63\xc2\x7b\xd9\x5a\xb2\xfd\x97\xdf\xc2\x33\x57\x57\xb2\x25\xdb\x90\x10\xd2\x2e\x7f\xc4\x96\xee\xb9\xe7\x9c\x7b\xee\x39\xe7\xf3\xb9\xd7\xe9\x78\x2b\x34\x21\xca\xa1\x89\xb8\x96\xa4\xa8\x68\x6c\x6c\x70\x24\x16\x19\xe2\x22\x17\xa3\x61\x9a\xe3\xdc\xcf\x1c\x47\x53\x43\x17\x3e\xe2\xce\x45\x87\x06\xf1\xd8\x9f\x2e\x8c\xfc\x31\x1a\xfb\x88\x1b\x88\x8e\x70\x5c\x3c\xad\x27\xdf\x93\x94\x2b\x34\x35\x3a\x38\x72\x69\x70\x84\x8b\x0e\x60\x99\xfa\x03\x9e\x5c\x1f\xc2\x4a\xcf\x45\xfa\x07\xdd\x12\xce\x3b\x62\xa5\xff\x8f\x87\x98\xe1\xa5\xf7\x24\x85\xff\x94\xa6\xa8\x0e\x90\x13\x7a\x7c\x42\x42\x5a\xad\xb8\x51\x79\xb8\x03\x21\xa8\xde\x7e\x81\xff\xdd\xbc\x6e\xac\x66\xca\x7b\xb7\xcd\x7b\xf3\x95\xc7\x57\x81\x97\x44\x24\xeb\x9c\x22\x4b\xa2\x8c\xde\xd3\x92\x50\x7d\xf8\xb4\x7a\x6d\xa7\xb2\xfb\x8b\x79\x77\xf9\xd7\xb9\x2f\x29\x31\x01\xe3\x10\xfc\x02\x42\x69\x4d\x0d\x69\x38\x18\x72\x42\x87\xcb\x7d\xa0\x27\x91\x4c\x01\x00\xc4\xce\x8d\x85\x69\x2d\x2d\x28\x5e\x19\x9a\x42\x92\x86\x9a\x24\xac\xf7\x09\x91\xa2\xc6\x22\x67\x87\x06\xb9\x58\x64\x78\x30\x4c\x2b\x29\x24\x4f\xa5\x64\xec\x3f\xc7\xd4\x83\x42\x53\x91\xfe\x21\xae\xff\x7c\x24\x1a\x0b\xd3\x71\x5e\xa2\xa9\xf3\x91\xd1\xf3\xdc\xd0\x60\x2c\xdc\xc5\x52\x94\xa4\x5c\xe1\x26\x91\xa6\xc5\xaf\x20\x7f\x00\xa6\x2d\x3b\x92\xc2\xc7\x25\x90\xd0\x14\x92\xc2\x34\xd3\x45\xbb\x5e\xda\xa2\x61\x9a\x39\x4d\x5e\x23\x3e\xa9\x00\xcd\xf8\x85\xb8\x8e\xc0\xf7\xee\xa9\xff\x0e\x9e\x9a\x0c\x9e\x12\xe0\xd4\xf9\xde\x53\xc3\xbd\xa7\x46\x7d\x01\x18\x67\xa6\x2d\x5d\xb3\x97\x81\x99\xb6\x15\xcc\xd2\x70\xe6\x0c\xd0\x8c\xb3\xd7\x34\x35\x8b\xa3\x6d\xe4\xbe\x35\x33\xcf\xca\x7f\xdf\x2d\x6f\xdd\x37\x72\xf7\x8c\xad\x1f\x8d\x6f\xe6\x6a\xc5\x8d\x0b\x29\x24\x5f\xba\x18\x03\x63\x6b\x07\xa2\x17\xa7\xba\x01\x8b\x7c\xf9\xbc\x92\x7b\x51\xde\xcf\x81\xae\xa6\x35\x1d\x09\x9c\x98\xaa\x15\xb3\xb6\x08\x6b\x8b\x98\x6b\x58\xca\x25\xc2\xe2\xdd\xe8\x80\x52\x7e\xbb\x32\xb7\x50\x2a\xfc\xd5\xbc\xf3\xa8\x56\xcc\x9a\xb7\x72\xe6\x93\xed\xf2\xc3\x9c\x91\xdb\xf0\xda\xde\x24\xca\xd6\x76\x60\x3c\x2e\x08\xea\xe5\xde\x94\xa2\xea\x60\xec\x7f\x6b\x14\x57\xaa\x57\x0f\x8c\x85\x5b\xa5\xfc\x72\xf9\xef\xbb\xc6\xca\xdf\xcc\x9b\x45\x73\xf9\x51\xa9\xf0\xb8\xbc\x76\xdf\x7c\xf2\xb8\xf4\x7c\x09\xdb\x1a\x19\x8c\x0c\x71\xfd\x43\xd1\xc1\xd8\x18\x17\x19\x18\x18\x09\xd3\xb4\x9d\x0d\x32\xd0\x4c\xc3\x31\xda\x93\x0d\xad\xb3\x5c\xa2\xbd\xf5\xef\xd8\x19\x9c\x21\xed\x14\xb2\x2f\xd3\x38\xee\x16\xbe\xdc\xac\x14\xa7\x17\x8e\xd3\x72\x6b\x72\x1b\xb9\xac\xb1\xb0\x53\xca\xcf\x55\x16\x7f\xa9\x15\xb3\xe5\xb5\x9d\x52\x61\xb9\xb4\xb7\x6c\x3c\xb9\x6b\x7c\xb9\x53\xde\x98\x07\x5e\x91\x65\xc4\xeb\x41\x5d\x9c\x44\x10\xe9\x1f\x82\xca\xc1\x5d\x63\xf9\xbe\xb1\x9a\x2d\xe5\xe7\xca\x7b\xf3\xc6\xed\x8c\x91\xcf\x52\x92\xa8\xe9\xdc\x54\x37\xc7\x8b\x82\xaa\xd5\xf3\x4f\x57\x21\x28\x80\xef\x13\xd5\x07\x9f\x58\x2f\xf0\xdf\x0c\x68\x48\xc0\x4b\xf4\x69\xa1\xff\x19\x1f\xef\xd5\x52\x71\x1e\xf5\x5e\xbe\xfc\x4e\x77\x47\x28\x94\x6a\x95\xf4\x69\x21\xb7\x14\x13\x0a\x79\x65\xae\xa8\x28\x05\xc1\x29\xf0\x79\x94\x31\x4d\x8a\xf0\x5e\x07\xd3\xd4\xac\xed\x29\x7b\x22\x4f\xd9\xdf\xc5\x53\x6a\x52\x94\x15\x95\x4b\xa8\xca\x24\x37\xd5\xdd\x54\xd4\x1c\x0f\x9c\x00\xc3\xd6\x1b\x8e\x0f\x33\xfe\x94\x2a\xca\x7a\x02\x7c\xa7\x34\x1f\xe0\x5a\x87\x19\xe0\xd3\x3a\x04\x85\xf7\x20\x98\x78\x3f\x40\x04\x85\x97\x09\x76\x13\xc1\xe1\x30\xe3\xf7\x83\x9f\x99\xe6\xf8\xde\x60\xe7\x2c\x7c\xf8\x21\xfc\x21\x00\x33\xc0\x4c\x73\x82\xf5\x22\x40\xe4\xc6\x81\x66\x86\x69\x08\x4a\x08\x3a\xe1\x32\xbc\xfd\x36\x0c\x87\xbb\x3c\x23\x57\x10\xb0\x1f\x7c\xf0\xfe\x07\xce\x28\x7e\xe8\xf6\x48\xa0\xcf\xa0\xa7\xa7\xa7\xc7\x11\xe8\xe9\xe9\xf9\x83\x35\xee\xf5\x73\x18\x37\x16\x77\x40\xd8\xe6\x80\x24\x9d\x68\x24\xc3\xcc\x74\x57\x47\xc7\x3b\xbd\xb3\xd6\x33\x1f\xd7\x10\xd0\x0c\x97\xa4\x41\x94\xc1\xe7\x9b\x79\x67\xfc\xad\xce\x60\x4f\x3c\x98\x88\x04\xcf\x5d\x7e\x27\x80\x27\x74\x42\x5f\x1f\x20\x2d\xce\xbb\x56\xdf\xc5\x76\x30\xd3\x5c\xf2\x3f\xb8\x5c\xca\x2e\xf2\xe8\xc5\xee\x30\xcd\x88\x09\x5e\x91\x13\xe2\x15\x2e\xa5\x28\x12\xa7\xa2\x49\x45\x47\xb8\xdb\x34\xa4\xd8\xc3\xa5\x58\xda\x83\x10\x40\x47\x63\xe7\x2e\xd0\x40\x97\xd7\x76\xcc\xcc\xb3\x52\xfe\x66\xb9\x70\x00\xfd\x48\xd5\xc5\x84\xc8\xc7\x75\x14\x8b\x4f\x22\x60\x78\x65\x72\x52\x91\x39\x19\x3f\x7c\xac\x21\x15\x98\xb4\x86\x54\xeb\xf1\x92\xa8\xea\xe9\xb8\x04\xd1\x8b\xbd\xc0\x34\xfc\x74\xbd\x67\xdd\x03\x2c\xf4\x5b\xbd\x87\xc8\x37\x77\x30\x38\xfb\x67\x1d\x69\x30\x82\x78\x24\x4e\x21\xa1\x17\x98\x09\xfc\x82\x53\xed\x17\xf6\xf8\x28\x92\xf5\xfa\x98\x86\xb5\x0d\xa4\xd5\xb8\x2e\x2a\x72\x2f\x30\xb8\x41\x71\x82\xfd\x0c\x1a\xe2\x15\x59\xd0\x68\x0a\xc9\xbc\x22\x20\x81\x73\x1c\x0f\x33\x7e\x0b\xe9\xac\x16\xeb\xbc\xc4\x35\x30\x11\xd7\x10\xdb\x0d\xc1\xcf\xa1\x13\x66\xea\xfd\x40\xf6\x05\x70\xf3\x34\x97\x1e\x57\x1e\x66\x49\x98\x8c\xbf\xec\x97\xf6\xb6\x29\x15\x7d\x96\x46\x9a\xce\x4d\x28\xc2\x9f\xc3\xb4\x86\xd4\x29\xa4\x72\x22\xf6\xbd\x8e\xd8\x94\xa3\xbf\x17\x98\x66\x3f\x28\x15\xc5\x25\x4e\x4c\x71\x18\x8b\xda\x84\x84\xb2\x7b\x35\x8f\x54\x9d\xb3\x75\xb8\xb6\x83\x9a\x22\x71\x76\x69\x68\x6c\x82\x6b\x90\x6d\x19\x65\x29\x6f\x6c\x5b\x82\x4d\xd5\xe3\x2b\x78\x82\x4d\x53\x14\x9f\x56\x25\x08\x6a\x10\xfc\x2f\xb8\x78\x61\x74\x0c\x87\x88\x66\xdc\x81\xa0\x21\xa9\xeb\xa9\xde\x50\x88\x71\x73\xc1\x10\x5e\x74\x48\x49\x24\x30\xec\xe0\x70\x86\xf1\x1f\x98\xf9\x85\xf2\xea\x75\x23\xff\x9d\x91\xdb\xaf\xae\xaf\x56\xe7\xee\x83\x5f\xe7\x03\x64\x94\xea\x00\x5e\x8a\x6b\x9a\x28\x84\x52\xaa\xa8\x60\xf8\x2a\xe5\x6f\x94\x0b\x07\x95\xf9\x0d\x73\xeb\x1f\x0e\x64\x65\xcc\xad\x25\x9b\x48\xac\x11\x46\x81\x99\xc3\xea\x77\x46\x66\xdd\x7e\xc1\xd6\x8a\x4b\xb5\xe2\xa6\xf9\xf5\x83\x4a\xae\x60\xde\xdd\x35\x56\xbf\x23\x6c\xa3\x72\xb0\x48\xac\x56\xaf\xed\x1b\x3f\x7e\x53\xd9\xfd\x8a\x38\xe4\xd0\x8a\x9b\x95\x7d\xdb\x2d\x63\x65\xb7\x72\x6d\xdf\xd8\x2b\x18\x5b\x3b\xa5\xfc\x9e\xb9\xfc\xc8\x58\xf9\x1b\x88\xf2\x15\x15\x69\x9a\x5f\x45\x82\xa8\x22\x5e\x07\x23\xf3\x23\x88\x89\x09\x30\x33\x77\x20\xa5\x48\x22\x8f\x02\xb5\x62\xb6\xf4\xdc\x9e\x6f\xde\xdd\xb5\x86\xf1\x32\x36\xe6\xe1\xfc\xd8\x59\x28\xff\xb4\x57\x2b\x66\xa9\x0e\xa8\x1c\xac\x57\x17\xb3\xe5\xbd\xfb\xa5\xfc\x9c\x79\xe3\x46\x29\xbf\x5d\x7e\x7c\xcb\xd8\xff\xd6\x9c\xbb\x5a\xbd\xb6\x4f\xfc\x32\x97\x2d\x16\x32\xd6\xcf\x9d\xc5\x0c\x90\xa6\x12\x8a\x0a\x9c\xce\xe3\xae\xd6\x20\x9a\x3a\x0f\x8d\x2f\xf8\xad\xf3\x9d\x7c\xf6\x81\xa0\x58\xed\xc6\xa1\xb1\x34\xc3\xe9\x7c\x9d\x5f\x80\xa3\xdd\x22\xa7\xd6\x50\x1f\x4c\xa8\x28\xfe\x69\x1f\x24\x44\x4a\x50\x64\x44\x8d\x43\xf0\x7f\x81\x66\x88\x24\x4d\xfa\x98\x67\x9a\xce\xd3\x14\x15\xbd\xe8\x71\x53\x4c\x79\xdd\x14\x53\xd0\xf8\xe2\xb8\x89\xbf\x93\xcf\x76\x6e\xba\x88\x15\x38\xda\x6d\x37\xc5\xd4\xa1\x6e\x12\x49\xdb\x4d\xcf\x34\xdc\x3a\xa9\xe8\xb9\xb3\xdc\xc0\xe0\xa5\x30\x2d\x26\x26\x98\xe9\x7a\xe5\xce\xd2\x14\x0e\xb4\x35\xc2\x34\x1f\x3a\x2c\xd6\x37\xed\xd0\xb4\x46\xd9\x61\x23\x33\x33\x2d\xef\x09\x7b\x9b\xc5\xf6\xc5\x14\x48\xa2\xfc\x29\x68\x49\xe5\x73\x12\xc2\x81\xc1\x4b\x34\x9c\x09\x09\x68\x2a\x24\xa7\x25\x09\x4e\x9f\x79\xbb\xcb\x45\xf5\x3a\x1a\x79\x6f\x2c\xfc\x54\x5e\xdb\x21\xbc\xcb\xbc\x71\x03\x12\xf8\x64\x83\xf3\x2b\xff\x73\xe5\x61\xd6\xc8\xde\x21\x59\x52\x2b\x66\xeb\x64\xd6\x78\xfe\xd4\x58\xf9\x4b\x29\x7f\x23\x44\x3a\x57\xe5\x60\xb3\xbc\x73\xb3\x54\xf8\x6b\x79\x33\x5f\xf9\xee\x7a\x79\xf3\x0e\x7c\x26\x88\x1a\x1f\xb2\x2a\x2d\x94\x10\x25\x1d\xa9\x96\x5d\xbf\x13\xfc\xb7\x88\x1d\xdc\x16\xd9\x4e\xe8\x71\xb9\x46\x90\xd7\x85\x28\x7f\x8a\x8c\xc4\xa2\xb1\x8f\xea\xa0\x72\x08\x62\x34\x01\x46\xc8\x8d\x11\x95\xe5\x67\xc6\xca\x1d\xbb\x2a\xd7\xae\x56\x9e\x2e\x98\x5f\x3f\xad\x15\xb3\x95\x67\xff\xac\x1c\x2c\x82\xce\xdb\x3d\x83\xae\x7b\x80\xbe\x10\x75\xe8\xb4\x1e\x13\xa2\x2b\x63\x5a\x76\xa6\xc9\xf3\xe1\x68\xec\xc2\x48\x98\xf1\x7b\x28\x96\x77\x0e\x81\xfc\xfa\x99\xed\xb0\x59\xac\x77\xaf\x03\x8e\x2f\xf5\xfd\xbb\x51\x2a\x3e\xa8\x15\x33\x8d\xc6\xa1\x2a\x8a\x0e\x49\x7d\xa2\x56\x5c\xb2\x84\xec\x52\x02\x12\x7f\x10\x90\x04\x02\x9a\x72\xe5\x47\x2a\xae\x62\xb0\xeb\xea\x85\x94\xaa\xe8\x0a\xaf\x48\x38\x93\xac\xb6\xc8\x58\x2e\x41\xfa\xfd\xd3\x70\xda\x95\x46\x33\x18\xc1\xd2\xe8\x04\xea\xa7\xd8\x63\x1b\xb0\xb2\xa8\x8d\x7e\xbb\x8f\x43\x57\xaf\xad\xec\x30\x45\x4e\xd7\xad\x15\x37\x5a\xda\xac\xd3\x36\x9d\x6e\x1b\x22\x1d\x16\x2a\x07\x8b\xe6\xde\xb6\xb1\xbe\x73\xac\xb5\x26\x12\x89\xc4\x6f\x1b\xcd\x16\x0b\xc7\x08\xa8\x2b\x0e\xad\x80\x51\xca\x2f\xd7\xd7\x5c\x2b\x66\x2a\x37\x1f\xe1\xc3\xda\xd6\x8e\x93\x4d\x62\x02\xec\xa6\xe7\xe9\x35\x76\xa3\x3b\xaa\xd9\x1c\xb9\xbc\xfa\xfc\x93\x25\xe3\x09\x6c\x1c\x23\x80\x47\x65\x65\xdd\xc8\x2b\xa7\x25\xd9\x12\x7b\x27\x8c\x67\x3f\x63\x2a\xb1\xf8\x83\x91\xdb\x28\x3d\x5f\xb2\x10\x3c\x63\xac\xfc\x60\x2c\x7d\x5f\xdd\xbb\x5b\xc9\x6d\x5b\xec\xbe\x56\x5c\x22\x9d\xcb\x58\xd9\x35\x32\x0f\xaa\xeb\xdb\xd6\xfc\x4a\xee\x85\xb1\xbd\x68\x6c\xde\x33\xd7\x9e\x56\xfe\x35\x6f\x16\x56\xeb\x06\x46\x06\x87\x23\xd1\x18\xd7\x3f\x34\x1a\x66\xfc\x5e\xdf\xad\x1d\x6c\x72\xde\xe3\xab\x7d\xb0\xe4\xc1\x47\x26\x24\xf5\x09\xe8\xea\xf5\x39\x8b\x08\xd4\x8d\x58\xbd\x91\x66\xa6\x1b\xc6\xf0\xe9\x86\x1c\x68\xba\x5a\x7a\xa4\x15\x45\x77\x2a\xe1\x20\x1e\xe6\x43\x53\xbc\xec\x66\x6c\x7f\x1c\x7e\xf2\x78\x0d\x90\xc0\x3b\x60\xa1\x00\xc6\x03\x9b\x37\x36\xef\x25\x01\x88\x00\xf4\x9c\xa1\x99\xfa\xfd\xa0\x73\x13\x62\xac\xdc\x31\x36\xef\x55\x76\x1f\xd5\x2f\xa9\x08\xc2\x9a\x5f\x3f\xc5\xa5\xb4\xf0\x08\x57\x5b\xa4\x7f\xa8\x56\xcc\x10\xe6\x1a\xe7\xa5\x10\x5e\x7b\xa9\xb8\x51\x39\x58\x33\x36\xef\x61\x60\x25\xbb\x1a\x11\x04\x24\x8c\x5a\xe4\x3f\xd2\x3f\x34\x82\x78\x45\x15\x70\x25\xfe\xd6\xa7\x83\xd7\xa7\xff\x34\xa5\x22\x2d\x2d\xe9\x61\xc6\x7f\x22\x3a\x6f\x07\x25\xd0\x74\xae\x1c\x18\x3c\xfb\x31\xe6\x00\x71\x5e\x32\xae\x2f\x18\xb9\xe7\xc0\x10\x7b\x34\x45\xf5\x47\x07\x46\x46\xbb\x3d\x57\x10\x9f\xc8\x3e\xcb\xa6\x25\x01\x33\xe0\xb9\x47\x0a\x90\x19\xec\x2b\xcc\x60\x9d\x19\x04\xfe\x31\xf3\x23\xd6\x6c\xe6\xe7\x7e\xd7\x74\x9d\xf6\xa6\x49\x8c\xb9\xf5\x43\xe5\xda\x3e\xb9\x26\x23\x37\x66\xb9\x1f\x8d\xfd\xaf\xea\x34\xc6\x4d\x61\x6c\xfa\x82\xf3\xd2\x22\x5b\x4c\xec\xdc\x98\xb5\x22\xb0\x2e\xab\x41\x94\x91\x8e\xb1\xa5\x7e\x39\x7c\x54\xff\x3e\x64\x21\xce\xc5\x37\x54\x1e\xee\x80\x4b\x15\x94\xf2\xb7\x1c\xe8\x38\xda\x35\x8c\x47\xbf\x94\xbf\xca\x1a\xd9\x02\x86\xe6\xbd\x65\xb3\xb0\x5a\xdd\xbc\x5e\x7e\xbc\x57\x5d\xdf\x76\xd7\x11\x3e\x67\x91\xa1\xef\x0b\xa5\xc2\x75\x23\xb3\x6e\x66\x97\xfe\x3d\xb7\x65\x64\x1e\x94\xf2\x7b\xd5\xdb\x2f\xb0\x99\xfd\x7f\x40\xf0\x0c\x24\xa4\xb4\x96\x34\x9e\xac\x56\x6f\xbf\xc0\x8f\x46\xe6\x81\xe7\x41\x43\xfa\xbf\xe7\xbe\x29\x6f\xcc\x57\x1f\x16\x8c\xc2\x0a\x69\x99\xd4\x7f\x94\x96\x46\xfa\x87\x5a\x39\xa9\x9c\xd0\x8f\xa6\xa4\x36\xa0\x07\xeb\x7f\xe4\xb4\xda\x78\x6e\x26\xad\x4d\x59\xfb\x32\x22\x7b\x3e\x32\x7a\xbe\x4d\x7d\x38\x6a\x66\x40\x4b\xc6\x4f\x7f\xc0\x6a\xe9\x49\xe7\x9e\x8f\xef\x0a\x32\xce\x2f\x07\x0d\x68\x18\x1d\xe9\xe7\x46\x07\xc7\xc2\xb4\x32\xe5\x3e\x07\x71\x1a\xc7\x4c\x63\xe9\xd9\xc6\x02\x07\x46\xc7\xda\x8a\x0a\xad\xa2\xa3\x1f\x9f\x75\x7e\xb1\x68\x12\xe6\x1b\xc2\x6e\x78\x72\x97\x80\x86\xf4\x76\x05\x40\x33\xb6\xaf\x2f\xe3\x32\x47\xa4\x02\xc9\x52\x70\x34\x35\x4a\xc1\x6f\x9f\xf5\x1d\x8c\x31\x33\x77\xc8\x0d\x37\x96\xc8\x3e\xaf\x2e\xdc\x0a\xc0\x71\xf2\xc8\x95\x16\xee\x83\x84\x05\xad\x78\xa1\x02\x92\x90\x8e\x00\x49\x68\x12\x33\x9e\xa3\x97\x4b\x4f\x7b\xae\xda\x66\x5b\x20\xf8\x13\x8f\x81\x23\xd6\x5f\xda\x5b\x6e\x2c\x9e\xd4\xb1\x47\xb5\xb1\xfd\x53\xe5\x97\x47\x8d\x60\xd4\xe3\x13\x70\x6d\x17\xc9\x6c\x12\x4a\xe3\xd9\xcf\xe5\xef\x0b\xe6\xd7\x4f\x41\x4e\xe8\x8d\xed\xc3\xf3\xae\xdf\xaa\xbc\xb8\x6d\x2c\x16\x9c\x45\x6a\x60\xe6\xfe\xe5\x51\x42\xe8\x88\x7d\x93\xea\x09\xcf\x2b\xe6\x41\x3b\x36\xf4\x19\xf8\x1c\x83\x16\x13\xb2\x8d\x74\x52\x87\xe7\xc7\x6b\x30\x13\x20\x27\x6b\xbf\x9c\xd0\x03\xa0\xa9\x7c\xb8\x11\xd5\xbd\x79\xb0\xea\x0c\x8c\xa5\xef\x4b\xfb\xeb\x61\x86\x78\xd0\x14\x40\x9b\x92\xd9\x63\x10\x06\xba\xb3\xb5\xc8\x1b\xd1\xb6\xdb\xe1\xc2\x3f\xab\x6b\xb9\x5a\x71\x23\xce\x4b\x80\xdb\xea\xe3\x79\x23\xb3\x6e\x14\xbf\xc2\xae\x5b\xfb\xf1\xeb\xdc\x55\xd2\x4f\xdd\x43\xe5\xcd\x9c\xf9\x60\xb1\xba\x69\x5d\x12\x6c\xcd\x19\x0b\x19\x23\xf3\xc0\x16\xb8\x7e\xab\xde\x82\x4b\xf9\x65\xf2\xab\xe8\xaf\x73\x5f\xb6\x73\x61\x6e\x03\x1f\xc6\x93\x71\x59\x90\x10\x94\x7f\x7e\x41\x7e\x6c\x2b\xed\xdf\x02\xdb\x9d\x52\xfe\x09\x31\x58\xd9\x7d\x64\xe3\xc1\xc6\x3c\x69\xfd\xb6\xb5\xd5\x65\xc2\x9f\xda\x59\x38\x1f\x89\x0d\x0c\x0d\x62\x16\x8c\x33\x20\x18\x27\x49\xc0\x27\xe3\xa2\xdc\x3e\x0d\xea\x3f\x8b\x7a\x13\xa1\xb5\x18\xc0\xfa\x81\x25\xfe\xf9\xa7\x10\x9c\x02\x2d\x4c\xff\xff\x46\x06\xf9\x44\x59\x40\x5f\xf8\x99\xce\xff\xa7\x05\xa6\x13\x8a\xea\x17\xc3\x5d\x7d\xe2\x87\xe1\xd8\xb9\x3e\xf1\xdd\x77\x03\x20\x26\xfc\x8c\x18\x0e\xd3\x64\xd5\x74\x60\xda\x6a\xb8\xc0\xf8\xc5\x77\xbb\x02\x7d\x56\xcf\x9f\x9d\xf5\x05\x5a\x4c\xda\x1d\x9c\xac\xc9\xee\xea\xee\xc2\x57\xd3\xed\x51\xde\xb3\x2a\x3b\xd4\x0d\x35\x47\x31\x6f\x4f\xfd\x58\x28\x7b\x54\xec\xea\x0d\xfa\x18\x4a\x6d\xd7\x7f\x1b\xad\xc7\x2c\xf6\x93\x68\xb4\x71\xec\xd5\x34\xb6\x6d\x14\x8d\x12\xb7\x4e\x85\xc6\xd6\x4e\xb9\x70\xe0\x62\x43\x59\xc2\x5b\xbc\x8d\x41\xd0\xf4\xb0\x63\x9b\x04\x31\xec\x0a\x98\xc7\xb0\x7d\x7c\x02\xcf\x81\xaa\x2d\xa3\x60\x5f\xc2\x28\xd8\x43\x18\x05\xdb\x9e\x51\xb4\xa3\xdc\x8e\x9e\xe3\x50\x0a\xb6\x2d\x51\x60\x1d\x52\xc1\x7a\x59\xc5\x21\xd2\x42\x1b\xe9\xd1\x8f\xcf\xb2\x87\x30\x0b\x96\x77\xc9\xbf\x0e\xb7\x60\x4f\x48\x2e\xac\xed\x70\x31\x0c\xf6\x8d\x53\x0c\xb6\xe9\x44\xe7\x38\x74\x22\x8e\xc1\xb6\x21\x19\xec\x9b\x20\x19\x6c\x7b\x96\xc1\xbe\x3a\xcb\x20\xe8\xc8\xbe\x16\x43\x60\x8f\x4b\x11\xd8\x37\xc0\x11\x9a\x7e\xfb\x6c\x47\x12\x58\x2f\x4b\x60\x9b\x68\x02\x7b\x14\x4f\x60\x5f\x46\x14\x08\x50\xb0\xbf\x1b\x88\xb2\xbf\x23\x8a\xb2\x6f\x08\x46\xd9\x37\x8c\xa3\xec\x6f\x03\xa4\xaf\xad\xf6\xb8\x45\x71\x42\x28\x3d\x86\xca\x76\x05\x45\xfe\x73\x96\xab\x1a\x5e\x0d\x51\x59\x0f\xa4\xb2\x4d\x98\xca\xbe\x32\xa8\xb6\x5c\x15\x52\xf6\x31\xfe\xff\x02\x00\x00\xff\xff\xd9\x3c\x79\x6a\xf1\x28\x00\x00")

func linuxNftablesClient_offlineShBytes() ([]byte, error) {
	return resourceSetBindataRead(
		_linuxNftablesClient_offlineSh,
		"linux-nftables/client_offline.sh",
	)
}

func linuxNftablesClient_offlineSh() (*asset, error) {
	bytes, err := linuxNftablesClient_offlineShBytes()
	if err != nil {
		return nil, err
	}

	info := bindataFileInfo{name: "linux-nftables/client_offline.sh", size: 10481, mode: os.FileMode(436), modTime: time.Unix(1790421345, 0)}
	a := &asset{bytes: bytes, info: info}
	return a, nil
}

var _linuxNftablesClient_onlineSh = []byte("\x1f\x8b\x08\x00\x00\x00\x00\x00\x00\xff\xdc\x7b\x7b\x53\x1b\x47\xb6\xf8\xff\xfa\x14\x27\x83\x1c\x24\xef\x4f\x11\x38\xf6\x54\x8c\x2d\xd7\x62\xc0\x6b\x2a\x36\x76\x01\x49\x7e\xb7\xbc\xbe\x53\x62\x34\x32\x73\x2d\x24\x45\x33\x90\xdd\xc5\x54\xc9\x31\x0f\x01\x92\x20\x31\x18\xf3\x0a\xe0\xc0\x86\x1b\xdb\xe0\xd7\x1a\x21\x09\xf3\x5d\x36\xd3\x33\xa3\xbf\xf4\x15\x6e\xf5\xf4\xcc\x68\x46\x2f\x1b\x63\x67\xf7\x5e\xaa\x5c\xd6\x74\x9f\x3e\xe7\xf4\x39\xa7\xcf\xa3\x1f\x0d\x9f\x78\xfb\xf8\xb0\xb7\xcf\x2f\xf4\x3b\x1c\x9d\x5d\xbd\x1d\xdd\x5d\xad\x57\x98\xd6\xeb\x9d\x3e\x8a\x61\xac\xdf\x0c\x43\x39\xae\x5c\xfb\x13\x73\xa9\xf3\x4a\x07\xee\xfb\xe6\x5a\xf7\x97\x9d\x5d\x7f\x62\xda\x3b\xbb\x19\xc6\x3f\x28\xf6\x7f\x16\x8a\xdc\xa2\x1c\x3d\x1d\xdd\x5f\x77\x74\x33\x9d\xed\x18\xc6\xfc\xc0\x83\xcd\x2e\x8c\xf4\x52\x6b\x5b\x87\x15\xc2\x68\x23\x54\xda\xbe\xac\x41\x86\x0d\x7d\x16\x8a\xb0\xb7\x29\x87\xa3\x01\x7c\xf8\x0f\xc2\x41\xd1\xdf\x17\xe2\x04\x50\x77\x5f\xc9\x0f\xd3\xa4\xd5\xd1\x00\xf2\xee\x0c\x9a\x79\x26\xaf\xa4\xd0\xd4\x06\x5a\xdc\x96\x0e\x0e\x95\xb9\x6d\x29\x13\x47\xf9\x75\x65\xfa\x89\xf2\x78\x5a\x59\x1a\x05\x3e\xcc\x89\xa0\x6e\x6c\x43\x24\xca\x85\x87\xa2\x61\x4c\x80\x39\x6f\x72\x7d\xa1\x98\x4f\xaa\x1b\xdb\x4a\xee\xbe\xfc\xd3\xa8\x32\xf7\x1c\x04\x2e\x36\xc4\xc5\x18\x41\xf4\xc7\xc4\xcf\x84\x7e\x40\xb9\xac\xf2\x78\xba\x98\x5f\x72\x34\x00\x40\x30\x12\xfb\xce\x1f\x0b\x00\xa0\xb5\xac\xb2\x11\x2f\xdc\x7f\xe3\xea\x8f\x44\x6e\x1b\xed\x6e\x8c\xed\xd5\x9a\xfa\xea\x67\xe0\x04\xcc\x34\x2f\xf4\x73\x01\x90\xe7\xde\xa8\x1b\xc9\xdf\xe2\x77\xe5\xf4\x16\x9a\xf9\x59\xdd\x7b\xa9\x1e\x3c\xf1\x4a\x99\x47\x28\x7f\xcf\x4b\x3a\x35\xec\x7e\x36\x04\xda\x9f\xfa\xcb\x28\x4a\x2c\x62\xec\xea\xa3\xc7\x26\x51\x29\xb7\x05\x3c\x1f\x0c\xfb\x07\x38\x20\x38\x30\x3d\xf4\xf4\xa1\x3c\xf7\x06\xcd\x8e\x42\x6b\xdb\x15\x50\x72\xa3\xca\xd2\x28\xc1\x49\xb0\x10\x41\x49\x99\x5f\xcd\xfe\xb9\xed\x7f\xc6\x57\xd0\x0f\x07\x68\x36\x55\x58\x1e\x47\xb3\x09\xf8\x03\xa0\xa7\xb3\x85\xfb\x6f\xfe\x19\x5f\x55\x37\xb6\xd5\x37\x6f\xc0\x25\x67\x67\xe1\x9f\x89\x04\xa0\x9d\x47\x72\x62\x4f\x79\xbc\x5b\x58\x1e\x77\x43\x6b\x57\x3b\xb8\x94\xe5\x1d\x2c\x59\xdc\xdb\xd6\xd9\xde\x8d\x3b\x0c\xf9\x74\x5e\x1f\x3a\xdd\x02\x91\xa1\xf3\x02\x1f\xb8\xc0\x08\xcc\xf9\x7e\xbf\xd0\x7f\xc1\x6b\x34\x04\xca\x1b\x58\xbd\xa1\x98\x4f\x12\x56\x94\xe7\x39\xf4\xd3\x34\xf0\xd1\xa1\xd3\x8c\x3f\x10\x88\x19\x58\xe9\x12\x56\xba\x02\x2d\x5d\x81\x97\xae\x83\x98\x2e\x21\x26\xb3\x6e\x01\x80\x61\x3e\xfa\xff\xf8\x28\x3d\x02\x01\xdc\x09\x7f\x54\x96\x77\xe4\xf5\x89\xc2\xf2\x38\xf8\x59\x96\x8b\x8a\x8e\x06\xc0\xf8\x40\x99\x7b\x2e\xa7\x7f\x44\xd9\x19\x94\xce\x15\x26\x52\x68\x36\x8d\x45\x81\xc5\x00\x3a\x9d\x9d\x05\x34\x91\x2d\xe6\x93\x9a\xb4\x97\x33\x68\x36\xa9\x2c\x8d\x9a\x52\x44\x63\xcf\xa5\xec\x63\x34\x9b\x94\x32\x71\x25\x37\x8a\x76\xf7\xd5\xe7\x1b\xc5\x3c\xd6\xbf\x94\x4d\xcb\x0f\x77\x35\x23\x28\xdc\x7f\x43\x94\x27\xcf\x3f\x03\x1f\x48\x99\x14\x9a\x4d\x1a\xfa\x93\xe7\x9f\x15\xf3\x49\x29\x93\x46\x2b\xdb\x4a\x16\xdb\xbc\x9c\xd8\x93\xe7\x9f\xc9\x0b\xeb\x68\xec\xe5\x6f\xf1\xef\x1d\x0d\x3a\x2f\x18\x9d\xb9\x78\x50\x7a\x4d\x99\x5b\x53\xef\x1d\xa0\xa9\xe5\x62\x3e\x29\x2f\xac\x17\x56\xe2\x68\x67\x52\xfd\x79\x0c\xf8\xa8\xc0\x89\x18\xe9\xfe\x1a\xa6\xf5\xf4\x21\x5a\xd9\x06\x3e\xaa\x8f\x94\xb7\x37\x50\x7e\x06\xcf\x62\xf9\x27\x75\xf6\xa0\x10\xcf\xa9\x6f\x7e\x20\x74\x8c\xd5\x85\x66\x93\xf2\xc2\x6b\xb4\x39\xaa\xcc\x8e\x6b\x46\xe0\xc5\x3a\x2b\x91\xb9\x37\x53\x42\x57\xf8\xfe\x67\x79\x7d\xaf\xf0\x68\x15\x6d\x3e\x50\x72\xaf\xe4\xa9\x4d\xe0\xa3\x34\xe9\xc4\x58\xf9\x20\xdc\x00\xcf\x5f\xc0\x3b\x28\xc4\xbc\x02\xf6\x5c\xe1\xa0\x08\x37\xcf\x81\xd8\xcf\x85\x1d\x78\x79\x74\x5d\xea\xf5\x51\xc2\x60\x20\x62\x87\xa1\x1c\x5c\x48\xe0\xca\x20\xb4\xf6\x20\xef\x70\xf4\xb6\x5e\xbc\xd2\xc1\x74\xb5\x5e\xed\xf0\x51\x56\x5f\xe0\x34\x7d\x01\xe5\x68\x6d\xbb\xc2\xb4\x5d\x6e\xed\xec\xf2\x51\x7e\x36\x44\x39\x2e\xb7\xf6\x5c\x66\xae\x74\x74\xf9\x9a\x69\x87\x23\x14\xb9\xc5\x0c\x70\x82\xe0\xbf\xc5\xb9\xdc\x30\xac\xd1\x09\x45\x58\x7f\x08\x42\xdc\x10\x17\xf2\x51\xce\x66\xca\xd2\xa8\x83\xfa\x28\xe7\x29\xd2\xcc\xb1\xfd\x11\xa0\x9c\xae\x80\x5f\xe4\xa0\xf1\x0f\x27\xfe\xc3\x73\x62\xc0\x73\x22\x00\x27\x2e\xb7\x9c\xb8\xda\x72\xa2\xa7\xd1\x0d\x37\x9c\xc3\x1a\xae\x91\x9b\xe0\x1c\xd6\x11\x8c\x50\x70\xe1\x02\x50\x4e\xc3\x31\x53\x8e\x11\xec\x1a\x4d\x8b\x52\x56\xd6\xd0\xce\x4f\x68\xe5\x19\x5a\x8d\x17\xf3\x4b\xd7\xa2\x5c\xf8\xeb\xeb\x5d\x80\x35\x88\x15\x01\x18\xe4\xfb\x7d\x75\xe7\x8d\x72\xb0\x03\x62\x6c\x50\x10\xb9\x00\xc3\x47\xb1\xe7\x20\x20\xb4\x0e\x22\xcf\x61\x28\x0b\x08\x4d\x74\x2c\x65\x36\xd5\xf8\x98\x94\xfd\x51\x7e\xb0\x85\x35\x9a\xda\x91\x9f\x6e\x2a\x1b\x3b\x68\x67\xc9\x4e\x7b\x99\x20\x9b\xdb\x86\x1b\x78\x11\xdd\x6c\x89\x46\x62\x22\xa0\x83\x47\x28\x3f\x53\xb8\x7b\x88\xc6\x52\x52\x26\x8d\xd7\xc0\xcc\xcf\xf2\x74\x5e\x4e\x6f\x49\xd9\x5f\x94\xb9\x35\xf9\xe9\x2f\xd2\xfe\x24\xa6\xd5\xdd\xd1\x7a\x85\x69\xbb\xd2\xd9\xd1\xd5\xcb\xb4\xb6\xb7\x77\xfb\x28\x4a\xb7\x86\x30\x50\xce\x12\x63\x94\xcd\x1a\x2a\x47\x59\x40\x5b\xcc\xdf\x98\x19\x6c\x21\xd5\x10\xd2\x6f\xc3\x78\xc3\x0a\x7c\xb3\x1c\x29\x36\xaf\x06\x90\x72\x69\xa0\x4e\x37\x9c\x67\xf9\x40\xec\x02\x05\x5e\xa0\x68\xf3\x83\x08\x41\x59\x1a\x55\x37\x92\x85\x89\xa4\x3c\x33\x8b\x66\x1e\xfc\x16\xbf\x8b\xd2\x39\xe5\xbf\xb3\xca\xe2\x81\x16\x1c\xaa\xfb\x15\x94\x58\x50\x37\xb6\x8b\xf9\x84\xbc\x3b\xa3\x6e\x60\xc7\x21\x65\x7e\x2d\xe6\x27\x1d\x21\x5e\x10\x99\xa1\xd3\x0c\xa6\x21\x98\x26\x29\xc6\xc0\x13\x80\xc6\x3f\xc7\x1a\xe1\xcf\x0e\xd0\xff\xee\x80\xc0\x05\xf0\xac\x1b\x05\xef\x7f\xde\xb8\xd1\x22\x44\xfd\x2c\xd7\x72\xf3\xe6\xc9\xd3\x0d\x5e\x6f\xb4\x12\xb2\x51\xf0\x5a\xa1\x9c\x5e\xaf\x1d\xe6\x56\x8c\x8b\x82\x67\x08\x1a\x6d\xc8\x9c\x65\x88\xb0\xfa\x3d\x83\x8e\x11\x9d\x53\xfa\x58\x9c\xd2\xbf\x0b\xa7\x8e\x06\xec\xe2\xd5\xc5\x25\x79\x7a\x8d\xac\x1f\x79\xe5\xb1\x94\xd9\x94\x77\xfe\x21\xa7\xb7\xd1\x6e\x1e\xd8\x90\x5f\x10\xf8\x80\x37\x1a\xe3\x23\xc5\x7c\x82\xb8\x72\xf0\x9e\x3a\x0d\x68\x7c\x0c\xcd\xed\x4a\x99\x78\x31\x3f\x89\xe3\xce\xdd\x43\x94\x8f\x4b\x87\xab\xca\xfc\x22\x56\x66\x13\x48\x99\x74\x21\xf7\x50\xdd\xd9\x54\x9e\xe7\xe0\xec\xd9\xb3\x67\xb1\xd1\x0f\xf0\xe1\x48\x8c\x09\xc6\x22\x03\xcc\xd0\xe9\x32\xc7\xc2\xb0\xc0\x04\xe0\xaa\xd6\xc2\xb0\x3e\xa7\x2b\x1a\xe3\xc3\x62\x10\x1a\x4f\x08\x8d\x80\xfd\x0d\xdc\x01\x76\x50\x04\x4f\xe0\x33\xf0\x04\x3f\x77\x13\xc0\xc0\xdb\x00\x4f\x13\xc0\xab\x3e\xa7\xcb\x05\x2e\xe7\x30\xc3\xb6\x78\x9a\x46\xe0\xfc\x79\xf8\xc2\x0d\x77\xc0\x39\xcc\x04\xb4\x06\x37\x81\xbb\x01\x94\xf3\x2a\x05\x9e\x10\x07\x4d\x70\x13\x3e\xfd\x14\xae\xfa\x9a\x6d\x3d\xb7\x38\xa0\xcf\x9c\xf9\xfc\x8c\xd1\x8b\x3f\x4e\xdb\x20\xb8\x6f\xb5\x09\x1b\x00\x67\xcf\x9e\xfd\x42\xeb\xb7\xf3\x79\x15\x3b\xb7\x06\x50\xb2\xbb\xc4\x31\x99\x4e\xae\x98\x5f\xc2\xc9\x99\xd6\x28\xaf\x3c\x86\x66\x1a\xa4\x83\x14\xd1\x08\xc9\xf5\x6c\x7a\x29\x97\x2b\x5d\x2e\xd7\x7e\x43\xa8\xfd\x3e\xe7\x70\x73\x43\xc3\xc9\x96\x11\xed\x9b\xf5\x0b\x1c\x50\x4e\xa6\x9f\x02\x3e\x0c\x8d\x8d\x77\x4e\xde\xf8\xa4\xc9\x73\xd6\xef\x09\xb6\x7a\x2e\xdd\x3c\xe9\xc6\x03\x9a\xe0\xdc\x39\xe0\x04\x3f\x6b\x11\x62\x33\xdd\xe0\x1c\x66\xfa\xff\x85\x52\x73\xe8\xfe\xaa\xf3\xfa\x69\x1f\xe5\xe4\x83\x6c\x24\x1c\xe4\x6f\x31\xd1\x48\x24\xc4\xc4\xb8\x81\x88\xc8\x61\xc7\x59\x82\xa2\x6b\x43\xd1\x94\x2d\xd8\x01\xd5\xd9\x75\xe9\x1a\x05\x14\xc9\x34\xa4\xcc\x94\x92\x3d\x84\x36\x2e\x26\xf2\x41\x9e\xf5\x8b\x5c\x17\x4e\x48\x9d\x6c\x64\x60\x20\x12\x66\xb4\xec\xf4\x2b\x81\x8b\x81\x73\x50\xe0\x62\xda\xe7\xd7\x7c\x4c\x1c\xf4\x87\x3a\xaf\xb7\x80\xb3\xc4\x66\xa9\x99\xb6\xb6\xd3\xd0\x16\xe2\xb9\xb0\xa8\x41\x97\x7b\x62\xa0\x1c\x5c\x98\x8d\x04\xb8\x00\x63\x60\xf7\x39\x5d\x5a\x64\xd5\x5c\xba\xd1\x88\xed\xbd\xcf\x2f\x70\xf4\x69\xf0\x7c\x07\x4d\x70\xc7\x74\x36\xe1\x46\x37\x5e\xe4\xf2\xe4\x2f\x9a\x2f\xc5\x73\x41\x3f\x1c\x48\xb9\x4d\x47\x8c\xfb\x76\x90\x13\x44\xa6\x2f\x12\xf8\xab\x8f\xd2\xeb\x00\x3e\xd0\x02\xa5\x0c\xc1\x61\xe0\x6f\x01\x67\x39\x1f\x8e\x18\xe7\x0f\x31\x7c\x54\xcb\x2e\xab\xb0\xee\x60\xb5\x69\x31\x2c\x17\x13\x19\x1d\x87\x45\x66\x8e\x21\x22\x0d\x0b\x86\x92\xa8\x2c\x9d\x74\x45\x2f\x56\x17\x3b\x18\x0b\x81\x47\x00\xcf\xff\x87\xeb\xd7\x7a\x7a\xf1\x54\x29\xa7\x75\x42\x14\xf4\x8b\x62\xb4\xc5\xeb\x75\x5a\x0b\x3e\x2f\x66\xde\x1b\x09\x87\xf8\x30\x07\x9f\x5e\x00\x6f\x80\x1b\xf2\x86\x07\x43\xa1\x52\xf1\x85\x32\x7f\x47\x3b\x07\x85\xc5\xd9\x42\x7c\x0d\x5c\x22\xeb\x36\xcb\x2f\x29\x33\x25\xe5\xd7\xc1\x07\x66\x05\x06\x9e\x0b\xb6\x25\x8b\x13\x0c\x71\x30\x0c\x68\x22\x2b\x3f\xd8\x47\xb3\x3f\xe0\xdc\xe0\x72\xef\x45\x90\x93\x93\x7a\x11\xd1\x79\x1d\xe4\xf9\x57\xe8\xe0\x51\x31\xbf\xac\xe1\x9c\x56\x0f\x0e\xc0\x57\x42\x83\x71\x9a\x04\xac\x38\xc7\xb6\x08\x4e\xc2\xda\x6f\xf1\xef\xcd\x16\x79\x61\x5d\x7e\x39\xaf\x2c\xbf\x92\xd3\x5b\x06\xf2\xa4\x94\x7f\x88\xc6\x12\xf2\xd4\x14\x4a\x8e\x41\x8c\x0b\xf0\x31\x8e\x15\x01\x25\x9e\x69\x85\x00\x1f\xec\x3b\x6f\x52\xe9\x6c\xbf\x00\xea\xce\x1b\xb4\x39\x81\xc6\x53\x26\xcb\x3a\xa2\x84\xf4\x66\x55\xfd\xc7\x03\x3c\x02\xfe\x00\x7e\x56\x64\x06\xf8\x58\x8c\x0b\x14\xf3\x49\x9c\x7a\x7d\x83\x33\x9e\x4c\x46\xfd\xe5\xae\x16\x04\x96\x35\xec\xea\xf4\x16\x86\xf7\x96\xa0\xb5\x94\x7e\x66\x57\x99\xdb\x46\x89\x45\xb4\xfc\x53\x21\x1e\x47\x89\x67\xc0\x87\x6f\xc5\x38\x41\x80\x68\x24\xc4\xb3\x5c\x89\x18\x1e\x68\xb4\x99\x58\x49\x5e\x56\xb8\x77\x60\xe2\x92\x17\x5e\xab\x3b\xcf\xd0\xc1\x3c\x7c\xd3\xda\xdd\xd5\xd9\xf5\x27\x40\xfb\xaf\x71\xa5\x78\x38\x41\x04\x4b\x64\x85\xf1\x66\x52\x68\x3c\x55\x58\x5d\x2c\xe4\x1e\xa2\xcd\xe7\xea\xab\xad\x62\x7e\x52\x2f\x1d\xe2\x6b\x4a\x7a\x02\xd7\x39\x86\x3c\xb0\xb6\xb4\xa5\xaf\x3c\x7d\xa0\xcc\x6f\xb9\xd0\x58\x42\x59\x99\x26\x4d\x38\x8d\x1c\x4f\x29\x2b\xd3\xf2\xab\x9c\xba\x77\x4f\x87\xcb\x8d\xba\xcd\x3a\x08\xa5\xe6\xa5\x83\x14\x7c\x79\xd1\x2b\x14\xf3\xc9\x26\x52\xce\x98\x4a\x73\x34\x90\x28\x2b\x65\xd2\xba\xcb\xdf\xc4\x22\xd7\xa3\xaa\xee\xd3\x8b\xf9\x84\xee\xfd\x2b\xc2\x31\x91\x47\x65\xc0\x20\x9b\x01\xa5\x98\x41\x22\xc5\xd2\xa8\x3d\x58\x60\x06\x7a\xdb\x98\x8b\x38\xe1\xa7\x1c\xc1\x48\x0c\x18\x91\xc5\x9e\xbf\x54\x57\x88\x2c\x94\x7e\xe0\x56\xe3\x37\xf9\xff\x1c\x04\x22\x9a\x4b\x36\xaa\x16\xca\xc9\x88\xac\x99\x4e\x82\x81\x5d\xab\x45\xb4\xae\x73\xd0\x17\xe3\xfc\xb7\xcf\x41\x90\x77\x04\x22\x61\xce\x71\x03\x3c\x7f\x03\xca\x49\x20\x29\xe2\xeb\x6d\xc3\x44\x96\x72\x38\x3a\xaf\xdb\xd8\xe4\xa3\x76\x36\xf9\x28\x94\x7e\x18\x6c\xe2\xdf\xe4\xff\x6a\x6c\x5a\xf2\x68\x30\xb0\xeb\x6c\xf2\xd1\x9a\x6c\x12\x48\x9d\x4d\xdb\x30\x1c\x5e\xb0\x34\xdb\x3b\xbe\xf6\x51\xce\xf2\x5d\x1f\x6d\x3f\x87\x58\x21\xce\x9a\x8c\xb5\x5a\xcc\x4f\x12\x5b\xc0\x9f\xf9\x99\x62\x7e\x09\x2f\x2c\xb2\x58\xb1\xf1\x8c\xbd\x96\x9f\x6c\xe8\xeb\x01\x6b\xab\xf3\xd2\x45\x42\x80\x0f\xf6\x39\x87\x4d\xc7\x3c\x42\x39\xda\xaf\x7d\xd3\x75\xe5\x5a\x6b\x3b\x73\xb5\xa3\xf7\xf2\xb5\x76\x1f\x15\x8e\x84\x39\xad\x7e\xd0\x79\x86\x10\x1f\xbe\x0d\x42\x7f\xe4\x3b\x3c\x0d\x82\x87\x82\x0b\xa6\xcf\x83\x53\x17\x3e\x6d\x86\x3b\x77\xec\xf0\xfe\x40\xc0\x0a\x2e\xfe\x35\xca\x69\x6b\xbf\x6c\x9c\xa5\x7a\x68\xd0\xfa\x75\x07\xa2\xad\xcb\x62\x7e\x19\x2f\x92\x8d\x1d\x75\x67\xd3\xe2\x32\xc0\xe8\x4d\xa0\x67\xab\xea\xee\x3c\x9a\x5a\x97\x32\x71\x79\x75\x03\xf4\x7e\xb2\x07\x80\xc5\xa0\x2d\x51\xd3\x55\xe0\xe4\x1f\x53\xb2\x4f\x8c\x13\xad\x8c\x0e\x46\xab\x4d\x4d\x8c\x0d\x72\x86\x1d\xe8\x16\x07\x41\x3e\x24\x72\x31\x6d\xa2\x01\x6e\x88\x58\xa2\x86\x22\xea\x8f\x71\x61\x11\x82\xc1\x60\xb0\x05\xa2\xb1\x88\x18\x61\x23\x21\xe0\xa3\x38\xfd\x88\xe8\xa9\xcb\xe0\xe7\xa7\x60\xc0\x2f\xb2\xfd\xb8\x5d\x88\xb1\x70\xea\xcc\x99\xcf\x2c\xff\xbc\x9f\x9f\xc2\x33\xe6\x23\x61\x63\x52\x1c\x71\x71\xa6\x0b\x26\x34\x6b\xe9\xc3\x22\x57\x6d\xc6\x76\x9e\x03\x5c\xe8\x3d\x78\xae\x27\x17\xfc\x57\x61\x49\x7c\xb0\x8f\x94\xf0\x41\x1e\xd7\x7a\xda\x1a\xa2\x9c\x65\x60\x14\xf8\x80\xd8\x9c\xad\x96\x6c\x00\xa2\x33\xd3\xa7\x2f\xc9\xe9\x47\xf2\x3f\xa6\x2d\x3e\x1d\xe4\x87\xbb\x68\xf6\xef\xc4\x1a\x7e\x77\xed\xe8\x3c\xc4\xfc\x22\x07\xcd\x03\x7d\xbc\x08\x7d\x83\x31\x41\x84\xe6\xa6\xdb\x10\x88\x45\x2a\xcc\xe8\xdf\x42\x23\x84\x69\xab\x52\x1c\x78\x02\x8c\x9e\xf2\xbc\x47\xfa\x46\x19\x08\x84\xc1\x90\xe8\x73\xba\xaa\x67\x54\x16\x1a\xf5\x32\x2a\x0c\x17\xe2\x07\x78\xd1\x7b\x8b\x13\xdd\x8e\xaf\xae\x6b\xcc\x7f\x79\xd1\x56\x98\xfd\x39\xdc\x58\x42\x89\xa9\x52\xf6\xe2\x77\x30\x1a\x8a\xf8\x03\xcc\xed\xbe\x16\x6b\xe5\xaa\x15\xc1\x77\xa0\x9f\xf3\x63\xc0\x66\x77\xc9\xef\x1d\x11\x7d\x20\xf2\x5d\xf8\x9d\x08\xe8\x35\x91\x39\x09\x7b\x69\x84\x8b\xa2\xd2\xfc\x4a\xb5\x91\x3e\xca\xc2\x5d\xe5\x38\x2b\xeb\xa5\x91\x75\x6a\x8f\x77\x2b\x2c\xbc\xd6\x62\x42\x99\x5b\x93\xe7\x13\x7a\xfe\x4a\x52\x56\x9f\x73\xd8\xe4\x78\x04\xe7\x25\x7a\x5c\xf2\x39\x87\x2d\x1c\x91\x1e\x57\x93\xcf\x4c\x57\xdc\x94\x03\xaf\xfd\x61\x63\xff\xa8\x44\x11\x87\xc3\x3b\x77\x2a\xda\xc9\xb6\xd2\x08\x8e\x94\xc3\x9a\xcb\xb0\xc8\xd0\x73\x4b\xd4\xea\x42\x6d\x58\x99\x9c\xf4\xbe\x73\x30\x62\x59\x6c\x7c\x10\x3e\xc1\xcb\xc6\x1a\xc5\x8c\x35\x56\x7f\x89\xda\xe4\xa9\x67\x86\x14\x50\xe4\x30\x02\x74\x24\x60\x6e\xfc\x16\xf3\x49\x92\x33\x82\xc8\x82\x2e\xb8\xf7\x15\xbf\xbe\xf3\x69\x6c\xcb\x12\x87\x28\xb2\x20\xdf\x4f\x49\x07\x2b\xf2\xdc\x1b\xf5\x70\x19\x82\xa1\x08\x7b\x1b\xa4\xcc\x2b\x65\x3e\x89\x92\x59\x29\xf3\x42\xdd\x48\xa2\xe4\x03\x7d\x0f\x45\xdb\x36\x44\xfb\xaf\xd1\xcc\x0f\xca\xd2\xa8\x94\x99\xf2\x4a\x99\x69\x25\x7b\xa8\x1e\x2e\x2b\xdb\xd3\x52\xf6\x47\x65\x39\xa3\xfe\x7d\x5c\x59\x7e\x00\xdf\x06\x78\x81\xf5\x6a\xc9\x9d\x97\x38\x24\x93\xac\xcb\xfc\xa5\x09\x92\xd0\xf4\x7c\x07\x74\x13\x9c\x2d\x93\x57\x1d\x99\xbd\xb7\x19\xaa\xe9\x3d\x34\xf3\x80\x48\xb3\x30\x77\x57\x7d\x3d\x26\x2f\xbc\xae\x22\x69\xca\xc6\x05\xf7\x17\x5e\x84\x26\xb3\x29\xc8\x5b\x27\x51\xcd\x0a\xab\xcc\xe4\x6a\x67\xd7\xb5\x6e\x9f\xd3\x65\xdb\x67\xb2\x8f\x73\x9b\x03\x6c\x9a\xaa\x35\x9a\xb6\xdb\xb8\xdb\xca\x9f\x9d\xc1\x6a\x16\x5f\x85\xc5\x06\x90\xd7\xf7\x89\xf2\x40\xca\x8d\xa1\x95\x6d\x25\x9f\x45\x9b\xcf\xe5\x85\xd7\x28\xb1\x8c\x72\x59\xd3\x12\xe4\xcc\x98\x9c\x9e\x44\x63\xaf\xd1\xce\x3d\x72\xfc\x51\xda\x07\x5f\x1a\x55\x9e\xe7\xa4\x4c\x5a\x3d\x9c\x90\x73\x9b\x68\x71\xdb\x46\x43\xd3\xba\x11\xac\x08\x29\x6d\x11\xd9\x83\xd5\x29\xcb\x4a\x32\xf6\x0e\xbf\x85\xc6\x7e\xb1\x0f\x9a\x5b\x1a\xab\xb0\x6e\x0d\x81\x04\x6b\x65\xa4\x8e\x45\x22\x22\xf4\xfb\xc3\x81\x10\x07\xcd\x2d\x80\x91\x05\xb8\xa0\x7f\x30\x24\x92\xdd\x1d\x0b\xd1\x9a\xb8\x35\x9b\xae\x9d\x05\x34\xb7\x18\x25\x0d\x34\xb7\x68\x48\x31\x15\x12\xd3\x9b\x9a\x6e\xe1\xa8\xce\x72\x7c\xc8\xfc\xd0\x43\xfc\x99\xdb\xc0\x96\x7e\x7e\x3b\xe8\x0f\x8b\x83\x03\xd0\x7c\xa6\xa9\xa9\x26\x53\x16\x1b\xc4\x7f\xa6\x7e\x3b\x7b\x7d\x4e\x97\xcb\xfc\x84\x93\xf0\x85\xdb\x5d\xa6\x65\x42\x4a\x4e\x4e\x92\x1a\x53\xca\x3f\x53\x76\x16\x8a\xf9\xa4\xbc\x12\x47\xcf\x66\xe0\xf3\xa6\xa6\x26\x40\x4f\x17\xd4\xa9\xef\x4d\x85\xab\x87\x13\xe8\xd9\x8c\xfa\xe8\xb1\xe6\x35\xa6\x7f\x54\x72\xab\xd5\xe8\x5f\xfc\xaa\xbb\xc7\xce\x40\x67\x2f\x9c\x84\xe6\x53\x65\x3c\x58\x4c\x52\x1b\x42\x81\x27\x24\x12\xc2\x5a\x41\x63\x43\x87\x9b\x1d\xc7\x55\x86\x53\x5b\x41\x25\x75\x58\x62\x4f\x67\xef\xc8\x6d\x53\x33\x55\xda\x89\xb8\xcc\x0e\x8d\xa9\x11\x43\x61\xe5\xcd\xb5\x94\x67\xd9\xe7\x36\xfe\x70\x89\x63\x9b\x09\xdb\xef\x0f\xdf\xe2\xca\x26\xf3\xaf\x9d\x42\x99\xe5\xa0\xb1\x84\x9c\x9c\x24\x29\xa3\x9c\x19\x2b\x2c\x6e\xaa\xbb\x5b\xe6\xd2\x97\x17\x7e\x31\x17\x3d\x1a\x4f\xa1\xa9\xf5\x62\x3e\x29\x1d\xae\xaa\xbb\x77\x0b\x13\x29\xb4\x99\x22\xfb\x7c\x52\x26\x45\x4e\x9c\x48\x23\x19\x52\xd8\xd8\x77\x69\x68\xc9\xd6\x3d\x4a\xbd\x44\x33\xbf\xa2\x83\xe7\xe8\x7e\x4a\x5e\x79\x62\x92\x70\x97\x3b\x93\x77\xf4\xbe\x70\x84\x14\xb9\xb9\x4a\x7e\xac\xcb\x1e\x27\xf2\x36\xdf\x54\x96\x20\xd7\x20\x55\xcf\x44\xeb\x91\x32\x6b\x86\x80\xa6\xa6\xd2\x24\x47\x70\xc5\x10\x0c\x45\xbe\xb3\x18\x46\x3d\xf7\x50\x45\x50\xf4\x87\x16\xd4\x10\xfd\x3b\x8a\xaa\x0a\x31\x43\x58\x74\xb9\xb4\xe8\x11\x6f\xf3\xa9\x2f\x8e\x22\xae\x0f\x9a\xf9\x92\x64\x97\xa4\x15\x68\xef\x85\x7e\x02\x5c\x91\xfb\x96\xaf\x73\xaa\x5e\x38\xaf\x9e\xa6\x56\x28\xd3\x02\x46\xe2\x82\xa5\xa1\x4a\x64\x30\x7b\x4d\x37\x6e\x43\x50\xcb\x91\xdb\x87\x95\xbb\xf2\x32\xa4\x15\xce\xbc\xbc\x40\x31\xaa\x78\x3e\x5c\x66\xc1\x7d\xee\x0a\xdb\x69\x28\x6d\x3f\xdb\xf6\x92\x31\x34\xd9\x11\xd5\x2e\x50\x04\xfb\xb0\x12\xec\x3b\xc8\x95\x76\x58\x7f\x13\xe7\x28\xa6\x5c\x2b\x01\xd1\x73\x0f\x52\x82\x1b\x7b\xcc\xef\x82\xb8\x7e\xd2\x64\xb2\xf9\x5e\x59\x53\x3d\xc6\x4d\xcc\xc7\x49\x9d\xa0\x4e\xc4\x36\x09\xfc\xee\xf9\x13\x54\xae\xfa\xf7\x66\xb4\x32\x30\xdb\xd6\x8d\x2d\x34\x57\xe9\x31\xa2\xb0\x7d\xa5\x58\xc2\x73\x79\xc7\x11\x72\x0c\x78\x6b\x9e\x61\xce\xec\xdf\x63\x3e\xd5\x6c\xff\x08\x31\x1e\x8e\xbf\x15\x76\xc4\xf8\x55\x85\xe2\x51\x37\x09\xab\x45\x7c\x21\xc6\x56\x46\xfc\xa3\xec\xe0\x1e\x4d\x34\x55\xec\xfb\xa3\x0a\xe6\x88\xf4\xea\x8b\xa5\x5e\x64\xaf\xb1\xce\x8f\x96\x10\x1d\xcb\xaa\xde\x33\x2f\x3a\x96\x5d\xd5\x4d\x8f\xca\x64\xa8\xa7\x47\xff\x2a\xdb\xfa\x18\xe2\x39\x32\xc5\xb7\x09\xe7\x3d\x2c\xec\x03\xe7\x90\xa5\x63\x63\x33\x87\x74\xe1\x9c\x08\xaa\x6c\x96\x56\x78\xf2\x00\x37\xe4\xab\xad\xbc\x73\xe7\x6c\x4d\x64\x4f\xbf\x32\xd9\xfa\x98\xd9\xcd\xbf\xbd\x87\xb7\x65\x60\x1f\xdb\xcd\x5b\x8f\x82\x8e\x14\x61\xb5\x73\x22\xdd\x56\x5b\x9a\xad\x93\xab\x23\xcc\x0a\x63\x7d\xdb\x36\xab\xd5\x18\x5d\xba\xb5\x10\x8b\x24\xe7\xa3\x40\xae\xed\x75\x5e\xb7\xcf\xac\xba\xd7\xa8\xb2\x72\xfe\xd7\xba\xeb\xe3\x19\xc9\x7b\xb8\xa5\xff\x2b\x86\x42\xdb\xe7\x76\x1c\x4b\xf9\x1d\xdc\xae\x3e\x93\x2a\x9e\xf7\xad\xbe\xf5\x64\xa5\x5b\x3d\x92\x44\xc9\x95\x2a\xc2\x87\xfd\x2a\xd1\x52\xc5\xc5\xa6\xb4\x6e\x1e\x5e\xcb\x09\x37\x5a\x9d\x30\x6f\x29\x15\xf3\x49\x75\x77\x8f\xbc\x3c\x50\x96\x33\x28\x3b\x87\xc6\xc7\xe4\xf5\x8c\xbc\xbd\x81\x56\x17\x8a\xf9\x84\x7e\x8f\xaa\x05\x6e\x0f\x44\x02\x1e\x72\xd1\x4a\xfb\x29\xb0\xfd\x5c\xc0\xe3\x67\x45\x8f\x4e\x4c\x4e\x3c\x28\xef\x31\xaf\x49\xbd\x55\x26\xe6\x15\xce\x32\x8d\xba\xe1\xec\x05\xca\x69\xbe\x50\xb2\x1d\x32\x6b\x27\x15\x72\x6a\xc7\xbc\xe7\xa4\x9f\xeb\x3c\x7c\xa1\xdc\x7d\x8c\x1e\x2d\xca\xab\xf7\x0a\x8b\xb3\xe4\x5a\xb0\xbc\xf0\x5a\x9e\x9a\x92\x57\x9e\xc8\x4f\x36\xf4\x0d\x48\x72\x29\x69\x89\x3c\xd5\x21\x57\xb5\xd4\xc3\x65\x68\x0d\x04\xb8\x40\x8f\x76\x62\xdd\xda\x76\xa5\x9b\x63\x23\xb1\x80\xfe\x26\x44\x3b\xe9\x92\x17\x5e\xa3\xf4\x9a\xbc\x8e\x49\xa1\xe5\x9f\x94\xb9\x6d\x29\x9b\x56\x0f\x1f\xa2\xf4\x5a\xe9\x25\xc9\xfd\x04\xca\x24\x4b\x47\x66\xf9\x25\x75\x77\x55\xca\x3c\x2d\xc4\xe7\xe4\xb9\x7d\x25\x47\x68\xa2\xdd\xbc\x3a\xf1\x4a\x9e\x1e\x97\x32\x29\x39\x3d\x59\xcc\x4f\x7e\xf4\x6b\x8f\xc7\xb9\xd7\xf8\x96\xd3\xf8\x77\xbc\xdf\xe8\x67\x43\xe4\x1c\xde\x7e\xb2\xdc\xde\x71\xf1\x2b\x6c\xf1\x7e\x36\x84\xc6\xc7\xd0\xce\x3e\x38\xf5\x83\x72\x87\xa3\xad\xb3\xbd\xbb\xe7\x74\xb5\xf3\x74\xf3\x28\xdd\x76\xfb\xde\x4d\x46\xd0\xef\x30\x82\x36\x46\x90\xd8\xf2\x37\x1c\x5b\x34\x6a\xfa\x9d\x2a\x6b\x5b\x59\xac\xf9\xa0\x3e\x46\x5e\x58\x47\x33\xbb\xe4\xa5\x18\xb6\x0d\xf3\x30\x52\x3f\xb3\x25\x47\x8f\xd8\xe8\x49\x78\xe9\xba\xd4\xab\xcd\x00\xb4\x97\x3a\xe4\xe5\x0f\xe5\x2c\xbd\xaa\xa9\x77\x0a\x5d\xc3\xd7\x94\x1e\xf6\x6d\x6c\x83\x05\x55\x95\xb3\x68\xc2\xa7\x4b\xdd\xdd\xd3\xaf\x51\x55\xbc\xd3\xdb\x7b\x41\xee\xf4\xba\x2b\xf8\x6f\x28\x9d\x2d\x17\xf3\x4b\x28\x97\x2d\x2c\x8f\x7b\xd1\xd4\xba\x9c\x98\x45\x3f\x3c\xf4\xa2\x5c\x96\xbc\x03\xc3\x6d\xe6\x95\x2b\xf3\x14\x5a\xca\x6d\x15\x1e\xbe\x20\xe7\xcf\xc6\x39\x82\xb6\x28\xa7\xa6\x94\x97\x39\x25\xb7\xa6\x4c\xbd\x96\xe3\x77\xe5\xb9\x7d\x69\xff\xb9\xc3\x55\x3a\xab\xaf\x77\xc4\xfc\x71\x8e\x97\x5b\xdb\xae\x54\x9e\x2d\xeb\x92\x23\x0f\x0f\xda\xbb\xaf\x5d\x2f\xdd\x27\x4b\xbd\x24\x27\x6a\xee\x92\xaf\xb4\x9c\x38\x1b\xdb\xbf\x0d\xe0\x31\xff\xc8\x1d\xcc\xd2\xb7\xe5\x4e\x61\xb8\x8a\x21\xbf\x2d\xb7\xbe\xdc\xda\x73\xb9\xca\x92\x31\xd0\xdc\x01\xa1\xdf\x7f\xea\x0c\x2d\x0c\x0e\x18\xef\x17\xd8\x66\x8f\xd3\x78\x95\x55\x8a\x69\x3d\xdd\x6d\x4c\x4f\x47\xaf\x8f\x8a\x0c\x59\x2f\x05\x32\x02\xe3\x1c\xc6\xd0\x96\xc8\xde\xde\xd3\x5b\x15\x34\x50\x09\xda\xf3\xd5\x45\xe3\x35\x58\x19\x30\x5b\x02\xb6\xdc\x6b\x20\x8f\xee\xd0\xde\x0b\x62\xbb\xd8\x6b\x1f\x1e\x28\xf3\x5b\xf2\xd4\x56\x61\x6e\xd1\x15\x0e\x8a\x78\xd1\x81\xa7\x0b\x70\x08\xf0\x7c\x02\xca\xd3\x49\x29\xb7\x57\x88\x4f\x16\x36\xf6\xdd\xc5\xfc\xb2\xf9\xe8\x50\x99\xdb\x06\x3e\x2c\x72\xb1\x21\x7f\x08\xe4\xc9\x94\x7a\xef\x00\xed\xec\x2b\xd9\x97\xda\x8b\xa0\xd2\xdd\x2b\xbc\x26\x71\xa2\x27\x70\x62\xb5\x05\x49\x39\x75\xc1\x50\xd0\x38\xac\x5f\x5d\x34\x1e\x56\xc2\x39\x18\x69\xac\x9b\x61\xbe\x1d\xbb\x2e\xcb\xea\xd8\x83\x21\xff\x2d\xa1\x34\x8b\x9a\xe4\x4a\x21\x38\x12\x03\xec\x1a\x81\x0f\x83\x6e\x02\xe6\xb5\xd5\x0a\x9e\xb8\x10\x37\x80\xb3\xd9\xfa\x7c\x51\xc3\xe0\xd4\x50\x8e\x50\x75\xa7\xaa\x5d\x70\x2d\x29\x12\x8d\xdd\x53\x5e\xad\x5b\x15\x09\x58\x79\x52\x7e\x89\xa8\x12\xaf\x20\x4d\xb3\xda\x69\xe1\xae\x8b\xe8\x91\xbc\xa2\xd4\x75\xeb\xae\x14\x63\x5d\x96\x4d\x45\x61\x96\x2d\x6f\x24\x6a\x30\x5e\x89\x9d\xed\xf7\xf3\xe1\x1a\xb8\x0d\x3b\x7e\x0b\xae\x06\x40\xb3\x49\x9c\xd3\x68\x3e\x10\xcd\xfc\x8a\x72\x59\x29\x13\x97\x9f\x6c\x14\xf3\x4b\x72\x72\x52\xb7\xef\xd9\x14\x4a\x6c\xca\x0f\x9e\x1a\x2f\x55\xbd\xc4\x7b\x4a\x99\xa7\xfa\x3d\x46\x43\x6e\x68\x77\x1f\x65\xe7\xf4\xd7\xce\xb6\x27\xc9\x06\xc5\x52\x64\xf1\xf8\x49\x70\xa9\x33\x0d\xf3\x71\x66\x8d\x03\x87\x4b\x40\xfd\xd1\x94\x63\x95\x72\xc2\x14\x55\x6c\xb0\x7a\xfc\xb2\x91\xc0\x35\xb2\x66\xc9\x16\xa4\xf0\x5f\x83\x03\xd1\xba\x02\xad\xdc\x08\xaf\x75\xf9\x6a\x2f\xa7\x5d\xf7\xcd\x99\x4f\x7d\xa1\x44\x1d\x4c\x92\x40\x3c\x35\x55\xe3\x0a\xd0\xbb\x0b\xaf\x16\xcb\x36\xe1\x19\xeb\xe6\xfd\x84\x67\x21\xc1\x47\xf5\x77\xd4\x16\xa4\xfa\x43\xea\x63\x4a\x8c\xd8\x9a\x21\x31\x93\x24\x98\x74\xaa\x49\xac\x7a\xd8\x7d\x8f\x04\x4a\x7f\xc9\x8f\x76\x92\x72\x62\x16\x3b\x74\x37\x2e\x90\x7d\xa6\xb6\x02\x82\xe8\x33\x19\xd1\xb4\xe1\xb3\x88\xa5\x6e\x54\xa5\xdf\x12\x55\xe9\x1a\x51\xb5\xca\x76\x04\x8e\x4c\xd5\x32\x51\x03\xcf\x51\xc2\x2a\x5d\x35\x58\xd2\x46\x60\xa5\xed\x91\xb5\x06\x74\xa0\x0a\x74\xcf\x57\x17\xe9\x1a\xd1\x95\x66\x2d\xf0\x47\x0b\x76\x74\x45\x3c\xa2\x3f\x64\xb4\xab\x83\xfe\x03\x84\x3b\xfa\xfd\xc3\x1d\x7d\x8c\x78\xf7\xce\x01\x8a\xae\x12\xa1\xe8\x0f\x15\xa1\xe8\x77\x0a\x51\x1f\x25\x60\xd0\x1f\x2a\x62\xd0\xb6\x90\x41\x97\xc7\x8c\x5a\x53\xfc\x90\x41\x83\xfe\xd0\x51\xa3\x3a\xd3\xe5\x61\xe3\x38\x22\xb4\x12\xd1\x6e\xd1\x58\x22\x07\xfd\x31\x43\x07\x6d\x8d\x1d\x35\x05\x77\x9c\xe0\x51\xf6\xb0\xb5\x76\xf4\xa0\x6d\xe1\x83\x2e\x8b\x1f\x74\x59\x00\xa9\xd8\xa1\x72\xe8\x65\xdb\xff\x04\x00\x00\xff\xff\x43\xec\x58\xb8\xea\x47\x00\x00")

func linuxNftablesClient_onlineShBytes() ([]byte, error) {
	return resourceSetBindataRead(
		_linuxNftablesClient_onlineSh,
		"linux-nftables/client_online.sh",
	)
}

func linuxNftablesClient_onlineSh() (*asset, error) {
	bytes, err := linuxNftablesClient_onlineShBytes()
	if err != nil {
		return nil, err
	}

	info := bindataFileInfo{name: "linux-nftables/client_online.sh", size: 18410, mode: os.FileMode(436), modTime: time.Unix(1790421345, 0)}
	a := &asset{bytes: bytes, info: info}
	return a, nil
}

var _linuxNftablesConfig = []byte("\x1f\x8b\x08\x00\x00\x00\x00\x00\x00\xff\x8c\x54\x4d\x4f\xe3\x3c\x10\xbe\xfb\x57\x58\x7d\xcf\xae\x78\x17\x89\x0b\x27\xd4\x6a\xb5\x88\x4f\x01\xd2\x5e\xf6\x62\x9c\x49\x32\x8a\xb1\x2d\x7b\x92\xa5\xb2\xe6\xbf\xaf\x92\xa6\x90\x25\x2c\xa9\x7a\x68\xec\xe7\xc3\x33\x7e\x26\xc9\x19\x4b\xb9\x7e\x84\xd8\x41\xdc\x78\x57\x62\xb5\xbe\xf6\x46\x5b\x66\xdb\xff\xc9\x9c\x3f\x05\x65\xce\x60\x13\x30\x9f\xef\x69\x27\xeb\xe1\x97\x33\xb8\x82\x59\x04\x1f\x69\x26\xbd\xf7\x91\x7a\x2c\x7a\xf2\x73\xb0\xdf\x65\x16\x05\x74\x33\x6c\x0b\x1d\xb3\x30\xba\x07\x7e\xfa\xd8\xa0\xab\xb6\x18\x99\x73\x5e\xdf\x60\x32\x23\x6b\x73\xf1\x1d\x2d\xdc\xea\x17\xe8\xc9\xb0\x2f\xe0\xdf\xf4\xf1\x04\x88\x34\x91\x35\xb0\x3b\x46\x75\x05\xbb\x77\x91\x94\xff\xc9\xa7\x1a\x93\x2c\xd1\x82\x4c\xb5\x6f\x6d\x21\x9f\x41\x36\x10\x48\x26\x30\x11\x48\x14\xf5\xd7\xb6\xdb\x1f\x93\x22\x0a\x4d\x5a\x19\x0c\x35\xc4\x34\xbf\x0b\x4d\x7a\x33\x60\xcc\x22\x0d\xc8\x8c\x33\x2e\x2e\xb7\x0f\xcc\xe2\x93\x80\xdf\xf1\x33\xe6\xbd\x87\xc2\xd0\x9d\x7d\x61\x74\x36\x38\x0d\xe1\x92\x0f\xde\xfa\x6a\x37\x63\x3f\x8d\x00\xb3\x78\xd1\x4e\x57\xf0\x02\x6e\x21\x84\x9b\x37\xde\xa3\x37\x0d\x10\xb3\x6c\x1d\xbe\x8a\xcf\xaa\xde\xb6\xc1\xa2\xd1\x04\x9b\x5b\xe6\xe2\xb0\x50\xc6\xbd\xcf\xe2\xc7\xdd\x61\x16\x45\x03\x10\xb4\xc5\x0e\x66\x15\x5f\x1d\x10\x66\x41\x36\x29\xdd\xd2\x42\x50\x4f\x93\x21\x93\x27\x7f\x25\x8f\xe9\x90\xb6\xc8\x39\x6a\x57\xc1\xa1\x81\x07\xdf\x12\x30\x87\x36\xd5\x72\x15\xfb\x45\x7f\xc8\x2d\xd0\x6f\x1f\x1b\xe6\x95\xcc\x79\xf5\xcb\xad\xfa\xb3\xc6\x92\x93\x89\x18\x48\x25\x30\x6d\x44\xda\xc9\x53\xd1\x97\xa6\xda\x04\x51\x05\x9d\x92\xea\x20\x62\xb9\x30\xab\x1b\x8b\xe0\xe8\xa2\xa5\xfa\x71\xb0\x1b\xab\xee\x50\x2b\x70\x9d\x38\xef\xdd\xa4\x0f\xe0\xba\xe0\xc4\x79\x15\x7d\x1b\xde\x96\x01\x62\xc2\x44\xaa\x81\xdd\xdb\x33\xb5\x4e\x24\xd2\xd4\xa6\x85\x77\x64\xe0\x4c\xee\xe9\xdb\x89\xb0\xbe\x52\x3a\x04\x70\x85\x3c\xe6\x05\xbb\xf6\x15\xb3\xe8\x20\x3e\xcb\x53\x01\xaf\x7d\xaa\x48\x0a\x5e\x91\x94\xf3\xd4\x77\xfe\xbf\x10\x66\xe8\x4f\x99\x41\xa8\x0a\x8c\x0b\xd7\xb1\xd9\x0e\xbb\x02\xcb\x51\x12\xbc\xb7\x6a\xec\xee\x6b\xed\xe5\xfd\xfd\xf4\xe3\xb2\x3f\xb8\xc0\x64\xbc\x73\x60\x16\xc4\xfb\x1c\xee\xca\xd2\xa2\x83\x69\x14\x93\x0e\x8e\x76\x71\x33\x13\xf1\x71\xaa\xef\xa8\x3e\x3c\x33\xff\x09\x00\x00\xff\xff\xe4\x86\x1c\x3b\xe0\x05\x00\x00")

func linuxNftablesConfigBytes() ([]byte, error) {
	return resourceSetBindataRead(
		_linuxNftablesConfig,
		"linux-nftables/config",
	)
}

func linuxNftablesConfig() (*asset, error) {
	bytes, err := linuxNftablesConfigBytes()
	if err != nil {
		return nil, err
	}

	info := bindataFileInfo{name: "linux-nftables/config", size: 1504, mode: os.FileMode(436), modTime: time.Unix(1790391574, 0)}
	a := &asset{bytes: bytes, info: info}
	return a, nil
}

var _linuxNftablesHelp = []byte("\x1f\x8b\x08\x00\x00\x00\x00\x00\x00\xff\xec\xbd\x7b\x73\x13\x49\xb6\x2f\xfa\x7f\x7d\x8a\x3c\xf4\x3e\xb1\xa7\x35\x23\x4b\xb6\xc1\x43\x73\x1a\xe2\xb8\x0d\x33\xed\x3d\x34\x4d\x63\x66\xfa\xec\x98\x33\xd7\x12\xb2\x00\x1d\x8c\xe4\x2d\xc9\x4c\x73\x07\x22\x64\xfc\x92\x6c\xc9\x12\xe0\xa7\x24\xbf\x68\x1b\x1b\x8c\x25\x03\x6e\x5b\x96\x64\x3b\xe2\xde\x6f\x82\x2b\xab\x4a\x7f\xf9\x2b\xdc\xc8\xb5\x32\xb3\x52\xb2\xa1\x99\x7d\x22\x6e\xdc\x3f\x6e\xef\x3d\xdd\x56\x55\x56\x3e\x57\xae\x5c\xcf\x5f\x7e\x41\xbe\xef\xf3\x07\xff\x72\xfd\x1a\xa9\xcd\xbf\x30\xe6\x0f\x89\xbe\x7f\x68\x4e\xae\x1b\x89\x71\x3a\x92\xd4\xb4\x4b\x44\x2f\xc5\xf4\xd2\x6b\x6b\xf4\xb5\x91\x98\x35\x0b\xcb\x66\x76\x48\x7e\xc1\x7e\x66\x46\xf0\xbb\xe3\x6a\xd6\xac\x2c\xea\xa5\x18\x3e\x74\x38\x58\x25\xf1\x5d\x87\xe3\x28\x36\x20\x7e\x98\x95\x21\xfe\x5b\xd4\x60\xe4\x53\x74\x6c\x99\xce\xad\xd3\xc2\x82\x7e\x30\xee\x70\x1c\x57\x93\x74\x6f\xa7\x16\xcb\x5a\x87\xa3\xda\x25\xe2\x09\xf4\x45\xbd\xb7\x7a\xfd\x11\x8f\xcb\x13\xe8\x8b\xf8\xa3\x1e\x42\x07\xb2\x56\xe1\xb0\x36\x53\x30\x26\xd6\x68\x7c\xe7\x28\x36\x80\xa5\x89\x27\xea\x83\xb7\xb4\xf4\x92\x16\xf6\x6b\x73\x99\x5a\x6c\xf1\x28\xf6\x04\xbb\x67\x6d\x2f\x5a\xdb\x3f\x7f\x88\xe5\xcd\xea\xb4\x31\xf1\xec\x43\x6c\xfe\xb8\x9a\x34\xf3\x8b\xc6\xe6\xcf\x66\x76\xc8\x3a\x5c\x30\x26\x56\xf5\xd2\x84\xb5\xff\x86\xa6\x9f\x9a\x93\x6f\xe5\x18\x69\x21\x69\xc4\x33\x47\xb1\x27\x9a\xa6\x7d\xf1\x05\x31\x73\x05\xba\x3f\xa5\x69\xcd\x4d\xc4\x58\x2a\xd1\xc3\x41\xe3\xe5\x13\x7a\xf8\x8b\xd6\xd2\x44\xe8\xe1\x46\x2d\xb6\x48\xab\x31\xba\x36\xae\xb5\x36\x11\xfa\x74\x5f\xaf\xac\x58\xcb\xc9\xe3\x6a\xbc\xe3\x6a\xe7\x71\x35\xa1\x9d\x6d\x22\xb5\xe1\x94\xb9\x5f\x30\xa6\x47\xf5\xca\x0e\xf1\x85\x82\xb7\x03\x77\x9a\xfe\x57\x24\x14\xd4\xce\x35\xf1\x15\xa0\x63\x8b\xd6\xe0\xbe\xd6\xd6\x44\x8c\xf9\xc1\xda\x5c\xc6\x58\x5f\xa6\x0b\xe3\xda\xef\x9b\x48\x7b\xc7\x55\xa2\x97\x26\x6a\xb3\xef\xcc\x81\x0d\xfa\x62\x4e\x3b\xdf\x44\xd4\xd1\x1e\x57\xe3\x51\x1f\x6b\xe7\xab\x26\x62\xfd\x32\x64\x94\x33\x6c\x48\x43\x59\x23\xff\x46\x6b\x76\x37\x11\xab\x38\xa0\xef\xbd\xd4\x4b\x13\xb4\xf0\x82\x2d\xc7\x46\x11\x7b\xa3\x35\xb3\xe1\xcc\xac\xd2\xc3\x99\xa3\xd8\x80\x39\xb6\x63\xc4\x06\x60\x32\x0a\x46\xea\x85\xd6\xcc\xc6\x56\x48\xd0\xe1\x75\x5a\x29\x5b\x85\x82\xd6\xdc\xda\x44\x6a\x83\xeb\xe6\xfe\xbb\xe3\x6a\x3c\xf2\x30\x12\xf5\xdf\xef\x61\xad\x36\x9f\x65\xdd\x29\x59\x6b\x03\xb5\x99\x42\xed\xc5\xec\x71\x35\xfe\x87\xf6\x1f\xe0\x0d\x1b\xdc\xdc\x10\xcc\x9c\xd3\xe9\x84\x99\x6c\x9c\x41\xed\x11\xc1\xbf\xc8\x23\x62\x15\xb7\x8d\xd9\x09\xf2\x48\x7b\x44\x9c\x4e\x27\xe1\xff\xd6\x1e\x11\x41\x6b\xf1\x1f\xfd\xb7\x8e\xab\x09\xf2\x88\x20\x65\xb9\x24\x81\xb9\x24\x49\xb9\x70\x0a\x5c\x38\x30\x33\x3b\x44\xd3\x45\x6b\x6d\x84\x26\xa7\x91\x44\xcd\xa9\x64\x6d\xfe\xc5\x71\x35\xa9\x57\x86\x89\xc7\xdb\x73\x3f\x10\xf4\x10\xb3\xc2\x8a\x99\x73\x15\xba\x3f\x75\x14\x7b\x02\x8d\xd2\x91\xe1\xda\xe0\x3a\x69\xbf\xde\x49\x1e\x11\x4f\x20\x18\xf5\x87\x83\xde\xde\x6e\x6f\x5f\xa0\xbb\x37\x10\x89\xfa\x83\x1e\x46\xb5\xe9\xd7\x66\xee\x29\xcd\xbc\x31\xf2\x6f\x8c\x7c\xf9\xb8\x9a\xb3\x0a\x2b\x56\x71\x00\xa7\xff\x88\x4d\xe8\x98\x5e\x1a\x37\xcb\x87\xf8\x04\x89\x96\x16\x06\x69\x6e\xc1\xda\x1a\x34\x16\x57\xad\xe2\x0b\x5c\xf0\xa3\xd8\x40\x7b\xc7\x55\x46\xd8\x82\x86\xa1\x1b\x0d\x7b\x85\x3c\xe2\x5b\x53\x92\xaa\x75\x98\x33\xd7\xc7\xc9\x6f\xd9\x73\xba\x3a\x43\x77\x57\xf5\xfd\x3c\x12\xec\x71\x35\x8e\x8b\x7f\x14\x1b\xf0\x44\xfc\xe1\x07\xfe\x70\x13\x23\x3e\xcf\x51\x6c\x40\x2e\x3c\x76\xec\xb8\x9a\x90\x03\x57\x6a\x60\x43\xff\x7b\x28\x7c\x2f\x10\xbc\xd3\xdd\x13\x08\xbb\xbe\x96\xdd\xe9\xbc\x7c\xc9\xc5\x66\xc0\x28\xa6\xf5\xd2\x6b\xec\x9c\x39\xfe\xc6\xdc\x18\x17\xf5\xc8\xc5\xc1\xf1\x11\x17\x50\x32\x9b\xd8\xf7\xb4\x90\x95\xc4\x88\xb3\x4e\x9f\xbf\xa6\xe9\x2d\x59\x3b\xeb\xd7\xe0\x3e\xee\x78\xfa\xfc\xb5\x5e\xce\x99\xfb\x4f\x8d\xc2\x2f\xa2\x6e\x9c\x23\x73\x73\xda\x9c\x5a\x3d\x59\xa5\x5e\x1a\x73\xe9\xa5\x71\x6b\x39\xc9\x0a\x4d\x8c\xb2\x85\x52\xde\x99\xe5\x43\x63\x66\x87\x6d\x77\x60\x1e\xd6\xe8\x6b\x3a\xb6\x6e\x4e\x2e\x1a\x53\x71\x51\xbf\x5e\x1e\x67\x3b\x95\x4d\x36\x2b\xee\xc2\x35\x74\xe1\xe2\x1a\xf1\x0c\x1d\x5b\x34\xe2\xd3\x74\xe5\xad\xb5\xbd\x6a\xd3\x1e\xcd\x14\xe9\x40\xde\xc5\x86\x49\x5f\x2c\xd0\xf8\x92\xb9\x99\xa0\x85\x65\x8b\xfd\xff\x96\x24\x2d\xed\x8b\x2f\xbe\x20\xc6\xf4\x1e\xcd\x3c\x35\xcb\x2f\x69\x21\x7b\x5c\x8d\xd7\x46\x53\xd6\xcb\x01\xb6\x69\x34\x27\x71\x38\x18\xd5\x54\x97\x18\x5f\xcc\xca\xca\xc9\x87\x91\x67\x44\x0e\x83\x7d\x03\xbb\x82\xb7\x6e\x6e\x30\x2a\xb7\xd6\x9e\x99\xd9\xa1\x0f\xb1\x3c\x4d\x3f\xad\xc5\x06\x90\xdf\x21\x87\x1c\x2d\x63\x93\xb8\xd0\xbc\x95\x71\x6b\x7f\x1f\x5a\x91\xf5\x42\x2b\xb2\xcd\x5f\x69\xc5\x98\x58\x35\x26\x77\xd4\x56\x86\x57\x1b\x5a\x31\x7e\x19\xa8\x8d\xa6\xcd\xca\xa2\x55\x58\xd6\x4b\x9b\xec\x1c\xf1\x7c\x18\x79\xea\x21\x7a\xa9\x8c\xa3\x64\xb4\xf9\x61\xe4\x39\x7f\xc2\x7a\xc4\x96\x2b\xb3\xa1\xef\x25\xf4\xd2\x84\x5e\x1a\xab\xcd\xbf\xd0\x4b\x31\x6b\x74\x1b\xd8\x31\x3b\x9a\xb0\x50\xfc\x44\x93\xc6\xcc\x92\xf1\x7e\xca\xcc\x6d\xb3\x8e\x4d\x6d\xd3\xfd\x17\xc7\xd5\xac\x5e\x9d\xa5\xc3\x71\x63\x6c\x0c\xbb\x42\x3c\x61\x7f\x4f\x20\xec\xf7\xb1\x43\x25\xbe\x45\x3c\x81\xdb\xb7\xea\xa8\xda\x43\xac\xc2\x01\x5d\x19\xa5\x23\x29\x73\x72\x9d\x7c\x7b\xf3\x1b\x82\x75\x69\x97\xc8\x71\x35\xae\x1f\xcc\x5b\xbf\x4c\xd3\x91\x61\x63\xa9\x04\x1f\x7b\xc8\x6f\x89\xc7\xeb\x8b\x76\xdf\x0f\x84\xc3\xfe\x1e\xb6\x27\xd8\xd6\xfc\x31\x1c\x65\xc4\x43\x53\xef\x89\xe7\xde\xfd\x50\x8f\x53\x14\x85\x1f\x11\xdf\x5d\x7f\x8f\xd3\xeb\x8b\x3a\xe5\x57\x89\xe3\x6a\x4e\xbb\x44\xac\xf1\x55\xbd\x94\x62\xdc\x68\x72\x9d\xc6\xe7\x68\x6e\xa1\x16\x8b\xb1\x8e\x06\x82\x77\xc2\xfe\x48\x84\x78\xfa\x42\xbd\x01\x9f\xdf\x23\xfb\x82\xad\xcb\xa7\xac\x1e\xbd\xb4\x62\xc5\x86\x6b\x83\xfb\x66\xb5\x4c\x57\xde\x1a\x33\x3b\x7a\x35\x8b\x34\x48\x7e\x6c\xbf\x71\xad\xf3\xda\x1f\x09\xdd\xdb\xb1\x76\xdf\x5b\x87\xa3\x38\x9f\xe2\x2c\x49\xc2\x0c\xb3\x85\xc1\x27\xd0\x99\x19\xba\xff\x96\x3e\x4f\xc1\x02\x08\x4e\xde\x78\xf6\x69\x1e\x8f\xe7\x96\x37\x72\x57\xfb\x82\x34\x7f\x49\xd8\x76\x8a\x67\x18\xab\xaa\xec\x9b\x2b\x65\xfd\x60\x9c\x1f\x3a\x4d\xae\x50\x9f\x3f\xf8\xa0\x2f\xe8\xec\xf3\x06\x83\xfe\x5e\xd2\xe3\xbf\x1f\xc2\x13\x91\x5c\xaa\x3b\x1a\xb5\x2f\x48\xcb\x97\x44\x3f\x2c\x18\x93\x7b\xca\x73\xf5\x28\x65\x65\x5a\xbf\x24\x34\x3e\x4f\xd7\xc6\x69\x72\xda\x98\xda\x32\x52\x05\x5a\x7e\xce\x08\xf7\xe5\xb4\xf1\x66\x19\x4f\x2c\xc6\xef\xe2\xd3\x34\x35\x6a\x96\xd7\xcc\x44\xdc\xc8\xbf\xa1\x99\x09\x23\xb1\x06\xc7\x74\xe2\x64\x9f\x9c\xd8\xde\x45\xa5\x59\x72\x3f\x70\x27\xec\x8d\xfa\x7b\x6e\xb1\x46\xcf\xb2\x46\x73\xb4\x52\xc6\x43\x85\x3e\x9d\x45\x6e\x77\x5c\xcd\x12\xce\xf8\x68\x26\x45\x08\x2d\x8e\x98\x4b\x03\x84\x18\xe9\xb4\x75\xb8\xf5\x79\x0d\xf9\xc2\x7e\x6f\xd4\xdf\x1f\xf1\x87\x09\x1c\x4f\xe4\x5f\xdb\x2f\x7f\xd7\x79\xad\xfb\x7a\x7b\x57\xd7\x8f\xdf\xdf\xb8\xdc\xdd\xdc\xdc\xdc\xd2\xd2\xd2\xda\xda\xfa\xaf\x44\x36\xcf\x3a\x75\x4e\x74\x8a\x7f\x27\x19\xf0\x71\x35\x4e\x33\x29\x73\x6d\x8b\x1e\x0e\xd7\x96\x2b\x7a\x89\x97\xf8\xec\xb1\x63\x97\xee\x84\x43\xfd\x7d\xf8\x25\x6b\xae\xed\x4b\x62\x8c\x8d\xc9\x1e\xd0\xb1\x25\x3a\xbc\x2a\x9a\xae\x0c\x7d\x5e\xcd\xde\x9e\x1e\x36\xd2\x68\x48\xa9\xdc\x6e\xe2\xf7\x5f\x12\xc6\x53\xc7\xd6\x91\x0b\x7d\x5e\x95\xe1\xfe\x20\xa3\x45\x4d\xc3\x4f\xd9\x4a\xff\x92\xb6\xd6\xe2\x74\x6e\x1d\x0f\x14\xe2\xb9\x1b\x8d\xf6\x5d\x70\xb9\xbe\xd6\x4b\x15\x23\x5f\xbe\x74\xe1\xbc\xfb\x7c\x33\xdb\xb8\x6c\xc3\x4b\x99\x40\x48\x03\x8c\xe7\x38\x55\x51\xc1\x98\x2d\x9a\x89\x3d\xa3\x30\x06\x53\x9b\x75\x38\x68\xfa\xb5\x91\x4f\xd8\x43\x67\x07\xc4\xd3\x59\x6b\x70\x1f\xeb\xc0\xce\x83\x94\x6b\xcc\x15\x6a\xb1\x2c\x27\x90\xf4\x6b\x56\x64\x72\x5d\x2f\x4f\x10\x38\xc9\xe1\x74\x61\x2d\xb2\x06\x51\xec\xd2\x4b\xec\x60\x30\xc6\xc6\xa0\x04\x7e\x68\x4c\x1e\x58\x87\x39\xb5\x47\xe2\x1b\xdc\x2c\x92\x9b\xe1\x56\xa1\x99\x89\x5a\x3e\x66\xbd\x1c\x70\x38\x6a\xa3\x29\x9a\x29\x3a\x1c\x56\x71\xb5\x41\xae\x30\x12\x29\x3c\x01\x19\xf7\x80\x5a\x1a\xa4\x45\x26\xce\x76\x5c\x3e\xae\x26\xb0\x3a\x87\xc3\x7e\x3f\x9a\xb2\x0e\x17\x1c\x0e\x59\x45\x1d\x9b\x38\x5d\x24\xd6\xd8\x48\xde\x4f\x1d\x57\xb3\x9e\x13\x6b\xfa\x57\xb1\xa8\x5f\x5b\xbb\x45\x7a\x30\x74\xe9\x6f\xe4\x6b\xac\xe2\x92\xe7\x28\xf6\xc4\xc3\x5f\x7b\x48\xad\x32\x6b\x15\x56\x68\xac\xca\x08\xda\xa3\x90\x80\x07\x7a\xf0\x88\x37\xac\x48\x96\x04\x59\x51\xa3\x88\x29\x05\x4d\x8f\xdc\xe4\x1e\xf6\xd5\xe1\x80\xb9\x56\x71\x9d\xca\x5d\xd8\xea\x2c\x33\x31\x85\x91\xfd\xe6\x8c\x51\xf8\x05\x05\xd3\x93\xc3\xf9\x24\x2f\xf1\x60\xb3\xe1\xfe\x20\x6b\x50\xa5\x75\x26\xaf\x4b\x09\xf4\xb8\x9a\x44\x29\xc5\x18\x4f\x58\xbf\xec\xb2\xbf\xa1\xa8\x99\x1d\xb2\xe5\x83\xcf\x6d\x1c\x1b\x63\xcd\xda\x9c\x06\x5a\x47\x86\x26\xf8\x98\xe7\x6b\xc9\xc7\x2e\x91\xaf\x91\x91\x5d\x22\x5f\x23\x27\xbb\xe4\x39\xb5\x39\x85\x75\xf5\x37\x93\x7f\xbd\xfe\xdf\x23\x91\xbf\xbb\xc3\x3d\xff\x4a\x8c\x5f\xc6\xad\xe2\x14\x56\x58\xd7\x38\x6c\xfb\xc6\xd6\x71\x5f\x79\xbe\x66\x62\x79\x26\xf5\xc9\xb6\x90\x6d\x84\x6e\xdf\x66\x87\x1f\x56\x5c\xcf\x52\xd8\xc7\x8c\x4d\xe1\x58\x80\x47\x35\x34\xa2\x8c\xf2\x93\x0d\x36\xb0\xaa\xfe\xe6\xfa\x66\xed\x73\x0c\x68\xe7\xe0\x39\x1d\x2d\xab\x27\x1f\xf9\xb7\xae\xef\xaf\x31\x91\xc3\x58\x1a\xa5\xa3\x23\x58\xe0\xd4\x86\x3e\x76\x22\xf2\x86\x1e\xf8\xc3\x91\x00\xfc\xe2\xad\x18\x0b\x43\xb4\x52\x36\x66\x76\x6a\x33\xdb\xa7\x56\x68\x7f\xa1\x69\x6c\x9f\xee\xd5\x46\xd3\x75\xf3\x0d\xdd\x74\x38\x94\x33\xfc\xbf\xb8\x6e\x05\x82\x2e\xf8\xfb\x76\x28\x4c\x02\x24\x10\x24\xff\xf2\x9b\x88\xff\x3f\x48\x33\x39\xe7\xfe\xf2\xbf\x91\x9e\x90\x46\xc8\x3f\x7b\x9e\x9d\x61\xff\xfe\x97\xc0\x19\x72\xe6\xba\x17\x49\xa3\x1b\x7e\xe1\x44\x3a\xd9\x5b\xe7\xbf\x04\xce\x7c\x6e\xcd\x0d\x2b\x22\x6b\xc7\xea\xb4\x9e\x50\xd0\x8f\x27\xc1\x25\xc2\xad\x05\x1d\x57\x3b\x05\xa5\x65\x87\x70\xf0\xc8\x45\x54\x85\x42\x2f\x95\x3f\xc4\xf2\xfa\xc1\xbc\x91\x2a\x18\xdb\x15\x6b\x77\x50\x52\x0c\x6c\xb8\x98\xbe\x3f\x81\x8a\xc5\x87\xd8\xfc\x51\xec\x09\x7d\xf9\xa4\x96\x8f\xd1\x5c\x99\x16\xb2\x58\x8f\x4b\x2f\xa5\xa4\x40\x65\x15\x77\x69\x5e\xee\xea\x4d\xa6\xf6\x4d\x6d\xd7\xf1\xc8\x4f\x19\x08\x18\x1b\x03\xfe\xc2\xb8\xd7\xdb\x0a\x5d\x18\xff\xa8\xa6\x6c\xb3\x31\xae\xa0\x92\x47\x24\x12\x0d\x07\x82\x77\x88\xd0\xa1\xc9\x8f\xfe\x5b\x04\x35\x56\x9a\xdf\xa2\xf3\x31\x26\x6b\xbf\x7c\x42\x3c\x78\x04\x12\x23\x3e\x4d\x3c\xee\x26\xf8\x3f\x7c\x24\x34\x22\xcf\xfd\x87\x91\xff\xe8\xed\xf6\xf6\xf4\x84\xeb\xea\xfd\xee\x61\xd7\x0f\x57\x09\x56\x46\x3c\x77\x43\x91\xe8\x85\xbe\x50\x38\x0a\xe2\x29\xd8\x94\x78\x09\x63\x66\x87\x1e\x0e\xd3\xe5\x0d\x45\xd3\xe4\x75\x0a\x06\xd4\x50\xa7\xdc\x98\x0d\xc5\xfb\xbc\x91\xc8\x69\x5d\x00\x0e\xd5\x50\x16\x19\x79\x43\x49\xc9\xc7\xd5\xba\x23\xff\xd1\x1b\x88\xfa\x1b\x3f\xe8\xfa\xe1\x6a\x20\xea\x27\xb8\x2e\x78\x1c\x1d\xc5\x9e\x38\x1c\xb5\xf9\x05\xf3\x55\x19\xe4\x6a\xa6\x5d\xf0\x91\x62\x69\x34\x67\x1d\xee\x33\xd5\x14\x1a\x94\x6d\xb0\x9e\xff\xbd\xa7\x3b\xe2\xed\x8d\xd6\xb5\x62\xcc\x30\xa9\x14\x07\x40\x9f\xc7\x69\x89\x9d\x94\x9e\xc8\x5d\x6f\xcb\xb9\xb6\xdf\xe0\xe3\xdf\x9a\xb9\xcc\x97\x4c\xba\x37\x12\x31\x73\x92\x31\x7e\x33\x97\x39\x8a\x3d\x31\xa6\xb7\xf8\x77\xbb\xef\x8c\xc9\x3d\xd6\x0b\x87\xe3\x96\x2f\xfc\xb0\x2f\x0a\xfd\x60\xe2\xfb\x48\x0a\x15\x05\xab\xb8\x6a\xe6\x32\xc7\xd5\x9c\xb1\xb9\x52\x5b\xde\xd3\x2b\xc3\x28\x7c\x18\x4b\xcb\xb5\xd7\x49\x3a\x31\x42\xd3\xef\x44\xf3\x49\xa6\x1e\x82\xe8\x91\xdb\x36\x26\xf7\xa0\x2e\x6b\x6d\xc0\x7c\xf3\x86\x9c\x6b\x3a\x4f\xac\xb1\x27\xf6\xcc\xf9\x23\x8c\xbb\x74\x47\xfc\xbe\xb0\xbf\x7e\x60\x4c\xeb\x28\xce\x9b\x9b\x07\x34\x93\xa2\xc5\x91\xda\xb3\x55\x36\x35\x20\xd8\x90\xd6\x16\x46\xd8\xe6\x9b\x97\xb5\x6c\xda\xc8\x97\xf5\xd2\x3b\x36\x1c\x68\x0d\x84\xf3\x98\x91\x4f\xa0\xfc\x84\xb5\x30\x3d\xc6\x56\xd0\x55\xab\x44\x5d\x93\xaa\xf5\xc2\xac\xcc\xd3\xe2\x1e\x2e\x1b\x6b\x78\x73\xd6\x98\x3c\xa0\x99\xa1\x06\xd9\xc7\xcc\x0e\xe1\xf6\x73\xa1\xb5\xc4\x25\x6c\x23\xbc\xa9\xd3\x6c\x3f\x75\x4d\xda\x96\xa2\xc6\xad\x85\x32\xdc\xe1\xbc\x91\x1c\x20\x9e\xe6\x96\xdf\xc3\xce\x6a\xbe\x70\xee\x2b\xb7\xbb\xd5\xde\x5a\xbe\xde\x80\x3f\x18\xed\xee\xf3\xde\xf1\x9f\x56\x7f\x6d\xfe\x05\xcd\x3c\xa5\xbb\xef\xd0\x60\x49\xd0\x40\x29\xcc\x27\xd9\x21\x10\x0d\x5e\xd5\x96\x7f\xa9\xcd\xbf\x38\x6d\x6f\x37\xbb\x9b\xce\x43\xb3\xe7\xdd\xe7\xcf\xb3\x56\xf5\x52\xd9\x7c\x55\xa6\xf1\x39\x46\x1d\x19\xa6\x69\xaa\xab\xdb\x56\xb7\xba\xf7\xbd\x3f\x75\xf7\x86\xee\x74\x47\x02\xff\xa7\xbf\xfb\x1e\xec\x8e\x40\x30\xca\x46\x9d\x9a\x92\xf3\x88\x13\x46\x0b\xec\x60\x61\x1a\xfb\x5c\xe6\xb8\x1a\xff\xd3\x37\xb8\xd5\xad\x83\x03\x1a\xdf\xa2\x99\x09\x14\x61\xd0\xbe\x48\xf7\x76\x8c\xd2\xb0\x99\x19\x31\xf2\x31\x63\xe6\x15\xdd\x7f\x66\x2c\xff\x7c\x5c\xcd\x79\xbe\xbe\xe8\x66\x4a\xfd\xfb\xda\xcc\x26\x96\x94\x3d\xf1\xf6\xf6\x86\xfe\xde\xed\xef\x09\x44\xbb\xc3\xfe\x48\xa8\x3f\x0c\x47\x2f\xb9\x15\x0a\xf5\xb2\x3d\x34\x5b\xa4\x99\x97\x74\x78\xc0\x2a\x94\x50\x80\x75\xd5\x46\xd9\xa2\xa2\x7d\xcb\xdc\x4c\xa0\x61\x10\xb7\x2f\xf0\x7c\x72\xdb\xdb\x1b\xf1\xab\xa4\xfd\xd5\x51\x6c\xa0\xb9\xa5\x9e\xba\xa3\xa1\xbe\xee\x40\x30\x12\xf5\x06\x7d\xfe\x48\x77\x28\xd8\xed\xff\x29\x10\x55\x1a\xe6\x96\x66\xb0\xc2\x31\x55\x7d\xb4\x7c\x5c\x8d\x77\x75\xfe\xb1\xf3\xda\x4d\x57\x57\xe7\x1f\x6f\x5e\xb9\xf1\x1d\x93\x9a\x13\x29\xde\xc3\x81\xbc\xb1\xf9\x02\xc9\x5b\x31\x37\x33\x3a\x54\xbb\x16\x0d\xf7\x43\xcf\x72\x56\xe1\x00\xc4\x5b\xe8\xab\x87\xb1\x51\x6c\xc4\x45\xb7\x5f\x19\xe5\xc1\xda\xe0\x3e\x5b\x44\xa8\x14\x6b\x39\xae\x26\xb1\x4b\x28\xec\xd3\xcc\x04\x3f\xc9\x04\xd7\xe3\x66\x98\xeb\x9d\x97\x09\x9a\x04\x6a\xa3\x29\x63\x7a\xcb\x98\x58\x35\x0b\xcb\xaa\xa9\xcc\x98\x59\x32\x86\x16\xcd\xc5\x55\x95\x3a\x7e\x5f\x37\x3b\xd1\x70\x7f\x24\xea\xef\xe9\xee\x0b\x87\x7e\x0a\xf8\x15\xb6\xfc\xd7\xbf\x31\x12\x49\xa7\x68\xe6\xa9\x5e\xf9\x19\xd6\x59\xc8\xa9\x9d\xd7\x5d\x1d\x9d\x97\x6f\x10\x73\x6e\x9f\xb1\x85\xd4\x14\x13\xa7\x19\x9d\xfe\xf5\x8c\xdc\x21\x67\x7e\x77\xa6\x99\x1f\x43\xae\xf3\x67\xfe\xe6\x41\x4a\xd2\x2b\xc3\xd6\xe1\x9c\x5e\xce\x19\xf3\xab\x46\x39\x03\xc6\xa4\xff\xe1\xfc\x43\x28\xfc\x77\x6f\xb8\xc7\xdf\xc3\xfe\xf2\xb8\x3c\xff\xc3\x79\xc3\xef\xed\x75\x76\x5e\xf7\x00\xff\x79\xb1\x51\x1b\x1d\xd5\x0f\x97\xf5\x52\xd9\xb6\x72\x75\x5e\x07\x2b\x49\x19\x99\xb8\xf9\x72\x80\x71\x42\xe8\x27\x2b\x59\xa9\x70\x4b\x9d\xc6\xd4\x9c\xa4\x31\xb5\x5d\x27\x21\xc1\xb9\xfc\x0f\x8d\x90\x33\xb8\x59\xcf\x5c\x20\x67\xd8\xde\x72\x9f\xf9\x1d\x7b\x68\x1f\x94\xec\x85\xbd\xe9\x5b\x5b\xdd\x6d\x6a\x09\x76\xec\xb1\x12\x0f\x43\xfd\xe1\x6e\xe5\x91\x52\x84\x1d\x18\x0d\x45\xe0\x0c\x09\x85\x7b\xd4\x62\x3d\xb7\x64\xa1\x1e\x6f\xd4\x7b\xcb\x1b\xf1\x77\x07\xbd\xf7\xfd\x58\x46\x9e\x6c\xac\x10\x7b\xdf\xd4\x73\x0b\xdf\x28\xe7\x11\x7b\xd7\xfe\xe5\xbf\xfc\xcf\x7e\xb7\xbb\xa5\xed\xbf\xfc\x1f\xff\xf5\x37\x37\xbc\xc1\x9e\xd0\x7d\x67\x17\xac\xa6\xf3\x6c\x6b\x73\x8b\xaf\xc7\xcb\xbf\xab\xe7\xf8\xec\x53\xfc\xcb\x79\xcf\xff\xd0\xd9\xda\xe2\xbc\xf5\x30\xea\x77\xf6\x86\x82\x77\x9c\x6e\xb7\xdb\xdd\xdc\xdc\xdc\x8c\xdf\x29\x3c\x9b\x7d\xe4\x8a\xde\xef\x6b\x10\xf3\xb0\xdc\x29\x0c\xb7\x7e\x2a\x81\x7f\x62\xd9\x93\xbc\x93\x15\x55\x44\x98\xf3\x7c\xa6\xea\xf9\xd8\x99\x0b\xa4\xb9\xad\xf5\xfc\x59\x78\x77\x0a\x67\x39\x73\x01\xb9\x03\x8e\xf7\x54\x1e\x70\xe6\x02\xec\x52\x28\xd1\xb0\x0f\xce\x5c\x20\x7f\xd5\x08\x21\x4a\x9f\x99\x50\xfb\x37\xed\x31\xca\xa3\x60\x32\xa8\x13\x1a\x08\x3b\xd1\x39\x91\x1d\x57\xe3\xc6\xcc\x52\x2d\x1f\x43\xf1\x81\x6d\x68\xb0\x62\x19\xf9\x98\x59\x88\xc1\x86\x49\x7c\x0e\x21\xfe\xff\x0b\xff\xff\xb9\x85\x17\x12\x7f\xa3\xdb\x4f\xab\x2d\xef\xd4\x06\xd7\x69\xb1\x6a\xc5\x5f\x83\x4d\x89\xab\x1c\x60\x5d\x23\x2e\xdb\x96\x27\x9f\x48\x86\x2a\x9f\x58\x07\x07\xb5\xd1\x34\xea\x1d\xec\x27\x08\x33\xf6\x5b\x38\xfe\xec\xcf\xe1\xc8\xfe\xbf\x76\xd1\xef\x47\x5c\x84\x96\x0a\x74\xec\x95\x7e\xb8\x6c\x0c\x14\x1d\x0e\xd0\x4f\xbe\x80\x9e\x36\x13\xb5\x2f\x9a\xe6\x24\xc2\xe0\x91\x55\x44\xf4\x01\x21\x7f\x0f\xa0\x85\x00\x1c\xbe\xaa\x56\x05\x3e\x60\xb4\xc1\x33\x02\x8f\x55\xac\xc2\xb2\x8b\xee\x3f\xa7\x89\x14\x0a\x78\xb6\xcf\x60\xb2\x68\x24\x07\x8c\x64\x42\x56\x6f\x64\xf2\xe6\xf6\x0b\xd6\x48\x7c\xa4\xb6\xfc\x0b\xab\x88\x2b\xb1\x4b\xb5\xb9\x15\xf6\xb3\x34\x5c\x9b\x5b\xc1\xda\x85\x7b\x03\x8b\x18\xbb\x15\x3a\x86\xae\x14\xf3\xc9\xde\x87\x58\x5e\x7d\x8c\xae\x0b\x9a\x2e\xa2\x0d\x9c\x74\x74\xfd\x85\x18\xeb\xcb\xe8\x6c\xb4\x96\xd7\xe9\xca\xf6\x71\x35\xeb\x91\xfd\xf8\x1d\x0e\xf2\x77\xfc\xc1\xca\xa8\xf1\x7e\xfd\x77\x72\x69\xd0\xf8\x9e\xa4\xcb\x1b\x74\x64\x8e\x9d\xbb\x60\x46\x37\xe2\xd3\xe6\xbb\x59\x6b\x7b\xdb\x48\x67\xf4\xf2\x8a\xec\xdd\xe2\xaa\x99\x1f\x47\x17\x0f\xfc\x89\xd5\x58\xc5\x97\xc6\xe0\x30\x0c\x30\x46\xdf\x2e\xc8\xba\xd9\xd8\xf3\xeb\xaa\xec\xaa\x97\xc6\x98\x36\x0a\xbe\x35\xbd\x34\x41\xc0\x79\xc8\xeb\xce\x6d\x1b\xd3\x5b\x62\x29\x8f\xab\x59\x6e\xd1\x83\xce\x1f\x57\xe3\xe6\xd4\x9c\xf9\xaa\xac\x97\x52\xc6\xe4\x1e\xcc\x3a\x5f\x33\xbd\x34\xa1\xae\xd8\x71\x35\x47\xd3\x45\x5a\x8d\xd1\x4c\x91\x38\x1c\x37\xbf\xbf\x79\xfd\xb8\x1a\xff\xee\x0f\xed\xc7\xd5\x84\xc3\x41\x68\x3a\x49\x73\x4b\xe6\xf6\x12\xda\x2d\xd9\x8c\xd5\x89\x90\x72\x3d\xad\xb5\x67\x56\xe2\x1d\xea\xac\x6c\x3a\x15\x4b\x2a\x18\x4a\x69\xba\x58\x1f\x53\x90\xa3\xc3\x3b\x7a\x65\x1a\x07\x2f\xd5\x14\x26\xf7\x02\x59\xaa\x7d\xa4\xe9\x69\x1a\xab\x1e\x57\xb3\xa0\x28\xc7\xaa\x4c\x4b\x16\x5e\xc1\x5f\xd1\x92\xdd\xe0\xde\x4b\x59\x85\x03\x73\xbf\xa0\x57\x2a\xfa\xfe\x54\xa3\x5b\xb1\x90\xa4\xc3\xeb\x52\x97\x17\x52\x4f\x33\xfb\xf0\x33\xac\x03\xc7\xd5\x38\x4a\x73\x68\x1a\xa4\xf9\xf5\x86\xf2\x7a\x69\x93\xa6\xa7\x1d\x0e\xfc\x48\x6c\x17\xd1\x4c\xcb\xa7\x9b\xa9\x6d\xcc\x62\x33\xbf\x56\x75\x6d\x63\xb6\xb1\xea\x56\xf6\x8d\x62\xaf\x60\x2d\xc1\x69\xc4\x54\x44\xa4\xc3\xd1\xd7\x74\xf7\xad\x99\x1d\x42\x22\x76\xa9\x4e\x22\x1a\xab\x2a\x9e\xcc\x73\x4d\x2d\x8d\xdc\xa9\x9e\x47\x80\x4d\x8d\xc9\x78\x93\x45\xbd\x14\x53\xe9\x0d\x78\x84\xea\x6c\xe2\x71\x22\x6a\x63\x70\x1c\xd2\xd4\x94\xbe\x9f\x22\x7f\xfa\xc6\x15\x39\xae\x26\xdd\x17\x15\xf3\x0a\xa7\x31\x74\x8a\x0b\xc3\x7a\x91\xbe\x5d\xd0\xcb\x13\x74\x25\xcb\x1e\x56\x86\x40\x11\x8e\xe1\xdf\xec\x6d\x72\x98\x66\x36\xf8\x5b\xf8\x44\xec\x1c\x11\xc6\x22\xb8\x73\x7c\x84\xe6\x72\x7a\xe9\xb5\xb1\x34\x6a\x6e\x1e\xd4\x96\xd9\x80\x34\x42\x9c\xdc\xf1\x22\x8d\xa5\xc8\x4e\x5c\xe6\x5a\xa5\x36\xb7\xc2\x1a\x19\x19\x16\xef\xe2\x9c\x9d\x29\x6c\x07\x06\xa9\x72\x30\xe4\x8d\xc0\xe4\xd0\x81\xa7\x56\x41\xe3\x33\xd6\xf2\x3a\xd6\x82\xfc\x4f\x2f\x4d\x18\xc5\x74\x6d\xf9\x17\x63\x6a\x8b\x71\xfc\x58\xc2\x18\x7f\xc5\x86\x60\xf7\x8c\xb1\x83\xe3\x6a\x16\xdd\xd0\x6c\x55\x2b\x43\xa8\x1b\xa1\x0b\x84\x49\x1b\xc2\xa1\x0e\x5f\x21\x87\x40\x96\x21\x19\x86\xe4\x0a\x66\x65\x48\x12\x10\x14\xc7\x6e\xab\x86\x54\x74\x5a\xd6\x62\x23\xc6\xf3\x94\xbe\x9f\x57\xce\x8f\xd6\xc6\xa3\x4a\xd3\xd0\x04\xa7\xa8\x8f\x3b\xe8\xa1\x40\xd6\xa9\x57\x56\xf5\xd2\xb8\xec\x4b\x9d\x09\xec\x73\x2d\xf9\x8a\x4f\x3e\x65\xae\x6d\x31\x7a\x07\xf2\x93\x3f\x3d\xdc\xe6\xf8\xa0\x8f\xdb\x55\x51\x73\x36\x37\x8a\x34\xfd\x33\x79\x64\x47\x3b\x89\x07\x9e\xe6\xe6\xaf\xce\xf2\xa2\xfb\x4f\x69\x6a\xd9\xae\xaa\xc7\xff\xc0\x23\xb5\x7d\x3a\x32\xc7\xd8\x5a\x61\xa1\x36\x37\xcc\x3d\xc9\x99\x14\xf1\x44\xfb\x83\x6e\xb0\x2b\xf3\x3f\xd8\xa0\x52\x69\xab\x50\x60\xcf\xfa\x7b\xfa\xb8\xed\x2d\xea\x03\x8b\x35\x3e\x81\x81\x8c\x3f\x37\x12\x4f\x31\xec\xc3\x8a\xbf\x01\x5d\x30\xd2\x7f\x2b\x88\x96\x16\xfb\x4f\x75\xcc\xb8\xb4\x04\x3a\x6a\x56\xf2\xdc\x38\xf7\x5b\x62\x4c\xbc\x32\x97\x06\x60\x2c\x68\x12\x70\x93\x96\x73\xe7\x9a\xc4\xff\xdc\x0d\xd5\x90\xce\xeb\x0f\xda\x88\xac\x8c\x16\xf7\x68\x79\x12\x2d\x25\xb5\xd1\x24\x68\x5f\x18\x54\xe2\x0c\xf4\x3d\x68\x03\xff\x19\x1c\x2c\xd6\xf2\x3a\x5b\x1d\x61\x5b\xc0\x6a\x1e\x11\xcf\x6d\x9f\xdb\x7d\xa1\xc5\x7d\xf6\xfc\x85\x66\x77\xcb\xd9\x0b\x17\x5c\x6d\x7c\x3e\xe9\xe1\xa0\xb5\xfb\x9e\x9b\xc9\x1f\x11\xcf\x3d\xbf\xbf\xcf\xdb\x1b\x78\x00\xfa\xbd\xa7\xd9\x4d\xda\x44\xd7\x50\x87\x1d\x5b\x62\x47\x59\x61\xc6\x78\x0f\x01\x2a\x4c\xb4\x75\xfa\x02\x7d\x77\xfd\xe1\x08\xac\xc3\x4a\xb6\x16\x4b\xb8\x8c\xc4\x38\x1d\x5b\xb7\x0e\x9e\xd3\xe1\x55\x88\xf7\x59\x25\x9e\x0b\x1e\xc2\xb6\x50\x76\x92\x7d\xd7\x7e\xa5\xcb\xd9\x72\xae\xcd\xf9\xc7\x8e\xef\x2e\xb0\xbf\x9b\x5b\xce\xc3\xdf\x1d\xdf\xb6\x77\x7c\xdb\xde\xe2\x76\x5e\xff\xfe\xea\xbf\x37\xb7\xba\xcf\x61\xe3\x68\xbe\x40\xc7\x8b\xd4\xfb\xf1\xa7\x31\xb3\x53\xe7\x9f\x29\xae\xca\x68\x1d\x5a\x8d\xe1\x18\x33\x49\x14\xc8\xe8\x4a\xd6\x78\xb3\x8c\x96\x2d\xe8\x7d\x7f\x5f\x6f\xc0\xe7\x8d\xfa\x9d\x3e\x74\x02\x0d\xbf\x87\x0f\x3a\xda\xb9\x04\xa7\xca\x7a\xf2\x89\xb9\x36\x50\x7b\x06\x67\x54\xba\x88\x01\x0f\x28\x64\x90\xeb\x57\xbe\x3b\xae\x26\x8d\xf8\xb4\x5e\x99\x50\x25\x40\x64\x12\xb4\x3a\x05\xd6\x1e\x71\x54\x37\xbb\xf9\x49\xcd\x88\xe5\xc9\x1e\x1d\xad\x10\x2c\xc8\x1b\x62\x1d\xb9\xfc\x2d\xa1\xe9\x27\xc6\x14\x23\xf5\x86\xcf\x50\x74\x8a\xd5\x26\x0b\xe8\xef\x3f\xae\xc6\x6f\xfc\xa1\x83\xb4\x9e\x6b\x69\x23\xe8\xe6\x20\xdf\x7d\x7f\xf9\x3a\x01\x16\xc1\xdb\xf8\x10\xcb\xab\x9f\x7c\x88\xcd\x43\x2b\x37\xaf\x76\x39\xdb\xfb\xa3\x77\x4f\x6f\x84\x91\x11\x57\x18\x88\xfa\xb5\xac\x52\x2d\xc0\x5f\x45\xbd\x4d\xf7\xfc\x0f\x45\xfd\x28\x52\x48\x1a\xb3\x0e\xf7\x19\x19\xc5\xb7\x48\x5d\x60\x14\x53\xc3\xe8\xc4\x22\x5d\xe3\x4e\x1b\x6b\x39\xc9\xd6\xa8\xaf\x3f\x72\x97\x9c\x11\x81\x23\xce\x3b\xde\xa8\xff\xef\xde\x87\xa4\xc7\x7f\xbb\xf9\x0c\x78\x55\x9c\x84\x96\x4a\xe6\xe4\xba\xda\x8a\xa6\x3d\xe2\x0e\xd8\x91\x61\x5a\xd8\x7b\x84\xac\xeb\x91\xf6\xc8\xe9\x74\xc2\xff\xb4\x47\x9e\xfb\x91\xc8\xed\xc0\x4f\xa4\xb9\xd5\x7d\x9e\x78\x1e\x91\x9b\x1d\xd7\xc9\x77\x5d\x5d\xb5\x67\xef\x69\x7c\x87\x75\x5b\xb4\x1c\xea\x8f\xfa\x09\x58\x44\x5a\x1a\x37\xed\x19\x02\x2e\xae\x89\xf5\x5a\x6c\x20\xd0\xf7\xe0\xac\xb5\x5b\x34\x27\xdf\x36\x7e\x0c\x5b\x94\xc0\x0e\x6c\x6e\x6d\x86\xbd\x77\x86\xe9\x29\xf5\x1f\xb7\x9d\xf8\xb8\xe7\xae\xaf\xcf\x19\xea\x8b\x06\x42\x41\x72\xf9\x5a\x17\xf9\x6b\xe7\x75\x62\xee\xbc\xa3\xf3\xb1\xbf\x9d\xa9\xff\xfc\xf2\xb5\x2e\xce\x68\xd4\xb6\x4f\x9d\x32\xc2\xff\xb1\x3f\x46\x39\x89\xf1\x55\xa0\x7e\x8c\x82\xfa\x98\x07\x1a\x85\xe6\x64\xe2\x43\x2c\x2f\x8b\xf0\xbd\x05\x2c\xf9\x43\x6c\x5e\x2f\x8d\xd3\xf4\x53\x26\x49\xc2\x3e\xb4\x0e\x33\xd6\x72\x52\x2f\x6d\xf2\x63\xae\x9a\xa5\x85\x05\x63\x66\x87\xc9\xe9\xc3\xab\xc4\xe3\xf3\xf5\x78\x78\x90\xa7\x94\xa1\x41\xb0\xc6\xe0\xa8\xf8\x08\x52\x98\x11\xdf\xc5\xc7\x1f\x62\xf3\xf4\x59\x52\x3e\x94\x31\x6e\x5c\x9f\x60\x52\x7a\x02\x8f\x5b\x97\x31\xfe\xcc\xac\xcc\x83\x1b\xe8\x25\x27\x6c\x61\x60\xc5\x41\x42\xcc\x18\xb6\x03\xbc\x84\x75\x6e\x64\x8e\x53\xce\xde\x0e\xe7\x28\x60\x5e\x64\xe3\x01\x4b\x9f\x5e\xcd\x62\xf4\x0a\xda\x02\xd1\xc4\x29\x4d\xaa\x92\xfd\x40\x8c\x2b\x1b\xb9\x31\xb3\x03\xc1\x77\x32\x0c\x0d\x9a\xc6\x4a\xf5\xc3\x79\x63\xbb\x02\x1d\x40\x96\x66\x14\xd3\xa4\xcd\x4d\xcc\xb5\x67\xc6\xcf\x31\x63\x71\x55\x2f\xc5\x8c\x37\xcb\x74\xf7\x1d\x8f\xa7\x10\x55\xcb\xfd\x86\xf5\x70\xf3\xe6\xe6\xac\xb1\x5d\x61\xc3\x1d\x5f\xc5\xe7\xb4\xfa\x84\x96\x4a\xd2\x32\x8a\x66\xcb\xa3\xd8\x80\xf5\x62\x83\x78\xee\x05\x7a\x7b\x3d\xc4\xdc\x4c\x1c\x57\x13\x4c\x0b\x04\x26\xca\xed\x91\x30\xf0\xe3\x6a\xb2\x36\x70\x48\x87\x53\x74\xe5\xad\x35\x30\x09\x56\xbb\x0a\x1d\x5b\x67\x6b\x0f\x53\xf1\x21\x36\xcf\xf6\x2c\x74\x4a\x2f\xa5\xd0\xe2\xa7\x32\x63\x39\xd1\xc5\x2a\x1d\x2d\x37\xd0\x14\x0e\x1b\x38\x9e\xa2\x58\x4d\x34\x90\x15\x53\xbe\x50\xa9\x03\x02\x47\x91\x80\x2d\x74\xea\xbd\xad\x3b\x7a\x9a\x42\x4c\x96\x38\x85\xb7\x62\x0f\x50\x64\xb2\x5b\xa9\x66\xb9\x29\x18\x26\x19\x74\x5b\x28\x20\xcc\xb4\xb8\x56\x72\x51\x1b\xe2\x30\x21\xfc\x52\xc4\x27\x33\x29\xeb\x6c\x9d\x82\xaf\x69\x3c\x2e\x67\x64\x58\x9a\xc0\x99\xd4\x28\x75\x5b\x6e\xef\xb6\x7b\x28\x2c\xcf\x3c\xf8\xac\x3a\x6d\x1d\x3c\x05\x03\x34\xf7\x6e\xe6\xd7\xcd\xf2\x21\x3e\x06\xf7\xd6\x70\x6d\xb9\x42\xf3\xeb\xf5\x71\x17\x44\x2f\x6d\xa2\x3e\xa5\x79\x3e\x62\x5c\x89\x86\xfb\xfd\x70\x48\x67\x5e\xd2\xf8\x1c\x86\x66\x5b\x07\x4f\xb9\xb1\x9e\x6d\x5d\x58\x41\x34\xc9\xb2\x93\x6c\x62\x95\xa6\x7f\xb6\x0e\x27\x69\x6e\x81\x9c\x75\xb7\x2a\x82\xe5\xb9\x06\x23\x06\x72\x0d\xfc\xbb\x3e\x76\x12\x63\xbe\x8e\x62\x03\x38\x2b\x58\xa7\x7c\x88\x63\x93\x6b\x8e\xf2\x36\x53\x93\x15\xeb\x86\xe4\x2f\xac\x92\xfc\x22\x2d\x2c\x90\xce\xeb\xec\xf9\x5c\xd6\x18\x5f\xc4\xbf\xed\xb0\x53\xba\x39\x03\x5b\x7c\x40\x23\x04\x9d\x36\xe8\x9d\x47\xb2\xa7\xe5\x49\x74\xe1\xa1\x90\x9e\xc0\xe8\x77\x14\xf0\x1d\x0e\x63\x7a\x93\x56\x63\x0e\x87\x91\x1c\x55\x63\x5a\x25\x5f\xaa\xf7\xb9\xc0\x38\x3d\x7c\x27\x36\xf5\x86\xee\x60\x54\x72\xd1\x48\x26\xac\xe5\xa4\x95\x1c\xa4\xb9\x6d\xab\x58\xa1\xe9\x69\xb4\x92\x98\xaf\xca\x72\xfb\x03\x55\xa8\xd5\x78\xfb\xa3\x77\x45\x1d\x48\x7e\xa8\xda\x63\x1c\xa6\x1a\xc7\x8c\x81\x07\x32\x90\x14\xa2\x65\x05\x5b\xb6\x7b\x08\xd1\xcd\x2e\x6c\x15\xe3\x60\xb1\xa4\xb2\x47\x9a\x19\x05\xe2\x53\xf4\x6e\xf3\xfd\xc2\x97\xb8\xcd\x76\x74\xa9\x5e\x2e\xbd\x34\x41\xc0\x0e\x11\x47\xa3\x44\x42\xd3\xd0\x49\xe6\x70\x48\x37\x19\x9b\xdf\x3a\x4f\x99\xc3\x01\xd1\xe0\xaf\xad\x62\x05\x75\x0b\x50\xe7\x92\x28\xf7\xa3\x7a\x58\x7b\x31\x4f\x57\xa6\xc5\xfe\x8e\xd7\xd3\xb6\x99\x1d\xd2\x4e\x73\xd5\x9d\xee\x66\x03\x95\xf3\xa4\x9b\x8d\x0d\x0e\xc7\xc0\x23\x12\xbe\xbd\x79\xf3\x3a\x41\x7f\x06\x78\x25\xe2\x8c\xa9\x88\x2e\x6b\x10\x16\x26\x48\xec\xb8\x9a\xb0\x8a\x23\x34\xbe\xa1\x44\x01\x27\xc1\x17\x5d\x3f\x50\x54\xf1\xd8\x3e\x82\x5d\x53\x9b\x9c\xb3\x8a\x68\xd2\xc3\x96\x19\x79\x80\xc9\x49\xdd\x22\x78\x74\x32\xea\x16\x54\x8f\x3f\x35\xf5\x64\x65\x9b\x65\xf8\x8d\xb9\xff\x14\x09\x1e\xb8\x8b\xf8\x3b\x5d\x54\x55\x4b\xb3\x92\x3f\xae\xc6\x91\xbe\xd9\xdb\xdd\x77\xac\x5e\x6e\x9f\x1b\x40\xb3\x1f\x46\x8b\xd9\x8a\xa5\xc6\x34\x7f\x1e\x92\xc2\xad\x4e\xdf\xfd\xa1\x1d\x8f\xc6\xfc\xba\x7d\xda\xa2\x82\xfb\x61\xe4\x19\x41\xde\x01\xe7\xfd\xa6\x91\x78\x4e\xab\x31\x76\x2e\xa0\xd6\x51\x67\xae\x6a\xb0\x55\xe1\x39\xad\x1f\xce\xd3\xcd\x59\x9a\x99\xa0\xd5\x3d\x63\x79\xc4\x98\x3d\x30\x57\xca\xac\x13\xe5\xa4\x59\xd9\x36\x97\x06\x40\x2d\x47\xbf\x35\xa3\x38\x4f\x28\xda\xc7\xb6\xc8\x05\x97\xcb\x43\x6a\xcf\x0f\x8c\x89\x55\x8c\x19\xc4\x4a\x99\xc6\xd4\xde\xd7\x77\x5c\x8d\xff\x31\x14\xba\xd3\xeb\x77\x7d\x17\xf0\x85\x43\x91\xd0\xed\x28\x61\x82\xad\x3f\x18\x65\x62\x7e\x28\xcc\x8f\x3b\x23\xb1\x61\x2e\x0d\x18\xf1\x69\xd4\x53\x18\xaf\x1f\x5e\xc5\x13\x85\x4d\x86\xbe\xb7\x48\xd3\x45\x3a\x7e\x50\x8b\x31\x41\x07\xcf\x44\x94\x6c\xb1\x47\x1f\x62\xf3\x46\xea\x85\x59\x79\x7a\x14\x7b\xc2\x4d\x04\xd3\x5b\xf4\xc5\x02\x71\x38\x60\xd6\x08\x8d\xcf\xe0\x90\x70\x42\x90\x2f\xc2\x3c\x2b\x33\x44\x68\x66\x82\xad\x18\xa8\x23\xc6\x2f\x03\x20\x65\x64\x21\xd3\xc5\x0e\x49\x54\x79\xa1\x4b\x58\x11\x13\x48\xc0\x6c\x1e\xf7\x47\x20\x5a\xc0\xdc\x18\xa7\xa9\xf7\x28\x7a\xa1\x3d\x8d\x31\x38\x30\xe0\x20\x45\xc8\x13\xa6\x16\xcb\xf2\x7d\xde\xd2\xc4\x8d\x47\x3c\xd6\xff\xb4\xdd\xce\x64\x00\xf8\xc3\x48\x67\xcc\x95\x32\x9b\x0d\xb4\x16\x8c\xad\x1b\xb1\x81\xda\x6b\xa6\x58\x99\x4b\x7c\x51\x51\xdf\xab\x5b\x11\x76\x2a\x91\x56\x90\x68\x68\x7c\xd7\x98\xde\x42\x89\x86\x31\x88\x36\xa2\xef\xa7\x64\x0d\xac\x43\xad\x4d\x04\x7f\xf3\x54\x8d\xcc\x84\x74\xa8\x5a\x5b\x83\x18\x20\xea\x03\xf7\x5e\x53\xe4\xae\x87\x18\x93\x07\x8c\xcf\x0a\xb3\x19\x2d\x4f\xd2\x83\x19\xc9\xda\x19\x5f\xa7\x6f\xa7\xcc\x95\x32\xcf\x35\xe2\x36\x8d\x9c\xb1\xb9\xc2\xc4\xcf\xd1\xb2\x39\xb1\xc5\x08\x7b\xae\x42\x47\xcb\x6c\x45\x93\x89\xda\xb3\x02\xeb\xc7\xd9\x26\xae\x90\xe1\xbb\xe3\x6a\x9c\xe9\x74\xc0\x82\x31\x08\xf3\xd4\x6e\xf5\xf8\x7b\xa1\x5b\x0e\x07\x1d\x8e\xd3\xdc\x82\x31\xb9\x03\x81\x21\xac\x93\x4a\xaf\x46\x52\xc8\x94\x41\x52\xb4\x03\x09\x34\x22\x8e\x2b\x6b\x77\xd1\x2a\xbd\x66\x0b\x07\x54\x03\xe7\x61\x02\x03\x4a\xf6\x0f\xb1\x47\x34\x91\x62\x32\x61\xa5\x6c\x6e\x8c\xcb\x64\x2a\x24\x01\x0c\xd5\x38\xae\xc6\x6b\xf9\x98\xf9\xbe\x62\x56\x16\x69\x21\x61\xfd\x3c\x0c\xc2\x42\x30\x1a\xf6\xfa\xee\x81\xb5\x40\x04\xa7\xf3\xc0\x00\x88\x46\xe7\x74\x41\x08\x61\x23\x88\x2f\x81\xdc\xca\x3b\x2c\xfa\x42\xd3\x45\x14\x0a\x3f\xc4\xf2\x46\x69\x98\x16\x92\xf6\xab\xcc\x04\x26\xd2\x10\xba\x95\x35\xf2\xaf\x51\xa8\x62\x33\x9b\x5f\xac\xcd\x6c\xb3\x2d\x02\xb1\x5f\x7c\x98\x2f\x36\x8c\x6a\x1a\xa7\x07\x76\x86\x31\xb3\x44\x57\xb6\xb9\xd9\x06\xd5\x4e\x5f\x7f\xb8\x17\xb6\x84\x88\x8d\x63\x0f\x08\x8f\x20\xae\xe3\xf9\xae\xde\xd0\x9d\x40\xd0\xd5\xdc\xd2\x7a\xf6\x5c\x1b\x21\xe4\x0b\x82\x26\x7f\xa4\xb2\x06\x6a\xfd\x74\x35\xa1\xfe\xa8\x50\x92\xc8\x17\x84\x4f\xf8\xde\x0e\xae\x28\x9b\x12\x74\x27\x21\x01\xf0\xcd\x9b\x7f\x63\x95\x37\x80\x6d\xcc\xe0\xd6\x66\x92\xfd\xd8\x0a\x2a\x16\x60\x42\x1f\xc1\xe7\x6c\xf8\xdb\x2f\x69\x7a\x97\x09\x3e\x18\xa1\xbc\xfc\x0b\xee\x1b\xb9\xcd\x79\x50\x11\x90\x19\x13\x55\x81\x43\x5a\x2f\x07\x8c\xb7\x4f\xac\xe5\x55\x3a\x3c\xac\x35\x8c\x87\x91\xa3\xb2\x6f\x8c\x44\xca\x3a\xcc\xd1\xe1\x55\xec\x22\x0f\xa3\xc6\x6f\x70\xbe\x89\x8b\xd8\xc3\x21\xe6\xe4\x5b\x94\x5f\xeb\xb6\xd7\x51\x6c\xa0\x8e\xac\x31\x2d\x4f\x89\xd7\x10\x9a\x94\x70\xac\x7d\x01\x11\x0a\x6a\xfc\x83\x31\xb3\xa3\x1f\xce\x9b\x53\x73\x0d\xc1\x16\xec\xa4\x3d\x25\xd0\x81\x49\x12\xc0\xa5\x8c\xc1\x61\x3a\xf2\x8b\x5e\xb2\xe3\x29\xd8\x5e\x8a\x6f\xa1\x22\xa3\x1f\x2e\xd3\xf4\xee\x69\x81\x1e\x6c\xb2\x86\xe3\x9f\x88\xf2\xa0\x23\x29\xac\xe3\x28\xf6\xc4\x1a\xe7\xf3\x63\x8d\xbe\xb6\xca\x1b\x1a\x2a\x47\x34\x33\xc1\x94\x23\x9e\x63\xc7\x8e\x0b\x4c\xc2\x44\x7d\x4a\xd5\x6d\xd8\x4c\x1c\xce\x71\xd2\x86\xc6\x6c\xfd\x66\x70\x9f\x69\x89\xd3\x9b\x66\x19\x67\xdf\x18\x1b\x23\x27\x04\x9a\x8f\xc7\xb7\x34\xc4\x9d\xc8\x2d\x67\x1d\xce\x99\x6b\x29\x76\xde\x4e\x6f\x8a\x93\x42\x04\xb8\xab\x0a\x22\x26\x49\xd1\xcc\x04\xc6\xbd\x8f\x8d\xa9\x5a\x29\x04\x9f\xa0\xf2\xad\x06\x55\x5b\xcb\xeb\xc2\x1c\xd3\xdd\x17\x0e\xf9\xfc\x91\x48\x77\xd8\xef\x0b\x85\x7b\x22\x22\x41\x86\x10\xc6\xdb\x94\x70\x17\xa5\x1d\xdc\xeb\x68\xa6\xb4\x35\xdd\x16\xd1\x3f\x5b\x05\xcd\x6c\xe0\x44\x43\xca\xd0\x0e\x9c\x5d\x58\xa5\xc3\x81\xe7\x96\x8c\xa4\x91\x4b\xb7\x99\xe1\x5a\x6e\x3c\xa3\x97\xca\x74\x73\x85\x0e\x1d\x0a\xa5\x3c\x69\x4e\xbe\x25\x81\x60\x20\xea\x12\x4b\x86\xb1\x34\x66\x65\xcd\xac\x6c\xa2\x06\x2e\x8e\x16\x91\xc9\x88\xe7\x39\x70\x72\x6e\x40\x04\x13\x01\x13\xd4\x3f\x1e\xa8\x83\xce\x07\xe2\xe4\x1a\xb7\x5e\x49\xa1\xba\x0d\xb2\x10\x44\xf7\xcb\x38\x1e\x38\x75\xd9\x49\x3b\x9a\x92\xd6\x04\x50\x51\x52\xb8\x2d\x44\xdf\x13\x6a\xc0\x8f\x48\x88\xb5\x33\x7e\xf8\x94\x8b\x16\xe9\xee\x3b\xf6\x76\x73\x96\x69\x7e\x90\x8f\x06\x53\x2e\x7a\x07\x4a\xbf\x92\x5a\x80\xcd\xea\xe5\x11\x19\xb0\x4e\xe3\x73\x4c\x43\xd8\xfc\x99\x96\x4a\x28\x6d\xd8\x4a\xba\x76\x89\x18\xef\xd7\x8d\xa1\xf4\x71\x35\x6b\xbd\x1c\xb0\x0a\xaf\x78\xa3\x22\x78\xf6\xd4\xdd\x21\x77\xb9\xb4\x3c\xe0\x66\xa1\xa9\x29\x3a\x3c\x08\x24\xfe\xa7\x40\x6f\xef\x77\xa1\x1e\x46\xc5\x32\xff\xc5\xc3\xe9\xcb\x83\x59\x5d\x56\x2c\xa9\x97\x52\xc6\x6c\x91\x1b\xa2\xd8\x67\xbe\x50\x30\x1a\x0e\xf5\x3a\x31\x8c\x9c\x4f\x15\x68\xad\x8d\x8d\xc3\x78\x79\x92\xd5\xe1\x02\x2d\xbd\x34\xe6\x63\xc6\x44\x82\x66\x92\x7a\x29\x46\x7c\x18\x9d\xcc\x84\x65\x25\x8b\x1a\xc7\x06\x89\x1b\xda\x25\x62\x15\x57\x6b\xb1\x04\x06\x65\xca\xf1\x3a\x1c\x76\x0e\x24\x54\xa5\x57\xf6\x25\x71\x80\x6c\xaa\x97\x26\x1b\x22\x21\x61\xf1\x66\x8d\x99\x1d\x23\x9f\x68\x48\xc5\xf8\x02\x22\x37\x39\x63\xdf\x9c\xa5\x4f\xd6\x51\x6c\x87\x88\x27\x08\x7d\x2a\x4d\xf0\xe3\x60\x2e\x63\xfc\x32\x00\x61\x2a\x4a\x4c\x2a\xfa\xd0\xf1\x80\x80\xc7\x3c\x80\x45\x8d\x37\x8d\x33\xde\x57\xe4\x9e\x66\x3a\x90\x45\x49\x8b\x74\x7d\xdb\xee\x6c\x39\xd7\xc6\xce\x71\x82\x85\xd1\x20\x8f\x3a\xaf\xb5\x33\xcc\x34\xa1\xdf\x43\x40\xa8\x35\xf6\xc4\xcc\x0e\xd5\xa6\x0e\xa5\x9c\xc9\xc6\x80\x11\xb2\x46\xfe\x0d\x48\x3a\xf5\x91\xb1\x4a\x30\xcb\x97\x1e\x82\x23\x03\x33\xae\x1d\xcf\xca\x76\x4a\xba\x88\x64\x87\x43\x04\xf5\x6c\x52\x07\xcd\xc2\xe1\xc0\x5c\x31\x64\x25\xfc\x34\x15\x52\x09\x26\x8d\x31\x92\x51\xa2\x6a\x35\x8c\xcf\x41\xc9\x1d\x2d\x17\x32\xfc\xb8\x3e\xca\x97\xe6\x96\x8c\xcd\x15\x9a\x7e\xcd\x66\x45\xe9\x11\x5b\x9e\xa1\xb4\xbe\x97\xc0\x18\x5d\x19\x68\xcb\xf5\x20\x75\x59\xd0\x46\x25\x44\x67\x8c\x4f\x43\x36\x85\xef\xd5\x1d\x4c\x3a\xaf\x43\x1e\xf0\xc1\x38\x4d\x4f\x83\x39\x19\x55\x4b\x19\x10\x5a\x9b\x7d\x07\xf6\xc3\xd7\xb5\xd8\xd2\xc9\xe0\x39\xd6\xba\x3c\x93\x30\xe8\x88\xed\xf4\x6b\x77\x02\xc1\x9f\x5c\xdf\xb6\x5f\x0f\x87\x7e\x7a\xc8\xce\x23\x35\xb0\x4f\xdf\x1b\xe7\xd2\x28\x0a\xe5\x27\x6c\x42\xdc\xe6\x7e\x22\x56\x50\x63\x1c\xaa\x3e\x36\x90\x6d\x90\xce\xeb\xe0\x09\x83\x10\x41\x61\x8a\x49\x7e\x46\x7c\x20\xdb\xf9\x20\x55\x1b\xf3\xab\xec\x38\x85\x40\x41\x6e\xb0\xcb\x0e\x59\xc5\x5d\xe3\xed\x13\x03\x62\x4d\x6a\xa3\xa3\xe6\xe4\xba\xf6\x2b\xa1\x83\xfb\x79\xa6\x8c\x82\xa9\x47\x9d\x5e\xbe\x40\xea\x46\xc1\x10\x8b\x52\x19\xe7\x96\xef\x8d\xd2\x44\x83\x80\x64\xbd\xd8\xc0\x7c\x49\x23\xbb\x4d\xc7\x72\xc6\x42\x56\x2f\x1d\x00\x4b\x61\x5b\x9b\xab\xb6\xd9\x21\x51\x35\xdf\x42\x5b\xf3\x56\x71\x8a\x9d\x50\x13\xa0\xd6\x11\x59\x9d\x78\xa3\xd1\xcc\x90\x35\x0a\xf9\x67\x0e\x47\x0b\xe8\x38\x23\xbb\x34\xb5\x0d\x9d\xe2\xbf\x19\xe3\x61\xac\x6a\x25\x85\x5f\x31\xc1\x00\x84\x19\xb4\x3e\x9c\x6d\xf9\xea\xb8\x1a\xf7\x84\xfd\xd1\xf0\xc3\x6e\xef\xed\xa8\x1f\xf8\x48\x99\x26\x5e\xe9\xfb\x73\xe6\xda\x33\x63\x6a\x8b\xc7\x5f\x96\x56\xcc\xb7\x15\x5e\x07\x6c\x7e\xcc\xf8\x66\xaa\x03\xb6\x6a\x15\x96\xf1\x28\x43\xba\xff\x10\xcb\xa3\x5c\xc9\xf3\x20\xe1\xc8\xa8\xee\xd1\xd1\xb2\x1c\x87\xb1\x8c\xaa\x3c\x8a\xca\xaa\x32\x67\x66\x87\x70\xc7\xea\xa5\x15\x63\x73\x95\xc7\x82\x4b\x13\x6f\xb1\xa8\x57\x57\x1a\xf9\xdb\x57\xe8\x6c\x44\xbe\xa2\x69\x68\x36\x68\x70\x3f\xa3\xb9\x40\x2f\xd9\xfe\x67\x34\xee\xaa\xc6\x35\xd5\xf5\x89\x7c\x0d\xa4\x0a\xdb\x2b\x7c\x8a\xf3\x93\xbe\x7c\xa2\x9d\xea\xe3\x64\xa7\x3c\xb7\x14\x97\xa5\x14\xa4\xf8\x46\xa5\xe3\x54\x35\x15\x71\x3a\xe3\x56\x75\xb0\x86\x30\xa6\x06\x2e\x66\x34\x89\xa4\xde\xeb\xfb\x87\xc6\xbb\x65\x23\x9f\xe0\xda\x36\x74\x5a\x2f\x65\xe9\xd8\x32\x63\x2b\x7b\x8b\xdc\x23\x0d\x5f\x7f\x88\x4d\x7e\x88\x4d\xe2\x01\x86\x06\x50\xbd\x34\x86\x9f\xe3\x87\x92\x47\x68\x76\xb2\x7c\x35\x0b\x5c\xa7\x8c\xf0\x06\x6a\x69\x61\xe3\x49\xd2\x74\xd1\x1a\xdc\xa7\xc5\xaa\x35\xba\x4d\x87\x77\x38\x93\x85\x8d\xcc\x2a\x1d\x2d\xa3\xc5\x08\x6d\x3f\xe8\x0c\x38\x8a\x3d\x41\x6f\xbc\x99\x1d\x32\xab\x65\xf3\xc9\x9e\x31\x5b\x34\x16\x06\xe8\xd6\x53\x63\x6a\x4b\xc3\xb0\x1b\x1e\x94\x5b\x1e\xe1\xed\x65\x87\x30\x5b\x93\x13\x17\xa4\x7a\xb3\x9e\xc1\x50\x38\x8f\x51\xc6\x61\xc5\x92\x28\xce\x60\x92\xbe\xcd\x1d\x12\x29\xce\xa8\x20\xc6\x5c\x46\x43\x09\xbb\x23\xce\x3e\x70\xb4\x2c\x77\x43\x41\x7d\x34\x3e\x52\x1b\x4e\xd5\x27\xcb\xd7\xe6\x56\x58\x93\x67\x09\x5d\x99\xb6\x0e\x67\xf5\x6a\x16\x9c\xae\xab\x48\x37\xd6\xc4\x2e\x3d\x98\xe1\x68\x0d\xd0\x33\xb4\xe4\x89\x79\x8e\x73\x53\x2a\x08\x7d\x2a\x65\x69\x84\x78\x02\xb7\x91\x87\x76\xf7\x85\x42\xbd\xdd\x61\xff\xfd\x50\xd4\xdf\x1d\xe8\x6b\xf3\x10\x73\xa2\x48\x5f\x0c\xd2\xf4\x2c\x04\xd2\xa1\xe9\x5e\xad\x98\xe6\xd7\x31\x9e\x0e\xd5\x02\x14\x08\x30\x27\x05\xf6\x24\x9a\x10\x65\xa8\x17\xd3\x13\x2a\xab\x6a\x05\x6c\xeb\x8f\x8e\x08\xdb\x2e\xb7\xe0\x64\x6d\xa8\x0d\xc9\xaa\x40\x71\xc3\xad\x46\x3c\x67\xbf\xf0\xfc\x86\xcd\xc5\x97\x04\x4c\x65\x6d\xf8\xb3\x0d\xf8\x38\x7b\xc6\x38\xc7\x51\xec\x89\x40\x76\x21\x66\x82\x8f\x9f\xc6\x59\x7f\x38\xf6\x0b\x51\xb0\x5f\xb0\xa2\x40\x5f\x1b\xff\xcd\xa4\xe6\xe1\x14\xcd\xc4\x09\x82\xc2\x90\xdb\xde\xfb\x81\xde\x87\x24\x10\xf4\x47\xd9\x06\x4c\x70\xcb\x53\x69\x02\xf5\xca\xe3\x6a\x2e\x78\xfb\x44\x6b\xec\x78\x0a\x40\xc8\x84\xb5\xbc\x4e\x47\x86\x35\x42\xb0\x07\x20\x59\x04\xfa\x1e\x9c\xe5\x39\x4e\x2e\xf8\xd5\xc6\x7f\xd5\x72\x23\x34\x13\xa7\x2b\x43\x78\xe0\xe2\xf9\xcf\xcd\xc5\x95\x6d\x63\x6c\x85\xc8\x8e\x4a\x87\x93\x82\xd1\x82\xf6\x75\xc0\x2b\xc8\x24\x99\xb0\x5a\xdc\x43\xca\x61\x63\x44\xfa\x16\xa9\xb3\x34\x9d\x34\x96\xe2\x0a\x5e\xc5\x8a\xb9\x96\xe2\x4b\x3b\xfc\x16\x68\x93\x07\x33\x11\x5f\xaf\x37\x12\x09\xf4\xa0\x90\xce\x93\x90\xc5\x66\xb1\x2b\x40\x46\x3d\xf9\x56\xdd\x1d\xc6\xc4\x3a\x2d\x56\xd9\xf6\x03\x06\x2e\x6a\x92\x4e\x86\x3a\xd4\x86\x89\x53\xad\x72\x30\x24\xe4\x38\x98\x9f\x93\x49\x1a\x4b\xbb\x56\x61\x99\x29\x75\xca\xf7\x22\x77\x55\x98\xee\xab\x59\x9c\x36\xb4\x4d\x7e\x88\xe5\xa5\x15\xf9\x41\x1b\xe6\xd3\x69\x4e\xa2\x97\x93\xd6\x61\x8e\xc6\x77\x54\x07\xd6\x51\x6c\xc0\x23\x56\xd4\x19\xf1\x85\x03\x7d\xd1\x88\xeb\x8e\x3f\xe8\x0f\x07\x7c\x2e\xcf\xa9\x6f\x43\x7d\xfe\xe0\xdf\xc3\x51\x7c\xdb\x13\xf2\x39\xe5\x03\x36\x63\xb9\x1c\x5d\x9d\xe1\x74\x31\x3f\x0a\x86\x32\x20\x66\xd6\x95\x06\x5a\xc5\x0c\x2a\x6e\xcc\x42\xfd\xa7\x8e\x34\x73\xd6\xf8\x2a\xda\xb3\x8e\xab\x49\x98\x15\x80\xed\xc1\xa3\x0a\x0c\x5b\xac\xc1\xbd\x1d\x54\x95\xd0\xe9\x72\x5c\x8d\x73\x1a\x50\x15\xae\x44\x5d\x6a\x60\x23\x1e\x90\x66\x7b\x57\xe0\xb1\x39\xf9\xf6\xf3\x7d\xd3\x74\xf8\x2d\xcd\x24\x11\x2c\x05\xa1\x5b\x8c\xf9\x65\x11\x41\x5a\x06\xa3\xe1\x80\x55\x28\xfd\xe6\xfa\x95\x1b\xdf\x75\xde\xfc\xd2\xe1\x00\x49\xcc\xe1\x40\x1f\xf6\x6f\x2e\x5f\xb9\xf6\xef\x5f\xf2\xd0\x60\x87\x03\x33\xdf\xcc\xf2\x1a\xd2\x36\xef\x02\x94\x24\x97\x44\xf2\x1e\xd4\xc7\x7e\x56\x86\xec\x57\x22\x14\x4d\xa6\x69\xe7\xcb\xc6\x5c\x91\x3c\x22\x66\xe5\xb9\xb1\x90\x3f\x05\x00\x88\x9b\x88\x5f\x6c\x10\xd6\x07\x56\x12\x31\x3e\x84\x6f\x1d\xb3\xed\xe8\xf0\x0e\x2d\x0c\x5a\x6b\x43\x34\x3e\x57\x0f\x42\xc3\xbe\xc4\x41\x41\x80\x0d\x6b\xbc\x1e\xec\x87\xf7\x7e\x66\x89\x4f\x5a\x79\x0d\xab\x41\xeb\xb6\xb1\x98\xe1\xe1\xb8\x95\x21\xa5\x13\xa2\xf9\xb8\x1c\x1d\xcf\x06\x2c\x4f\xc8\x31\x2a\xd9\x8e\x9f\x68\xa3\xb1\x81\x4f\xf6\x15\x8f\x47\x3c\x8b\x69\x72\xaf\x36\x9c\xc2\x7a\xc8\x23\x22\x9c\xb8\xd8\x1b\x58\x2a\x11\xa6\xc9\xa5\xca\xcc\x04\x3b\xac\x0f\x66\x68\x7c\x0b\x71\x75\xc0\x98\xa8\x3d\xe2\x09\xb2\xb2\x26\x2c\x22\x98\xfc\xc7\x56\xc4\x2c\xaf\xd9\x7d\x15\xd0\x5f\x68\x88\x82\xff\xe2\x88\xa4\xe1\x39\x8e\xd9\x88\x66\x7e\x9c\x47\xb1\x02\xe9\x89\x59\xb0\x27\xaa\x32\x54\x57\xb1\x47\xce\x26\x63\x58\x95\x21\x0f\xf9\x10\x7f\x45\x04\xc5\x61\x2b\xfc\x85\x6c\x2a\x27\xd7\x09\x5f\xd5\xe6\x56\xe8\xca\x74\x03\x34\x51\x79\x4d\x2e\xe5\xcc\x92\x04\x5c\x9a\x59\x42\x71\x4a\xc2\x16\x19\x33\x4b\x38\xcf\x66\x65\x88\x3c\x22\x12\xd7\x41\xf8\x3d\x30\xa8\xb3\xde\xe3\x91\x44\x01\x85\x6b\xef\xe9\x19\x63\x62\x0d\x25\x26\xbe\x24\x0e\x07\x06\x30\x42\x44\x6c\x16\x47\x6c\x4c\xc4\x8d\xf9\x41\x26\x6c\xa6\xa7\x99\x2c\x9c\x1b\x01\xa3\x3b\x93\x42\xb0\xc3\xc4\xd3\xdf\xec\x21\x18\xdb\x8a\x5f\x91\xf6\xa3\xd8\x00\xfb\xef\x37\xfc\xbf\x1d\x9a\x53\x89\x7d\xe4\x24\x58\x57\x92\x95\xc0\x7a\x60\x89\x1b\xdf\x2a\x53\x08\xd2\x4b\x8a\x91\x01\x6b\x40\xbc\x10\x0a\x10\x76\xbf\x9c\xb4\x65\x83\xfa\x11\xd0\xbd\x9d\x53\x47\xd0\xf2\xbf\x3f\x02\xdc\x72\x92\x6e\xd8\x79\xb1\x3f\x62\x56\xe6\x78\xed\xa9\x29\x73\xfc\x0d\x0f\xeb\x2e\x4b\x4c\x3a\xb3\xbc\x86\xb5\x39\x1c\x30\x03\x2d\x1f\x99\x81\x6f\x4e\xce\x44\xbc\xa1\x06\xbd\xc4\x69\x58\x25\x5d\x75\x4d\x13\x4c\x4a\x4c\xbf\x36\x2b\x73\x2a\x67\x06\xd4\x2d\x4e\x27\x00\x8a\x57\x37\x2f\xad\x1e\x7e\x84\x37\x34\xc6\x93\x78\x61\xca\xe4\xb7\xec\x43\x60\x96\xd0\x50\x51\xaf\xac\x0a\x27\x80\x44\x6e\x42\xb7\x5c\x9d\x7e\x20\x68\x93\x3b\x88\x4b\x29\xbd\x3c\xc2\x0d\x9e\xf5\x14\xaa\x09\xf8\x91\xe3\x6a\xd6\x1a\x7d\x4f\xb7\x9e\xca\xa1\x30\x4a\x17\xa1\xd4\xdc\xc1\x95\x5f\x67\x1b\x6c\x34\xc9\x85\x70\x41\x23\xe2\x08\x3b\x0d\xc2\x0e\x58\xd2\xef\x9b\x9a\x31\x2a\x09\x66\x11\x26\x83\x87\x00\x64\x3d\x4c\x6b\x82\xd3\xf1\xb8\x9a\x80\xc0\xd8\x36\xfe\xa0\xcd\x0e\xa8\x81\xb8\x7f\x26\x5f\xb2\xc1\x1e\x8c\x0b\x27\x3c\x5a\x05\x5a\xce\xc2\x99\xdf\xfc\x55\x4b\x53\x73\xdb\xf9\xa6\x66\xfb\x11\xa8\x68\xa0\x98\x61\x3d\x3c\x33\x5f\x44\x1f\xf1\x6c\xe8\xbd\x1d\x87\xc3\x28\x0d\xd7\x72\x3b\xa8\x76\xe8\xfb\x28\xfc\xa3\x3e\x2b\x1b\x3a\xc7\x6a\x65\xe7\x3c\x3a\x93\xc1\xb4\x58\xdf\x87\x27\x62\xb0\x2d\x44\x8e\xdf\x1a\x98\xa4\x63\xeb\x9a\x76\x12\x95\xcc\xf6\x36\x2c\xed\x19\xa9\x02\x53\xa8\x90\x49\x16\x96\xcd\xc2\x8c\xed\x55\xe4\xec\x1a\x65\x17\x30\xa4\xa3\x6c\x22\x9b\x80\x48\xa9\x71\xac\x14\xe5\x61\x5c\x14\x62\x8d\xaf\xa2\x37\x8e\xa9\x56\x1c\x5e\xf1\x58\x18\x45\x1c\x0e\x6b\x20\x4b\x33\x71\x26\x6d\x54\xd3\xc8\xc8\x62\x6b\xd6\xe0\xbe\x91\xdb\xa6\xab\xfb\x32\xc6\x3c\x57\xa2\x99\x24\x3a\x6e\x14\x51\x93\x0e\xbf\xd5\xcb\x1b\x4c\xaf\xab\x0c\xd1\xe2\x9e\xf5\x76\xf9\xb8\x9a\x35\xca\x19\x14\x9e\x89\xe7\xae\x37\x72\xf7\x42\xa0\x8f\xad\x82\x99\x2b\x18\x4b\xa3\x75\x2f\x98\x50\x7e\x14\x1b\xa0\x9b\x99\xda\xf3\x03\xd1\x12\xd2\x06\x13\x53\xa6\xb6\x68\xfa\xb5\x5e\x9a\x80\xf8\xd1\x14\xcd\x08\x7f\x26\xc8\x16\x53\x5b\xe0\xe2\x4b\xd0\xe1\xf7\xb0\x5f\x26\x30\xa6\x47\x2f\x97\x8d\xa9\x2d\xc6\xbf\x87\xdf\xcb\xbe\x27\xf6\xc0\xb6\x9f\x45\xa2\xdc\xc4\x64\x00\x89\x7a\xe0\x72\x7b\xc0\x8c\xb9\x5e\x1b\x5c\x47\x47\x15\x7a\x09\xd8\xc2\xc4\x62\x34\x39\xcd\xd4\xa3\xfc\xba\x5e\xaa\xd4\x9e\x1f\xa0\x18\x42\x3c\xed\x1d\x1d\x57\xae\xdf\x84\x0f\x73\x4b\x40\x03\x72\x44\x4c\xba\x03\x1d\x75\xa6\x96\xdb\xa1\x89\x94\x59\x8d\xa1\x7a\x28\x1d\x9d\x4e\x22\x83\x6b\x04\xa6\xe5\xed\xde\x90\xef\x1e\xfb\xf4\x9d\xb5\x9c\xa4\xc9\x69\x3b\x0a\x6e\x6f\x87\xa6\x9f\x1a\x93\x7b\xfa\xde\x5b\xb9\xd4\xb6\x67\x1f\x56\xd7\xc8\xbf\x16\xee\x56\xb9\xba\x34\xb7\x60\x65\xf6\x69\x7c\x8b\xc9\x6d\x4b\x66\x65\x51\x5d\x60\x10\x03\xb9\x17\x8e\xa3\x76\xb1\x07\x8a\x26\x26\x65\x2a\xc9\x18\xea\x5b\x20\x88\x56\x63\x2c\x95\x58\xbd\xf3\x33\xec\x79\x37\xbc\x70\xe1\x54\x74\x07\xfa\xec\xbf\x71\xa1\xc1\xe0\x8f\xe2\x0a\x8f\x4f\xab\x0c\x33\xb5\xc8\xe1\x00\xa1\x18\x78\x15\x91\x98\x44\x0d\x22\x35\xee\x36\x64\x72\x75\x75\x94\x52\x18\x5d\x05\x67\x50\xd1\x48\x26\x98\xb2\x3f\xfa\xda\x5a\x4e\x1a\x89\x57\xf4\xed\x94\x8a\x76\x28\x36\x66\x2b\xa1\x8b\x65\x73\x39\x66\x6f\xcf\xe5\xa4\x5e\x42\x4f\x51\x91\x8e\xad\xcb\x6f\x14\xe9\x5b\xba\x6d\x74\x30\xfd\xd9\x66\x1d\xf4\x87\x83\x56\x55\x7b\x7e\x40\x44\x68\x56\xb7\xd7\xd7\xdb\x5d\x8f\x33\x27\xbc\x67\xdc\x1d\xea\xb9\xd2\x75\xb3\xfd\x9b\xab\x9d\x5d\xdf\x5e\xb9\xfc\xbb\x1b\x57\xae\xb6\xdf\xbc\x72\x99\x29\x16\x5a\x4b\x13\x41\x57\x6a\x5d\x5c\x27\x40\x96\x72\xa3\xca\x70\xdc\xac\xa4\xad\xc3\xd1\x93\x0d\x62\x3b\x49\x46\x12\x20\xc1\x30\xe1\xce\x73\xf9\xc6\xf7\xd7\xa1\xe6\xd6\x26\x42\x47\xcb\x6a\xb5\x02\x23\x4f\x12\x74\x4e\x3b\xdb\x44\xb8\xb6\xda\x46\x50\xc7\xc3\x31\xd6\x9e\x1f\x80\x01\x77\x18\xfb\x2f\x63\x01\xd0\xea\xc2\x28\x16\x33\xd9\xc1\x48\x90\x7f\xad\x06\x40\xd9\x67\xc3\xc7\xa0\x4c\x3f\xc5\x19\x91\x15\xd2\xe1\x1d\x35\x7e\x88\xee\xed\xa0\xfa\xcf\x31\x1d\xf9\xc1\xfc\x11\x1e\xe8\x70\x60\x46\x11\x70\x74\xcc\x2a\x8a\xd3\xd4\x20\xba\x1f\x8c\x62\xda\x5c\x7b\x76\x5c\x4d\x36\x93\x3f\x7d\x43\x2e\x92\x66\xb7\xdb\xcd\x3d\x13\xd8\x7d\xc4\x7b\x30\x52\x2f\xcc\xc2\x0c\x3b\xab\xee\xdd\x0a\x44\x5d\x11\x72\x11\xf2\x93\xc8\xff\x3d\x43\xce\x7b\x6c\x88\xc5\x5f\x07\x72\x3c\x01\xd0\x18\xff\xf6\xe6\x37\x6c\xd1\x92\x09\x33\x57\x10\x26\x71\x0e\x67\xf8\x4f\x81\x37\x9e\x00\x65\x8c\x23\x4a\x20\x56\x8e\x11\x67\xa4\x21\x91\xca\xe1\x70\x93\x8b\x44\x26\x58\x29\x99\xa0\xe7\x65\x26\xa8\x9a\x26\xa7\x69\x8c\xfc\x44\xfa\xa2\x48\x1c\x3c\x35\x1d\x0f\xd6\x8d\x75\xa5\x9a\xfe\xdf\x48\xca\xd3\x4b\x63\xd6\x72\xf2\xa2\x1b\xdc\x5f\xe3\xf0\x27\x77\x75\x2a\x03\xf9\xdf\xca\xd3\x2b\xee\x39\x1c\x0d\x5f\x40\xec\xa0\x02\x2b\x8a\x34\x07\x76\x23\x9a\x9e\xc6\xca\x8e\xab\x49\x37\xb1\xd6\x46\x10\x3e\xc8\x98\x59\xaa\xcd\x65\xe8\xca\xda\x87\xd8\x3c\x98\xfe\x99\x86\xfa\x9f\x49\xed\x2b\xee\x9d\x2c\xf3\xa9\x9e\xd4\x36\x66\x8f\xab\x39\xf4\x64\x97\x62\xfc\xdb\xca\x10\x3b\x95\xdc\x84\x9d\xa5\x53\xdb\xfa\xfe\xf3\xfa\x05\xfe\x74\x52\xa0\xcc\x08\xb4\xca\x1b\xa7\x67\x04\x2a\x7a\xe6\xf9\xa6\x16\xd2\xd0\x61\xb0\x63\x37\xce\x27\xb9\x48\x54\x05\x0e\x9d\x99\x60\xd7\x5f\x6d\x90\xfe\x65\x38\x67\x1d\x9e\x61\x7c\x85\x16\xb2\x3c\xef\x95\x08\x45\xf2\x67\x63\x21\x83\x58\xa1\xe0\x10\xca\xda\x02\x36\xd3\xf5\x3c\x4c\xd9\xf3\xe0\x26\x01\xb1\x58\x4e\x0e\xe3\x73\x75\x25\x51\xf7\xc4\xb2\x6a\x37\x1d\x0e\x94\x0c\x1c\x0e\x26\xf2\x0e\xee\x33\x82\x86\x4a\xb0\x06\xee\x1e\x86\x0d\x0e\x46\x22\xae\xca\xca\xfa\xf4\xd2\xa4\x74\xa0\x8b\x77\xd8\x2b\x54\x53\x8d\x44\x4a\xd4\xc7\x54\x1c\xf1\x12\xed\x0a\x8d\x7a\x86\x62\x97\x25\xed\x8c\x37\xd3\xb7\x0b\x1f\x62\x79\xb3\x32\xc4\x75\x99\x6f\x20\x24\x2e\x67\xcf\x67\xfa\x35\x4e\x29\x2f\xc5\x48\x93\x73\xeb\x1c\x8d\xcf\xc9\xaa\xac\xc3\x05\x1a\xdf\x52\x57\x02\xf9\xef\xc9\x75\x64\xab\x58\x19\x6a\xaf\xe3\x12\xad\x7c\xa7\x63\x27\x35\xcd\x2a\x1c\x34\x7c\x85\x1a\x57\x3b\xb9\x08\x1b\x97\x6d\x67\xc6\x64\xe5\x86\x26\x2d\x6e\x37\x3a\xf4\xd8\x18\xd4\x52\x4a\x99\x73\x6e\x31\x1d\x52\x9d\x17\x1c\x02\xcf\x05\xfe\x89\xfd\x73\x1c\x7f\x7e\x2a\x2b\x58\xb2\xa1\x66\x22\x69\x03\x37\x37\x79\xc4\xba\x48\x1e\x91\x73\x6e\xc9\x83\x68\x7a\x9a\xdc\x0f\x04\x7f\xd3\xec\x76\xff\x8e\xe0\x06\x77\x7f\x79\xb1\x99\x75\x3e\xc7\xe3\xc0\x79\x89\x16\xb7\xfb\x77\xe7\xdc\x5f\x5e\x3c\xe7\xb6\x39\x80\xda\x40\x6d\x63\x96\x20\xef\x6b\x71\xdb\xf5\x1b\xf9\x04\x71\x23\x21\x7c\x73\x5c\x4d\x30\xaa\x52\xd8\x9c\xda\x84\xf7\x27\xd9\x44\x8b\xdb\x6d\x6f\x68\xdc\xce\xc7\xd5\x78\xb3\xdb\xd5\xe2\x46\xf6\xd6\x8c\xcd\x48\x23\x9a\xba\xc7\x65\x66\x2f\xeb\x8c\x6c\x8b\x77\x8d\xb3\x66\x3a\xc0\xf8\x03\x60\xb0\x2b\x9b\xfe\x2c\x89\xfa\x08\x2d\x2c\x98\x13\x5b\xd6\xcb\x01\xf3\xc9\x1e\xe4\x44\x29\x67\x1a\x72\x0d\xdc\x96\x70\x2c\x19\x4b\x7b\xb5\xd9\x45\x1a\x9f\x21\x9e\xbb\xd1\x5b\x2a\x94\xb4\x3c\xf9\x41\xcd\x7c\x5b\xc1\xe3\x4a\x86\x41\x13\xf4\x92\xc2\xd1\x88\xd6\x6c\x87\xc3\x3a\x1c\x35\x2a\x3c\xb7\x5e\x3d\xef\x04\x56\xb0\x6c\xd5\xc3\x61\x74\x01\x8a\x57\x62\xe6\x9e\x52\xbf\x74\x9a\x8b\xca\x41\xc2\x78\x41\xab\x83\xd6\xce\x70\xed\xc5\xbc\x31\xb6\x6a\x4c\x8f\x72\x0d\x12\x99\x30\x68\x3c\xe0\xd2\x9a\xa6\xe9\x5d\x73\xf2\xad\x5d\xa5\x91\xdf\xd0\x4b\x2b\x46\xe1\x17\x34\xbc\x33\xd2\x5e\x7f\x0f\x0c\x6c\x52\xa4\x45\xe7\xd0\x43\x8b\xf2\x0e\x46\x91\x61\xe6\x07\x53\x75\xa0\x46\x14\x6a\xe8\x08\x84\xf0\x54\xca\x52\x29\x30\x0a\xe3\xe6\xd4\x9c\x4c\x61\x6e\x80\x46\xe7\x30\xbe\x88\x00\x20\xa0\x40\x4f\x80\x77\x62\x7c\xa9\x1d\xb9\x03\x81\x2d\x10\xa5\x8c\x1e\xf3\x14\x84\xcd\xf2\xa4\x2a\x87\x43\x85\x9a\x80\xb3\xd1\x98\x8a\x1b\x0b\x79\x9a\x9e\xa5\xc9\x69\x73\xf2\x2d\xaa\x24\xb5\x51\xd0\xf0\xe6\xd6\x65\x5e\x8f\x55\x38\xc0\xe0\x7f\x72\xbe\xa9\x8d\x3b\xed\xd1\x95\x02\xfd\x50\xb8\xc8\x39\x82\x26\x77\xbd\x34\x81\xdc\x9d\x11\x94\xe8\xbc\xd0\x3d\x20\xb5\xad\xc5\xc3\xb1\xa0\x21\xce\x7b\x4c\xd5\x43\xd8\xaa\x47\x7c\x77\xbb\x19\x81\x31\xd5\xdf\xd7\x1b\xe9\xee\x6f\x6d\xe1\x71\x85\x12\x34\x19\xe0\xd1\x7d\x77\xbb\x05\x6d\x70\x55\x8a\x6b\x25\xab\xc4\x13\xe9\xef\x09\x31\x02\x6f\x6a\x6a\xf2\x10\x81\x1b\xac\x06\x3c\xb0\x02\xfe\x30\xf8\xac\x36\x85\x3c\x0f\x3d\x92\x89\x0e\x2d\x75\xc9\x40\xe8\xb5\xa4\x99\x14\xbf\x77\xa1\x3e\x62\x0a\xd1\xb5\xd5\x2c\x63\x60\xe4\x71\x9e\x68\x9c\x38\xae\xe6\xac\xe2\x2e\x5d\xde\xc0\x2c\x63\x7e\x9c\x64\x87\x64\xba\xb1\x40\x54\x82\x5c\x63\x35\x72\x09\x5d\x11\x52\x64\x56\xbd\x11\xca\xdc\xb7\xd5\x41\x89\x30\xd2\x48\x26\xb8\xaa\xf1\x74\xdd\xc8\x2f\x82\x84\x0e\xbe\x7d\xbb\xd4\x87\xd8\x3c\xc2\x34\x60\x14\x04\x3f\x34\x2b\xab\x20\xf4\x67\x8d\x64\x02\x3f\x45\x9f\x10\x7f\xcb\xc1\x40\x92\xf8\x87\xb5\x33\x46\x57\xb8\xec\x61\xed\x8c\xe9\x25\xc0\x9d\x82\xcd\x46\xd3\x45\xf3\xe5\x80\xb1\xf9\x02\x8f\x2b\x2e\xc5\xab\x39\xff\x46\x3e\x46\x57\xb2\x74\xf8\xbd\x35\x30\xc9\x73\x39\xa0\x22\x63\x7a\xcf\x58\x8e\x73\x6f\x38\x18\xca\x18\x0b\x83\x62\x7c\x25\xa0\x00\x3c\x67\x5f\x39\x1c\xd8\x4f\x48\x45\x40\x25\x01\x55\x49\x36\xdb\xf1\x91\xda\xb3\x45\x17\xdd\x4a\x1b\x33\x3b\x2e\xba\xf2\x0a\x97\x02\x3f\xd0\x4b\x31\xb0\x25\x26\x25\xad\x9b\xfb\x05\x19\x17\x6e\xe4\xdf\x60\x31\xd5\x33\xa6\x76\x00\xad\x10\xa8\x79\x03\xb2\x7c\xd6\x98\x5f\x16\xb0\x0d\xb8\xf1\x15\x65\x9d\x73\x02\xf8\x06\xd0\x62\xea\x9c\x31\x71\x98\xc9\x35\xf6\xef\xe1\x38\xea\x7d\x98\x85\x21\xf4\x11\xbe\x96\x2b\x6b\x7a\x79\xc2\xe1\xa8\xcd\xc6\x81\xef\x0f\x68\x44\xea\x15\x1f\x29\x71\x8a\xe8\xf7\x1b\xa6\xf4\x7c\x79\x14\x1b\x50\x01\xd8\xec\x65\x72\x12\x6b\xed\x25\xd3\x54\x41\xec\xc7\xbe\x0a\x58\x14\xac\x86\xcb\xa9\xc0\xb1\x31\x45\x47\x99\x28\x87\x43\xf4\x81\x0e\xef\x60\x37\x20\x4e\x72\x95\xcf\x40\xea\x3d\x56\xcf\x39\x3f\x8c\x55\x36\xc5\x6d\x47\xc9\x84\x32\x3f\x7a\x65\x82\xae\xac\xd1\xf8\x16\xdd\x4a\x3b\x1c\xc6\xc4\x33\x1a\x9f\x81\x20\x86\x69\x87\xc3\x7c\xf3\x06\x17\x80\xee\xbe\xc3\x6a\xa1\x3f\x52\x97\x44\xc7\x06\xfe\xac\x0d\xee\x1b\xf9\xd7\x7c\x6c\x33\x3b\x78\x2e\xca\xfd\x40\xe3\x3b\x52\xa9\x00\x5c\x3b\x6e\xea\xe1\x1e\xf8\xf1\x55\xeb\xe5\x00\xd3\x11\xea\xe9\x9e\xc6\x77\x90\xee\x79\x1a\x69\x79\xd2\x2a\xbc\x32\x72\xdb\x7a\x69\xd5\x58\xaa\xca\x9e\x18\xe3\xab\x4c\x76\xcd\x6d\xd3\x95\x35\x26\x8e\x8b\xa1\x89\xe9\x66\x65\x38\x8a\xbc\xb2\x18\x60\xf6\x85\x64\x2e\x40\x17\x82\xa3\x1f\x43\x23\x1c\x0e\xba\xb7\x23\x53\x2b\x10\xad\x94\xae\x64\xf5\xbd\x61\x9a\x99\x60\x3b\x8f\x87\xb1\xb2\x5a\x50\xa0\xc4\x30\x4f\x2e\x32\x40\x2a\x0f\x9a\xdb\x30\x56\xdc\x7a\xb1\x81\x69\x00\x56\xe9\x05\xaa\xdf\xf6\xd1\x64\x2b\xec\xa8\xb9\x0a\xfa\x54\x39\x89\xdc\xb2\x74\x24\xa5\x97\x26\x54\x95\xd3\xd5\x20\x48\xf2\x0f\x8a\x93\xd6\xc1\x20\xe4\x42\x49\x65\x8c\xc6\xaa\xb0\x15\x84\x46\xa6\x02\xb2\xca\x42\x80\x49\xba\x0f\x0a\xab\x80\xaa\x11\xe9\xb2\x27\xcf\x30\xc6\x06\x65\x66\xec\x71\x35\x81\x67\x22\x17\x75\x95\x81\x41\x03\x4f\xcd\x89\x2d\x3c\x0c\x8d\x99\x1d\x91\xa0\x11\xf6\x46\xfd\xbd\x81\xfb\x81\x68\x53\xe4\xae\xe7\x64\x12\xa6\x46\x08\x9a\xc0\xf8\x29\xaa\x18\x56\x45\x5b\x07\x18\x48\xe7\xf3\xc8\x73\xb3\xe1\x20\x07\xce\x78\x92\x33\xf3\xbc\xaf\xf8\x88\x5e\x5a\x69\x40\x33\x11\x3c\x06\x67\x1d\x63\x9d\x00\x9d\xc3\xc5\x13\x33\x79\x5a\x2a\xbc\x66\xdb\x5c\x45\x3a\x41\x46\x2a\x90\x4e\x12\x10\xa5\xc6\x17\x87\x67\x61\x6a\x0d\x79\x94\x6a\x63\x32\x11\x0c\x69\x56\x21\xe4\x01\xb1\x87\x72\x60\xf0\xe4\x18\x03\x10\xe1\x0c\x49\xbb\x1f\xe3\xab\x8d\xe6\xa5\x53\x6e\xc4\x81\xd9\x51\x32\x65\xd9\xb9\x05\x01\x1c\x88\x3a\xc2\xe3\x0d\x04\x54\x24\x2d\x0c\xea\x95\x37\xdc\xb6\x5f\x9e\x50\x82\xd5\x73\x6c\xfb\xbf\x1c\x31\x73\x6c\x85\xb9\x0c\xbd\x3e\x4e\xcb\x69\xac\x41\x62\x93\x73\x15\x85\x27\x37\x74\x5e\x56\x31\x4c\xac\xcc\x3e\xcd\x6f\x21\xb8\x2c\x9e\xda\xe8\xce\x57\x51\x04\x3e\xc4\xe6\x85\xc3\x3e\xf1\x71\xc0\x5f\x1b\x78\xba\x41\x94\x90\x19\xbf\x75\x30\x07\x1c\xab\xbc\x0e\xf9\x40\x41\x22\x75\xda\xd5\x35\xe4\x4b\x63\x12\xb5\x5d\x29\xe6\x3c\x13\xa3\xf4\xce\x58\x7c\x8e\xf6\x3d\xf2\x88\x7c\x88\x4d\x72\xc8\xce\xfe\xe8\x5d\x48\xdc\x78\xa4\x66\x27\xda\x17\xe4\xb0\x4e\x74\xdb\x85\x14\x2c\xd4\x50\xb0\x37\x10\xf4\x37\x7e\x8b\xc2\xb1\xb0\xc7\xc6\x99\xea\xff\x5b\xdb\x80\x05\xb5\x9d\xf2\xbd\x5a\xed\xed\xdb\xa7\xd7\x3b\xae\xd6\xab\xe4\xa5\x7c\xac\x7a\xb5\x1e\x40\x70\x57\xf7\x36\x20\x73\xdb\x1b\x50\x32\x15\xc4\xe5\x92\xcd\xe0\x6e\xe7\xc2\xd8\x69\x7b\xde\x2a\x1c\x10\xb0\x87\xe2\x9c\xca\xdb\x58\x78\xf4\x83\xb8\xbf\x82\xcf\xb5\x92\x95\xf6\x08\x13\x7d\x1a\x12\xd9\xd4\xec\x1b\xa1\xeb\xa3\x5b\xbe\x32\xcc\xc3\x11\xbf\xfb\x43\x3b\x91\x96\x96\x7f\xa2\x61\x91\xa0\xf3\x88\xe7\x2a\xf1\x0b\x73\x64\xa3\x38\xa3\x76\xa3\x9f\x53\x2f\x4f\x04\x89\x44\xbd\x61\x31\xab\x0d\xc0\xbd\xf5\xe6\xf9\x38\xad\x94\xc1\x28\x6d\xf7\xfa\x53\xf5\xfa\x7f\x0a\x7c\xac\x5a\xc8\x05\x91\xd5\x1a\xe3\x23\xb5\xe7\x07\xa8\x8b\xfd\x6a\xe5\xf7\x03\x11\x1f\xa2\xb8\xd8\x5b\xf8\xb8\x1a\xff\xb7\xae\xef\xaf\x61\xda\x12\x64\x14\xd5\x6d\x92\xbb\xfe\x5e\x44\xa9\xcf\xbf\x41\x0c\x3e\x63\x7a\xd4\x58\xfe\x59\x16\x01\xa1\xfc\xab\xa6\x66\x71\x1d\x57\x35\x46\x87\xdf\x6b\x1a\x8f\x1e\x44\xf6\x86\x4e\x91\xca\xaa\x75\x30\x58\xdb\x98\xe5\x11\x43\x42\x4f\x61\x8a\xdf\xc8\x1c\xb2\x32\x73\x33\x41\x33\xc9\x0f\xb1\xbc\x5e\xa9\x18\x43\x69\xbc\x21\x01\x4b\x72\x30\x73\x10\x51\xb8\xed\xec\x74\xcc\x5d\x6e\xd8\xe7\xa9\x41\x32\xb2\xf2\x14\xc6\x0a\xba\xb0\x9d\xdd\x8f\xd9\x8d\xf2\x7a\x9b\x53\xb2\xfb\xb9\x21\x6e\xb9\xd0\x00\x39\xc0\x83\x8a\x4f\xc4\x96\x8b\x23\xf1\x53\x60\x03\x84\xee\xed\xa0\x3e\x2b\xf1\xe5\x58\x1b\x50\x2f\x26\x94\x31\x32\x05\xaf\x16\x9b\xa9\xdc\x82\x18\x99\xd4\x88\xbe\x6a\x6a\xe1\xda\x20\x72\x3e\x0c\xbe\x14\x4b\x80\xee\x57\x84\x31\x34\x72\x87\x46\xea\x05\x3f\x4a\x52\x4b\xfa\x7e\xca\x7c\xf3\x52\x98\xc3\xc5\x6f\xb8\xe9\x61\x43\xdf\x3b\xc1\xcf\x19\x35\x74\x77\x77\x5e\xbb\x79\xe5\xc6\xb5\xf6\xab\xdd\xed\xd7\x3b\xbb\xbb\x3d\xf5\x00\xd3\x32\x78\xf4\x23\x37\x92\xd9\xd8\xea\xdd\xdd\x3f\x7e\x7f\xe3\x4f\x9d\xd7\xfe\xd8\x7d\xb9\xf3\x06\xd6\xa3\x7a\x7a\x1a\xee\x09\x33\xf2\x1b\x74\xeb\x80\x96\x5e\x12\x8f\xab\xa1\x9a\xae\x2b\x37\xfe\x72\xe5\x46\x77\xe7\x65\xac\xa4\xf1\x42\xb2\xce\xcb\xa7\x94\x65\x43\xf8\x43\x7b\xc7\x95\x86\x4f\x54\x95\x56\xd1\x67\x15\x4b\xd2\x57\x4d\xad\x32\x14\x56\xaf\xc2\x6d\x0d\xd9\xa1\xfa\x90\xd7\x38\x42\xed\x80\x12\xaa\x04\x8f\xe1\xeb\x53\xa6\x14\x0f\x9c\xba\xc3\xc8\xd3\x1f\x61\x73\x77\x1f\x55\x7f\x01\xa9\x8b\x26\x82\xd0\xfd\xfb\xa1\x60\xb7\x7c\xd9\x1f\x14\x79\x0b\xdc\x85\xa9\x3e\x68\x6b\x28\x02\xc8\xf7\x78\x81\x18\x9c\x54\xa7\x1f\x67\x27\xdb\x50\x7b\xf3\x91\xc8\x5f\x78\xd7\xd0\x95\xc6\x8e\x9c\xd6\x8d\xf1\xba\x6e\xd4\x1d\x7f\x7a\x69\xcc\x3a\xdc\xd2\xf7\xc6\x31\x7c\xd9\xc8\x27\x88\xe7\xd6\xc3\xa8\x1f\x92\xee\xfc\x81\x07\x7e\x9c\x11\x7c\x14\xf1\x07\xa3\xd8\x48\xe0\xbe\xbf\xbb\xa7\x3f\xec\x8d\x8a\x2b\x25\x2e\x11\x89\xed\x28\xf3\xe5\xf2\xeb\x18\xdf\x6a\x6e\x14\xcd\x27\x7b\x62\x9b\xd6\x4d\x26\x93\x80\x79\x7a\x79\xa2\x6e\x30\x1e\x34\x17\xa2\xad\x17\xf3\x9d\xf9\xe6\xc7\xe0\x56\xa8\xd2\x98\x64\xb5\x62\x58\x3e\x44\xe3\x3b\x30\x3c\x5a\x50\x49\x12\xef\xc0\xd2\xcb\xcf\x8c\xe9\x55\xbc\x1f\x47\xbd\x82\x8f\x78\x6e\x5c\x69\xbf\xda\xdd\x71\xb5\xf3\xca\xb5\x9b\xdd\xed\x97\x2f\xdf\xf0\x10\xbc\xc9\x52\x22\x4a\xf2\xd8\xcc\x32\xf1\x04\xfa\xc4\x9d\x06\x49\x1e\x62\x5f\x26\x9e\xbf\x06\xfa\xfe\x86\x8f\x15\x3e\x71\x96\x9c\x14\xdf\x08\x3b\x13\x88\xb0\x86\xd7\xc1\xf6\xf2\xa3\xa8\x37\x74\xe7\xcc\x05\x72\x46\x41\xf1\xe0\x70\xbb\x10\xc5\x2a\x5e\x0b\x74\x0e\x7c\x27\xdc\xbc\x7d\xde\xe8\x5d\xc0\xd4\x8d\xdc\x0a\x04\x05\xa8\xae\x40\xbe\x0d\x7a\xef\xf8\xef\xb3\x85\x8f\x84\x7c\xf7\x10\xb0\xd7\x7e\xd8\xc4\x1e\x72\x2c\x5d\x6f\xf7\xed\x40\x2f\x07\x8d\xbe\xc0\x7e\x37\xf9\xc2\x51\x81\xf9\x0b\x7d\xf4\xf9\xc3\xd1\xfa\x42\x42\x7a\x6c\x28\x78\xcf\xff\xf0\xd4\x72\xf7\xfc\x0f\xb1\x5c\xcf\xdd\xfa\xf7\x3d\x77\x5b\xdc\x67\xcf\x37\xf5\xf9\xef\xe3\xfb\x68\x43\x67\x10\xc7\x8b\x77\xd4\xd7\x23\x40\x84\x7d\x3e\x8e\x81\x1d\xe8\xeb\xab\xff\x20\xd0\xd7\xd7\x14\xfd\x49\xf4\x2a\xea\x8d\xf6\x47\xea\x0b\x08\xe8\x61\x7c\xa7\xcc\x37\x1f\x2a\xee\xbf\x53\x07\x1b\x0a\xde\xae\x83\x1f\xc6\x8d\xdd\xcd\x57\x4a\x94\x3e\x21\x85\xd6\x7f\x83\xbb\xf0\xa3\x1f\xc9\x4d\x5a\xf7\x15\x5b\xfe\x13\x9f\x70\x9e\xc6\xbb\x7f\xd7\xdf\xdb\x6b\x13\x84\xb8\xc0\xe5\x8c\x00\x1f\x46\x12\x3d\x77\xba\x8a\x80\xf4\x69\x83\x9e\x78\x04\xc8\x34\xfb\xa9\xfd\xe3\x1f\x81\xdb\xa4\xa9\x0b\x26\xa1\x03\x0f\xe0\xab\x21\x9f\xb7\xf7\xf1\xe3\x5e\xf6\x1f\xf2\x8f\x7f\x9c\xfa\xf2\x1f\xff\xf0\xf7\x46\xfc\x8f\x1f\xff\x37\x2c\xc5\x43\x6c\xfe\xf1\x0f\x7f\xb0\xe7\xf1\x63\x8d\x6d\x9e\x13\x5f\x5e\x0f\x85\xa3\xec\x5d\x38\x14\x0d\x9d\x7c\xc9\x9e\x3e\x7e\xac\xf5\xf8\x1f\x9c\x78\x77\xd9\xff\xe0\xf1\x63\xcd\xe7\x65\x2f\x7e\xc4\x94\xc8\xcb\x81\x30\xeb\x43\xd3\x77\x81\x88\x8f\x97\xea\x68\xff\x43\xa0\xd7\x7f\xcd\x7b\xdf\xcf\x0a\xfb\xb1\x03\x1f\x2f\xce\x5b\xf0\x87\xa3\xca\x67\xf7\xfc\x0f\x3f\xe7\xab\x3f\xf9\x1f\x2a\x1f\xf5\xdc\xfd\xf4\x37\x97\xbf\x55\x0b\x2b\x88\x86\x27\x07\xea\x8d\x7a\x3b\xe0\xdd\xe3\xc7\x1a\xd2\xe5\x89\x32\xfc\x47\xe7\xe5\x1b\x8f\x1f\x6b\xd1\x50\x5f\xa8\x37\x74\xe7\xe1\x89\x52\x37\xf9\x8b\xc7\x8f\x35\x9b\x2d\x7c\xba\x9b\xdf\xc9\x72\x5d\xc0\x52\x1e\x3f\x26\xfd\xc1\xc0\x4f\x9a\x84\x6c\x3c\xd1\xc8\x9f\xc4\x1b\xd6\x93\xde\x88\x93\x91\xec\xa7\xdb\xb8\xa9\xac\x11\x71\x6b\x48\xf3\xce\x88\xdf\xd7\x1f\x0e\x44\x1f\x92\x56\x8d\x55\x81\x97\x05\xb1\xa3\xdb\xf9\xc0\x1f\x0e\xdc\xfe\x95\x25\xe9\x80\x4d\xd4\xde\x1f\xbd\xdb\x05\xd5\xf1\xda\x1f\x04\xbc\x4e\x7f\xf0\x81\xd6\xe7\x0f\x47\x02\x11\xc0\x31\x97\x7f\x47\xfb\x83\x1a\x72\x88\x5f\x59\x6d\x28\xa3\xac\x5e\x6f\xe8\x8e\xd3\xdb\xd7\xe7\x0f\xf6\x7c\x0e\x99\x5c\x0d\xdd\x79\xfc\x58\x7b\xe0\x0f\xdf\x22\xad\x5a\x9d\xfe\xed\xec\x09\x84\x7f\x65\x54\x1d\x97\xe1\xa9\xf8\xae\x27\x10\xf1\x85\x82\x41\xbf\xef\x57\x56\x11\x67\xe3\x7b\x64\x34\xea\x84\x28\x1d\xf8\xec\x5a\x82\x27\x2a\x69\x24\x81\xef\xa3\x77\xc5\xdf\x8f\x1f\x8b\x1b\x99\x90\xed\xf0\x1c\xe2\x3f\x86\xf8\x6f\xab\xb8\x09\xf7\xc2\x25\x69\xba\x88\xd9\x7b\x0d\x3a\x85\x5e\xda\xe4\x51\x5d\x70\x8f\x12\x86\x3a\x94\x52\xc6\xe8\x13\x9e\x46\xcb\x2f\xab\x31\x26\xf7\x6a\x93\x73\x7a\x35\xcb\x33\xd3\x10\x2c\x00\x82\xb2\x51\x6d\xac\x33\x14\x7d\xf2\x9e\x64\x0e\xb3\xc1\x4d\x43\x0a\xa6\x26\xba\xdf\xa1\xf3\x00\x76\x49\xcb\xcf\x39\xf6\x64\x47\x3b\xd1\x4b\x13\xf6\xa5\xc4\x0d\x80\x72\xc7\xd5\x38\xf4\x9a\x5f\xe0\xc9\xce\xa3\x48\xa4\x17\xfa\x5d\x8b\x3d\xa1\x99\x38\x11\x57\x88\x9a\x9b\x09\x94\x7e\x51\x08\xd2\x38\x0c\x70\xb1\xca\x54\x8e\xdd\x77\x46\x3e\x21\x6a\x4c\xaa\xa6\xb2\x53\xc1\xee\x10\x70\x42\xdf\x5f\x32\x72\xdb\xfa\xde\x92\x31\x58\xe4\xb1\x80\xdc\x60\xce\x7d\x24\x6c\x48\xac\xf9\xae\xae\xab\x04\x33\x9c\x39\xec\x50\x66\x02\x31\x46\xb9\x07\xaf\xd9\xdd\x74\x4e\x0d\xa4\x6b\x76\x33\x1d\xf5\xc4\x24\x69\x1a\xeb\x6a\xfa\xe7\xe3\x6a\x56\x05\xb9\x3f\x8a\x25\xd5\x52\x47\xb1\x94\x8c\xcd\x92\x73\x88\x36\x62\x0e\xa7\xce\x74\x06\xbd\x34\x21\x56\xa9\x82\x57\x4d\x77\x80\x28\x4d\x18\xe1\x61\xcc\x83\x59\x19\x25\xdf\xcb\x3f\x39\x70\xf4\xf7\x7f\x3e\x8a\x0d\xd0\xdc\x3e\x2d\xec\x90\x0e\x40\x70\x1b\x70\xd1\xdd\x05\xd2\x75\x93\x3d\x5f\x9c\xa0\xa5\x27\x04\xae\x5e\x7e\x52\x30\x0b\x6f\x89\xff\xbe\x37\xd0\xdb\xde\xd3\x13\xf6\x47\x22\x1c\xaf\x1a\xb2\xe9\xc1\xf5\x85\xd1\xb7\x00\xa6\x0a\x38\x4c\x22\x66\x39\x7e\xa3\xab\xdd\x75\xa5\xe3\x72\x57\x3b\x8f\x5d\x80\x51\x58\xa3\xaf\xf1\xfa\x23\xd2\xd1\xae\x22\x11\x0e\xaf\x8a\xf1\x71\xdc\x56\x09\xf7\xca\x3e\x05\x70\x57\x80\x53\xc6\xfc\x3e\x0c\x57\xc1\xc7\x4c\xd8\xed\x68\x27\xfc\xae\xdb\xcd\x03\x70\xae\x6c\xe1\xb7\x18\x87\x61\x03\x59\x8b\xa7\x6c\xc5\x20\x84\x50\x2f\x27\xcd\xf2\x9a\x0d\xab\xf4\x2c\x4e\x8b\x7b\xc6\x62\x46\x2f\xbd\x26\x1d\xed\x3c\x68\x06\xa2\x64\xa1\x62\xd1\xa3\xac\xf9\x64\xef\x28\x96\x54\x1f\x1e\xc5\x52\x28\x94\xd3\xea\x9e\xf9\x7a\x46\x2f\x6d\x9a\x93\xeb\x34\x35\x85\x30\x06\x2a\x88\x2c\x4e\x10\xa6\x9f\x2a\x29\xb6\xa2\x6f\xc4\xa5\x42\x7d\xd6\x3d\x35\xf2\xaf\x11\x05\xcf\xe1\x80\x4b\x15\x20\x22\x13\x22\x10\xd1\x1f\x37\x32\xc7\x55\x18\xa0\x06\xc4\x88\x86\x9b\xe1\x1b\x57\x07\xf6\xa2\x5c\x41\x0e\x24\xe2\x24\xb8\x10\x72\x90\x0e\x07\xe2\x43\x98\x93\x6f\xad\x22\x5b\x1f\x3e\x0b\x98\x3c\x89\x89\xb3\x3c\xe5\x27\x87\x29\xfa\x95\x55\xc8\xec\xb7\x6b\x41\x88\x0d\x5a\x7a\x89\x6b\x85\x37\xf8\x28\xb3\xe0\x70\x70\xac\x23\x48\xc2\x84\xd7\xd0\x13\xc4\x63\x93\xe0\xff\xe8\x19\xe3\xb7\x51\x61\x55\x12\x20\x52\xc2\xf7\x29\xd5\xb2\xf1\x41\x78\x2b\x1f\x34\xbf\x5c\x33\x7e\xe5\x4f\x7f\x16\x78\xa9\x6a\x71\x23\x69\x83\xd2\x78\x9c\x4e\xd4\x31\x9d\x4c\x1a\x72\x46\x7b\x23\x04\xcf\x80\x47\x28\x5a\x78\x44\x10\x18\xe4\xa5\x02\xba\x6f\xcb\x79\x37\x11\x1e\xc8\x32\x80\xa3\xb2\xa5\x05\x23\xe2\x06\xc1\xaf\x00\xc9\xd7\x9c\x5c\xaf\xc5\x26\xf5\x52\xf9\x94\x55\xc7\x0b\xd8\xd9\x07\x3e\x79\x32\xab\x1f\x9c\x20\x08\xc6\xfc\x08\x91\x17\x1b\x43\x08\xf8\x86\x11\x9f\xae\x0d\xee\xd3\xcc\x06\x8d\xcf\x89\xbc\xd6\x72\x1d\xdd\x1c\xc5\x9e\xf0\x3d\x32\xb3\xa3\x06\x61\x72\x36\x52\x19\xe6\x10\xb0\x76\xb7\xeb\x00\x51\x1a\x4a\xd9\x7d\xc5\xee\xc8\x86\x78\xe6\x36\x94\xe2\xd9\x43\x27\xd6\xe3\x28\xf6\x04\x49\xc5\x98\xd9\x41\x32\x36\x92\x09\x24\x60\xee\xb4\x53\x48\x03\x17\x4a\x20\x87\xce\x58\xcb\xeb\x70\xf9\xd1\x24\xcd\x2d\x98\x85\x98\xf5\x72\x40\x40\x89\xc5\x71\x26\xea\x68\xc5\xc8\xbf\xd1\xf7\x9f\x8b\x40\x01\x46\x53\xb8\x49\x11\x8a\x0c\x77\x0b\xdb\x27\x2f\x06\xd8\x76\x8e\x31\x8a\xa3\xe5\x34\x8d\xcf\xd0\xf4\x2e\x20\x00\x2e\x1a\x53\x71\x17\xa2\x78\x49\xe0\x4a\x8d\x10\x84\xae\x40\x57\xb0\x84\xc5\xc3\x5b\x30\x40\xe1\x06\xcf\xb1\xf0\x66\xd0\xfd\x17\x10\x83\x80\x9c\xdb\xd9\x71\xcd\x29\x3f\x6f\x62\xa4\x06\x16\x0c\xa6\xd9\xf1\x70\x8b\x7a\x6e\x9a\xbd\xc1\xf8\x68\x9c\x69\x86\xae\x56\xf7\xef\x5b\x5c\x67\xdd\x5f\xb5\xf1\x5c\x10\xce\x64\xe3\xd7\x9d\x2d\xe7\xda\x5c\xd7\x9d\xad\xe7\xcf\xba\xae\x3b\xcf\xb5\x34\x37\x60\xad\x0a\x27\x52\x16\x4e\xe3\x71\xbd\x92\x32\xf2\x09\xba\x99\xc1\xb9\x42\xaf\xad\x35\xb8\x8f\x85\x31\x65\xcc\x36\x6e\x01\x50\x36\x00\x47\xe0\x79\x63\x97\xac\xdf\x80\x08\x77\xaf\x20\x60\x22\xdf\x77\xe1\x52\xbb\x90\xf8\xb8\x13\x8d\x3b\xce\x5d\xbc\xf2\xcd\x04\x7e\x8c\x50\x4d\x56\x61\x8b\x0e\xaf\x36\x1c\x8b\x18\xac\xa8\x34\x81\x6c\x97\xed\x04\xf8\x89\x21\x00\xa2\x00\xa0\xc4\x81\x2d\xd7\x2a\xae\xe2\x43\x33\x3b\xc4\x4d\xec\xc2\xa4\x0f\x6b\xb7\x67\x6e\x14\xd1\x94\x28\xb1\x4d\x55\x79\xc5\xdc\x4c\x20\x7d\xa1\xdb\x1a\x32\x61\xcc\x57\x65\xde\x66\x66\x42\x26\xcb\x20\x8c\x36\x7a\xcd\x8f\x62\x49\xb5\xd8\x51\x2c\x85\xe1\x25\x28\x8e\x2d\x8d\x1a\xb3\x13\xc6\x6c\xd1\xda\x1a\xe0\x28\xc5\x87\xa3\xa2\xa0\x2d\x40\xb4\xc0\x55\x16\x36\x12\xef\x26\x4e\x15\xf6\x10\xf0\x1c\x58\x2b\x0d\x37\xdf\x20\x10\x91\xe2\xb3\x94\x05\x8e\x62\x29\xbd\xb4\x09\x9e\x61\x79\xbe\xf2\x3b\x26\x4e\x70\xa4\xd3\x9e\x0a\x2e\x4e\xf4\x52\x42\x2f\xbd\x96\x77\x5a\x40\x70\xdb\x49\xe0\x75\x82\x48\xdf\xc7\xd5\x9c\x11\x9f\xd6\x9c\x04\x4f\xcd\x53\x81\xd8\x71\x1d\xf5\xca\x04\xdf\xdc\x4c\xaa\x7d\x5a\x8b\x25\xc0\x14\x5b\xd7\x07\x14\x03\x20\x37\xa7\xe1\x0d\x04\x6c\x49\x4e\x27\xe1\x53\x65\xa0\xbc\x5e\xcd\x1a\x63\x63\x7c\x06\x79\x6c\x6c\x19\x43\x86\x58\x6f\x79\x2c\xa9\x84\x77\x57\xee\xc8\x69\x00\x68\x47\x71\xbc\x16\x4b\x90\xfa\xfd\x48\xf4\x7d\x26\xb5\x71\x19\xfe\xe3\xc8\xef\x71\x46\x4f\x95\x5d\xb8\x6a\x92\xbd\xd2\x3c\x5c\xe2\x25\x3d\x77\xfb\xbc\x61\xef\x7d\xc4\x5d\x87\x60\x45\xf3\x60\x85\xcb\x4f\x0b\x6f\x6a\x33\xdb\x12\xf1\x4d\x2f\x71\xdc\x86\xda\xd4\x21\xf2\x24\x74\xbd\x1f\x57\x73\x28\x07\xd3\x58\x15\xd3\x31\x30\x94\x81\x6e\x8d\xa0\x7b\x96\x0f\x53\xe0\xcb\x2b\xa3\xfc\x14\x66\xfc\x09\x74\x45\x51\xd0\xe9\xbc\xe3\x0f\xde\xf3\x3f\x24\xfc\xba\x4b\x48\x16\xaa\xd2\xc2\x1e\x42\x14\x69\x1e\x59\xc0\xe9\x94\x45\x12\x58\xbd\x4a\xe9\xad\xa7\xbb\x56\x3f\x42\xe3\x47\xb1\x14\x12\xd3\x47\x04\xfb\x94\x84\x62\xab\xc7\xb2\x66\xe7\x83\xd8\xab\xb4\xf4\x52\xcd\xf6\xd0\x4b\x63\xc6\x9b\x65\x74\x6d\xcb\x48\x4a\xbd\x34\x21\xd0\x6f\x13\x3c\xf7\x84\x4b\x53\x27\x14\x98\x06\x99\x94\x33\x91\xbd\x45\x04\x03\x01\xa4\xb5\x24\x4d\xbf\x36\x66\x8b\x78\x42\x11\xcf\xd7\xf7\xfc\x0f\x2f\x79\x08\xc4\xe5\x25\x44\xfe\x09\x88\x71\x36\xdb\x6d\xec\x45\x12\x97\x0a\x6b\xc4\x75\x91\xb7\xb9\x23\xd8\xa8\x82\xbd\x8d\x00\x1e\xe8\xa2\x9e\xd9\x51\xa1\x88\x41\x98\xcb\x0e\x71\x30\x24\x88\x83\x30\xd7\x52\x98\x04\xc5\xf7\x73\x5d\x59\x24\x69\x08\x87\xb1\x77\xee\x87\xd8\x3c\x4e\x86\x9a\x73\x21\x98\xe7\xb8\x31\x9e\x60\x27\xe8\x68\x19\xc2\x13\x6c\xe9\x51\xf5\xe9\x2a\x9c\x96\xef\x5b\xdc\xb5\xb6\x90\x93\x3b\xd1\x93\x52\x99\x03\xc4\xc2\x4c\x31\x19\x66\x72\x0f\xa5\x1c\xe5\x7e\x8b\x93\x2d\xd8\x02\x28\xb7\x84\xd3\x79\x40\xb4\xe4\x60\x27\x71\x4e\x48\x70\x2b\x27\x3b\x30\x96\x57\xe9\xf0\xba\x7a\x0b\xb1\x50\xed\x8c\xcd\x15\xba\x32\xcd\x16\x13\xbe\x60\x62\x44\xfa\x67\x23\x9d\xd1\x0f\x72\x47\xb1\xa4\x8a\xd2\x3f\x37\x44\xc7\x96\x04\xae\xfa\x51\x2c\x45\x57\xb2\xac\x66\x7e\x01\x07\x46\x24\x2a\x17\x1e\x80\x37\xe1\xd4\x0b\x02\x78\xc8\xa2\x86\xec\x14\x02\x96\xe4\x7d\x0d\xd8\x0b\xde\x51\x70\x5a\xa1\x78\xbe\xb7\xa3\x1e\x60\xf2\x6c\x43\x3a\xd2\x4b\x31\xeb\x97\x5d\x87\x43\x25\x09\xbe\x0b\x80\xfe\xf9\x34\x8d\x1b\x6f\x96\xb1\x7e\xbe\x63\x72\x0b\x74\x79\x83\xcd\x02\x5a\x23\xe8\xf0\x0e\x63\xd4\x10\x01\x43\x3c\x8d\x62\xb3\x90\x97\x11\x25\x13\xdb\x51\x6e\x26\x38\x45\x34\x66\xbc\x4b\x39\xee\xcc\xec\x10\xdb\xe1\x8a\xf7\x00\xcf\x2f\xed\x63\x2d\xa2\x38\x0a\xe0\x8c\xd8\xe8\x89\xeb\x10\x4e\x11\xaf\xa5\xd3\xdd\xc6\x7b\x07\xb1\x15\x11\xd9\xf4\xc3\x79\xab\x38\x60\xcc\xac\xf1\x1a\x80\xb5\x49\x6c\x9c\xfa\xdd\xf9\x9f\x9f\x4f\x4e\x7c\xb0\xbc\x0a\xf2\x67\x43\xf4\x09\x46\x95\x30\x42\xc0\xed\x48\x47\x86\xad\x81\x49\xe2\xf9\xda\xe7\xbd\xe4\xfa\x9a\xcd\xc2\x25\x17\xf0\x14\xd7\xd7\xc2\xb0\x08\xd9\x6e\x34\x35\xc5\xa5\x50\x40\x5d\x42\x49\x0c\xab\x38\xae\xe6\xf0\x14\x61\x1d\x2a\x64\xf5\xbd\x04\x13\xc6\x3f\x6e\x6a\xc2\xb0\x69\x26\x4d\x81\x75\x4a\x65\xe0\x67\x6d\x06\x4e\x80\xfd\xb0\x63\xd4\x8a\x0d\x62\x49\xdb\x74\x8e\x83\x02\x93\x75\xb4\x3f\xc8\x0d\xdb\xfd\x3d\x7d\x1a\xae\x26\x51\x92\x02\xaf\x5f\x22\x5f\xe3\xd4\x5e\xd2\xc2\xfe\x48\xa8\xf7\x81\x13\x40\xb9\x48\x20\x78\x3b\x10\x0c\x44\xfd\x5a\x30\x74\x2b\x10\xec\xf9\xa8\xb9\xb2\xde\x30\x2a\x8c\x8a\x9a\xb2\xe9\x34\x8d\xcd\x9e\xe6\x64\xff\x7c\x73\xe5\x8f\x9d\xd7\x48\xc7\x95\x1b\x37\x3b\xff\xd0\xd9\xd1\x7e\xf3\x0a\x3c\xd5\x8e\xab\x71\x29\x2c\x09\x81\x26\x81\x5f\x5c\xb9\x76\xf9\x64\xf9\xaf\x5d\xac\x46\x5c\x8f\x5f\xab\xb8\x91\x40\x3f\xaf\x7a\xa8\x19\x56\x5a\xad\xff\xfa\x8d\xce\xbf\xb4\xdf\xbc\x42\xfe\x74\xe5\xdf\x4f\xd6\xcf\x4d\x28\x27\xeb\x3f\xf1\xd5\xd7\x2e\xa8\xd8\x26\x21\xb5\x0d\xa1\x25\x77\x45\xbd\xd1\x80\x8f\xb0\x63\xfd\x2f\xcd\xb2\x35\x94\x16\xc8\x29\xad\x7c\xe2\xbb\xaf\x5d\x76\x4b\xf7\xfc\x0f\x9d\xc8\xff\x02\xa1\x20\x69\xe6\x77\x44\x12\xbe\x5e\x28\x6e\xf2\x68\x31\xc2\x04\x03\x63\x31\xa3\x97\x73\x98\xa6\x8f\xd0\xb4\x66\x62\x8f\xc6\x37\x8c\xd9\xa2\xb9\x56\xa1\x63\xeb\x12\x95\xeb\x7e\xb4\x1f\x0f\xe8\xe6\x73\x6e\xb7\xcc\x8f\x47\x80\x81\xe6\xb3\xf0\x88\x31\x34\x0c\xde\x84\x7b\xa8\xb8\x14\xf2\x2c\xd9\xdf\xd3\x47\x02\x7d\x0f\xce\xe2\xe9\x88\xcd\x60\x84\x07\xdf\x3a\xe0\xcc\xc5\x3e\xea\xa5\xf2\xfd\x68\xbf\xf3\xab\x16\x7d\x6f\x91\x6e\xbd\x35\x66\x8b\xcd\xad\x98\x80\x42\x20\xd7\x5c\x4d\xf9\x23\x1a\xde\x5e\x6a\xcc\xaf\x5a\xc5\x6d\x10\xca\xa3\xbe\x3e\x36\x58\xbd\x54\x36\x13\xaf\xcc\xcc\x08\x76\x1f\x6b\xc4\xc4\x34\x36\xee\x4f\x75\xb2\x96\x5d\xab\x0d\x3c\x17\x73\x51\x57\x07\xe1\xe3\xc4\x2c\x8c\x68\x7f\x10\x83\x4d\xe0\x4d\xeb\xd9\xf3\xc7\xd5\x24\x8c\x12\xf2\x38\xe8\xb3\x64\xd4\xd7\x47\x57\xb6\x6b\x83\xeb\x34\x33\x44\x53\x4b\xe6\xe4\x7a\x8b\x5b\x64\x7d\x26\x8d\x44\x4c\xaf\xac\xda\xdd\x65\x15\x38\x5b\xdc\xce\x16\xf7\x45\xb6\xab\x70\xc0\x4e\x7e\x09\xb5\x3a\x4d\xc7\xd5\x45\x42\x34\x63\x62\xdd\x4a\x65\xd4\x1b\x88\x79\x82\xa3\x48\x64\xc7\xd9\x54\xc3\xd4\xeb\x0e\x86\x8d\x22\xfa\xa6\xc5\x57\x31\xbd\xf4\x1a\xa3\x5e\xe9\x56\x5a\x7e\x8e\xbd\xb0\xb3\x27\xf1\xfa\xb7\xb1\xa5\xa8\xaf\xcf\x48\x2f\x1b\x89\x71\x94\x9b\x21\x6b\xfa\x79\xed\x75\x52\x2f\x8d\xe1\x9a\x21\x74\xbe\xb9\xff\xb4\xb6\xfc\x8b\x59\x7d\x6e\x0c\xbf\x50\x19\xdd\x39\xf2\x31\x8b\x30\x46\xc6\x83\xd6\x92\xd0\x34\xfa\xf2\x89\xb1\x90\xd7\xf7\x97\xf4\x52\xca\x18\x7c\x8f\x0c\x57\x35\x9d\x4b\x29\x51\x58\xcf\xed\xd1\x2a\x2d\xb8\x64\x0c\x01\x8f\x4d\x52\xdb\x03\xe8\xf2\xb1\x31\x7e\x72\x80\xe2\x45\xe3\x5b\xf6\x19\x64\x2b\x68\x02\xad\xfb\x0b\x88\x03\xb1\xef\xb0\x62\x5b\xb0\x41\xfb\x20\xce\x50\x7f\x94\x34\xb9\x6c\x47\x34\xe8\x39\x1a\xff\x56\xde\x4c\x85\x16\x0a\x59\x43\x9d\x36\x20\x3d\x5b\x4d\x2e\xe4\x0a\xe2\x6b\x26\x07\x02\x2f\x92\xb6\xeb\xba\x2e\xdc\xf1\x07\xc3\x11\xaf\xe8\x81\x0f\x19\x0a\xb4\x2e\x4a\x84\xfd\xff\x41\x9c\x41\xff\xdf\x89\x13\x61\x4f\x09\xe3\xfa\x76\x59\xfb\x4b\x5f\x24\x4c\x9c\x91\xfe\x5b\xff\x8b\x9c\x71\x75\x5c\xec\xb8\xe6\xea\xb8\x76\x91\x43\x14\xfa\xbc\x67\x64\x7d\x3f\x9d\x73\x7f\x45\x9c\x50\x6b\x8f\xf7\x61\x84\xb4\xb6\x9d\x73\xbb\xed\xca\x23\x81\x3b\xc1\xfa\x06\x02\x41\xa5\x7e\xbb\xb5\x70\x54\x0c\xd1\xa6\xd3\xcf\x1e\xa8\x1d\x13\xf0\x79\x83\x55\xca\xd7\xd7\xc0\x3a\xf5\x3f\x35\x52\x3f\xf0\xae\x9b\x17\xff\x2d\xe0\x0d\xde\xe9\xea\x77\x5d\xbd\x78\xcd\x1b\xfc\xb7\x40\xf0\x8e\x3a\x1b\xfe\x70\xd4\xa5\xda\xf8\xf9\x8b\xff\xee\xff\xc9\x7b\xbf\xaf\xd7\xdf\xe4\x0b\xdd\xff\xec\xf9\xea\x68\x97\xf3\xc1\x7e\xd4\x4f\x5d\x47\xbb\x2f\xec\xf7\x46\xfd\x11\x7f\x38\xe0\xed\xc5\x8e\xc2\x74\x2a\xbd\x6f\x18\x8f\x3d\xad\x0d\x67\x99\x9c\x56\xbe\xeb\x20\x5b\x8c\x7b\x66\xe0\x26\xcb\xe3\x6a\xe2\x53\xa4\x05\x62\x48\xf3\x3f\x41\x5f\xca\x07\x0d\x75\x7c\x6c\xd2\xbb\xee\x7a\x83\x77\xee\x7a\x03\xae\xab\x17\xaf\xf7\x5f\x0e\xe1\xa4\xf3\x8f\x4e\x99\x75\xfe\xe6\xff\xc5\x69\x57\x07\xd0\x38\xa6\x70\x14\x8f\x5f\xc4\x49\x87\x9a\x31\x31\x4c\x2e\x8c\xfa\x13\xed\x96\x03\x1e\x9b\x67\x60\x70\x14\xf4\x00\xcd\x19\xc0\xa3\x78\x66\xf6\xf2\x06\x1d\xb6\xb3\x69\x91\x3f\xb3\x32\x10\xbe\x24\xb8\x56\x52\x13\x30\xa1\x13\x27\xdd\x68\xdc\x84\x02\x4c\x55\xe5\xce\x6d\x6a\x14\xf3\x73\xfa\x76\xa1\xe1\xb2\x34\x11\x77\x74\x2a\x14\x6a\x3d\x14\x81\x8c\x58\x42\x9b\x19\x24\xce\x9c\x7a\xc1\x9a\xc3\x81\x1a\x89\x60\xb4\x20\xe7\x7e\x41\x1a\x6e\x2c\x42\x7b\x8e\xcc\x81\xd4\x44\x60\x9b\x13\xae\x86\x13\x57\x1e\xb8\x1b\xae\xb3\xd3\x64\x45\xb5\x58\x96\x1e\xc4\xd4\x2b\x2a\x10\x29\x90\x1d\x23\x70\x4d\x9d\x6a\x2b\x63\xdb\x84\x63\x85\x24\xb4\x00\xbf\x2f\x4f\x60\xff\xfc\xbe\xf1\xce\x3c\xd6\x08\xcd\x3c\x55\xeb\xc6\x7b\xe8\xb0\x62\xad\xee\xd6\x3d\x1b\x41\xa8\xe1\xe2\xbd\xfa\x2b\xbd\x9b\x9b\x9b\x88\xc8\xa4\x1b\xc0\xf4\x07\xb6\x65\xf7\x0b\x46\xea\x05\x5f\xad\xe6\xa6\x66\x5e\x04\xf5\x13\x0d\xe0\xc6\xd8\x6f\xf2\x88\x47\xd5\xe2\x8b\x5f\xbf\xbc\xb8\xe1\x1a\x28\xb8\xd0\x54\xb9\x04\x4a\xb9\xc0\x54\x44\x9f\x23\xe2\xa0\xed\x57\xaf\xbf\x3b\xeb\x43\x6c\x1e\x7d\x50\x2e\x79\x49\x14\x06\x4f\x2a\x97\x44\x11\x11\xd1\xcf\x5b\xf8\xf4\xe5\x50\x08\xb4\x4f\xda\x3b\xae\xba\x78\x18\x3c\x52\x3d\x87\xad\x52\x83\x3e\x9b\x9b\x9b\x5a\xf8\x44\x88\xf9\xa2\xfb\xcf\x8d\xc5\x8c\x8d\x4b\x22\x00\x13\x69\x66\x83\x0e\xef\xd0\xfd\x67\x98\x56\x65\xc4\x2a\x90\x41\x05\x00\xe2\x9e\x86\xab\xde\x3d\x04\x9d\x3e\x60\x18\x83\x3c\x4e\x5f\xa8\xef\x61\x34\xdc\x1f\xf4\x79\xa3\x7e\x0f\x41\xb9\x14\xeb\x42\x21\x53\xce\x92\xed\xc5\x28\xbd\x34\xcb\xef\xcd\xb5\x67\x28\x3b\x19\xf1\xf7\xdc\x2c\xa6\x57\x26\x8c\x7c\xcc\x98\x79\xc5\xb6\x31\x56\x51\x8d\xd1\xb5\x71\xe1\x4d\x48\x9a\x39\x10\x4d\xa0\x83\x12\x7e\x47\x2f\x8d\xd5\xe6\x32\x66\x76\x88\x38\x1c\xe7\xdd\xff\x15\x2d\x3e\xad\x4d\x84\xae\x8d\x9b\x95\xb8\xc3\x81\x60\x5b\x78\x61\x05\xab\x1e\xee\xaa\xd1\x4b\xaf\xb1\x05\x9e\x66\xdf\x38\x4e\xf2\xf5\x45\xe2\x86\xc1\x22\xa6\x2d\xce\xa1\xcd\x24\x9a\x9b\x5a\x89\x7a\xc5\x96\x8d\xcd\x81\x4f\x4f\x89\x99\x6d\x3e\x99\x75\x21\x81\x2b\x1a\xb2\x26\x6c\xec\x88\xfa\x0c\x0f\x4c\x2e\x83\xb7\x67\x4f\xbe\x45\xac\x75\x78\x7b\xae\x2e\xa8\x18\x71\x75\xec\xb7\x6d\x75\x39\x2d\x70\x85\x83\xf2\xf6\xf7\x27\xbf\x55\xda\x3d\x7f\xf2\x5b\xe5\xed\x57\xec\x2d\x5a\x56\x04\xc6\x21\xe4\xc6\xe3\x0a\xda\xcf\x9a\xf1\xf2\x5d\xe3\xcd\xb2\xda\x75\x44\x07\x82\x94\xd7\xa4\x7c\xa5\xda\xfa\xf0\x6a\x28\xf5\x36\x15\x71\x61\x12\xc6\x7d\x37\x03\x08\x88\xf2\xf1\xe7\xd7\x8b\xc9\x1d\x98\xd6\xb1\xb7\xc3\xf3\x8d\xf1\xae\x2d\xac\xba\xb5\xa1\x6a\x11\x47\x1b\x67\x3a\xdf\x69\x60\xae\xe2\x92\xa1\x1c\xe2\x47\xf1\x0b\x67\xe2\x73\xb5\x6c\x9a\x60\x28\x76\xd6\x2a\xce\xb3\xbd\x3b\xbf\x68\x5f\xd8\xb3\xbc\x6a\x15\xb6\x64\xa3\x67\x1b\xe6\xc9\x6e\xf4\xd7\xc6\xd3\xd8\x82\xac\xb2\x9e\x34\x76\xdf\x19\x03\x2f\xe8\x0a\x24\xe4\x2a\x97\x4a\xe2\x85\x10\x66\x7e\xbc\x36\xb3\x6e\x8e\xcf\xd4\xdf\x8f\x92\x80\xdb\x59\x05\x8b\x6e\x69\x12\x49\x14\x10\xee\x0f\x8c\xc1\xe1\xe0\x66\x1f\x4c\x08\x80\xec\x0a\x7e\x69\xfe\x3c\x20\x1b\x9f\x92\x5a\x40\x2e\x12\x91\xfc\x90\xe3\x37\x36\x80\xce\x07\x3e\xc5\x6d\xb6\x11\x01\x72\x9b\x5f\x3f\x02\xd7\x28\xd4\x9e\xad\xd2\x6a\x99\x96\x5f\x22\x5c\xaa\x7a\x49\x00\x8a\x15\x91\x48\x20\x14\xec\xe6\x2e\x03\x71\x1d\xfb\xce\x7b\xba\xb2\x58\x9b\x3a\x34\xb3\x43\xb5\x6c\xda\xc8\x97\xe9\xe6\x8c\xf9\xe6\xa5\x5e\x7a\x07\x00\x10\x29\xeb\xe5\x00\x7b\x3e\x94\xa6\x2b\xd3\xc6\xfb\x21\x23\x3e\x6d\x5f\x23\xd0\x0a\x2d\xcb\xd4\x01\x6c\xf7\xb4\xac\x01\x62\x56\x9e\xd2\x42\x96\x78\x24\xbc\xbe\xc7\xbe\x95\x20\xbb\x5d\xcb\xbf\xa3\xf1\x2d\x44\xf1\xe6\x37\x53\xc1\xbd\xf2\x74\x2b\xcd\x21\x32\x79\xf6\x3b\xbf\x43\x74\x81\x84\x43\xa1\x28\x3f\x77\x30\x27\x0e\xd3\x37\x6c\xac\xa8\xc3\x61\xeb\xe5\x00\xea\x77\xc0\x9f\x09\x21\x1e\x8f\x48\xa2\xd7\xe0\xce\x23\xab\xb8\x6b\x24\x13\xfc\x1a\xed\xdd\x22\x3d\x18\xa2\xcf\x92\xf8\x53\x6e\xab\xe3\x6a\x5c\x84\xce\xb3\xb3\x00\x72\x2f\xd8\xd7\xe2\x21\x69\xbf\x7a\xf5\xe2\x6f\xda\xaf\x5e\xfd\x92\x5c\xfb\xfe\x7a\x7b\x57\xd7\x8f\x97\x2f\x10\x57\x7f\x24\x8c\xc1\xd2\x02\xdf\xec\x9f\xfa\xa4\xed\x3f\xf1\x4d\xc4\x1f\xfd\x27\xca\x47\x7d\x7c\x3e\x34\xed\x1c\x9b\x6a\x79\x90\x0f\xee\xd3\xb1\x1c\x92\x66\x65\x55\x9d\x64\x9a\x2e\x62\x62\xbf\xb1\xb9\x62\x6c\x02\x9a\x0b\x44\xab\x98\x95\x39\x09\xa4\x6c\x4c\xc4\xf5\x32\xbf\x87\x8d\x07\x07\x41\x7d\xca\xfc\x83\xbe\x4c\x08\x2c\x27\x89\xf8\xa3\x3e\x6f\x1f\xf1\x79\xfb\xba\x83\xfe\x68\xb7\xb7\xe7\x7e\x20\xf8\x5b\x7f\x9f\xd2\x4f\x2e\x6f\xc8\xce\xb6\xb1\xce\x0a\x88\xae\xc3\xda\x0c\x87\xa9\x87\x9d\x06\x21\x14\x4c\x78\xc3\x37\x78\x43\x35\x4d\x00\x5e\xe4\xb7\x37\x6f\x5e\xef\x22\xea\x95\x12\xc7\xd5\x9c\x07\x1a\x64\xa4\x39\x24\xe2\xfa\x0e\x80\x13\x19\x73\x85\x5a\x2c\x6b\xdf\xda\x6f\x6f\xee\xd6\x26\x82\x57\x56\x1c\x57\xe3\xfc\x82\x16\xb4\x4b\x6c\x8d\x48\xe1\xc8\xd9\xe7\x0d\x06\xfd\xbd\x4d\x4c\x8a\x0f\xf8\xfc\x70\x7f\x1b\x64\x15\xb9\xfc\x51\x9f\xb8\xbe\x87\xff\xd7\xc5\xaf\x64\x77\xf5\x06\x6e\x9d\x78\x25\x44\xdf\x40\x30\xa0\xfd\xf5\xcf\xc1\x40\xf4\x6f\xda\x65\x3f\x46\xaa\x06\x42\xc1\x8b\xf5\xcd\x69\xed\xb7\xa3\xfe\xf0\xc5\xa0\x3f\xfa\xf7\x50\xf8\x5e\x53\xd4\x1b\xbe\xe3\x8f\x92\x60\x24\xe2\xec\x0d\x85\xee\xf5\xf7\xf1\x27\x9a\xf6\xd7\x2e\xec\xd7\xdf\xb4\x3f\x47\xfc\x61\x51\x8b\xd6\x7e\xff\x16\x53\x52\x3a\xbc\x7d\xde\x5b\x81\xde\x40\x34\xe0\x8f\x5c\xec\x68\xbf\xde\x7d\xed\xca\xcd\xee\xf6\xcb\xdf\x75\x5e\x23\xe2\xd7\x37\x9d\xd7\x2e\x43\x12\x4e\x67\xc7\x15\x4d\x96\x7f\xf8\x4d\xa8\x3f\xd8\x13\x08\xde\xe9\xf2\x47\xe1\xc3\xce\xeb\x1d\xdd\x57\xbf\xef\xf8\x13\xf9\xf5\x5a\xe4\xc3\x1b\xed\x3f\xc2\xdf\x5d\x57\x6e\xfe\xb1\xf3\xb2\xf8\xf3\xcf\xe2\xcf\x7f\xef\xea\xee\xf8\xf6\xc6\xf7\xdf\xdf\x84\x9f\x97\xdb\x3b\xba\xbf\xff\xcb\x95\x1b\x37\x3a\x2f\x63\x0d\xed\x7f\xbe\xdc\x79\xb3\xfb\xc7\x1b\x9d\x37\xaf\x68\x76\x44\xa9\xdf\x17\x0d\x85\x1f\x5e\x74\x85\xfa\xa2\xae\x86\x29\xbb\xf2\x93\xdf\xd7\x15\xf5\x86\xa3\xa7\xbd\x6d\xf8\x49\xb8\xcb\x80\x9c\x56\x54\xc9\x17\x23\xe1\xfe\xa0\x76\xc3\x0f\x19\x85\x17\x43\x41\xe7\x6d\x6f\xa0\xb7\x3f\xec\x17\x8f\xae\x87\xfd\x0f\xfc\xc1\xe8\x95\x9f\x02\x51\x8c\xe9\xbd\xd8\xd2\xaa\xdd\xf0\x7b\x7b\x7e\x0c\x07\xa2\xfe\xeb\xde\xe8\xdd\xc8\xa9\x5d\xd5\xfe\xda\x19\x8c\x44\xbd\xbd\xbd\x7f\xd3\x7e\xf4\x06\xa3\xfe\x9e\x6f\x1e\x5e\xbc\xdf\xdf\x1b\x0d\x80\x29\x5e\x2c\x2e\xec\x11\xb1\xcb\x70\x8b\x01\x2d\xf9\xa2\xbd\xa4\xc7\xeb\xbf\x1f\x0a\x3a\xc3\xfe\xde\x90\xb7\xa7\xf1\xa5\x3f\xc8\x38\x0e\x71\x3a\x83\xa1\xbf\x93\x86\xa6\xeb\x35\x90\xb3\x4d\x84\x96\x4a\xd6\xda\x40\x6d\xa6\x80\xe1\x91\x7f\x68\xff\x01\xf6\x80\xc3\xf1\x43\xf3\x71\x35\xab\x6e\x1e\x09\x63\x2c\x2e\xb2\x9f\x39\xae\x2e\x3a\x1c\x1a\x86\xba\x00\x10\x3d\x00\xca\x2b\x3b\x91\x49\x28\x4f\x67\x65\x7e\x28\x4d\x17\xd5\x1a\x18\xdb\x01\xdf\x15\xbe\xd5\x2b\xc3\x08\x08\xa2\x5c\x24\xc9\x7d\xf1\x3f\xb4\x48\xe0\x2a\xb8\xe1\x48\x95\x7e\x92\xfa\xfe\xc8\x49\x7c\x5a\x61\xd7\x66\x1d\xc4\x0b\x93\x21\xa4\x8d\x67\x81\xbb\x00\x0c\x50\xa0\x9d\x23\x0e\x45\x7e\x1d\x21\x46\x95\x60\x92\x31\x80\xa5\x16\x20\xc0\x78\x76\xb1\x4e\x63\x0e\x91\xf8\x52\x5e\x5a\xc5\x81\x6c\xad\xf1\x55\x15\x97\xd7\x86\xf2\x55\x90\x75\x11\x0b\x57\x63\xc7\xaf\xf2\x94\x83\x46\x37\xe2\x5c\x27\x31\x58\x0c\x80\x23\x01\xb1\xd0\x06\x55\xfe\xa1\x15\xe4\x0e\xb8\xa3\x1c\x3b\x40\x5c\x44\xe2\x50\x4b\x7c\x01\xbd\x54\xd6\x2b\x31\x7d\x2f\xae\x97\x52\x42\xeb\x65\x33\x23\x60\x76\x31\xa3\x58\x11\xf5\x00\x74\x03\x71\x10\x01\xe1\x03\x11\x33\x24\x26\x90\x55\xdc\xb5\x0a\xaf\x94\xd2\x1c\x6f\x00\x20\x1f\x40\x47\x69\x48\x19\x69\xcc\x27\x07\x40\xd8\xe1\xf7\xc7\xd5\x84\x8a\x33\xa4\x41\x45\xf2\x82\x2c\xe9\x23\x94\x10\xf2\x3f\x9c\x65\x02\x03\x22\x02\x60\x34\x81\x32\x18\xfd\x60\xde\x78\xb3\x2c\x17\x9b\x2f\xab\x8d\x5c\x0b\xd0\x86\x8d\x70\x3f\x39\x1b\x89\x07\x3f\xa8\x03\xe3\xc9\x9d\x44\xd5\xc1\x52\x32\x2e\xe6\x13\x08\x3a\x39\x0d\x01\xc6\x38\xfc\x64\x66\x02\x3f\x35\x97\x0b\xb4\xb0\x40\x2e\x11\x37\xdc\x36\x2f\xac\x09\xd8\xdb\xdd\x77\x0a\x2c\x83\xc3\xf1\xc3\x39\x71\x65\x02\xae\x54\xdd\xe2\x35\x42\xa1\x02\x8c\x29\x11\x58\xa8\x0a\x04\xaa\x91\x7d\x02\x10\xaf\x0b\xe6\xc4\x56\xc3\x65\x03\x1c\xa8\x60\x7f\x84\x5f\x93\x03\xa2\xb0\x80\x6d\x4a\x4a\x40\x54\x15\x0a\x55\x74\xad\x8d\x6d\x28\xc5\xff\x59\x1b\x4d\x32\xca\x85\x8c\x5d\x63\xb6\x68\x0e\x6c\x59\x89\x77\x66\x76\x08\x3b\x7b\x7a\x62\xb0\x72\x61\x20\xe3\x1f\xa7\x65\xeb\x42\x91\x53\xd3\x72\xed\xab\x6f\x59\x77\x7e\xcf\x44\x87\xc3\x59\xab\xb0\xc5\x16\x1b\x58\x10\x11\x37\x82\xb1\x0e\xb0\xb9\xe9\xb8\xda\x29\xe2\xbe\x44\x32\x40\xd6\xd3\xd4\x78\x36\xa0\x29\x90\x71\x62\x80\x6f\x02\xe8\xa7\x9e\x1e\xf6\x3b\x1a\x12\x57\xbb\xe5\x8c\xf8\x34\x87\x44\x39\x71\xd1\x30\xda\xc3\xcc\xc9\xb7\xc8\xdc\x78\x5f\x30\xa1\x59\xf4\xf6\x3c\xcf\x04\xf8\xee\x61\xd7\x0f\x57\x89\x75\x38\x6b\xcc\x16\x49\xd7\x0f\x57\x03\x51\x3f\x9f\xaf\xc8\x7f\xf4\x06\xa2\xfe\xee\x9e\x5b\x1e\x52\x9b\x5f\x30\x5f\x95\x21\x56\x09\x00\x2f\x26\xd7\x65\x51\x1e\xfd\x4f\x53\x53\x46\xbe\x7c\x14\x1b\x40\x79\x06\xdd\x66\x8c\xbc\x56\xb2\xb8\x83\x5c\xb5\x8d\x59\x84\x02\xe6\x71\x59\xd0\x30\xec\x4a\xbb\x1d\x73\xbf\xa0\xdc\x6b\xe3\x70\xfc\xf0\x15\x5e\x53\x85\xac\x03\x4d\x1d\x98\xff\x6b\xed\x8c\x19\xf3\xab\x88\x1a\x84\xfd\x15\x09\x9b\x8d\x16\x15\xb1\x2d\x5a\xdc\x67\xcf\xbb\xe1\x0a\x15\x73\xa5\x4c\x5a\xdc\xe4\xbb\x6f\xf0\x2e\x43\xa6\xb4\xa0\x72\x08\x46\x08\xb6\x23\xbf\xbe\x28\x4b\xa2\x7d\xa2\x5e\x6c\x3b\xd7\x44\x6a\x73\x43\x74\x7f\x8a\x5b\x2b\xce\x35\x35\x13\x35\x39\x19\x0c\x46\x43\x70\x74\x6a\xea\x15\xf8\xda\x87\xc9\xc9\x0f\x93\xb1\x0f\x93\x31\x52\x87\xab\xeb\x82\x50\xf1\x0f\x93\x79\xfe\x52\xe1\x53\x44\xf9\xe7\x0b\x1e\x5e\x80\xf7\x1f\x4b\x6b\x19\x4f\xf9\xa8\xaf\x82\xdb\x99\x5d\xc4\xb6\x05\xdb\x3f\xee\xf9\x1f\x12\x17\x51\x7c\x47\x2e\x1e\x45\xd6\x58\x89\xaf\xc7\x45\x4e\xfe\xf3\xc5\x47\xed\xb7\x46\x32\x21\x8d\xae\x08\x0f\xa3\x56\xc7\x93\x1c\x4f\x56\xa7\x80\xce\x25\x07\xf4\xbd\x61\x9a\x9c\x6e\xf8\x54\x31\x14\x36\xcc\x48\xbd\x51\xf1\xf4\xcf\x94\xac\x49\x71\x3d\x2d\x58\x10\xb9\x49\xb3\xfe\x9b\x86\x6c\x53\xe5\x4a\x5b\xd8\x5b\x74\x75\x86\xed\xb9\xcd\xc6\xa6\x44\x5e\x23\x71\x91\x13\xa9\x94\xea\x33\x99\x29\xc9\xbf\x17\x04\x21\xac\x94\x27\x27\x47\x31\x67\xda\x49\x91\xcd\xe7\x9a\x5a\x88\x5e\xaa\x30\x35\x03\x10\x5e\xac\xe5\x75\x00\x6d\x59\x5e\xc7\x7b\x2d\x6a\x1c\xab\xa1\x21\x57\x9f\x31\x91\x88\x47\x5e\x7d\x81\x51\xd1\xf2\xbe\x44\x26\x23\x88\x0b\xcf\xeb\x31\x6c\xd9\xb7\xc0\x7a\x94\x8f\xcd\xca\x10\xfb\x20\x9d\xb6\x0e\xb7\x30\x7d\x45\x80\x2f\x8a\x96\xba\x1b\x3f\x91\xe0\x48\x08\x0a\xcb\xb8\x43\x71\x0f\x51\xd0\xcc\xf7\x15\xa5\x99\x6e\xaf\xaf\xb7\xbe\x29\x71\xaf\x01\xd8\x03\xc9\x6f\x09\xa2\xe8\xd7\x01\x64\x44\x4e\x49\xf6\xe7\xb2\x91\xe2\x89\xea\x68\x77\xd5\x85\x9e\xa3\x2f\x03\xef\x3a\x23\x1e\x88\x54\x8a\x44\x43\xe1\x0b\x1e\x82\x71\xa8\xb2\x11\xf6\x2a\x70\x3b\xe0\xf3\x46\xfd\x11\xc4\x26\xa8\xcb\xab\xea\x68\x67\x92\x8f\x0c\x84\x73\x91\x8f\x45\xb8\x01\x88\xd0\x33\xfa\x76\x01\x12\x6c\xec\x44\x9d\x3a\xac\x0f\xb0\xe4\xe3\x80\x14\x33\x7f\x1d\x32\x0c\x1e\x54\x91\x06\x58\x98\x53\x1c\x2a\x75\x15\xf7\xf9\xc3\xf7\x03\x60\xb9\xa9\x9f\x2e\x21\x5c\xc6\x05\x1a\x23\x5e\x96\x00\xa2\xa7\x4b\x24\x91\x08\xfc\x94\xbe\x3e\x79\x86\xca\xeb\x6e\x89\x80\x0c\x92\xf7\x84\xb9\x30\xb0\xc8\x75\x3f\x10\xf1\xb9\xee\xfa\x7b\xfb\x4e\x00\x9a\x30\xe5\x05\xbe\xe4\x71\xda\x85\x65\xab\xb0\x7c\x62\xb6\x95\x72\x6a\x04\x3b\x96\x86\x1e\xff\x6a\xfc\x7a\x43\x94\xbc\x9d\xdd\xd6\xb0\xc6\x61\xd6\x1c\xa0\xe2\x74\xf7\xf5\x7a\x71\x8a\x4e\x43\xfa\x8a\x4b\x58\xc1\x13\xdf\x85\xfb\x7b\xfd\x27\xbe\x13\x92\x74\x1c\xf7\x97\x84\xa7\x13\x60\xc4\xa7\x60\xd1\xd9\x74\x87\x99\x8d\xfe\x1e\xc1\x44\x02\xc1\xdb\x21\x75\xda\x11\x76\xa4\xee\x0a\xbc\xe2\x3c\x36\xa4\x97\x26\xe0\x06\xdc\x71\x0c\xeb\x54\x37\xa8\xb7\xa7\xc7\xdf\xd3\xcd\x57\xc2\xeb\xeb\x55\x6b\x64\x1c\xe7\xcd\x32\xbf\x25\x4b\xf9\xde\xbe\x5c\x44\x2f\x4f\x70\xc0\x1c\x7e\x73\x59\x42\xba\x46\xce\x35\xb5\x72\xe9\x5a\x95\x74\x01\x0c\xd3\xbe\xea\x21\x2b\xf0\xf6\x01\x40\x02\xfe\xec\x16\xb0\xfb\x8d\x8f\x82\x18\xb4\xcc\x83\xb6\x05\x80\xbf\x8c\xee\x91\x39\x14\x42\xdb\xf8\x4f\x23\x68\xe2\x11\x7f\xa9\x11\xd7\x46\xde\x53\x6e\xcc\x16\x4f\x8d\xb9\x03\x34\x07\x04\xc5\xb1\x71\xb8\xc0\x9e\xfa\x11\x3c\x1a\x7e\x4b\xf9\xfe\x12\xc6\x92\xb0\x73\x73\xf4\x35\xdd\x7d\x2b\x91\x43\xb8\x52\x52\x18\x64\xdd\xfa\x7f\x02\x00\x00\xff\xff\xa3\x7b\xc9\xbd\xfb\xb4\x00\x00")

func linuxNftablesHelpBytes() ([]byte, error) {
	return resourceSetBindataRead(
		_linuxNftablesHelp,
		"linux-nftables/help",
	)
}

func linuxNftablesHelp() (*asset, error) {
	bytes, err := linuxNftablesHelpBytes()
	if err != nil {
		return nil, err
	}

	info := bindataFileInfo{name: "linux-nftables/help", size: 46331, mode: os.FileMode(436), modTime: time.Unix(1790421371, 0)}
	a := &asset{bytes: bytes, info: info}
	return a, nil
}

var _linuxNftablesMisc = []byte("\x1f\x8b\x08\x00\x00\x00\x00\x00\x00\xff\x7c\x92\xcd\x6e\xeb\x20\x10\x85\xd7\x37\x4f\x71\xe5\x75\x4b\xaa\xaa\x8b\xaa\x2f\x83\x26\x30\x18\x64\x3c\x20\x98\x44\x8d\xaa\xbe\x7b\xc5\x4f\x62\xe1\x46\x5d\x7a\xbe\xef\x48\xc7\xc3\x7c\x1d\xfe\x4d\x19\xd3\x05\x93\xf4\x61\x9e\x3e\xfe\x4f\x21\x22\x5d\x22\x89\xf2\xf9\x54\xa8\x4a\x2e\xf2\x8d\xc2\x99\xed\x1d\x75\x55\x46\x60\x5b\xe0\x31\x9f\x1c\x1d\xfb\xb4\x1a\x2b\x10\xcc\xb8\x22\xb1\xcc\x41\x2d\xc8\x45\xdb\x86\xa2\x0c\xab\xa8\x40\x1a\xe7\x51\x12\xac\x58\x1c\x05\x42\x25\x6e\x05\x5a\x3d\x85\x89\x47\xa7\x81\xbd\xb7\xe0\xf5\xa1\xb6\xe0\xb5\x6a\xda\x8e\x58\xdb\xd7\x97\xb7\x77\x11\x71\xad\x98\x77\x45\x18\xee\x49\xa5\xb4\xd4\x2e\xd5\x7a\x4a\xd7\x91\x8b\x71\xd4\x5d\x8c\x82\x3f\x7b\x21\x06\x3e\xe7\x91\xf7\xe5\x3c\x37\xb6\x2d\xb9\xff\x63\x20\xe3\xe6\xc7\x7f\x19\xc8\xb4\x16\xde\x95\x75\x06\xf2\x8e\x50\xf6\xd7\xb9\xc9\x72\xa0\x22\xdb\x21\x62\xcc\x9f\x99\x86\x77\xa1\xf2\xe0\xbf\x12\xf5\x0a\xba\x97\x2d\x7a\xbf\x9d\x40\xb9\x80\x13\x64\x3b\x1d\xbe\x7f\x02\x00\x00\xff\xff\xb0\x83\x6f\xe3\x5c\x02\x00\x00")

func linuxNftablesMiscBytes() ([]byte, error) {
	return resourceSetBindataRead(
		_linuxNftablesMisc,
		"linux-nftables/misc",
	)
}

func linuxNftablesMisc() (*asset, error) {
	bytes, err := linuxNftablesMiscBytes()
	if err != nil {
		return nil, err
	}

	info := bindataFileInfo{name: "linux-nftables/misc", size: 604, mode: os.FileMode(436), modTime: time.Unix(1790391574, 0)}
	a := &asset{bytes: bytes, info: info}
	return a, nil
}

var _linuxNftablesRatelimitSh = []byte("\x1f\x8b\x08\x00\x00\x00\x00\x00\x00\xff\xc4\x58\x6d\x53\x13\x59\xf6\x7f\xdf\x9f\xe2\xd8\x69\x06\xf0\x5f\x31\x09\x22\x25\x60\xa8\x42\x41\x4d\x29\x0f\x85\x8e\xfe\xb7\x1c\xab\x2b\x74\x77\x48\x17\x4d\x1a\x93\x0e\x4e\x6d\x48\x15\xae\x20\x01\x13\x82\x35\x0c\x4a\xc4\x55\x66\xa5\xcc\xcc\xce\x82\xce\xba\x18\x21\xc0\x87\x99\xbe\xdd\x9d\x57\xf9\x0a\x5b\xb7\x6f\xa7\xe9\x0e\xe0\xc3\x38\xb3\xc3\x1b\xfa\x9e\x7b\xee\xef\x9e\xa7\xfb\x3b\xf7\xc6\x73\xc2\x37\x2c\xc6\x7c\xc3\xe1\x44\x94\xf2\x80\xb1\xb7\x57\x99\xcd\x57\x56\x16\x2b\x53\xcf\x8d\xfd\x45\x63\x2d\xab\x3d\xde\xd2\x9e\xbe\xd5\x96\x5f\x1b\xd3\x05\x6d\xf5\xe7\x6a\x39\x63\xfc\x67\x5a\xdb\x5e\x44\x8b\x39\x88\x87\x15\x41\x12\xc7\x44\xe5\x54\x22\x5a\x2d\xcf\x51\x1e\xd0\x97\xde\x54\x9e\xfd\xa0\x3d\xdb\xd7\x0b\xd3\xfa\xfc\x96\x36\x75\xaf\x32\x3b\x5b\x79\xfa\x00\xad\x14\xb5\xec\x9c\xb6\x9a\x43\xf3\x6b\x68\xa5\x68\xbc\xbe\xaf\x2f\x15\xab\xe5\x02\xda\xfd\x4e\x7b\xbe\xa8\x96\x7e\x42\xab\x45\x7d\x7b\x1f\x6d\xfc\xa0\x65\xde\xe9\xff\xdc\x44\xd9\xf7\x95\x99\x1c\xca\xbc\xd6\x96\x5f\xeb\x85\x69\xcb\xa0\x57\xd3\x28\xb3\xf2\xeb\xd4\x3d\xca\x03\x6a\x69\x49\x5f\x7a\xae\x7d\x9f\x21\x53\xd8\x2c\x87\xe9\xda\xf2\x7b\x6d\x2d\xa3\x96\x16\xf4\xa5\xa2\x96\x79\xe7\x23\xff\xf4\x1d\x0b\x08\xe5\x97\xb5\xd5\x29\x75\x77\xa1\x5a\x9e\x43\xf9\x47\xfa\xd2\x73\x94\x7f\x82\xb2\xcb\xda\xe3\xad\x6a\x39\x4b\x79\x80\xf8\xa0\xcd\xcf\x13\xb9\x5e\x98\xb6\x2d\xab\x4c\x15\x8c\xfd\x59\xed\xc5\x2c\x9a\x7d\x60\xec\x7d\x87\x66\xd6\xd5\xf2\x0b\x63\xff\xa9\xf6\x6c\xbd\x5a\xce\x6a\xab\x3f\x93\x38\x55\x66\x73\x38\x66\x1b\x7b\xfa\xee\x86\x96\x59\xd6\x5f\xed\x54\x56\x5e\xa2\xcd\xf7\x68\x7b\x49\x2f\x4c\x83\xc2\x01\x31\xe5\xd7\xa9\xbf\x51\x1e\xca\x03\x4e\x40\x6d\x33\x6f\xac\x65\xab\xe5\x8c\xfe\xe3\xb6\xbe\xb2\x8b\x32\x0f\x2a\x85\xa5\x6a\x79\xae\x5a\x2e\x9c\x33\x56\x0a\xda\xc3\xe7\xa1\xc1\x2e\x38\xa7\x96\xe6\xd5\xf2\x8b\x2b\xe7\x7d\x09\x73\xf0\xd0\xd8\xdd\x35\x07\x38\x8d\xa6\x16\x84\x06\x01\xe5\x37\xd5\x9d\x75\xed\xc9\x26\x84\x06\x27\x5a\x41\xcb\x2c\xe3\x8f\x36\x0c\xbe\x6d\xca\xda\xc0\x76\x4d\x2d\xbf\x40\x33\x5b\x96\x70\xf5\x35\x7a\x36\x55\x2d\xcf\x99\x06\x82\x1f\x8c\xb5\xa2\xfe\x72\xdb\xd8\x5c\xd7\x96\xdf\xa3\xc5\x47\x6a\x29\x67\x47\x5e\x2d\x17\x88\x7f\xf6\x2c\x7a\xf7\x0b\xfa\xd7\x13\x9c\x53\xe2\x2b\xc9\x9c\x8d\x46\x2c\x87\x20\xd8\x05\x01\xde\xae\x03\x3b\xaa\xe5\xa7\xc4\x1d\x08\x1e\x08\xb1\x86\xad\x8e\x61\xa8\x50\xff\xf5\xde\xa1\xfe\xee\xab\x6c\xf7\x60\x28\x48\xb3\xac\x73\xcc\xb2\x34\x75\x75\xe0\x12\x7b\x31\x74\xb5\x17\xcf\xdd\x1c\x18\xba\x12\xea\xbf\xc4\xf6\x84\x86\x58\x36\x9c\x54\xa2\xa7\x24\x79\x84\xa6\xae\xf5\x0e\xdd\xe8\x1d\x62\x43\x3d\x58\xc7\x1e\xe0\xc5\xb5\x01\xc6\xbc\xd8\x7d\xa1\xd7\xa9\x50\x93\x91\x4d\x2e\x5c\x39\x66\x17\x4e\x3a\x25\xc9\xdc\x28\x4d\x51\x92\x3c\xc2\x8e\x09\x89\x44\x78\x44\x68\x6a\x86\x14\x05\x00\x20\xc9\x5c\x58\x02\x49\x98\x10\xa4\x20\xcd\x04\x68\x87\xd0\x52\x0d\xd2\x4c\x0b\x11\x0b\x5c\x54\x06\x9a\x69\xe2\xc3\x8a\x00\x8d\xff\xd7\xf0\x17\x6f\xc3\x98\xb7\x81\x87\x86\xcb\x1d\x0d\x7d\x1d\x0d\xd7\x1a\x9b\xe1\x16\x93\x32\xb1\xd2\xb7\x81\x49\x59\x00\x69\x1a\xba\xba\x80\x66\x6a\x81\xa0\xa9\x34\x45\x5d\xbf\xc0\x9e\x0f\xf5\x07\x69\x9a\x8a\xc8\x71\x60\x15\x0e\xc4\x18\xf8\x92\x89\xb8\x2f\x81\x79\x40\xe1\xe0\xe0\x03\x4b\x6b\xdf\xe4\x7f\x27\xf0\xb2\x69\x92\x18\x81\x5b\xe0\xfd\x16\x68\x86\x55\x38\x1a\x6e\x77\x82\x12\x15\x62\x50\x43\x4f\x24\x79\x19\xcc\xa9\x4e\x18\x8e\x0b\xe1\xd1\x4e\x88\x88\x14\x2f\xc7\x04\xea\x16\x78\xff\x0a\x34\x43\x34\x69\xb8\x0d\x5f\x7d\xe5\x5e\xa6\x70\xb4\x69\x66\x4f\xef\x8d\x20\xcd\xd4\x07\x9d\xa6\xa8\x31\x31\x26\xc7\xd9\x48\x5c\x1e\x63\x27\x5a\xeb\x02\xca\x72\xc0\xf2\xd0\x67\x4a\x58\x2e\xc8\x34\x8d\xc7\xc5\x98\x12\x81\xc6\x86\x44\x23\xe0\x38\xc3\x24\x70\x49\x05\xbc\xfc\x29\xf0\x46\x4e\x37\x13\x45\xfe\x63\x8a\xad\x44\xb1\x2f\xc8\x34\x35\x41\x13\x93\x62\xb9\x0e\xaf\x3f\x0d\xe7\xce\xc1\xd9\x66\x98\x04\x26\xc5\xf2\xa6\xa0\x99\xe8\xdd\x02\x9a\xe9\xa3\xc1\x2b\x09\xe0\x27\x1e\xf6\x05\x03\xae\x99\x11\x01\xda\xce\x9c\x39\x7d\xa6\x36\x8b\x07\xad\x2e\x0d\xe1\x0e\xb4\xb7\xb7\xb7\xd7\x14\xda\xdb\xdb\xcf\x9a\xf3\x6e\x3b\xfb\x70\x52\x9d\x01\x69\xab\x0f\x48\xb4\x16\x8d\x68\x90\x49\x05\x3c\x9e\x93\x1d\x69\x73\xcc\x85\x13\x02\x4e\x5f\x94\xc6\x15\xd0\xd8\x38\x79\xf2\xd6\x09\xbf\xb7\x3d\xec\x8d\x74\x7b\x2f\xde\x3e\xd9\x8c\x17\xf8\xa1\xb3\x13\x84\x44\x98\x73\x78\x1f\x68\xf3\x30\x29\x36\xfa\x27\xba\x4b\x91\xe2\xb3\xaa\xa8\xa7\xf7\x86\x5d\x7f\x96\xdf\xf6\x69\x03\xfa\x66\xf7\x50\x7f\xa8\xff\x12\x0d\xf4\x01\xd7\xd8\x35\xd5\x03\xda\xea\x4f\x95\x99\x9c\xbe\xbb\xa1\xef\x3e\x42\xb9\xb5\x6a\x39\x6b\xbc\xfb\xb7\xb1\x3f\xeb\x6a\x26\x66\xfb\xb3\x4e\xe2\xb7\xa2\x02\x7e\x2a\x22\x62\x1b\x4e\x80\x38\x0e\x92\x18\x1b\x85\x44\x54\xbe\xeb\xb0\xa6\xcb\xc7\x0b\x13\xbe\x58\x52\x92\xa0\xa5\xeb\xab\xc0\x27\xd8\xb6\xb0\x8e\xf2\xff\x00\x0b\x00\xd4\x52\x8e\xd0\xe7\x67\xd8\x83\x59\x7f\x73\x07\xe5\x97\xd1\x4c\xb1\x72\xbf\x88\xf6\x66\x88\x9e\x83\x55\xb3\x95\x7b\xfb\x68\x26\x87\x56\x8b\x10\xc1\xcc\x04\x6a\xe9\xad\xfe\x7d\x16\x65\xb7\xd1\x83\x19\x74\xaf\x50\x79\xb2\x83\xd6\xfe\x0e\xa1\x01\xea\xc2\xe5\xee\xfe\x4b\xbd\xd7\x30\x4b\xdc\x8d\x8a\x92\x00\x71\x21\xcc\x83\x37\x0e\x9c\x24\x0a\x31\x85\x15\xc7\x21\x39\x2e\xc9\x61\x9e\x1d\x1d\x06\x5e\xbe\x1b\xb3\xbe\x6d\x7a\xb0\xd2\x63\xab\x5b\xe7\x9c\x93\x63\x8a\x18\x4b\x0a\xce\x02\xb4\x81\xdc\x75\x88\x2b\xd0\x9e\xaa\x2b\x44\x6b\xa5\x63\xe3\xc3\x6b\x1d\x93\x75\xab\x6d\xe7\x98\x94\xf5\x99\x66\x52\xb6\xa5\x69\x60\x52\xf6\xbe\x78\xe0\x00\x4a\x7f\x13\xa3\x09\x89\x39\x4a\xd0\xc2\x70\xd7\xa0\x2b\x2f\x6a\x69\xa1\x16\x38\x39\x26\x89\x31\xe1\x54\x22\x0a\x3e\x5b\x14\x89\xd4\x64\x68\xe6\x8d\xbe\x54\x44\x8b\x59\xb5\x34\xa5\xcd\xcf\x93\x2c\x55\xcb\x59\xb5\xf4\x8b\xb1\x96\x45\xd9\x65\xdc\x4b\x51\xfe\x89\xf6\xf4\x2d\xd5\x44\x2a\x90\x24\xd2\x7b\x17\xda\xfc\xd0\xfe\x1b\x0f\x81\xb1\xf0\x0e\xe5\x97\x49\x71\x55\x96\xee\x19\x5b\x33\xe4\x22\xf4\xc9\xa5\x67\x9f\xd1\xe1\x46\x67\x40\x26\xe1\x8f\x2b\x1e\x0f\xa8\x7b\xcf\xb4\xdc\x06\xb9\xa7\x68\x8f\xf3\x95\xa9\x39\xed\xe1\x8f\x28\x97\x37\x36\x36\x7c\xe4\xfa\x88\xef\x22\xe5\x3c\x89\x7e\x38\x91\x10\x79\xd0\x16\x8a\x68\xb3\x8c\xaf\x2c\xa5\x05\xb5\x34\xef\x53\x4b\x0f\xf5\xed\x7d\x72\x63\x53\x4b\x53\xc6\xec\x5b\x7c\x8d\xb5\xfb\x1b\xed\xa8\x0b\xcc\x9b\x34\x9c\x08\xd6\x19\xe6\x08\x39\xfe\x1b\x1c\x1a\xb8\x3e\x10\xa4\xc5\xf1\x89\x36\xba\x13\xfa\xba\xaf\x5f\xb8\x8c\x47\x78\x30\x38\xd4\x7b\x31\xf4\xff\x41\xda\x17\x68\x39\x8b\xe7\x42\xfd\x03\x43\x41\xa6\xc9\xc5\xdd\x2e\x70\xc2\xad\x82\x94\x10\x0e\xc3\x3b\xc1\x9d\xd8\xa7\x5b\x8e\x81\x6e\x3d\x02\x1a\xa7\xce\xe1\xab\xe3\x20\x7a\x47\x14\xcc\xe4\x75\xce\x99\x05\x67\x35\x6e\xb8\xc3\x8b\x09\x8e\x10\x1f\x2f\x4c\x38\xc8\xaf\xc5\xc1\x7e\x93\x30\x12\x17\xc6\xc1\x7b\x07\x1a\xa3\xca\x30\x04\x3a\x1a\xeb\x20\xf1\x9f\x1b\x31\xcc\xf3\x75\x80\x71\x59\x56\x20\x1a\x8e\xf1\x92\x00\x81\x0e\xc0\x40\xbc\x10\x09\x27\x25\x85\x74\x0c\xc7\x86\x47\xe2\x9a\xc9\x3f\x02\x77\x3c\x1c\x17\x62\x0a\x86\xac\x95\x47\xa0\xc3\x04\xc4\x3b\xe0\xa7\x0d\x04\xfc\xfe\x91\x61\x51\x01\x4e\x10\x25\x7b\x30\x9c\x8c\x27\x14\x08\x9c\x19\x05\xee\xe0\xf3\x4e\x32\x1c\x53\x92\x63\x10\x38\xe3\xf7\x1f\x69\x50\x44\xb4\x3f\xbf\x1e\xbc\x3a\xd0\xdd\xc3\x5e\x39\x1f\xba\x8e\x1b\xea\xc1\x59\x38\x09\x67\xad\x86\xea\x50\x3b\xff\xf5\xd0\x35\x53\xcf\xb1\x0c\x4e\x42\xa0\xc5\xa1\x8a\xb3\xe7\x54\xc7\xad\x58\x81\xd3\x7e\xbf\xd5\x8d\x5d\x50\x58\x4c\x7d\x49\x8c\x18\xb3\xbe\x0e\xa2\xc4\xa4\x1c\xa6\xa5\x47\xed\x80\x1d\x21\x27\x01\xb3\x27\x4c\x83\xd2\xb5\x38\xd6\x8b\x8f\x8b\x29\x7c\xe3\x4a\xf3\xe4\x64\x9d\x17\x5c\x34\x1c\x1b\x11\xea\x1c\xf9\x73\xcd\x3f\x14\xef\x88\x28\x29\x42\x1c\x78\x41\x3a\x36\xe0\xe3\x71\x59\x91\x39\x59\x02\xc6\x3c\xf5\xf8\x22\x24\x83\x65\x7c\xf2\x74\x8b\xfb\x9c\x4d\x82\x12\x4f\x0a\xc7\x6d\xf3\xa1\xbc\x7e\x6c\x9b\xb1\xb0\xc2\x45\x81\x31\xd9\x06\x78\xd3\xcf\x83\x5e\xc9\xa4\x08\xf3\xa4\x71\x1f\xba\xeb\x08\xaf\x6d\x89\xab\x0f\x85\xfa\x2f\x0e\xd0\x40\x1f\xee\x28\x40\x1e\xe8\xb5\xc7\x2d\x1c\x50\x55\xed\xad\xe8\x6c\xca\xf8\x95\x7b\x28\xa1\xf4\x61\xb6\xf4\x00\x7e\xe8\x6f\x65\x08\x44\xed\xb9\x5a\x98\x68\xf5\x4d\xb4\x01\x7e\xc4\xef\xbc\x44\x2b\xc5\xca\xfd\x5d\xad\x34\xa3\x2d\xcc\x55\xcb\x59\xf4\x20\x87\x32\x2f\xf4\x37\x3b\xd5\x72\x86\xb4\xe1\x83\x5f\x24\xf2\x9b\xc6\xfd\x5d\xb5\xf4\x52\x7f\x95\x23\x5d\x86\x74\x6b\x63\x73\xdd\xd4\x9f\xfb\xa2\x1c\x8b\xe3\x5f\x92\xdf\x4f\xdc\x62\xa2\xed\x37\x6d\x42\x4e\xd5\xe1\x3d\x0e\x1d\xa9\x0f\x81\x7d\x71\x1d\x1c\x4e\x25\x7d\x54\x13\x73\xdd\x09\x8f\x6e\x63\x1f\xeb\x37\x56\xab\x89\x44\x22\x91\x0e\x10\x63\x23\x71\x21\x91\xf8\xa0\x6f\x3d\x03\x37\xfb\x5d\x94\xee\x30\xa2\x8e\xd4\x6d\x55\x9b\xd6\x5d\x8b\x8f\x22\x76\xf7\x92\x7a\x6a\xaf\x03\x3c\x92\xdc\x3f\x56\x25\xc4\xd3\xff\x05\xdf\x7c\xda\x4e\x2e\xca\x49\xc4\xb9\x63\x28\x67\x5c\x96\x44\x4e\xa8\x91\xb8\x2b\x8e\x6e\xba\x76\xc7\x28\x0d\x7c\x5c\x1e\xaf\x11\x56\x47\xe0\xf7\xa4\x2a\xf3\x47\x2b\xf7\x93\xe1\xf3\xc9\x0a\x83\xd8\x64\x45\xa8\x49\x2d\xed\x58\x4f\xc4\x5a\x3d\xaa\xa5\x79\xbd\x30\x5d\x8b\x81\x4d\x66\x5f\x9a\xfb\x3f\x88\x87\x0e\xed\xf2\x99\x54\xf4\xbb\xb1\xc7\x41\x6c\x6d\xf6\x30\xdf\x73\xcd\xd0\xde\x45\x33\xf6\x8f\x79\x34\x45\x59\xcf\x9b\xff\x06\x00\x00\xff\xff\x71\xc5\x60\x7c\x1f\x17\x00\x00")

func linuxNftablesRatelimitShBytes() ([]byte, error) {
	return resourceSetBindataRead(
		_linuxNftablesRatelimitSh,
		"linux-nftables/ratelimit.sh",
	)
}

func linuxNftablesRatelimitSh() (*asset, error) {
	bytes, err := linuxNftablesRatelimitShBytes()
	if err != nil {
		return nil, err
	}

	info := bindataFileInfo{name: "linux-nftables/ratelimit.sh", size: 5919, mode: os.FileMode(436), modTime: time.Unix(1790391574, 0)}
	a := &asset{bytes: bytes, info: info}
	return a, nil
}

var _linuxNftablesServer_exitSh = []byte("\x1f\x8b\x08\x00\x00\x00\x00\x00\x00\xff\x5c\x92\x5f\x6b\x13\x4d\x14\xc6\xef\xe7\x53\x9c\x77\xba\x4b\x5b\x5e\xe2\x6a\x2f\x2b\x09\x44\xbb\xa9\x8b\xe9\x46\xd2\xa0\x48\x29\xc3\x26\x99\xfc\x81\xe9\x6e\xe9\x6e\x42\x21\x0d\x28\x46\xd9\x48\x9b\x44\xd4\x8b\xa4\x41\x1b\xad\x64\xc1\x84\x82\x4a\x05\x89\x7e\x9b\xd9\x6c\xae\xfa\x15\x64\x37\x6d\x4c\x7b\x37\xf3\x9c\xdf\x79\xe0\x9c\xe7\x2c\xfc\x27\xa5\x8b\xba\x94\xd6\xcc\x02\x5a\x00\xde\x75\xdc\xee\x11\x7f\xdd\x1b\x7f\x3d\xe3\xcf\xbb\xee\xf0\x13\x6f\x35\xdc\x7a\xdf\xeb\x1d\xba\xc3\x53\xaf\xd6\x71\xbb\x83\x8b\x91\xad\xe7\x2c\x2d\xcd\xa8\x09\xe3\xba\x1d\x28\x75\x84\x14\x35\x25\x27\xd5\x68\x9c\x44\x1f\x29\x61\x4c\xc8\xfc\x9f\x10\x8c\xe2\x89\x75\x12\x53\xe2\xb2\x5f\x7b\x92\x48\x3e\x54\xd4\x75\xb2\xa6\x24\x09\xd1\x4a\x56\xe1\x16\x33\xf2\x18\x6d\xca\xc9\xc7\x72\x92\x28\x6b\x3e\x33\xfb\xf8\xcd\xb3\x92\x6f\x1a\x8b\xde\x97\xe7\x89\x2b\xcd\x07\x53\xd1\x7b\x71\x99\xa8\xd1\x0d\x39\x8c\x8d\x5d\xaa\x97\x77\x75\xa2\x65\x18\x11\x66\x76\x18\xa1\x62\x0e\xb6\x20\xb4\x0f\x52\xc9\xdc\x93\x4c\x7f\x7c\x3d\x67\xc1\xf6\x5d\xb0\x0a\x54\x47\x00\x00\x6a\x2c\x15\xc6\x66\x29\x6b\x5c\x67\x30\xa2\xcc\xa4\x37\x88\x40\xcf\x15\x11\x62\x46\x9e\xec\x50\xd3\xd4\xf2\x74\x69\x19\x2a\x01\xc6\x8c\x8c\xc6\x80\xd1\x32\x65\x61\x2c\xdc\xc1\x73\xe2\x25\x1a\xc6\xc2\xca\x54\xa6\x99\x82\x01\x58\x58\xca\x6a\x16\x85\xc5\xff\xc5\xa7\x21\x71\x27\x24\x66\x41\x7c\xb0\x2a\x6e\xac\x8a\x9b\x8b\xcb\xb0\x25\x54\x02\xaf\xea\x36\x08\x95\x4b\x83\x2a\x86\x48\x04\xb0\x70\xb5\x60\x8c\xaa\xc8\x8f\xd2\x3e\x99\xb4\x4f\xdd\xf7\x3f\xf8\xe8\xc4\xeb\x39\xfc\xe8\x3b\x6f\x9e\xf1\xe3\x0f\xee\xbb\x73\xb7\x3b\x98\xa6\xcc\xdb\xce\xb8\x53\xe3\x2f\x9d\xc9\x0b\x87\x7f\xfc\x35\xee\x3d\x9b\xbc\xfd\x03\x12\x78\xfd\x1a\xb7\xdb\xd3\x37\x1f\xb6\xa6\x8f\xc9\xf1\x2b\xde\xb2\x67\x55\x24\xa8\xb1\x14\x64\x29\xa3\x16\x85\xe0\x1c\xa0\xa8\x53\x0b\xb0\xf0\x2f\x03\x0c\x2b\x11\x29\x4b\xcb\x92\x5e\x62\x0c\x0e\x0e\xc0\xda\x2b\xd1\x6b\x8b\x02\xac\xa8\xb1\x04\x06\x3c\x3b\x29\xaf\xe7\xc0\x9c\x05\xf0\x9f\xdf\xa6\xa3\x5c\x8c\x0e\xdd\xc6\x17\xde\xfc\x0c\xc2\xcd\xe4\x61\xdc\xa9\x79\xbf\x07\xbc\xf9\xc6\x6d\xf4\xb9\x7d\xee\xf7\x04\x93\x62\x84\xe8\x7e\xd1\x82\xdb\xe8\x6f\x00\x00\x00\xff\xff\x79\xf7\xb1\x8a\xe8\x02\x00\x00")

func linuxNftablesServer_exitShBytes() ([]byte, error) {
	return resourceSetBindataRead(
		_linuxNftablesServer_exitSh,
		"linux-nftables/server_exit.sh",
	)
}

func linuxNftablesServer_exitSh() (*asset, error) {
	bytes, err := linuxNftablesServer_exitShBytes()
	if err != nil {
		return nil, err
	}

	info := bindataFileInfo{name: "linux-nftables/server_exit.sh", size: 744, mode: os.FileMode(436), modTime: time.Unix(1790391578, 0)}
	a := &asset{bytes: bytes, info: info}
	return a, nil
}

var _linuxNftablesServer_startSh = []byte("\x1f\x8b\x08\x00\x00\x00\x00\x00\x00\xff\xb4\x55\xdf\x4f\xdb\xc8\x16\x7e\xf7\x5f\x71\x6a\x42\x03\xba\x97\x9b\x80\xaa\x3e\xb4\x0a\x52\x2e\x85\x36\xba\x90\x56\x80\x6e\xb5\xaa\x2a\xcb\x4d\x1c\xf0\xae\x13\x47\x19\x43\x61\x29\x12\x3f\x12\x9a\x40\x20\x59\x11\x94\x02\xa1\x10\x9a\xaa\xee\x42\x09\xb4\xbb\x34\x90\x00\x7f\x4c\x33\x33\xf6\x53\xfe\x85\x95\xed\x90\x42\xdb\xad\x58\x69\xf7\xcd\x9e\x39\xe7\x9b\x73\xbe\xf3\xcd\x37\x4d\xd7\x1c\x4f\xc4\x90\xe3\x09\x8f\x86\x99\x26\xc0\x39\x95\xe4\x16\xf1\x7c\x9e\xee\x14\x71\xba\x88\xe7\x55\x9c\x5e\x22\x89\x37\x5a\x3e\x49\xde\x15\xb4\xe8\x1a\xc9\xed\xd6\x2a\xf1\x50\x40\xe1\x9f\x48\x02\x02\x9a\x88\x9b\x2b\x09\x86\xf1\x78\x07\xbb\xfb\xbd\xee\x5e\xce\xfd\xc0\xe3\x62\x39\xee\xe2\x3f\xc7\xb1\x4c\xef\xfd\xbb\x5c\x8f\xa7\xb7\xdb\xd8\x7b\x78\xbf\xff\x7f\x1e\xef\x5d\xee\x8e\xa7\x9f\xe3\xf8\x11\x65\xf8\x3f\x92\x3c\xc4\x32\x03\xdd\xfd\xff\xef\xee\xe7\x3c\x77\x8c\x98\xc6\x8f\x91\xdc\xd8\x32\x40\x7b\xdc\x5d\xdd\x17\x23\xce\xd7\x8c\xc0\x41\xf7\x7f\x7b\xbb\x39\xaf\xbb\xaf\xdb\xc5\xca\x61\x21\x34\x1a\x0e\x71\xbc\x4f\xe2\x6c\x0d\x38\x96\x71\x77\xf5\x72\x5d\xf7\xdc\x1e\xaf\x8b\xe5\x7d\x12\xcb\x30\x4d\xa0\xed\x9d\xd2\x93\xbd\x20\x42\x9f\xa6\x66\x82\x08\x75\xb6\x3b\x9d\x24\x7b\x88\xd3\x45\x9a\x51\x81\x2c\xa9\xda\x62\x1a\xe7\x54\xbc\xb7\x4d\xe2\x1f\xe9\x4e\xb1\x7a\x72\x46\x33\x6a\x10\xa1\x80\x38\x86\x53\x33\x64\x65\x5f\xdb\x9f\x25\x2b\xbf\x05\x11\x02\xa6\x6f\x60\xc0\xe5\x64\x18\x31\x00\x8f\xa0\x6d\x0c\x1c\x23\x28\xe2\x40\x06\xc7\xa1\x80\x02\x8f\x6f\x83\x32\x2c\x84\x18\x00\x00\x6f\xcf\xa0\x8b\x45\x23\x7e\xf9\x72\x0c\xcb\x08\x12\x12\xbe\x88\x30\xd7\x03\x22\xc3\x48\xf2\x10\x17\x14\x10\xe2\x87\x84\x96\x56\x98\x30\xc3\x24\xd9\xc7\x4b\x20\x09\xa3\x82\xe4\x62\x6d\xed\xec\x85\xc5\x7a\xa8\x8b\xb5\x75\x58\xcb\x82\x6f\x58\x06\xd6\xd6\xe2\xe7\x15\x01\xec\xff\x6a\xfe\xa1\xad\x39\xd8\xd6\xec\x87\xe6\x7b\xb7\x9a\xfb\x6e\x35\x0f\xd8\x5b\xe1\x91\x6d\xc2\xc4\x9a\x7c\x0c\xb6\x89\x3a\xc0\x24\x0b\x9d\x9d\xc0\xda\xce\xa7\xc8\x32\x93\x06\x6f\xee\xae\x5e\xa8\x96\x96\xb4\x93\x5d\x9c\xfa\x85\x2c\xbd\xc1\xf1\x43\x1c\x53\xf5\x59\x95\x66\x0e\xa0\xa1\x12\x92\x38\x23\x0b\xb1\x5a\x65\x5d\x5f\x9f\xc3\xe9\x38\x79\x51\x34\xf6\x00\x2f\x6d\xd2\xcc\xa6\x36\x7b\x82\xe7\xd7\x6b\x95\x24\xc9\x6e\xe9\xb9\x29\x10\xc3\x48\x50\x3e\x4d\xcd\x30\x4d\x20\x86\x04\x05\xb4\xbc\x8a\xd3\x49\x92\x3d\xd4\xa7\x66\x68\x46\xad\x1e\x2f\x81\xe7\xc1\xe8\x0d\x87\xe7\xc1\xe8\xcd\x5a\x65\x2d\x20\x47\x9e\xf2\x11\x3f\xe0\xcd\x63\x9a\x9f\xd2\x97\x4f\x71\xf1\xa8\x5a\x2a\x54\x4b\xbf\xe2\xdc\x3e\xde\x98\x22\xd9\x94\x3e\x7b\x42\x33\x9b\x64\x25\x5e\xab\x24\x0d\x8d\xa7\xa3\x66\xdd\xb4\x1c\xc5\x39\x15\x78\x9f\x04\x46\xda\x5c\x0c\xc7\xe7\x70\x7c\xa7\x5a\x7e\x0d\x62\xd8\x21\x86\x6f\x82\xf6\x26\x8a\xe3\xab\x24\x73\xaa\xe5\x93\xb5\x4a\xdc\xaa\x9e\x1e\x94\xf1\xcb\x05\x10\xc3\xa3\x37\x38\xde\xef\x8f\x80\xc3\xf8\xbe\x69\x7e\xd7\x2a\x09\xa3\x72\x31\x00\xd7\xc0\xe6\xed\x19\x04\x49\x44\x0a\xd4\x59\xe8\x74\xf8\x85\x51\x47\x68\x44\x92\xa0\xa3\xf3\x7a\xfb\x05\x21\x5c\x98\x29\xb0\x0f\xdd\xfd\x5e\x16\x58\x83\xa0\x6a\x69\x11\xa7\x0c\x09\xd6\x2a\xc9\x6f\x31\xbd\x3f\x47\xb2\x5b\xe4\xc3\xca\x79\x77\x71\xad\xf8\x11\xef\x25\xb4\x57\xb1\xcf\xdc\xe3\xd4\x3c\x5d\x2f\xe1\xd8\x07\x3c\x17\x23\x5b\x25\xa2\xe6\xf1\x46\xb6\x56\x49\xd4\xd5\x30\x26\x2a\xd0\x6e\x0a\xab\x09\x70\x7c\x4b\x5f\x2d\xe0\xa3\x43\xfd\xf9\x22\x2e\x1f\x93\xdc\xae\xe5\x05\x78\x55\xad\x96\x96\x69\x46\xd5\xf2\x6a\xad\xb2\xa6\x2f\x9f\x82\x03\x2c\x32\xc0\x51\x27\x49\x5f\x4b\x55\x8f\x16\xac\xd9\xe3\xf5\x97\x24\x73\x58\xab\x24\x71\xe1\x2d\x8d\x1e\x92\x52\x8c\xa6\xe7\xaa\xa5\x79\xb2\x9b\xd7\xa7\xb3\x74\x65\x95\x31\xb9\xf1\x0b\x92\xa0\x08\x16\x3b\xd6\xa8\x59\xdb\xe7\xeb\xcb\x42\xc7\x05\xc2\x9e\x3d\x03\x25\x32\x22\x58\x89\xbc\xdf\xff\xa7\x59\x46\x1f\x5f\x49\xa2\x56\x59\x0b\x47\x44\x39\x22\x2a\xe3\xd0\xd6\xe1\x74\x02\xc9\xbe\x35\x74\x14\x78\x7a\x03\xe8\xbb\x84\x5e\x7e\xa1\xed\x15\x20\x20\x4a\x8a\x10\x69\x71\xb6\x82\x99\x92\xac\x9e\x6d\x68\xc5\x69\x7d\x63\x9b\x6c\x9c\xd1\xb5\xa8\x25\x03\x47\xb5\xb4\x8d\x2b\xb3\x38\x16\xd7\xf2\x49\x8b\x77\x4b\xab\x61\x59\x12\x7d\xe3\xc0\xfb\x7c\x42\xd8\x14\x2d\x2d\x1c\x1b\xf3\x4b\x1e\xe9\xb1\x45\x92\xdb\xd5\xf2\x2a\x59\x7a\x8d\x53\xaf\x0c\xa8\xdf\xa7\xf5\xe7\x29\x73\xba\x59\x7c\x72\x80\x97\x17\x8d\xe3\x8e\x0b\x34\x73\x40\x3f\x94\x69\x79\x13\xc7\x0e\xf1\xde\xac\xfe\xe2\x3d\x9d\xde\xc1\xdb\xab\xb8\x10\xa5\xe9\x39\xe3\x9c\x46\xff\xbe\x61\x5e\x0c\x7d\x8b\xb5\xf3\xe6\xed\x13\xa0\x8c\x87\x85\x7a\x57\x30\x2c\xcb\x3f\x35\xf6\x2e\x93\x71\xfb\x8b\xda\x6f\xc3\xa4\xfd\x0a\x07\xb1\xb6\x86\x8f\xb2\x75\xb7\x63\x6d\x7d\x03\x03\x2c\xb4\x0d\x29\xd0\xee\x74\x5e\xf2\xba\x06\x5e\x64\xe4\xdb\xd3\x3e\xaf\x4d\x14\x03\x21\x3e\x28\x00\x6b\xfb\xd2\xde\x59\x50\x7c\x61\x08\x48\xfc\x10\x02\xfb\x75\x3b\xd8\x5b\xd0\x78\xe8\x59\x04\x29\xad\x76\x70\xb9\x00\x8d\x87\xcc\x00\x39\xac\x88\x72\x08\x82\xfc\x18\x12\x86\x00\x89\x3f\x0b\x80\xcc\xd3\x8c\xda\xfe\x5a\x2d\xf2\x3f\x5b\x8b\x71\xeb\xae\x5c\x8b\x4f\x01\xa4\x18\x9e\x2d\x20\x43\xfb\x22\x1a\x16\xfc\xff\x8e\x08\x12\xaf\x08\xfe\xfa\xe4\xae\x0e\xf6\x3d\x92\x7f\x1c\x09\x86\x2f\x0f\xf7\x6f\x81\xf5\x47\xe4\xf0\xd5\x91\xbe\xc7\x7c\xbd\x59\xe6\x92\x6b\x7a\xbc\x3d\xf7\x2d\xd7\xb4\x6c\x4f\xcb\xab\x70\x01\x19\xf0\xc7\xf7\xb8\x7c\x4c\x77\x16\x8c\x87\xc6\xbc\x87\xf0\x15\x34\xd0\xb5\xa8\xe5\xaf\x34\x73\x60\xdd\x7b\xf3\xa1\xb0\xdc\x96\x65\x18\xd3\x2d\x9d\xcc\x1f\x01\x00\x00\xff\xff\x51\x84\x88\xd5\x33\x09\x00\x00")

func linuxNftablesServer_startShBytes() ([]byte, error) {
	return resourceSetBindataRead(
		_linuxNftablesServer_startSh,
		"linux-nftables/server_start.sh",
	)
}

func linuxNftablesServer_startSh() (*asset, error) {
	bytes, err := linuxNftablesServer_startShBytes()
	if err != nil {
		return nil, err
	}

	info := bindataFileInfo{name: "linux-nftables/server_start.sh", size: 2355, mode: os.FileMode(436), modTime: time.Unix(1790391578, 0)}
	a := &asset{bytes: bytes, info: info}
	return a, nil
}

var _openwrtIptablesAcl_addSh = []byte("\x1f\x8b\x08\x00\x00\x00\x00\x00\x00\xff\xe4\x59\x6d\x53\xdb\x56\xf6\x7f\xaf\x4f\x71\x72\x2d\x6a\xe8\x7f\x84\x6d\xfe\xce\x9d\xad\x19\x67\xc6\x31\x4e\xe2\xa9\x6b\x18\x4c\x92\xd9\x49\x58\x8d\x62\x8b\xa0\x5d\x63\xb3\x96\xa1\xd9\x02\x33\xce\x6e\x78\xca\x42\x42\x66\xe9\x66\x63\x20\x85\x6c\xda\xd2\x6e\xc7\xd0\x69\x9a\x30\x60\xc2\x77\xe9\x5a\x92\xfd\xca\x5f\x61\x47\x8f\x48\xb6\x64\x8c\x93\xe6\xc5\xae\xde\xd8\xba\xba\xf7\x9c\xdf\x39\xf7\x3c\xfc\xae\xe4\xba\xe0\xb9\xc3\x65\x3c\x77\x18\x7e\x9c\x70\x81\xb4\xfe\xa3\x54\xda\x91\xd6\x16\x6a\x5b\x2f\xc4\xad\x93\xea\xfe\x5f\xa4\xf5\xdd\x7a\xb9\x58\x39\x38\x14\x57\x16\x85\x52\x51\xd8\xdc\x95\x0e\x4f\x84\xd2\x0b\x71\xe9\x8d\xf4\xaf\xbd\x5f\x0a\x9b\xc2\xc3\x5d\xb1\x70\x5f\x7c\x73\x24\x3c\xdc\xfe\xa5\xb0\x25\xcc\xbf\x16\x1e\xef\x55\x4b\x27\xb5\xa7\x25\xe9\xf8\x89\x74\xb4\x59\x2f\x2f\x85\xc2\xb1\x7a\x79\xf9\xdf\x85\x3f\x13\x2e\xa8\x1c\x9f\x48\xeb\xbb\xc2\xe6\xa1\xf8\x6c\xaf\x5e\x2e\x0a\x6b\x7b\xd2\xfa\x6e\xe5\x70\x01\x46\x06\x47\x86\x40\x2a\x3e\x90\xd6\x77\xc5\xa5\x37\xf5\xf2\xca\x8d\xa1\x38\x54\x4b\x2f\xab\x7b\xf7\x6b\x85\x62\xf5\x64\x51\x58\x7b\x24\xcc\x2f\x55\x0e\x56\xc5\xf5\xb7\xd5\x9d\x95\xca\xd1\x51\xe5\xf8\x4b\x50\x64\xaf\x10\x2e\x10\xde\xce\xcb\xca\x37\x77\x0d\x74\xd5\xc5\xef\x85\x87\xdf\xd5\x76\x7e\xae\x6d\xbd\xa8\xbe\xfd\x9b\x30\xff\xb5\x0a\xb6\xf6\xfd\x4a\x75\xef\xbe\xb4\x7d\x2a\xb7\x5e\x5e\x51\x2d\x16\x16\x56\x55\xa3\xc5\xcd\x1f\xaa\x0f\x8a\xe2\xe6\x0f\xaa\x32\x05\x3b\xe1\x02\x71\x7b\x51\x58\x5c\x50\x85\xd5\xcb\x4b\xe2\xde\x63\x19\xc9\x41\x41\xdc\xda\xa9\x97\x97\xeb\xe5\x22\xe1\x02\x80\x69\x2e\x97\x9f\x62\xd2\x34\x37\x19\x00\x9f\xb7\xd7\xdb\xeb\xeb\xbd\x08\xda\xe5\x82\xca\xc1\x91\xb0\xb9\x2f\x6c\x15\x64\x01\x9b\xcb\x10\x1d\x9a\xf6\x83\xb4\xbe\xab\xfc\xa9\x97\x57\x84\xb5\x6f\x84\xa5\x67\xf2\x1d\xae\x97\x97\x1b\x04\xfa\x9b\x24\xba\x40\x28\x3d\xaf\x3d\x9b\x57\xe5\x18\x92\xa5\xc3\x3d\x45\x04\x18\xee\xa8\x1c\x1c\x4a\xdf\x1d\x36\x8b\xc4\x01\x18\x4b\x7a\xbd\x81\x40\x1f\xd8\x88\xc4\x9a\x48\x65\xd1\x14\xcf\xe6\x32\xcc\x04\x1b\x00\x26\xcd\x25\x59\x65\xcc\xef\xf2\x79\x7b\x7f\xd3\xeb\xed\xf5\x7a\xfa\xfc\xca\x08\x76\x29\xf2\x7c\x81\x80\x07\xcb\x23\xe6\x60\x12\x96\x57\x2b\xe5\xa2\xb8\x71\x22\xae\xbe\x00\x9a\xbe\x39\x38\xfc\x69\x34\x7e\x95\x1e\x88\x0e\xd3\x34\x78\x80\xa6\x13\x91\xe1\x1b\x91\x61\x3a\x3a\xd0\x70\x1f\x1f\x89\x0c\x5f\x09\x85\x23\x34\x2d\xef\x05\x11\x1b\xbc\x4a\x5f\x89\xc6\x22\x41\xd4\x20\x84\x99\xca\x8f\xf7\xa6\xb3\x77\x11\x61\x48\x92\xe7\x98\xc4\x9e\x3e\xd1\x65\x9a\x27\x9c\xea\x41\x44\xf8\x5a\x28\x1a\xa7\xe3\xa1\xcf\x22\x41\x94\x9d\x64\x33\xd3\x93\x19\x9a\x49\xa6\x69\xd2\x90\x86\x88\xd8\x60\xf8\x53\x07\x24\xc9\x74\x6f\x3a\x9b\xfc\x03\x22\x88\xe8\xd0\x48\xe8\x72\x2c\x92\x08\x22\xcf\x14\x9f\xf3\xf0\x72\xca\x71\x93\x79\xe6\x4e\x9a\xe5\x11\x11\x1d\xc2\x76\x8f\xb1\xfe\x9c\x1b\x83\x5b\x40\xdd\x03\xf3\x43\x9e\xcd\xc3\x68\x3f\xe4\xc7\xd9\x0c\x21\x6f\x59\x74\x28\x11\x19\xb1\xae\xe7\xd9\x3c\x22\xd8\x34\xcf\xb6\x9c\x30\xc6\x11\x72\x56\x1e\x3c\x82\x64\x9a\x63\x33\x79\x3a\x9b\x49\x73\x19\xb6\x97\x1f\x87\xca\x41\xa1\xba\xf8\xaa\x5e\x2e\xaa\xea\x84\xc7\x72\xaa\x56\x7f\xde\xaf\xde\x2f\x0a\x6b\x4b\xe2\xee\x8e\x50\x7e\xdc\x2d\x1c\x7c\x03\x63\xb2\x99\x3d\x46\xe8\x56\xca\xdb\xd2\xd1\x57\xb5\xc2\x9a\xb8\xb5\x03\xba\x99\xdd\xe2\xd3\x6d\x6d\x22\x71\x2d\x74\x23\x42\xab\x80\xbc\xb2\x75\xa4\xf2\x1f\xd2\x1c\x9f\x07\x2a\x03\x97\x3c\x29\x76\xda\x93\x99\x4a\xa7\xa1\xef\xd2\x47\x3e\x93\x95\xa6\x85\x3e\x05\xb9\x36\xa0\xfb\xcf\x6b\xeb\x2b\xcd\x91\x30\x0a\xb3\xb3\x90\xcc\x4e\x4c\x30\x99\x14\x50\xd3\x70\xfa\xe4\x4c\x8d\xba\x02\x5d\x6b\xe2\x1a\x1d\x8b\xc4\x83\x3e\x4c\x10\xe9\xec\x5d\x7a\x82\xe5\x79\xe6\x2e\xdb\xdd\x03\x33\xca\xaa\x74\x36\xc9\xa4\x21\xcd\x4e\xb3\xe9\x20\x22\x7d\xc8\x34\xa8\x4d\x0d\x22\xb2\x4f\x1d\x66\x93\xe3\x59\x40\x64\x77\x8a\xc9\xb3\xe0\xfe\xbf\xae\xdf\x52\x5d\x13\x54\x57\x0a\xba\xae\x05\xba\x3e\x0b\x74\x25\xdc\x3d\x70\x8b\x9c\x51\x64\xcd\x8d\x02\x39\xa3\x09\x98\x43\x70\xe9\x12\x20\x52\x4f\x04\x44\xcc\x11\x84\xec\x41\x7a\xda\x4f\x27\xb9\x54\x8e\x37\xd0\xe4\x73\x40\xa5\xc0\x7d\x3b\xe7\x86\xdb\x84\x9e\xe3\xb3\xc0\xb3\x29\xd9\xdb\x6e\xde\xf3\xbb\x5b\xb7\x02\xfc\x24\x93\x64\x03\xa3\xa3\x1f\xfb\x5d\x1e\xcf\x64\xf3\x4c\x37\xef\x31\xcf\x22\x3d\x1e\xeb\x9c\xbb\x39\x76\x52\x76\xaa\xdb\x22\x8c\x6c\x10\x94\xcd\xe5\x81\x9a\x22\xe6\x34\xa4\xf8\x9d\x90\xe2\x0f\x82\x94\x70\x41\xf5\xdb\x7f\x8a\xcf\xd7\xcc\xb5\x9f\x08\xc7\xa2\x91\xf8\x08\x1d\x1d\x0a\x22\x74\x7a\xe3\xb7\xdc\x61\xf9\xee\x7a\x22\x32\xac\x56\x10\x44\x84\xc2\x31\x3a\x16\x8d\xcb\x89\x8e\x88\xcf\xc7\xb9\x34\x0b\xd1\x2b\x89\x20\xe4\x58\x26\x05\x54\x0e\x68\x39\xf3\xfa\x21\x95\x55\x80\x28\x77\x41\x44\xce\x28\x7f\xba\x48\xd9\x2d\x73\x6a\xcc\x24\x19\x9e\x05\x44\x2a\x0f\x10\x70\x19\x03\xb8\xb9\x51\x7c\xdc\x63\x0c\xcb\x97\x09\x24\xd9\x3d\x99\xe3\x32\xf9\x31\x70\x77\xf1\xb7\x33\xee\x53\x49\x16\x57\x9b\x65\x99\x3d\xa5\x38\x7d\x56\xdf\x2b\x70\x5b\xd5\xf4\xf7\xdb\x80\xc1\x8e\x60\xf0\xb9\xc1\xe0\x77\x05\xe3\x88\xe5\xdc\x50\x3a\x43\x62\x34\xd1\x06\x1c\x46\xa4\xb4\x07\xc3\x10\xd3\x08\xc2\x51\xb1\xdf\xf5\xf1\x2c\x76\x35\x68\x35\xc5\x24\x39\x63\xdc\xcc\x69\x51\x37\x87\x48\xf7\xed\x8c\xdb\x4e\x22\xcb\x33\x49\x22\x95\xcd\xb0\x6a\xff\x30\x38\x4d\xd1\x99\xd3\x68\x03\xb8\x5e\x5e\xaa\x1c\x3c\xd2\x68\x41\x69\x5f\x38\xfe\x52\x2a\x3e\xa8\xad\x97\xf4\x86\xb3\xac\x95\xf1\x2f\x00\x91\xc6\xee\x20\x4b\xbf\x53\x27\x64\xcc\x13\xfc\xc6\x0c\xd3\x96\x5a\x9e\xf7\x83\xdc\x0e\xed\x9f\x62\xd4\x0f\x63\x9c\x52\xde\xcf\x54\x6e\x2a\xf9\x80\x6e\x86\x86\xe3\xd1\xf8\x55\x04\x48\xa6\x06\x4c\x2a\x05\x52\xf9\x50\xd8\x7f\x62\x8a\xb8\x7a\x79\xa5\xfa\xe6\xa7\xea\xc9\xa2\x56\xf1\xef\x71\x79\x50\x3b\x49\x38\x3a\x30\x9c\xb0\x4b\x48\x63\x27\xe4\x5d\xb7\x94\xf5\x1e\x75\x91\x5d\xe2\xd8\x2c\xc2\xfa\x22\x93\x51\x8a\x4e\x04\xa3\xf0\xd1\x47\x96\x31\xdc\xc2\xca\x68\xfc\xca\x20\x02\xa4\x92\x73\xb8\xce\xb3\x39\x20\xf5\x80\x85\x1b\xaa\xa5\xd1\xa1\x00\x9c\xba\x0c\xe4\x86\xaf\xb2\x73\xf1\xe9\x76\x6d\xb3\xa0\x32\x69\x93\x0b\xbc\x8a\x0b\xde\x55\x8d\x76\x00\x51\x84\xcb\xfa\x40\x28\x17\x84\x6f\xff\x8a\xb4\x7d\x44\xe4\x29\x69\x40\x10\x04\xe4\xb3\x5a\xd9\x6d\xc4\x36\x37\x06\x17\x54\x86\x02\x9f\x98\x26\xe8\x97\xc3\xa6\x9f\x07\x6a\xf5\xd1\x1b\xe1\xf1\xdf\x43\xe1\x58\x6d\xfd\x7e\xf5\xf5\xbc\xf8\xf4\xb5\x11\x19\x2a\xfe\xee\xda\xd1\x3f\xaa\xa5\x97\x03\xc3\x83\x43\x3d\xc8\xa2\x5d\x73\x98\x7e\x2b\x3b\x4e\xff\xef\x02\xca\xb8\xd4\xc4\x3b\xbd\x37\x1b\xa7\xe7\x4b\xc3\xf6\x3b\xe4\x90\x45\xbb\x4c\x78\x6c\xe2\x4d\x17\x35\x0b\xfc\x38\xd3\x77\x11\xf3\x53\x13\x30\x0b\xc9\xa9\x3c\x50\x49\x1f\x45\xea\x34\xc9\x5a\x70\x12\xc3\x61\x5a\xa1\xa2\xd9\x69\x72\xc6\x20\xd2\x73\x34\x4f\x93\x33\xf2\x8a\x39\xab\xe1\x03\x89\x11\xdb\xe9\x29\xfb\xe9\x89\xeb\x97\x69\x85\xb6\x37\x2d\x48\x9e\x2e\xb0\x16\xc0\x58\x6c\xf0\x26\x1d\x8a\xc5\x82\x5e\xcb\x38\x37\x06\xce\xf6\xaa\x1c\xe2\x8f\x11\x70\x7b\xbc\xa4\xdb\xc6\x63\x56\xc9\x3e\xcb\x33\xf3\xe6\xc9\x97\x46\x7f\xa9\x0b\x90\xcc\xb1\x32\x0b\x44\xa4\xe6\x24\x04\xe3\x0c\x3f\x1e\xe0\x26\x95\x5f\x9e\xfb\x82\x05\x9f\xb7\xcf\x0f\x13\xcc\x3d\x36\xcd\x4e\x00\xbe\x78\xf1\xff\xb1\xcc\x6a\x6f\x37\x29\x77\x08\x57\x61\x69\x43\x38\x3a\x14\x0f\xd7\x6a\x1b\x0b\xa0\xab\x01\xe1\xe5\x8f\xd5\x57\x5f\x37\x38\x46\x4b\x1f\xc3\x0a\xbb\xec\xb1\x31\x43\xae\x80\xd4\x05\xb3\x0d\xd6\xf8\xea\x33\x91\x6d\x5b\xe4\x2d\xd0\xab\xaf\x19\x8c\x13\xad\x29\xb7\xfc\x20\x2c\xed\x37\x1b\x64\x83\x51\x65\xf2\x40\x7d\x0e\x54\x58\x86\x66\x9c\xf1\x10\x50\x13\x20\x1f\x74\x28\x6a\x82\xc9\x27\xc7\x29\xf9\xbf\xc9\x0c\x3e\x97\x04\xea\xf7\x10\x0a\x87\x23\x43\x23\x16\x33\xec\x6d\x98\x9d\x6d\x50\x17\xea\x5c\x5d\xeb\xed\x3d\x7f\xd5\xf4\x83\x5a\x70\x84\xd2\x8a\xb8\xb4\xd6\xad\x1c\xf0\xa8\xda\xc6\x6b\x61\x79\x55\x2a\x17\xa4\x8d\x57\xd5\x93\xe7\xea\x8c\x1e\x19\x48\xd0\x80\x65\x2d\x4a\xfa\xe1\xd2\xd9\xc5\x71\xd9\x24\x3d\x27\x9b\x36\x3f\x9f\x9b\xb2\x15\xd0\x98\x0e\x5a\x11\xd0\xd2\x21\xc3\xe6\x1d\xf2\xc1\xef\xfd\xc4\x21\x1d\x5a\x04\x95\x9a\x12\xd2\x46\x49\xdc\x5e\x54\xb2\x42\xd3\xe6\x18\x44\x63\xd9\x1c\xc8\x5d\x15\xb8\x0c\x68\x35\xc1\x20\xed\x0e\xc6\x18\x49\x61\x58\x82\x48\x59\x44\x9b\xe9\xd0\x02\xbd\x9a\x12\x20\xc3\x00\x45\xa4\x9a\x08\x67\xd9\xa0\x10\xb7\xb3\xc0\xfe\x97\x66\xb0\x63\x44\xfe\x9a\x79\x6c\x56\xda\x86\x51\x26\x84\xb6\xe2\x8d\x38\x4a\xf1\xf9\x77\xaf\x4a\x9d\x69\xfb\x10\x45\xc9\x5a\x7e\x64\xfd\x41\x23\xb6\x93\xe3\x0c\x97\x09\x3a\xf9\x75\x8c\x6b\x8b\x2d\xe1\x36\xd8\x12\x76\x60\x4b\xd8\xbe\x19\x5a\x79\xa7\xf6\xea\x08\xc1\x85\xd6\xed\xf3\x5c\xfc\x52\x3b\x63\x61\x85\xf0\x56\x8e\x17\xa4\x9f\x8e\xa4\xa3\xaf\x64\xc6\x6d\xbc\xd4\x32\xa8\xa5\x3a\xd1\xcc\xbe\xf5\xcb\xb6\x7e\xcb\x1c\xc9\xee\x70\xa1\x7b\xe2\x5c\x64\x0f\x54\xc2\x87\x6d\x29\x1c\xd6\x29\x1f\x9e\x6b\x4e\x89\x81\xc4\x88\xc3\xaa\x54\x8b\x55\x89\xeb\x97\xb1\x03\xff\xc3\x49\xd3\x3a\x67\xae\x86\x1b\x68\x20\xb4\xa0\x82\xb8\x6d\x2a\xd8\xa0\xc2\xd7\xdc\x53\xb8\x66\x4c\xf6\xbc\x10\x5b\x89\xe1\x18\x33\xc1\xa5\xff\x04\x5c\x86\xcd\xe3\xf3\xb3\x44\x38\xab\x2d\x6a\xc1\x73\xca\x17\xb1\x33\x61\x04\x1b\xd2\x88\xcf\x62\x8d\x60\xdf\x77\x70\x53\xe3\xc1\xef\xab\x57\xda\x35\x1f\x6c\x34\x1f\xdc\xb2\xfb\x68\x68\x71\x07\x2d\x08\x77\xc6\x22\xc1\xa8\xd9\xb8\x83\x16\x64\xa7\xf4\xec\x20\x68\xaf\x74\xe3\x80\xc5\x81\xcd\xb5\x1b\x9f\xc5\x28\x71\x33\xa5\x04\xa7\xb2\x64\xe3\x79\x8d\x5b\xe2\xf3\x90\x4b\x70\x24\x98\xb8\x81\x61\xb6\x91\x58\xad\xe9\x66\x8b\x40\x34\xe7\x96\x95\x78\x9e\x1d\x7e\xcd\xec\x13\x3b\xb2\x4f\xb0\x67\xa0\xb8\x43\x0a\xda\xc2\x22\x8d\x86\x2a\x16\xd9\x70\xd1\xb3\xcd\xb2\x25\xa4\x76\xf8\xff\x07\x8a\x83\x73\x58\xff\xfa\x35\xc2\xa2\xbb\x5d\x13\xcd\x70\x9d\x08\x24\xee\x8c\xaf\x3a\xdb\xd6\xa9\xd2\x0f\x57\xff\x1a\x2a\x9d\xc1\x5e\x71\x03\x7d\x75\x74\xb7\x89\xc3\x42\x13\xa5\x95\x7f\x7a\xe0\x93\x4b\x88\x34\xbe\x41\x9b\xbe\xf7\x76\xfe\xc2\xaf\x9d\xe3\xad\xf6\x15\x35\x88\x1a\xcf\x12\xa6\x88\x03\x8a\xb7\x90\x7b\x2a\xa5\x15\x05\x63\x27\x90\xf3\x0b\xd6\x4e\x4e\x0f\xd5\xd2\x5b\xe9\xb8\xc4\x24\xd3\xc2\x93\xe3\xca\xd1\x4b\x75\x13\x2a\x07\xab\xea\x87\x6b\x4a\xfd\x2c\xad\x7e\xb6\xee\x09\x00\xa9\xd9\x60\x05\xa1\x8f\x1a\x83\x46\x5d\xd2\x3c\xde\xf9\xd1\xc0\xe1\x58\xe0\x4c\x8f\xda\xad\xf4\xe6\xcd\xc0\xed\xed\x06\x3e\x73\x37\xde\x4f\x52\xbc\x8f\x2d\xb1\xdd\x16\x68\x6c\x19\x4d\xa4\xe1\x03\x9f\xa7\xb4\xf0\xd0\x3e\x21\x69\xaf\xeb\xff\x13\x00\x00\xff\xff\xac\xec\x71\x2a\x5e\x25\x00\x00")

func openwrtIptablesAcl_addShBytes() ([]byte, error) {
	return resourceSetBindataRead(
		_openwrtIptablesAcl_addSh,
		"openwrt-iptables/acl_add.sh",
	)
}

func openwrtIptablesAcl_addSh() (*asset, error) {
	bytes, err := openwrtIptablesAcl_addShBytes()
	if err != nil {
		return nil, err
	}

	info := bindataFileInfo{name: "openwrt-iptables/acl_add.sh", size: 9566, mode: os.FileMode(436), modTime: time.Unix(1790391578, 0)}
	a := &asset{bytes: bytes, info: info}
	return a, nil
}

var _openwrtIptablesAcl_delSh = []byte("\x1f\x8b\x08\x00\x00\x00\x00\x00\x00\xff\xbc\x59\x7b\x53\xdb\xd6\xb6\xff\x5f\x9f\x62\x55\x16\x35\xf4\x5e\x63\xc8\xd0\x3d\xb7\x30\xce\x0c\x35\xa6\xf1\x94\x3a\x0c\x26\x6d\xef\x24\xb9\x1a\x47\x96\x83\x6e\x8c\xcd\x48\x82\xf4\x1c\x60\x86\xb4\x10\xa0\xe1\x95\x09\x0d\x07\x62\xda\x90\x49\x4e\x48\x1f\x40\x1f\x07\x88\x31\xe1\xbb\xb4\xde\x92\xfd\x17\x5f\xe1\xcc\xd6\xcb\x92\x2c\x3b\x98\x72\xea\x7f\xd0\x7e\xad\xb5\xf6\x7a\xfd\xd6\xda\xf8\xde\x09\xde\x12\x32\xc1\x5b\x09\x69\x88\xf2\x81\xba\xfa\xb3\xba\xb3\xa5\xae\xdc\x2f\x6f\x3e\x53\x36\x4f\x4a\x7b\x5f\xa9\xab\xdb\xa7\x85\x8d\xe2\x61\x5e\x59\x98\xc5\x3b\x1b\x38\xb7\xad\xe6\x4f\xf0\xce\x33\x65\xee\x40\xfd\x61\xf7\xf7\xa9\x1c\xfe\x7a\x5b\x99\xba\x87\xe7\x9e\x96\xd7\x9f\xff\x3e\xb5\x89\x67\xf6\xf1\xc1\x2f\xca\xea\x9b\xd2\xd6\x82\xba\x31\x8d\x97\x77\x4b\x3b\x27\xe5\xb5\x1d\xf5\xf8\xa1\x7a\x94\x3b\x2d\xcc\x75\x87\xfb\x4e\x0b\xf3\x7f\x4c\x7d\x49\xf9\xa0\x78\x7c\xa2\xae\x6e\xe3\x5c\x5e\x59\xdf\x3d\x2d\x6c\xe0\x95\x5d\x75\x75\x1b\x06\xaf\x0e\xf6\x83\xba\x31\xad\xae\x6e\x2b\x73\x07\x38\xb7\x6d\xb1\x2b\xcd\x7e\x8f\xbf\x7e\x55\xde\xfa\x57\x79\xf3\x99\xfa\xe5\x6b\x3c\x7b\xa4\xae\x1f\xe1\xd9\xbc\xb2\xb6\x7f\x5a\x58\xb0\xcb\xac\xe4\x7e\x2c\x4d\x6f\x28\xb9\x1f\xf1\x93\x6f\x95\xd5\x7d\x5d\x1e\x8d\x29\xe5\x03\xe5\xe9\x2c\x9e\xbd\x5f\x7a\xf3\x08\xcf\xbc\x38\x2d\xcc\x29\xbb\xcb\xa5\xad\x85\xe2\xe1\x94\xb2\xb9\x75\x5a\x98\x3f\x2d\x6c\x50\x3e\x00\x18\x13\x44\x79\x34\x91\x66\x85\x91\x4e\x68\x6f\x6b\x6d\x6b\x6d\x6f\x7d\x1f\x8c\x9f\x0f\x8a\x87\x47\x38\xb7\x87\x37\xa7\x08\x81\xdc\x3c\x44\xfb\xc7\x3a\x80\x48\x4f\x3e\x4e\x0b\x0b\x78\xe5\x9f\x78\x6e\x9d\x8c\xd0\x69\x61\xde\x45\xb0\xa3\x8a\xa2\x0f\xf0\xce\xb7\xe5\xf5\x19\x9d\x8e\x45\x59\xcd\xef\x6a\x24\xc0\x52\x41\xf1\x30\xaf\xbe\xca\x57\x93\x44\x9d\x90\xe2\xda\xda\x3a\x3b\x2f\x81\x07\x49\x64\x90\xd4\x0e\x8d\x4a\xbc\x98\x49\x0c\xf3\x9d\x90\x48\x0b\x1c\xaf\xcd\x75\xf8\xda\xdb\x5a\xff\xa7\xb5\xad\xb5\x2d\x78\xa9\x43\x9b\x41\x3e\x8d\x5e\x7b\x67\x67\x10\x91\x19\xbb\x76\xf1\xfc\x62\xb1\xb0\xa1\x3c\x39\x51\x16\x9f\x01\xcb\x7e\x76\x75\xe0\xe3\x68\xec\x23\xb6\x27\x3a\xc0\xb2\x10\x04\x96\x8d\x47\x06\x3e\x8d\x0c\xb0\xd1\x1e\xd7\x38\x36\x18\x19\xe8\xed\x0e\x47\x58\x96\xd8\x82\xea\xbb\xfa\x11\xdb\x1b\xed\x8b\x84\x68\x17\x91\xc4\xa8\x3c\xd4\x9a\xce\xde\xa6\x29\x8b\x12\xd9\x63\x23\x5b\x59\x31\x69\xda\x37\x54\xf8\xd0\x54\xf8\x4a\x77\x34\xc6\xc6\xba\x3f\x89\x84\xe8\xec\x08\x9f\x19\x1b\xc9\xb0\x09\x2e\xcd\x32\x16\x35\x9a\xea\xbb\x1a\xfe\xb8\x86\x24\x5c\xba\x35\x9d\xe5\xee\xd0\x14\x15\xed\x1f\xec\xfe\xb0\x2f\x12\x0f\xd1\xc1\x51\x49\x0c\x4a\x24\x6e\x84\x11\x39\x71\x2b\xcd\x4b\x34\x15\xed\x47\x5e\xcb\xc8\x5c\x17\x52\x70\x1d\x02\x5f\x80\x7d\x51\xe2\x65\xb8\xd9\x05\xf2\x10\x9f\xa1\x88\xc9\xa2\xfd\xf1\xc8\xa0\xf3\xbc\xc4\xcb\x34\xc5\xa7\x25\xbe\xee\x86\x94\x40\x51\x3e\xe0\xb2\x99\x8c\x2c\x26\xb8\x3b\xc4\x11\x8b\xf9\x25\xe5\x70\x46\x5d\xb9\x5f\xda\x7d\x61\x79\x8f\xba\x31\x5d\x3a\xf9\x56\x59\x7a\x51\x3a\xf8\xae\x74\xf8\x7d\xb3\xfa\xf5\xbe\x32\x75\xaf\xb4\xb5\xdd\xf2\xc7\xd4\x97\xdd\xe1\x3e\x28\x3f\x7a\x83\x77\x5f\x43\x24\x4e\xee\x12\x8d\x5f\x89\xf4\xfc\xf7\x40\xa4\xaf\x7b\x30\xd2\x03\xc5\xc3\x29\xfc\xe6\x81\x1e\x49\xa7\x85\x05\x12\xbe\x47\x33\x7a\xdc\x03\x39\x5a\x7a\x39\x8d\xe7\xd6\x95\xb5\xa7\xca\xaf\xdf\x28\x8f\x7f\xc2\x85\x29\x7c\xf0\x0b\x3e\xca\xab\x3f\x3c\xb0\xd8\x92\xc0\x38\x99\x29\x6f\x1d\xe1\x95\x05\x65\x6d\x9f\x08\xf8\x2a\x8f\x67\xf6\x2d\x39\x94\xcd\x2d\xf5\xc9\x0e\x71\x8e\xf0\xd5\x58\x6c\x70\xa0\x3b\xfc\x71\x88\xa6\xa9\x54\x56\x04\x96\x93\x41\xc8\xd8\xf4\x57\xb9\x6e\xd5\x98\xec\x71\x4d\x39\x86\x5d\x90\xcc\x6a\x0a\x35\xad\x42\x33\x2c\x27\xd3\xa6\x31\xc0\xc6\x5c\x5b\xe8\x82\x5b\x22\x9f\xb8\xd3\x05\x29\x81\x4a\x66\x33\xbc\x61\xcd\xbf\x03\xcd\x58\x5b\x69\xb8\x09\xef\xbe\x0b\x5c\x76\x78\x38\x91\x49\x42\x60\xcc\x66\x8f\xcb\xc1\x24\x3f\x16\xcc\x8c\xa6\xd3\x70\xe9\xf2\xbb\xed\x36\x93\xdb\x38\x59\xdb\x75\x7b\x5e\xe9\xfe\x34\xc2\xea\x06\x6f\x23\xfc\x18\xed\x1b\xd2\x82\x24\x43\x20\x53\x87\xa4\xed\x60\xbb\x9d\x92\xe9\x9f\x6d\x9e\xbe\x68\x38\x2a\xdc\x84\x89\x09\xfb\x25\x2a\x2b\x6f\xe5\x68\x32\x30\xb9\xc6\xaf\xb0\x7d\x91\x58\xa8\x1d\x51\x54\x3a\x7b\x9b\x1d\xe6\x25\x29\x71\x9b\x6f\x6e\x81\x71\xed\x54\x3a\xcb\x25\xd2\x90\xe6\xc7\xf8\x74\x88\x66\xda\x69\xdb\xa4\xb1\x35\x44\x33\x97\xf4\x69\x9e\x1b\xca\x02\xcd\x34\x27\x13\x32\x0f\xfe\xff\x6a\xfa\xdf\x40\xd3\x70\xa0\x29\x09\x4d\x57\x3a\x9b\x3e\xe9\x6c\x8a\xfb\x5b\xe0\x3a\x33\xae\xd1\x9a\xbc\x09\xcc\xb8\x41\x60\x92\x86\xcb\x97\x81\x66\xcc\x44\x43\x53\x93\x14\x45\x34\xc8\x8e\x75\xb0\x9c\x90\x14\x25\x4b\x1a\x59\x84\x40\x12\xfc\x37\x44\x3f\xdc\xa0\xcc\x1c\x3a\x01\x12\x9f\x24\xda\xf6\x4b\xc1\xff\xbb\x7e\xbd\x53\x1a\x49\x70\x7c\xe7\xcd\x9b\xef\x75\xf8\x82\xc1\x91\xea\x9d\x7e\x29\x68\xdf\xc5\x04\x83\xce\x3d\xb7\x45\x7e\x84\x28\xd5\xef\x20\xc6\xb8\x08\x65\x45\x19\x02\xa3\xd4\xa4\x21\x29\xfa\x53\x92\xa2\xbf\x44\x52\x82\xaa\x5a\x30\x1b\x65\x82\x99\x70\x20\xaa\x41\x79\x8d\xa4\xa3\x47\x3b\x41\xd0\xfc\x4a\x50\x7d\xb2\xa3\x6e\x4c\x2b\x8f\x5f\xe3\x95\x87\x7a\x85\x70\x8b\x97\xe4\x00\x9f\x4a\x65\x45\x99\x24\x8e\xe7\x3f\x97\x7e\x7b\x51\x3c\x5c\xc4\xc7\x3f\xe3\x47\x8b\x5a\xce\xd1\xd1\x9d\xa4\x8b\x54\x7a\x54\x1a\x62\xad\x10\x72\x39\x99\x30\x52\xf1\x30\x23\x6e\x85\x11\x23\x60\x45\x5e\x1e\x15\x33\xd0\x66\xcb\x07\xee\xb8\xb6\xb9\xba\x4e\xd3\x72\x66\xa0\x3f\xeb\x1e\x88\x45\x63\x1f\xd1\x50\x89\x5f\x20\x42\x2e\xef\x6a\xa5\xd3\x42\xe9\xe0\xd7\xd2\xc9\xac\x9e\x8a\x81\x11\x46\xea\xa8\x83\xb6\x38\x38\x64\x4a\x09\xb6\x9b\x70\x19\x59\x1b\x71\x19\x39\xc4\x34\x57\xa4\x84\x40\x0f\x04\x24\xe3\x5e\x97\x6c\xa1\x3a\x01\x77\x39\x08\xa4\x5b\xb4\x53\xae\xfd\x49\xaf\xfd\x13\x20\x8b\xa3\x3c\x55\x75\xd1\x68\xac\xf7\x2a\x0d\x34\xa9\xee\xb4\xcb\x54\x6c\x5c\xff\x56\xa0\x63\x84\x92\x5f\xd1\xcd\xad\x7c\xb3\x17\x62\xc6\xb9\x8c\x3c\xa9\x45\x63\xb8\x2f\x1a\x89\x0d\xb2\xd1\x7e\x92\xe7\xad\x41\x87\x63\x84\xc8\xe8\x5a\x3c\x32\xa0\xa3\x38\x4d\x75\x87\xfb\xd8\xbe\x68\x8c\x80\x2d\x4d\xdd\x1d\x12\xd2\x3c\x44\x7b\xe3\x21\x10\xf9\x44\x12\x02\x22\xb0\x69\x21\xc3\x5b\x49\x5e\x1b\x85\x68\x66\x5c\xfb\x68\x62\x48\xe8\x4c\xea\xca\xe6\x12\x12\x4f\x92\x3f\x59\xa0\x41\xa8\xd8\xd8\x5e\xac\xbd\xd7\x62\x4d\x6b\x29\xbb\x22\x24\xd3\x3c\x22\x0a\x19\x39\x05\xfe\x26\xe9\x46\xc6\x5f\xa1\xe4\x08\x47\x3b\x2d\x7b\x34\x69\x81\x39\x61\xc6\x33\xf8\x9d\x6c\xba\xba\x3c\x84\x41\x35\x85\x41\x0d\x0b\x83\xfe\xac\x30\x35\x65\x69\x58\x94\xf3\x49\x62\x15\xb2\x2e\x39\x2c\x4f\x39\x9b\x18\x16\x19\xb7\x10\x35\x19\x77\xf8\xde\x9b\x40\x3e\x17\x57\x9b\x4f\x32\xe3\xd6\x60\xd2\xf0\xba\x49\x9a\xf1\xdf\xc8\xf8\xbd\x28\xf2\x52\x82\xd3\xab\x0a\x7b\x59\x61\xea\xd2\x99\x7e\xf4\x0d\x19\xfb\x86\x0e\x5b\xd9\x52\x89\x25\xfb\x7a\x17\x90\x02\xd2\x7b\x15\xd1\x5a\x51\x93\x12\xde\xce\xbb\x46\xda\x23\xb5\x74\x92\x4f\x83\x5a\xc8\xe3\xbd\x87\x36\xf7\xb0\x92\x9f\x01\xe1\x5f\x08\x32\xb4\x1b\xa5\x2a\x9e\x99\xd3\x73\x37\x68\xfd\xe0\x02\xbe\xbf\xa8\xe3\x47\x8d\x24\x72\x5a\xd8\x20\xcd\x55\xe4\xf3\xe8\x20\xc8\x62\x62\x04\x8a\x27\x9b\xa5\xdd\x7b\x38\xb7\xad\xcc\x4f\x29\xb9\x79\x9d\x58\xe9\x60\x17\xbf\x99\x2e\xbe\x7e\x80\x57\x96\x94\xf9\x97\x56\xa1\x5a\xbe\x77\x82\x67\x16\xf1\xcc\x9c\x72\x38\x63\xab\xca\xf0\xca\xd2\x1f\x53\xf7\x34\x1c\xd9\xdb\x50\x72\xdf\x1b\x89\x2a\xf7\x5d\x79\xed\x37\xe5\xf1\x1e\xa9\x5d\xad\xac\xf6\xec\x07\xa5\xb0\xac\x2c\x69\x8d\xab\x26\x80\xdf\x85\x38\xe0\x52\x79\x9d\x65\x44\xfb\xb5\x9b\x50\x54\x38\xda\x33\x10\xf7\x4a\x23\x96\xff\x10\x5f\x75\x14\x2c\x2d\xfa\x21\xaf\x70\xf7\x38\x84\xcc\x43\x36\xeb\x6a\x3c\x0d\xf0\xb3\xcf\xa1\x33\x99\x5b\xef\xca\xe1\x9a\xc4\x8b\xc0\x98\x91\x06\x9f\xea\x56\x8f\xf6\x77\x42\xe5\x9e\xa0\xac\x3d\xd5\x5b\x83\x9d\x3d\x7c\xfc\x8d\x0b\x0c\x6d\x5e\xd1\xa6\x79\x85\x17\xda\x34\xc2\xcd\x78\x89\xb0\xdc\x0a\x48\x0b\xf2\xf2\x01\x6d\x84\x15\xcd\x54\x0a\x63\x1a\x42\x40\xb7\x3b\xef\xdb\x6c\xc5\xa6\x90\x82\x77\x20\x45\xba\x3e\xf8\xc0\x05\xfd\x17\xa4\x98\xd2\xd2\x01\x5e\x7e\xdc\x1d\xee\x2b\xaf\xde\x2b\xed\xcf\xe8\xef\x17\xba\x72\xb4\x8e\xce\xae\x21\xf3\x67\x68\xca\x1c\x12\x8d\x99\xdf\x3e\x08\x58\x3f\xfd\x05\xa1\x32\xb6\xdf\xca\x4c\x1d\x2e\x0f\xa8\x91\x4e\x1c\xdc\x49\x35\xef\xe1\x72\x26\xa9\x09\x90\x86\x12\x97\xde\x47\xd2\xe8\x30\x4c\x00\x37\x2a\x43\x80\x6b\x0f\x30\x66\x0f\xe0\xcc\x94\xf1\x81\x30\xab\xf5\xb1\xd9\x31\x66\xdc\xea\xc2\x27\x59\x89\x65\xc6\xc9\x89\x49\xe7\xc5\x7b\xe2\x83\x9e\xdb\x93\xde\xdb\xe3\xd7\x3e\x64\xb5\x9e\xbf\xea\x00\x57\x39\xe0\x38\xa1\xd9\xdb\xde\x5e\xd1\x8c\x21\x22\x5d\xa7\xe9\x39\x83\x4b\x28\xf9\x95\xf2\x93\xfb\x60\x52\xd3\xea\xc2\x9f\xfe\x81\x73\xdb\xcd\x78\x79\xb7\xf4\xd5\xb1\x55\x4b\x29\x73\x8f\xf1\xa3\x39\x7c\xb8\x40\x76\x2c\xbc\x2e\xcf\x2c\xb6\x40\x03\xfe\xd4\xe1\xf2\x14\xf3\xb9\xc0\xfe\x33\xee\x47\x32\xb5\xed\x7a\x4e\xc3\xbb\xea\xc0\x1b\x55\x44\xea\xdc\xb5\x78\xb4\x54\xb9\xa8\xfa\xf2\xa8\xbc\xfe\xdc\x2e\x21\xe8\xe5\x7b\xe5\xe2\x96\x2e\x5a\xe8\x2a\x36\x03\x91\x4f\x88\xfd\x98\x66\x47\xcf\x1b\x90\x79\x51\xab\xd6\x2c\xe9\x9d\x75\x6e\xe2\xee\x1d\xf0\x07\x63\xa3\xc3\xb7\x78\x11\xb2\x29\xe0\x33\xb2\x28\xf0\x52\x70\x5c\x73\x5a\x60\x62\xbd\x93\x2e\x48\x87\x4a\x3b\xa0\xb3\x34\x62\xc2\xe0\xdf\x56\xdf\xce\x8d\xa7\xa8\x0e\xa3\x61\x69\xd6\x82\xbc\x05\x24\x91\x0b\x55\x74\x76\x34\x0d\x5a\xc0\x00\x9e\x7f\x55\x3c\x5e\x0f\x99\x32\x55\x49\x61\xa4\x33\x53\xe4\x10\xd0\x6d\xde\x41\x6b\xb3\xbd\xde\x9a\x43\xe0\x2e\x29\xfc\x69\xa6\xf2\x28\x46\x43\x60\x18\x24\x9e\xe8\x77\x38\x21\x73\x43\x01\xf2\x6d\xd3\xb1\x24\x72\x10\xf8\x7f\x32\x63\xc6\x55\xed\x7e\xe1\x3f\xc0\xb7\x3b\x1c\x8e\xf4\x0f\x9e\x93\x63\xef\x45\x88\xfd\xf9\xb9\x89\xe8\xf1\x26\xc9\x62\xf6\x6f\x35\xbd\xb6\x11\x0a\x46\x22\x3c\x3b\x05\x4f\x77\xad\xb8\xd9\xc1\x2f\xca\xda\x53\xd7\x8b\x3e\xa9\xc5\x74\x04\x75\x38\x67\x52\x92\x43\x26\x7f\xe0\x86\x12\x42\x26\x64\x53\x4a\x15\x73\xa3\x65\xf5\x18\xd6\x83\x2d\x74\x06\xd8\x42\x35\x60\x0b\x79\x47\x80\x13\xf9\x8d\x07\x2a\x1a\xde\xa9\x86\xff\x9a\x7a\x7b\x1b\xc2\x1b\xaf\xff\x48\x2b\x39\x8a\xc7\xf7\xd5\x5f\x8f\xd4\xa3\xef\x48\xe9\x63\x3d\x9d\x59\xe0\xae\x6f\xf4\x44\x77\xaf\x9c\x4d\xcc\xe4\x55\xe8\x99\x9a\x68\x08\x75\x41\x47\x5e\xe4\x89\xa5\xc8\xc4\x5e\x34\x59\x6d\xcd\x9e\xf8\x60\x8d\x53\xc9\x3a\xa7\xe2\xd7\x3e\x44\x35\x80\x18\x71\xb6\x73\x5e\xe9\xcd\x03\x8e\x51\x23\x78\x5c\xc7\x88\xba\x05\x2a\xc0\x8c\x2e\x1c\x99\x91\x3d\xe5\xa3\x6a\xc5\x78\x9a\x1a\x3c\x20\x1a\x55\x61\x34\x3a\x23\x46\xd7\xb9\xbf\x89\xd3\xc8\x1b\xa8\x51\x43\x40\x0d\x16\x58\xa3\x7a\x68\x8d\x2e\x0e\xae\xc1\x0d\xd9\xc8\x81\xd9\xc8\x03\xb4\xab\x94\x71\x36\xe0\x76\x9a\xd1\x81\xdc\xa8\x02\xdd\xc8\x89\xdd\xc8\x05\xde\x1e\xe6\x07\x37\x82\xa3\xb3\x40\xb8\xe1\x1f\xe8\x1c\x78\x8a\xaa\x81\x1c\x35\x8a\x66\x17\xc6\xbe\x41\x3c\xf7\xe0\xdb\x7b\x71\x57\xf8\xfc\xcf\x91\xaa\xc2\x77\x2f\x3f\x6f\x94\x8c\x99\x6c\x1b\x23\xe3\xe5\xdf\x5a\xa6\xb3\x7b\xe6\xd9\xf0\x1e\x39\x00\x1f\xb9\x10\x1f\xd5\x82\x7c\xa8\x86\x7d\x8f\x29\x67\x25\x40\xfe\xb4\xc0\x07\x97\x69\xc6\xfa\x07\xac\xed\x9f\x9d\xe7\x6f\x58\x53\x59\x11\x38\x21\x29\x82\x90\x01\xe3\xb0\xf5\x18\x6c\xfe\x8c\x7f\x71\x85\x68\x77\x91\x6a\x73\x6a\x08\x48\x8e\xea\x3d\x90\x04\x46\xa3\x6b\x39\x32\x5d\xfb\x65\xe0\x5c\xed\x81\xf6\x02\x95\xe0\xd2\xf8\xe1\x71\xf1\xe8\xb9\x9e\x6d\xac\xff\x26\x04\x8a\x85\xa7\xa4\xb4\xd8\xde\xc2\x85\xe5\x96\x4e\x60\x8c\x3b\x38\x85\x30\x67\xad\x49\xed\x69\xd1\xa6\xf1\xf3\x57\x54\x35\xaa\xa9\xda\xc5\x54\xb5\x21\x50\x95\x21\xdc\xc6\x40\x67\xb3\x06\x7a\xab\x35\xce\x69\x11\x77\xde\xbf\x00\x93\x78\x9a\xc5\x61\x1a\xf0\xaa\x0b\xfe\xe2\x32\xd4\x70\x0f\xfd\x35\x98\x32\x9e\x9b\xfe\x1d\x00\x00\xff\xff\xff\x4a\x4a\x49\x20\x24\x00\x00")

func openwrtIptablesAcl_delShBytes() ([]byte, error) {
	return resourceSetBindataRead(
		_openwrtIptablesAcl_delSh,
		"openwrt-iptables/acl_del.sh",
	)
}

func openwrtIptablesAcl_delSh() (*asset, error) {
	bytes, err := openwrtIptablesAcl_delShBytes()
	if err != nil {
		return nil, err
	}

	info := bindataFileInfo{name: "openwrt-iptables/acl_del.sh", size: 9248, mode: os.FileMode(436), modTime: time.Unix(1790391578, 0)}
	a := &asset{bytes: bytes, info: info}
	return a, nil
}

var _openwrtIptablesAuthSh = []byte("\x1f\x8b\x08\x00\x00\x00\x00\x00\x00\xff\x9c\x56\x6f\x4f\xdb\xd6\x17\x7e\xfd\xbb\x9f\xe2\xfc\x2e\x8e\x48\x34\xb9\xa1\x55\xc5\x8b\xac\x61\x42\x23\xed\xa2\xd1\x80\x42\xff\x6c\xa2\xcc\x32\xf6\x0d\x58\x72\xae\xb3\x6b\x87\xb6\x03\x24\x68\x4b\x4b\xd7\x00\x55\x17\x75\x1b\xa5\xa3\x7f\x60\x45\xeb\x48\x3a\x69\x6b\x29\x4b\xc7\x87\x59\xfc\x87\x57\xfd\x0a\xd3\x75\xec\x90\x14\xd2\x6a\xcb\xab\xf8\xf8\x9c\xe7\x3e\xcf\x39\xf7\x3c\x72\xd7\xff\xe3\xe3\x1a\x8d\x8f\xcb\xe6\x24\xea\x02\x7b\x6d\xcb\xae\x3c\x71\x16\x5f\xb9\xcf\xab\x5e\x65\xc3\xab\xce\x3b\xdf\xbf\x74\x6e\x3f\xf3\x1e\x97\x9c\xed\x0d\xef\xc6\xaa\xb3\xf6\x2b\xea\x82\xfd\xb9\x55\x6f\xef\x96\xbb\x5c\xb5\x9f\x5c\xb7\x57\x7e\xd8\xbf\xb5\xe2\x2c\x6f\x3a\xe5\x97\x6e\x79\xcb\x59\x7c\x65\xdf\x5d\xb2\xef\x95\xec\xea\x4d\xf7\xd1\x3c\x44\x4d\x85\x69\x05\x4b\x34\x89\x52\x64\x9a\x75\x15\x4e\xc6\x10\x4a\x67\xce\xa5\xb2\x99\xfe\x41\xa9\x7f\x38\x9d\xc4\x92\xd4\xfa\x2c\x49\x18\x0d\x0e\x9d\x91\x4e\xa7\x07\x53\xfc\xdd\xc5\xa1\xec\xe7\xe9\xcc\x19\x69\x20\x9d\x95\x24\xb9\x68\x4d\x1e\xd3\x8d\x09\x8c\x46\x52\xd9\x0b\xa9\xac\x94\x1e\xe0\x39\xcd\x07\x5e\x8c\x74\x63\x42\xca\x13\xd3\x94\x27\x48\x34\x06\xd3\x08\x00\x40\x37\x14\x59\x07\x9d\x4c\x11\x3d\x89\x85\xe3\xb8\x25\x18\xa4\x26\xb1\x70\xa2\x11\x26\xca\xa4\x01\x58\x88\xaa\xb2\x45\xa0\xfb\xa3\xc8\x97\x62\x24\x2f\x46\x54\x88\x7c\x96\x88\x9c\x4d\x44\x46\xba\x63\x30\x2a\x4c\xfb\x58\xb3\x63\x20\x4c\x07\x00\xb3\x18\xfa\xfa\x00\x0b\x21\x79\x8c\x66\x11\x6f\x69\xd8\x4f\x77\x6d\xdd\xae\xfc\x64\xaf\xbd\xb0\x1f\xce\xbd\xad\xad\x0e\x15\x08\xbd\x30\x9c\xe1\x2d\x87\xf4\xf0\xd4\x49\xe0\x29\xd7\x5e\x7b\x95\xbf\xdc\x37\x15\x28\x52\x8b\x15\x4d\x8b\xa8\x92\x56\x78\x5b\x2b\x05\x49\xbd\x41\x92\x53\xe6\x79\x6d\x49\xbd\x7f\xcf\x5d\x43\x5d\x50\xdf\xd9\xf0\xe6\x16\xea\xbb\xf7\x9c\xfb\x9b\x6f\x6b\x25\x67\xa9\xe2\x6c\x6f\xb8\x8f\x2b\x76\x65\xb5\xfd\xfc\x07\x0d\xb8\xf2\x16\x8c\xca\xaa\xca\xc6\x12\x05\x83\x59\x60\xbf\x79\x62\xd7\x56\xf6\xe7\xf7\xec\x85\xa5\xfa\xce\xb2\xfb\xbc\x6a\xaf\x3c\x75\xee\xd4\x9c\xe5\xcd\xfa\xee\x33\xb7\xbc\xee\x6c\x3f\xab\xbf\xbe\xcd\xcf\xca\xa6\xfa\x07\xa5\x4f\x07\xd3\xa9\xcc\x39\xa9\x7f\x60\x20\x9b\xc4\x18\x69\x39\x18\x05\x91\x02\x16\x5a\xa9\x61\x18\xfb\x18\xac\x49\x42\xfd\xee\x1e\xae\x6b\x4b\x4e\xb4\x3c\x71\x4a\x18\x11\xfd\x68\xd8\xde\x0f\xe1\x8e\xb6\xa7\x8f\x1d\x86\xce\x69\x7c\x42\xce\xd3\x39\x67\x7d\xd3\xde\x5b\xf0\x7e\x9e\x77\x57\x6f\xb4\x5e\xeb\x40\xd1\x37\xfc\x68\x93\x30\x2a\xe7\x09\x86\x31\x98\x99\x09\xa3\x05\xd9\x34\x2f\x1b\x4c\x6d\xe7\xd2\x72\x03\x01\xa7\xb2\xd9\xa1\x2c\x6e\x41\x80\x66\x15\xe4\x98\x91\x07\xe1\x5d\xea\x70\x56\x33\x4d\x8d\x4e\x40\xb3\xc2\x60\xd0\xac\x21\x74\x4a\x63\x06\xcd\x13\x6a\xc1\x94\xcc\x34\x79\x5c\x27\xc7\xf0\xe1\x73\x85\xa8\x49\xac\x58\x70\xa5\xaf\x68\x16\x1c\x87\x2e\xd8\xff\xa5\xe4\x55\xe7\xed\x8d\xdf\xbc\xdf\x37\x7d\xf9\xa1\x40\x81\xaf\x96\x94\x93\x35\x9d\xa8\x12\x23\xb2\x69\x50\x29\xa7\xe9\x24\xd4\x05\x3e\x4e\x87\xa4\x24\xee\xf0\x22\x6c\xb1\x5d\x7d\x1d\x6a\xb1\xef\x95\x42\x29\xde\xde\x03\xef\x71\x69\x5c\x36\x49\xef\x49\xb7\x76\xdf\x7d\x34\x8f\x08\x55\x0c\x95\xa8\x52\x98\x9d\x14\xa2\xfe\x3a\x36\xa6\xdf\x1c\xc1\x0c\x34\xaa\x40\xbc\x0c\x3d\x30\x03\x16\x03\x51\x85\xee\x4b\xb4\x3b\xd6\x84\x08\x4f\x69\x83\x38\x98\xd7\xfb\x20\xf8\xa5\xf0\x4d\xcf\xde\x2d\xbb\xe5\x2d\x77\xeb\x8e\xbd\xbb\xd2\x60\xdb\x70\x45\x34\x69\x59\x05\x69\xdc\x50\xaf\x26\xb1\x49\xd8\x14\x61\x92\xa6\x26\x40\x68\x1a\x11\x0a\xb9\x26\x40\x78\x57\x13\x0a\x49\xb4\xbc\x0b\x43\x88\x11\x59\x97\xb4\x82\xc4\x97\x32\x71\xf8\x6a\x20\x45\xd7\x08\xb5\x24\x85\x30\x4b\x0a\xf0\x15\x23\x9f\x37\xa8\xff\x84\x11\x62\xc4\x0c\x98\x09\x51\xa5\xc8\x74\x10\x4d\x10\xbf\x80\xe1\xa1\x91\x73\x5c\x20\x16\x9a\xd4\x31\xf0\xbf\x89\x78\x5c\x68\xf5\xdf\x38\xa7\x19\xe7\xf3\xe4\x9d\xc1\x97\x2e\x51\xd3\x92\xad\xa2\x99\x8c\x4c\xfb\x95\x9c\xef\x2c\x8e\xa1\x20\x8a\x31\x3f\xb1\xa8\x5b\xfc\xdf\xe5\x49\x7e\x63\xd2\xa7\x47\x92\xc0\x88\xac\x82\xc8\x40\xd7\x28\x41\xaa\xd1\x6a\xac\x3c\xc4\xfb\x3f\xc1\x48\x01\xf0\x57\x21\x10\xf4\xc5\x55\x32\x15\xa7\x45\x5d\xf7\xb3\xfd\x9b\x29\x7c\x02\x22\xf9\x1a\x7a\xda\xd6\x8b\xff\x82\xaa\x60\xb6\x07\xa0\x4a\xd1\xf2\x65\x26\x31\x88\x39\x38\x11\x6b\x16\x28\x06\xb5\x34\x5a\x24\x7e\x20\xa7\xbd\x87\x50\xa8\xe7\xdf\x11\x0a\xaa\xfe\x3b\x21\xd5\xa0\x04\x4e\x9d\x3a\x05\x58\x68\xce\x10\x07\x0b\x8a\x85\x86\x5e\x0c\xc9\x24\xe0\x13\x3d\x3d\x07\x7e\xd3\xb6\xf3\xe9\xcc\xe9\x21\x0c\xf8\xbc\x49\x18\x74\x37\xf7\xa5\xbb\x93\xcf\xf0\x29\x13\x6a\x69\x8a\x6c\x11\x15\xcc\xa2\xa2\x10\xd3\xcc\x15\x75\xfd\xea\x31\x8c\xfe\xe7\x9b\x46\x4f\xd3\x34\x9c\xc5\xbb\xf6\xb7\xeb\x88\xe8\x26\x81\xc3\x6e\x73\xb1\x3f\x9b\x49\x67\xce\x60\xc0\xfd\x07\xa0\x9a\x41\xa1\x61\x0a\x90\x33\x98\x6f\x67\x6d\xb4\xa2\x20\x34\xda\x06\xb1\x0e\x14\x7d\x1e\xbc\xa1\x61\x62\x5f\x5f\x67\xab\xfa\x80\xd5\x75\x81\x28\x8a\xd0\xf8\x88\x71\xff\xfc\xce\x79\xb8\xce\x03\x7c\xd7\xb7\x9f\xda\x3b\x3b\xce\xf5\x05\xfb\xe6\x1f\xf5\x9d\x3b\xf5\x9d\xa5\x7a\x6d\x35\x30\x80\xc5\x17\xde\xde\x8f\xfb\xb7\x4a\xe8\x48\x4f\x3f\x4f\xc9\x95\x02\x51\x78\xf7\x08\x63\x06\x03\x8d\xb6\x36\x95\xeb\x6f\x7c\xff\x1c\xad\xbf\xa3\xe6\x86\x88\x7f\x02\x00\x00\xff\xff\xea\x0d\xb7\x48\x9c\x09\x00\x00")

func openwrtIptablesAuthShBytes() ([]byte, error) {
	return resourceSetBindataRead(
		_openwrtIptablesAuthSh,
		"openwrt-iptables/auth.sh",
	)
}

func openwrtIptablesAuthSh() (*asset, error) {
	bytes, err := openwrtIptablesAuthShBytes()
	if err != nil {
		return nil, err
	}

	info := bindataFileInfo{name: "openwrt-iptables/auth.sh", size: 2460, mode: os.FileMode(436), modTime: time.Unix(1790421345, 0)}
	a := &asset{bytes: bytes, info: info}
	return a, nil
}

var _openwrtIptablesClientConfig = []byte("\x1f\x8b\x08\x00\x00\x00\x00\x00\x00\xff\x4c\x8e\xcd\x6a\xec\x30\x0c\x85\xf7\x7a\x0a\xbf\x80\x13\x2e\x77\x6b\x0a\xc3\x74\x51\x68\x17\x43\xa7\x2f\xe0\x49\xce\x10\x93\xd4\x0e\xb2\x12\x08\x41\xef\x5e\xec\xe9\x4f\x76\xfa\x8e\x3e\xa4\xd3\x4d\x01\x51\xa8\xc7\x6a\x64\x89\x34\x73\x92\x64\xf6\xbd\xb9\x82\x57\x70\x73\x29\xac\x4a\x8c\xcf\x24\x28\x8b\xf7\x3a\xbd\xa4\x2c\xaa\x7f\x7c\x49\x2c\x55\xcb\x69\x5a\x2d\x43\x78\x33\x21\xde\x43\x0c\x02\x8a\xe9\x16\x62\x4f\x33\x38\x87\x2c\x76\xc4\xf6\x3b\x97\x9f\x7e\x91\xc1\x2e\x19\x6c\x67\x9f\x33\xf5\x5e\xbc\xed\xc2\x3c\x80\xf3\xa1\xc9\xb3\x17\x7f\xae\xa9\x2a\xad\xe0\x9b\xf9\x4f\xae\xf3\x4f\xb4\xef\xcd\xf9\xa4\x4a\xae\x2d\xe4\x3a\xb0\x3c\x42\xd4\x4a\xae\xfd\x49\xc2\xdd\x34\xaf\xd8\x54\xdd\x88\xad\x2a\x95\xc8\xb5\xdf\x8c\xd8\xab\x3e\xbc\x8f\xb7\xeb\x69\x91\xa1\x0a\x23\x36\xdb\x07\x46\x27\x21\x45\xf3\x8f\x9c\x4c\xd9\x96\xd2\xf5\xc6\xd1\x24\xd7\x1e\x77\xf5\x1e\x7d\x05\x00\x00\xff\xff\xf2\x73\x31\xa0\x62\x01\x00\x00")

func openwrtIptablesClientConfigBytes() ([]byte, error) {
	return resourceSetBindataRead(
		_openwrtIptablesClientConfig,
		"openwrt-iptables/client-config",
	)
}

func openwrtIptablesClientConfig() (*asset, error) {
	bytes, err := openwrtIptablesClientConfigBytes()
	if err != nil {
		return nil, err
	}

	info := bindataFileInfo{name: "openwrt-iptables/client-config", size: 354, mode: os.FileMode(436), modTime: time.Unix(1790391574, 0)}
	a := &asset{bytes: bytes, info: info}
	return a, nil
}

var _openwrtIptablesClientPageHtml = []byte("\x1f\x8b\x08\x00\x00\x00\x00\x00\x00\xff\xb4\x59\x6d\x73\x13\x47\xb6\xfe\xee\x5f\x71\x32\xdc\xcb\x48\x17\x49\x23\xc9\xb6\x80\x91\x46\x14\x70\xe1\xc2\x4d\x78\xa9\xc0\xbd\x55\x29\x8a\xa5\x46\x33\x3d\x52\xe3\xd1\xf4\xa4\xa7\xc7\x2f\x51\x5c\x65\x67\x43\x70\x58\x48\xc8\x2e\x2c\x05\x4b\x12\xc8\x02\xa1\xb2\x60\xb3\x59\xc2\xcb\xc6\x4e\xfe\xcb\xc6\x23\xcb\x9f\xfc\x17\xb6\x7a\x7a\x46\x1a\x49\xc6\xc0\x92\x35\x55\xd2\xa8\xe7\xf4\x39\xcf\x39\xfd\xf4\x39\xa7\x9b\xca\x5b\xff\x7d\x6c\xff\xc9\xf7\x8e\x1f\x80\x06\x6b\xda\xd5\x91\x0a\xff\x02\x5b\x77\xea\x9a\xf4\x41\x23\xbb\xff\xa8\xc4\xc7\x90\x6e\x56\x47\x2a\x4d\xc4\x74\x30\x1a\x3a\xf5\x10\xd3\x24\x9f\x59\xd9\x5d\x12\x28\xf1\x0b\x47\x6f\x22\x4d\x9a\xc4\x68\xca\x25\x94\x49\x60\x10\x87\x21\x87\x69\xd2\x14\x36\x59\x43\x33\xd1\x24\x36\x50\x36\xfc\x91\x01\xec\x60\x86\x75\x3b\xeb\x19\xba\x8d\xb4\x82\x50\xc3\x30\xb3\x51\xf5\xff\x8f\x1f\x85\xce\xcf\x5f\xb5\x3f\xbb\xbb\xfa\xf3\xed\xf6\xfc\x52\x45\x11\xe3\x23\x15\x8f\xcd\xf0\x6f\x00\x95\x12\xc2\xa0\x05\x06\xb1\x09\xcd\x7a\x46\x03\x35\x91\x0a\x36\xae\x37\x18\x98\x3a\x9d\x28\xc3\xec\x08\xc0\x7f\x41\x0b\x6a\x64\x3a\xeb\xe1\x0f\xb0\x53\x57\xa1\x46\xa8\x89\x68\xb6\x46\xa6\xc5\xfb\x1a\x31\x67\xa0\x05\x4d\x9d\xd6\xb1\xa3\x42\xbe\x0c\x16\x71\x58\xd6\xd2\x9b\xd8\x9e\x51\x21\xab\xbb\xae\x8d\xb2\xde\x8c\xc7\x50\x33\x03\xd2\x09\x54\x27\x08\xfe\xef\xb0\x94\x81\x77\x49\x8d\x30\x92\x01\xe9\x10\xb2\x27\x11\xc3\x86\x0e\x47\x91\x8f\xa4\x0c\xec\xa5\x58\xb7\x33\x20\x1d\xc7\x4e\xfd\xa0\xee\xd4\xe1\xc4\x7e\x29\x03\xd2\x11\x6c\x50\xe2\x11\x8b\xc1\x7b\xfa\x21\x84\xa5\x0c\x78\xba\xe3\x65\x3d\x44\xb1\x55\x86\x9a\x6e\x4c\xd4\x29\xf1\x1d\x53\x85\x6d\xd6\xb8\x55\xb2\x76\x95\x85\x6f\x2a\x6c\x2b\x58\xc5\xdd\xa3\x3b\x05\xe2\xdc\x14\xd5\xdd\x10\xf2\xb4\x08\xa4\x0a\x3b\x8b\x79\x77\xba\xdc\x73\x02\x74\x9f\x91\x32\xb8\xba\x69\x86\x4e\x8b\xd7\xe1\x64\x43\xa7\x26\x0f\x49\x9f\x35\x8b\xdb\x17\x81\xa1\xba\x89\x7d\x4f\x85\x42\x91\x4f\x09\x23\xd7\xd0\x4d\x32\xc5\xb5\x16\xdd\xe9\x70\x1c\x68\xbd\xa6\xa7\xf2\x19\xfe\x2f\x97\xdf\x95\x1e\xb2\x24\x80\x64\x6b\x84\x31\xd2\x54\xa1\x50\x8a\xcd\x37\x0a\xd0\x12\x01\xf6\xf0\x07\xa8\x5f\x9c\x5b\xc8\x27\x65\x8b\xfd\xb2\x85\xf1\x21\xd9\x10\x63\x1c\xa3\xd1\x9d\x63\x85\xf1\x42\xe4\x26\x25\x53\xd0\x02\x13\x7b\xae\xad\xcf\xa8\x60\xd9\x68\xba\x0c\x67\x7d\x8f\x61\x6b\x26\x1b\x91\x52\x05\xcf\xd5\x0d\x94\xad\x21\x36\x85\x90\x53\x86\xba\xee\xc6\x8e\x77\x1d\xda\xed\x4e\x73\x52\x74\x69\x13\x79\xe4\x4e\x83\x47\x6c\x6c\xc2\x36\x2b\x6f\x15\xac\xd1\x9e\x59\xd5\xd6\x3d\x96\x35\x1a\xd8\x0e\xe3\xdc\x3f\xcf\x21\x0e\x8a\x44\x27\x62\xea\xaa\xb0\xad\x54\xdb\x59\xdc\xc5\xa9\x67\xa3\x69\xe1\x9a\x58\xc0\x50\x70\x12\x5a\xc0\xd0\x34\xcb\xea\x36\xae\x3b\x2a\x50\xce\xf0\x32\x4c\x11\x6a\x66\x6b\x14\xe9\x13\x2a\x84\x5f\x59\xdd\xb6\x23\xf6\x4e\x21\x2e\xa3\xc2\x78\x3e\x1f\x29\x71\x10\xf3\xfa\x69\x1e\x79\x98\xb5\x91\xc5\x54\x28\xec\xea\x32\x24\x14\xb5\x31\xb4\x7a\x41\x18\x15\x41\x08\x5f\x37\x7d\x86\xcc\x04\xf6\xdd\x86\x3e\xaa\x5b\xe5\xbe\x95\x1a\xed\x2a\x43\x94\x0e\xb1\x0d\x59\x45\xab\xd8\x5b\xb7\xda\xee\x82\x51\x30\xe2\x10\xf7\xc7\x16\x19\xba\xa1\x0f\x71\x73\x57\xdf\x0a\x89\x05\x7b\x21\xe5\x72\x64\x62\x08\x41\xde\x32\xad\xb1\xc4\xee\x2a\x95\xc6\x47\xc7\x36\x45\x50\xab\x59\x3b\xcd\xfc\x9b\x21\xc0\x8e\xeb\xb3\x53\x6c\xc6\x45\x1a\x5f\xc7\xd3\xd0\x82\x68\xdf\x16\xf2\xf9\xff\xec\x8b\x5c\x31\xd4\x64\x23\xc6\x10\xcd\x72\x76\x86\xfa\x43\x4d\x49\x0a\x18\xc8\x61\x88\x0e\x21\xd8\x04\xbf\x59\x30\xc7\xcd\xda\xe6\xf8\xc3\xf4\xe7\x33\x46\x9c\x41\x44\x91\x2b\x8c\x0c\xef\x07\xf1\x33\xb9\xd8\xa5\xa4\x69\x41\xf0\xcd\xac\xf5\xad\x40\x71\xbc\x34\x8a\x6a\xbd\x15\x08\x33\x90\xe1\x53\x8f\xff\x72\x09\x16\xee\xf5\x00\xe6\x3c\x64\x10\xc7\xd4\xe9\xcc\xe0\x5a\x22\x6b\x6c\x6c\x6c\x2c\x29\xab\x9a\xd8\xd3\x6b\x76\x48\x52\xc2\x43\xc8\x66\x54\xc8\x95\x7a\xfa\x1d\xc2\x03\x69\x93\x29\x64\x8a\x79\x06\x31\xd1\x10\x47\x46\xad\x31\xab\x94\xcc\x6c\xee\x34\x24\x5c\xed\x3a\x37\x36\x18\x8f\x1e\xf9\xc5\x32\x0d\x6c\xdf\x78\xed\x66\x47\x2a\x4a\x54\xcb\x2a\x4a\x54\x5b\x79\x31\xaa\x8e\x54\x4c\x3c\x09\x86\xad\x7b\x9e\x26\xf1\x5c\x2f\xf1\x6a\x17\x0e\x62\x53\x93\x74\xd7\x95\xe2\xb7\x3c\x99\x4b\xd5\xa4\x7c\x64\x32\xdc\xa4\x52\x35\xb8\x70\xab\xb3\xb2\xb2\xfa\xec\xe1\x3f\xe6\xee\x55\x14\x13\x4f\x56\xc5\x67\xac\xaf\x4f\xcd\x08\x00\x40\xa5\x51\xac\xb6\xaf\xdd\x0a\xee\x3c\xee\x2c\xfe\x14\xdc\x39\xbf\xb1\xbc\x60\xf8\xd4\xde\x58\xfe\xb4\xa2\x34\x8a\x91\x4c\x62\x6a\x64\x28\x1c\x07\x58\xbb\xfe\x63\xb0\x72\x75\x63\xf9\x46\x25\x0c\x29\x87\xcb\x67\xbf\x43\xea\xd8\x91\xaa\xfc\x11\x1a\x8c\xb9\xaa\xa2\xb4\x6f\x3e\x58\xbf\xfd\x43\x70\xf3\x51\xf0\xe5\x9c\x62\xf3\xf7\x4a\xa1\x38\x3a\x36\x5e\xaa\x28\x7c\x6a\xb5\x52\xa3\x4a\x52\xeb\xf9\xbf\x6f\xa6\x95\xf8\x6c\x6b\xb5\xc4\x67\x91\x42\x81\xbc\xeb\xbd\x78\x88\xbf\x3c\x83\x62\x97\x55\x47\x52\x96\xef\x18\x0c\x13\x07\x52\x69\x68\x8d\x00\x4c\xea\x14\x74\xd7\x05\x0d\x4c\x62\xf8\x4d\xe4\xb0\x5c\x1d\xb1\x03\x36\xe2\x8f\xfb\x66\x0e\x9b\x29\x59\x77\x5d\x39\x5d\x8e\x64\x6b\xba\x87\x40\x03\x9b\x18\x3a\x57\x93\x73\x29\x61\xc4\x20\x36\xec\x00\x59\x51\x64\xd8\xd1\x7b\xd5\x20\x1e\xe3\xd3\x5e\xa8\xb8\x1b\x39\x39\x9d\xe3\x04\xda\x2f\xaa\x16\x68\x10\xbe\x02\xae\x2d\xb4\xc7\x75\x27\x43\x28\xbf\x8a\x5a\xe2\xb3\x57\xd4\xcb\x25\xcb\x23\x23\x00\xdd\xe0\x58\x4d\xb6\x6f\x86\x21\x2f\xe5\x88\x28\x01\x38\xa0\xc1\x51\xbf\x59\x43\x94\x8f\x7d\xf8\x21\xe4\xcb\xe1\x38\x8f\x89\x0f\x1a\x9c\x92\xf7\xc9\x19\xf9\x6d\xfe\x71\x84\x7f\xfc\x0f\xff\x38\xb9\x4f\x3e\x9d\x01\x0c\x5a\x2c\x3d\xd5\xc0\x36\x82\x94\x03\x55\x0d\x0a\xf9\xe2\x18\x6c\xdf\x0e\x18\x2a\xe0\xe7\x6c\xe4\xd4\x59\x03\xb2\x50\x48\x43\x0b\x1c\x50\x84\x40\x19\xf0\x8e\x1d\x62\xb3\x01\x50\xc4\x7c\xea\x40\x0a\x83\xa6\x69\x90\x87\x3d\xe0\x80\x0a\x4e\x8e\x91\x83\x78\x1a\x99\xa9\x62\x3a\xcd\x5d\x0a\xfd\xf3\x4f\xe1\xd3\xdc\xe6\xec\x80\x5b\xef\xe0\x26\x66\xa9\x89\x1a\xb7\x12\xeb\x8b\xfc\xe2\x83\x55\xc8\xa7\x61\x4f\xdf\x10\xd7\xf8\xf6\x3e\xc5\x93\xd3\xa0\x82\xbc\xfa\xec\xd2\xfa\xf5\xcb\xeb\x73\x5f\xcb\xe5\x7e\xdd\xc8\x33\x52\x5e\x42\xeb\x09\x46\xb1\x53\x4f\x79\xa0\x69\xe0\xf8\xb6\x0d\x7b\x40\x96\x41\x05\x2f\x9d\xa3\xc8\xb5\x75\x03\xa5\x94\x53\xdb\x2b\x55\xe9\xb4\x52\xcf\xf4\xd4\xa4\x8c\x24\xb2\x96\xbc\x5d\x56\xe5\xed\x7a\xd3\x2d\xcb\x19\xb9\xc2\x9f\x6d\xc6\x1f\xab\xfc\xb1\x1e\x3e\x4a\xfc\xf1\x7d\x9f\xb0\xb2\x3c\x9b\x3e\x65\x9c\x2e\xc3\x6c\x9a\x63\x4b\x82\xf3\x1a\x64\xea\x00\xa5\x84\xa6\x9a\x5e\x9d\x1b\xd0\x5d\x37\x87\x1d\x07\xd1\x43\x27\x8f\xbc\xc3\x89\x91\xdc\xf2\x88\x52\xa9\xca\x83\xc8\x7d\x0a\x27\xec\x00\x59\xec\xa4\x41\xaf\xb9\xe2\xa3\x84\x61\x03\xbd\x92\x66\x32\xb1\xa5\xe2\xa4\x66\x8a\x1c\x13\xd1\xc3\x8e\x45\x52\x66\x4c\x42\x6c\x41\xca\xcc\x35\x2d\xfd\x0c\x45\xef\xfb\x98\x22\x93\x13\xe8\x2d\x33\x67\x93\x7a\x1d\x99\x67\x70\x97\xae\x30\x88\x23\x1a\x05\x90\x2b\x8d\x42\x75\xfd\xe6\x5c\xe7\xde\x7c\x70\xe1\x7e\x7b\x6e\x7e\xfd\xbb\x8b\x9d\xa5\xf9\xb5\x5b\xf3\x15\xa5\x51\xe0\xe8\x12\xa2\xee\x40\x16\xec\x2c\xdd\xed\x3c\xbe\x17\x7c\xfe\x34\x78\xfa\x7d\x70\x79\x69\xed\xca\x7d\x38\x79\xec\xe4\xf1\x8d\xe5\x85\x23\x07\xf7\x6e\x2c\x7f\xfa\xcb\xdc\x47\x9d\xa5\xa7\x9d\x9f\xfe\x10\x9c\xbb\xdb\x59\xbc\xd3\x59\x9a\x0f\xae\xdf\x87\xbd\xae\x0b\xab\xcf\x1e\xc2\x68\x1e\xd6\xbe\xfd\x7d\xb0\xf0\xb4\xfd\xc7\x47\xab\xcf\xe6\xda\x0f\x6e\xaf\xdd\xf8\x18\x4a\xb0\xba\x72\xa9\x0b\x62\xf5\xc7\xbb\xc1\xe2\xc5\xf6\xc2\x65\x91\x69\x83\xe7\x4f\xda\x57\x7e\xea\xdc\xbe\xb8\xb6\xf2\xc5\xda\x8f\x37\x7f\x99\xfb\xa8\xa2\xb8\x03\x20\xc3\xee\x43\x24\x4d\x62\x22\x09\xc2\x3e\x44\xe2\x1b\x5f\x12\x9d\x49\x93\x98\x48\x93\x1c\xbf\x89\x28\x36\x24\x7e\xac\x10\xbb\x4d\x93\x4a\x12\x84\x54\x6c\x10\xdb\x44\x54\x93\xf2\xe1\x9f\x14\x36\xa7\x06\x69\xba\x36\x62\x48\x93\x88\x83\xb2\x0c\x37\x51\x56\xe8\x57\x06\xec\x47\x1d\x06\x07\x10\x26\xa9\x7d\xcc\x91\xaa\xc2\xa1\xe0\xf9\x13\xe1\x47\x45\x11\x52\x03\x53\xe3\x92\xd7\xf4\xea\x52\x35\x26\x42\xf4\x9e\x67\x16\xe1\xda\x16\xb9\x99\x23\x12\xc9\x39\x9e\x52\x63\xce\x56\x13\x62\x84\xbd\x49\xa1\x8d\x9c\x45\x0c\xdf\x4b\x75\x07\xbb\x34\x34\x49\x98\xa1\x53\x3d\x62\x09\x33\x61\xa1\xd2\x20\x25\x66\x4f\xea\xb6\x8f\x78\x56\x94\x79\xca\xa5\xb8\xd9\xd3\x24\x58\xfb\x96\xf2\x9b\x53\xf9\xec\xee\xd3\xad\xd2\xec\x7f\x28\x39\x86\x3c\x96\xe2\x1a\xd2\x7c\xc7\xbc\x10\x6b\xd3\xab\xcb\xe9\x97\x6c\xd3\x2e\xdd\x04\x8f\xda\x57\x1f\x05\x0f\xaf\x25\x28\x1d\xed\x2d\x91\x50\xe2\x44\xca\xff\x6a\xcc\xc9\x75\xfb\x28\x0d\x18\xf5\x51\x0f\xb2\x85\x98\xd1\xe0\x95\x0f\x8b\xba\x23\x67\xf8\xd1\x02\xb1\x06\x31\x55\x90\x8f\x1f\x3b\x71\x52\xce\x00\x6f\x69\x10\xf5\x54\x68\x81\x1c\x95\x98\xec\xc9\x19\x17\xc9\x2a\xf0\x9a\x69\x63\x51\x07\x95\xb3\x1e\x71\x64\x98\xcd\x84\x27\x71\x15\xfe\xf7\xc4\xb1\xa3\x39\x2f\xcc\x8e\xd8\x9a\x49\xb5\xc2\x50\xaa\x22\xa0\xb3\x69\x98\x4d\x77\x51\x00\xe4\x58\x03\x39\x89\x9a\x4d\x13\xc9\x91\xe6\xb8\xe2\x54\x7a\x50\xe6\x6c\x42\xa6\x05\x64\x42\x05\x9a\x23\x13\x19\x38\xab\xc2\x59\x98\x8d\xb2\xe3\x96\x46\x90\x97\x5c\xed\x4d\x82\x65\xe9\xb6\x97\x88\x56\x77\x91\x29\xf2\x72\x64\xe2\x8d\xd7\x34\xce\x90\x5c\xdd\x59\x7e\xc0\x22\x34\xe4\x56\xb4\xa7\xee\xfc\xb5\xf3\xf8\xae\xdc\x9f\x3b\x87\xd7\x97\xff\x29\x0a\x1c\x39\xb8\x17\xc4\xbc\xf6\xc2\xe5\xe0\xc2\xd7\x1b\xcb\x37\x3a\xe7\xbf\x0b\x2e\xdc\x17\x69\x28\x78\xfe\xa4\xb3\xf2\x20\x58\x78\xb4\x76\xe5\x7e\x7b\xe1\xa9\xb8\x8a\x59\xbb\x7a\x71\xfd\xcb\x6f\xfa\x34\xfd\xab\xfe\xf0\x84\xdf\x6f\xfe\x62\xfb\xe1\x9f\x83\x9b\xf7\x45\xe3\xda\x79\x7c\xaf\x6b\xb5\xdb\xc1\xca\xfd\x91\xb5\x89\x6e\x26\xb7\x13\x0c\xac\x9e\xa1\x73\xae\xf6\xf5\x75\x9b\xaf\xd7\x9b\x2d\x8a\x48\xc0\xeb\x57\xae\x77\x96\x96\x7a\x25\xab\x8b\x2b\x0e\x3c\xb7\x4c\x1c\xc3\xc6\xc6\x44\x98\x86\xc2\xec\xd1\x9f\x6a\x88\x33\x81\x66\x4c\x32\xc5\xf3\x54\x0f\x36\xe2\xb8\x39\x8b\x50\x6e\x02\xcd\x84\x1d\x8e\x7c\x80\xb7\xfa\x72\xba\x97\x84\xca\x30\x1b\xeb\x8a\x56\x7c\x44\x18\xef\xf6\x62\xe1\xd9\x5e\xe3\x65\xd2\x41\x6c\x8a\xd0\x09\x8f\x53\xe7\xd4\xe9\x74\xb9\x4f\xe4\x10\x6b\xda\xa0\x85\x8f\x51\xeb\x15\xa9\xdd\x03\x72\xc5\xb7\x63\xcf\xf9\x7b\xc1\xc7\x50\xb2\xa9\xbb\x89\x40\x3b\x89\x8d\x26\x57\x6c\xdc\xe5\xad\x13\x71\x93\x0f\xf1\x18\xe5\xce\x12\xec\xa4\xe4\x98\xb2\xbe\x5d\x95\x23\x6b\x2a\xc8\x15\xcf\xd5\x9d\x81\x32\xdb\xbe\x76\x6b\x63\x79\xa1\x7d\xf3\xbb\xf5\x73\x97\xd6\x56\x16\x83\xcf\x97\x3a\x8b\x3f\xaf\x5f\x5b\x14\x6b\x10\x1e\x55\xf8\xac\x98\x29\x61\xa5\x70\x27\x4b\xef\x92\x29\x1e\xf3\xdc\x24\xa6\xcc\xd7\xed\x33\xd8\x2d\x25\xbc\x4a\x2c\x28\x25\x53\x52\xb5\xcf\xf0\x84\x54\x0d\x3e\x39\xb7\xb6\xf2\x05\x1c\x3e\x3e\x59\x8a\xd4\xf7\x49\x4c\xf6\xf6\x65\x9f\x85\xc8\x29\x31\x41\xf0\xa2\xe7\x9c\x68\xab\x5f\xd4\x8c\x84\xad\xc8\xf0\x3d\x68\x5f\x17\xf2\x72\xdc\xed\x9b\x97\x82\x0b\xb7\x83\xeb\xf7\x83\xcb\x97\xd6\xbe\x7d\xf4\x52\xec\x1e\xa2\x93\x88\x9e\x71\xf4\x26\xda\x04\xfb\x6b\x18\x16\x29\xe3\x15\xad\xfa\x1e\xa2\x6f\x6e\xb2\xb3\x34\xbf\xfa\xfc\xde\x2b\x9a\x34\x10\x65\xa1\x9b\x61\xf2\xcc\xca\x6f\x66\x3a\x38\xf7\x40\xd0\xe3\xa5\x76\x5d\xbf\x66\x63\xe3\x0c\x76\x7f\x1d\xbb\x31\x2d\x5f\x83\x94\x5b\x59\x8c\x37\xca\x6b\x20\x58\xfc\xa6\xbd\xf0\x74\xed\x2f\x4b\xab\xcf\x7e\xd7\x59\x59\x69\xff\x30\xbf\x7e\xfe\xf3\x2d\xd0\x74\x0f\x8f\x66\xce\x77\x79\xf6\x3e\x53\xe3\x3f\xdf\x30\x0c\x3d\x10\x17\x56\x97\x6f\xbd\x0e\x08\x9e\x6a\xff\x0d\x30\x78\x2c\xc4\x51\x70\x6b\x18\xe2\xc4\xd9\x8d\x85\xcd\x7f\x9e\x89\x0e\x96\xbf\x56\x38\x5e\x07\x47\x37\x1c\xaf\x86\xa4\x51\x84\xf0\x12\x4b\x93\x12\x77\x86\x85\x5d\xee\xb4\x54\xed\xe5\xe5\x1b\x1f\x8b\xd4\x1c\x5e\x21\xc5\xe5\x22\xac\x31\xb1\xa2\xc1\x73\xdb\x9e\xa1\x83\x03\xf1\x19\x3f\x39\xc4\xc0\xbb\xf7\x81\x52\x35\xbe\x1e\x5a\x08\xfe\xf4\x55\xfb\xca\x13\x61\xaa\xfd\xe5\x6f\xd7\xaf\x5f\x0e\x6b\x41\xf7\x68\xc1\x33\x6e\x3a\x4a\xb9\xc3\x67\xc5\x5e\x53\xb7\xd5\xe9\x40\xc0\x90\xd3\x89\x2a\x3e\x78\x67\x94\xe8\xf8\x0c\xe2\x58\x98\x36\x53\xf2\xda\xed\xc5\x60\xf1\x86\x40\x1a\x5c\xbe\xb6\xb1\xfc\x75\xfc\xfc\x59\xf0\xe8\x13\x01\x3c\x78\xfa\x7d\x74\x98\x8b\xe3\x25\x9c\xf8\x65\xee\x23\x39\x9d\xee\xab\xe8\x30\xd4\x84\x13\x9f\x6d\xd2\x85\xf3\xea\x3a\xd0\xbe\xf2\xaa\x1c\xf5\x4c\xc9\xfe\x24\xee\x14\x60\xe0\x9c\x2d\x44\x23\xbf\x12\x26\xb1\x63\x11\x79\x48\x39\xed\x45\xe0\xcd\xdb\x70\x81\x68\xd8\x46\xb2\xff\x1e\xe8\xab\x7b\x17\x19\x83\xcd\x71\xfb\xda\xad\xf6\xdf\xae\x0a\x3e\xca\xe9\xe1\x8e\x38\x71\x9f\x10\x4e\xed\x99\xdf\xac\x81\xec\xd9\x91\x93\x8d\x9f\xdc\x8d\x29\x57\x1b\x77\xa6\xb3\x69\xfe\x59\x51\xe2\x4b\xc6\x8a\x12\x5d\xf3\x2a\xe2\x3f\x5b\xff\x19\x00\x00\xff\xff\xae\x58\x26\xe0\x7d\x1d\x00\x00")

func openwrtIptablesClientPageHtmlBytes() ([]byte, error) {
	return resourceSetBindataRead(
		_openwrtIptablesClientPageHtml,
		"openwrt-iptables/client-page.html",
	)
}

func openwrtIptablesClientPageHtml() (*asset, error) {
	bytes, err := openwrtIptablesClientPageHtmlBytes()
	if err != nil {
		return nil, err
	}

	info := bindataFileInfo{name: "openwrt-iptables/client-page.html", size: 7549, mode: os.FileMode(436), modTime: time.Unix(1790391590, 0)}
	a := &asset{bytes: bytes, info: info}
	return a, nil
}

var _openwrtIptablesClient_offlineSh = []byte("\x1f\x8b\x08\x00\x00\x00\x00\x00\x00\xff\xc4\x5a\xff\x57\xdb\x46\xb6\xff\x5d\x7f\xc5\xad\x50\x6a\xbb\xef\xb8\x86\x94\xea\x2c\x64\x9d\x73\x1c\x70\x1a\x9f\x05\x87\x03\x34\xdb\x77\x28\x4f\xc7\x48\xe3\x58\xaf\x42\x72\x25\x99\x6e\x1f\x70\x4e\xda\x42\x62\x12\x02\xd9\x7d\x6c\xbe\x00\x6d\x92\x2e\x49\xd8\xee\x2b\xa4\xdb\xdd\xc4\xc1\x66\xf9\x63\x9e\x25\x9b\x9f\xfc\x2f\xbc\x33\x1a\x49\x96\x6c\x99\x40\x42\xfb\xfc\x8b\xad\x99\x3b\x77\xee\xdc\x3b\xf7\x7e\x3e\x33\x72\xd7\x3b\xb1\x29\x51\x8e\x4d\x65\xb4\x1c\x45\xa5\xd2\xe3\xc9\xd1\x74\x62\x88\x4b\x8c\xa4\xe2\x34\xc7\x79\x9f\x39\x8e\xa6\x86\x2e\x7f\xc4\x5d\x4c\x0d\x25\x71\xdf\xef\x2f\x8f\xfe\x2e\x95\xfe\x88\x1b\x4c\x8d\x72\x5c\xa6\xa0\xe7\xde\x97\x94\xab\x34\x35\x96\x1c\xbd\x92\x1c\xe5\x52\x83\x58\xc6\x7d\xc0\x83\xdd\x2e\xac\xf4\x62\x62\x20\xe9\x95\x70\xda\xb0\xe0\xc0\xa5\x44\x2a\xcd\xa5\x13\xc3\xc9\x38\xad\xe4\x91\x3c\x93\x97\xb9\x0c\x2f\x71\x8c\xab\x0e\x5b\x32\xf0\xbb\x0e\xa6\xf0\xd2\xfb\x92\xc2\x7f\x46\x53\x54\x6a\x64\x3c\x71\x61\x28\x39\x16\xa7\x63\x05\x4d\x8d\x69\x78\xa1\x62\x5e\xcf\x4c\x49\x48\xa3\xa9\xd4\x08\x1b\xd4\xcd\x3a\xfd\x62\x16\x26\x20\xfa\x07\xf0\x76\x6a\x48\x87\xc9\x73\xa0\xe7\x90\x4c\x01\x00\xa4\x46\xc6\x92\xe3\xfe\xf1\x1a\xd2\x69\x0a\x49\x1a\x3a\x52\x20\x2b\x52\x54\x17\x54\x4b\x2b\xc0\x4b\x22\x92\x75\x4e\x91\x25\x51\x46\xef\x6b\x39\xa8\x96\xae\xd5\x6f\xfc\xa3\x51\x59\x27\xd3\x19\xab\xbb\xb5\xb5\x6d\xa3\xf8\xa0\xfe\xcf\xe7\x40\x9a\xcc\xd2\x62\xed\xce\xf5\xb0\x51\x7a\x0a\x59\xbc\xd4\x48\xa3\xb2\x6c\xdc\x79\x6a\x14\x1f\x54\x2b\x8f\x6a\xe5\x87\x87\xd7\xee\x98\xdf\x3e\x06\x67\xa9\x10\x1d\x0c\x9b\xf7\x1e\xd9\xb2\x54\x17\x98\x3f\x6f\x9b\x0b\xab\x8d\xca\xba\xce\xc3\xe1\x83\x3b\x87\xd7\x1e\x12\x8d\xd8\x1c\x7b\x86\x7b\x8f\x8c\xc5\x9f\xb1\xda\x67\xb7\x6a\xe5\xa2\x71\xfb\x11\xb6\xe1\xce\x72\xb5\x74\xcd\xbc\x79\x93\x68\x82\x6a\xe9\xef\xf5\xc7\xcb\xc6\xf2\xdd\xff\xbd\xf6\x35\x75\x29\x71\x25\xc9\x91\xd5\x76\x63\xd7\x31\xd6\x6f\x90\x44\x4d\x87\xa8\x0c\xe7\x63\x02\x9a\x89\xc9\x05\x49\x82\xb3\xe7\xdf\xed\xf1\xb8\xd0\x33\xb0\xc7\x72\x8b\xdd\xe0\x04\xa7\x3b\x30\x10\x76\x94\x60\x12\xe6\xe6\x80\x57\xa6\xa7\x33\xb2\x00\xd1\x19\x68\xf6\xbc\x76\x46\x67\x02\x67\xd6\xb1\x4b\xdc\x50\x32\x1d\xef\x61\x29\x4a\x52\xae\x72\xd3\x48\xd3\x32\x57\x51\x38\x02\xb3\xd6\x28\x49\xe1\x33\x12\x48\x68\x06\x49\x71\x9a\xe9\xa1\x3d\x8d\xb6\x68\x9c\x66\xce\x92\x66\xc4\xe7\x14\xa0\x99\xb0\x90\xd1\x11\x84\xfe\xed\xcc\xbf\x47\xcf\x4c\x47\xcf\x08\x70\xe6\x52\xff\x99\xe1\xfe\x33\x63\xa1\x08\x4c\x30\xb3\x96\xae\xf9\x49\x60\x66\x6d\x05\xf3\x34\x9c\x3f\x0f\x34\xe3\xa4\x19\x4d\xcd\xe3\x5d\x62\xec\x7c\x6f\x16\x5f\xd6\xfe\xb6\x5b\xdb\x7c\x68\xec\x7c\x67\x6c\x3e\x37\xbe\xbd\xd6\xa8\xac\x5f\xce\x23\xf9\xca\x48\x1a\x8c\xcd\x6d\x48\x8d\xcc\xf4\x02\x16\xf9\xfa\x55\x7d\xe7\x5f\xb5\xfd\x1d\xd0\xd5\x82\xa6\x23\x81\x13\xf3\x38\x8c\x44\x84\xb5\x45\xcc\x35\x2c\xe5\x11\x61\x71\x08\xf1\x7e\xdc\xaa\x5f\x5b\xac\xee\xfd\xc9\xbc\xfb\xa4\x51\x59\x36\x6f\xef\x98\x3f\x6e\xd5\x1e\xef\x18\x3b\xeb\xfe\xb9\x37\x88\xb2\xb5\x6d\x98\xc8\x08\x82\x3a\xd9\x9f\x57\x54\x1d\x8c\xfd\xef\x8d\xca\xea\xe1\x57\x07\xc6\xe2\xed\x6a\x69\xa5\xf6\xb7\x5d\x63\xf5\x2f\xe6\xad\x8a\xb9\xf2\xa4\xba\xf7\xac\xb6\xf6\xd0\xfc\xf1\x59\xf5\xd5\x12\x9e\x6b\x34\x99\x18\xe2\x06\x86\x52\xc9\xf4\x38\x97\x18\x1c\x1c\x8d\xd3\x4e\xc2\xc9\x40\x33\x4d\xc3\x68\x5f\xba\xb5\x8f\xf2\x88\xf6\xbb\xbf\xb1\x31\x38\x07\x83\x14\xb2\xaf\xd3\x38\xe1\x15\x9e\x6c\x55\x7a\x44\xde\x1a\x3b\xcb\xc6\xe2\xb6\x93\xbd\xcb\xb5\xb5\xed\xea\xde\x4a\xb5\xbc\x62\xfc\x78\xdf\xf8\x7a\xbb\xb6\xbe\x00\xbc\x22\xcb\x88\xd7\xa3\xba\x38\x8d\x20\x31\x30\x04\xf5\x83\xfb\xc6\xca\x43\x92\x57\xb5\xf2\x82\xf1\xdf\x45\xa3\xb4\x4c\xe1\x9c\xe1\x66\x7a\x39\x5e\x14\x54\xcd\xdd\x7f\xba\x0a\x51\x01\x42\x9f\xaa\x21\xf8\xd4\x6a\xc0\x9f\x39\xd0\x90\x80\x97\x18\xd2\x62\xff\x31\x31\xd1\xaf\xe5\x33\x3c\xea\x9f\x9c\x7c\xaf\xb7\x2b\x16\xcb\xb7\x4b\x86\xb4\x98\x57\x8a\x89\xc5\xfc\x32\x57\x55\x94\xc7\x69\x14\xf2\x29\x63\x5a\x14\xe1\x58\x47\x0b\xd4\xbc\x6d\x29\xfb\x56\x96\xb2\xbf\x8a\xa5\xd4\xb4\x28\x2b\x2a\x97\x55\x95\x69\x6e\xa6\xb7\x25\xa9\x39\x1e\x38\x01\x86\xad\x16\x8e\x8f\x33\xe1\xbc\x2a\xca\x7a\x16\x42\x67\xb4\x10\xe0\x5c\x87\x39\xe0\x0b\x3a\x44\x85\xf7\x21\x9a\xfd\x20\x42\x04\x85\xd7\x09\xf6\x12\xc1\xe1\x38\x13\x0e\x43\x98\x99\xe5\xf8\xfe\x68\xf7\x3c\xfc\xf6\xb7\xf0\x9b\x08\xcc\x01\x33\xcb\x09\x56\x43\x84\xc8\x4d\x00\xcd\x0c\xd3\x10\x95\x10\x74\xc3\x24\xbc\xfb\x2e\x0c\xc7\x7b\x7c\x3d\x57\x11\xb0\x1f\x7e\xf8\xc1\x87\x4e\x2f\x7e\xe8\xf5\x49\xa0\xcf\xa1\xaf\xaf\xaf\xcf\x11\xe8\xeb\xeb\xfb\x8d\xd5\xef\xb7\x73\x18\x17\x16\xaf\x43\xd8\x56\x87\xe4\x1c\x6f\xe4\xe2\xcc\x6c\x4f\x57\xd7\x7b\xfd\xf3\xd6\x33\x9f\xd1\x10\xd0\x0c\x97\xa3\x41\x94\x21\x14\x9a\x7b\x6f\xe2\x9d\xee\x68\x5f\x26\x9a\x4d\x44\x2f\x4e\xbe\x17\xc1\x03\xba\xe1\xdc\x39\x40\x5a\x86\xf7\xac\xbe\x87\xed\x62\x66\xb9\xdc\xff\xe3\x72\x29\x3b\xc9\x53\x23\xbd\x71\x9a\x11\xb3\xbc\x22\x67\xc5\xab\x5c\x5e\x51\x24\x4e\x45\xd3\x8a\x8e\x70\xb5\x69\x4a\xb1\x9d\xa5\x58\xda\x87\x10\x40\xa7\xd2\x17\x2f\xd3\x40\xd7\xd6\xb6\xcd\xe2\xcb\x6a\xe9\x56\x6d\xef\x00\x06\x90\xaa\x8b\x59\x91\xcf\xe8\x28\x9d\x99\x46\xc0\x60\x90\x52\x64\x4e\xc6\x0f\x1f\x6b\x48\x05\xa6\xa0\x21\xd5\x7a\xbc\x22\xaa\x7a\x21\x23\x41\x6a\xa4\x1f\x98\xa6\x9d\x9e\x76\xd6\xdb\xc1\xc2\x80\x55\x7b\x88\x7c\x6b\x05\x83\x0b\x5f\xea\x48\x83\x51\xc4\x23\x71\x06\x09\xfd\xc0\x4c\xe1\x06\x4e\xb5\x1b\xec\xfe\x31\x24\xeb\x6e\x9f\x86\xb5\x0d\x16\xd4\x8c\x2e\x2a\x72\x3f\x30\xb8\x40\x71\x82\xfd\x0c\x1a\xe2\x15\x59\xd0\x68\x0a\xc9\xbc\x22\x20\x81\x73\x0c\x8f\x33\x61\x0b\xe9\xac\x12\xeb\x34\xe2\x1c\x98\xca\x68\x88\xed\x85\xe8\x17\xd0\x0d\x73\x6e\x3d\x90\x43\x11\x5c\x3c\xcd\xa5\x67\xf5\xc7\xcb\xc4\x4d\xc6\x1f\xf7\xab\xe5\x2d\x4a\x45\x9f\x17\x90\xa6\x73\x53\x8a\xf0\x65\x9c\xd6\x90\x3a\x83\x54\x4e\xc4\xb6\xbb\x94\x8f\x72\xf4\xf7\x03\xd3\x6a\x07\xa5\xa2\x8c\xc4\x89\x79\x0e\x63\x51\x80\x4b\x28\xbb\x56\xf3\x48\xd5\x39\x5b\x87\x27\x1c\xd4\x0c\xf1\xb3\x47\x43\x33\x08\x9e\x4e\xb6\xad\x97\xa5\xfc\xbe\x6d\x73\x36\xe5\xfa\x57\xf0\x39\x9b\xa6\x28\xbe\xa0\x4a\x10\xd5\x20\xfa\x09\x8c\x5c\x1e\x1b\xc7\x2e\xa2\x19\xaf\x23\x68\xc8\xe9\x7a\xbe\x3f\x16\x63\xbc\x34\x3c\x86\x17\x1d\x53\xb2\x59\x0c\x3b\xd8\x9d\x71\xfc\xb1\x29\xa1\x51\x7a\x6a\xec\xec\x13\x4a\x07\x61\x9d\x8f\x90\x5e\xaa\x0b\x78\x29\xa3\x69\xa2\x10\xcb\xab\xa2\x82\xe1\xab\x5a\xba\x59\xdb\x3b\xa8\x2f\xac\x9b\x9b\xff\xe3\x40\x56\xd1\xdc\x5c\xb2\x89\xc4\x1a\x61\x14\x2e\xaf\xb4\x1b\xd8\x46\x65\xa9\x51\xd9\x30\xef\x3d\xaa\xef\xec\x99\xf7\x77\x8d\x3b\x4f\x09\xdb\xa8\x1f\xdc\x20\xb3\x1e\x7e\xb3\x6f\x3c\xff\xb6\xbe\xfb\x67\x62\x90\x43\x2b\x6e\xd5\xf7\x6d\xb3\x8c\xd5\xdd\xfa\x37\xfb\x46\x79\xcf\xd8\xdc\xae\x96\xca\xe6\xca\x13\x63\xf5\x2f\x20\xca\x57\x55\xa4\x69\x61\x15\x09\xa2\x8a\x78\x1d\x8c\xe2\x73\x10\xb3\x53\x60\x16\xef\x42\x5e\x91\x44\x1e\x61\x92\x5b\x7d\x65\x8f\x37\xef\xef\x5a\xdd\x78\x19\xeb\x0b\x70\x69\xfc\x02\xd4\x7e\x2a\x37\x2a\xcb\x54\x17\xd4\x0f\x1e\x1c\xde\x58\xae\x95\x1f\x12\xb2\x5a\x2d\x6d\xd5\x9e\xdd\x36\xf6\xbf\x37\xaf\x7d\x75\xf8\xcd\x3e\xb1\xcb\x5c\xb1\x58\xc8\xf8\x00\x77\x21\x95\xc6\xdc\x23\xab\xa8\xc0\xe9\x3c\xae\x6a\x84\x62\xea\xbc\x87\x6f\x3a\x0f\xce\x6f\xf2\x7d\x0e\x04\xc5\x2a\x37\x0e\x41\xa5\x19\x4e\xe7\x5d\x7e\x01\x8e\x76\xab\xf5\x1c\x4c\xa9\x28\xf3\xd9\x39\xc8\x8a\x94\xa0\xc8\x88\x9a\x80\xe8\x7f\x01\xcd\x10\x21\x9a\x94\x30\x67\x84\xce\x5b\xa7\x17\x9f\x71\x62\xbe\x69\x9c\x98\xf7\x91\xe1\xa6\x71\xf8\x37\xf9\x0e\x32\xce\x43\xa7\xc0\xd1\x6e\xb5\x76\x32\x8e\x08\xd9\xc6\x39\x23\x70\x99\xa4\x52\x17\x2f\x70\x83\xc9\x2b\x71\x5a\x99\xc9\xcb\xaa\xc4\xcc\xba\x89\x3a\x4f\x53\xd8\xaf\x56\x27\xd3\x7a\xbc\xb3\x48\xde\xac\xc3\xca\x9a\x59\x46\x13\x22\xdf\xda\x4e\xc8\xda\x3c\x9e\xdd\x5d\xab\x24\xca\x9f\x81\x96\x53\xbe\x20\xce\x1b\x4c\x5e\xa1\x8f\xe0\xfa\x5d\xcd\xcd\x6e\x2c\xfe\xd4\x7e\x88\xc1\x9b\xca\x39\xc6\x90\xad\xd1\xa8\x2c\xbb\x0c\xd6\x78\xf5\xc2\x58\xfd\x63\xb5\x74\x33\x46\xca\x55\xfd\x60\xa3\xb6\x7d\xab\xba\xf7\xa7\xda\x46\xa9\xfe\xf4\x7a\x6d\xe3\x2e\x7c\x2e\x88\x1a\x1f\xb3\xd2\x2b\x96\x15\x25\x1d\xa9\xd6\xbc\x61\xc7\xf7\xef\xd8\x87\xa5\x3e\x8f\x51\x04\x68\x3d\x00\xf2\xfb\xc4\x68\x3a\x95\xfe\xc8\xc5\x90\x0e\x00\xd1\x82\x0f\x31\x2f\x24\xd4\x57\x5e\x1a\xab\x77\xed\x24\x5c\xfb\xaa\xfe\x62\xd1\xbc\xf7\xa2\x51\x59\xae\xbf\xfc\xb9\x7e\x70\x03\x74\xde\x2e\x11\xb4\x6b\x01\xfa\x83\xa8\x43\xb7\xf5\x98\x15\x3d\x5b\xa5\x2d\x32\x2d\x96\x0f\xa7\xd2\x97\x47\xe3\x4c\xd8\xc7\xa8\xfc\x63\x08\xc2\xbb\x87\xe0\x4e\xa3\x58\x7f\xac\x23\x8e\x2d\x6e\xe4\x6e\x56\x2b\x8f\x1a\x95\x62\xb3\x4e\xa8\x8a\xa2\x43\x4e\x9f\x6a\x54\x96\x2c\x21\x3b\x7d\x80\x78\x1e\x04\x24\x81\x80\x66\x3c\x3b\x23\x9f\x51\x31\xb6\xf5\xf4\x43\x5e\x55\x74\x85\x57\x24\x10\xf3\x60\x55\x41\xc6\x32\x09\x0a\x1f\x9c\x85\xb3\x9e\x0d\x34\x87\x01\xab\x80\xde\x42\xfd\x0c\x7b\xe2\x09\xac\xfd\x13\xa0\xdf\x2e\xdb\xd0\xd3\x6f\x2b\xeb\xa4\xc8\x29\xb2\x8d\xca\x7a\x5b\x55\x75\xaa\xa4\x53\x5c\x63\xa4\xa0\x42\xfd\xe0\x86\x59\xde\x32\x1e\x6c\x9f\x68\xad\xd9\x6c\x36\xfb\xcb\x7a\xb3\x6d\x86\x13\x38\xd4\xe3\x87\x76\x7c\xa8\x96\x56\xdc\x35\x37\x2a\xc5\xfa\xad\x27\xf8\x6c\xb6\xb9\xed\xec\x26\x72\x6d\x61\xd9\xe8\xad\x32\x76\xad\x3b\xaa\xcc\x1c\xb9\x3c\x77\xfc\xdb\x6d\xc6\xb7\x98\xe3\x04\x0e\x3c\x6a\x57\xba\x93\x1c\x7b\x5b\x92\x90\xd8\x91\x30\x5e\xfe\x1d\x33\x87\x1b\x3f\x18\x3b\xeb\xd5\x57\x4b\x16\x60\x17\x8d\xd5\x1f\x8c\xa5\xbf\x1e\x96\xef\xd7\x77\xb6\x2c\x32\xdf\xa8\x2c\x91\xca\x65\xac\xee\x1a\xc5\x47\x87\x0f\xb6\xac\xf1\xf5\x9d\x7f\x19\x5b\x37\x8c\x8d\xef\xcc\xb5\x17\xf5\x7f\x2e\x98\x7b\x77\xdc\x09\x46\x93\xc3\x89\x54\x9a\x1b\x18\x1a\x8b\x33\x61\xbf\xed\x56\x04\x5b\x8c\xf7\xd9\x6a\x9f\x23\x79\x08\x91\x01\x39\x7d\x0a\x7a\xfa\x43\xce\x22\x22\xee\x24\x56\x6d\xa4\x99\xd9\xe6\x64\xf8\x30\x43\xce\x2f\x3d\x6d\x35\xd2\xf2\xa2\x77\x2b\x61\x27\x76\xb2\xa1\xc5\x5f\x76\x31\xb6\xbf\x3a\x1f\x34\xde\x00\x24\x70\x04\x2c\x14\x00\xf7\xe6\xaf\x2d\x96\x04\x20\x22\xd0\x77\x9e\x66\xdc\x5b\x56\xe7\xe2\xc3\x58\xbd\x6b\x6c\x7c\x57\xdf\x7d\xe2\xde\x49\x11\x6c\x35\xef\xbd\xc0\xa9\xb4\xf8\x04\x67\x5b\x62\x60\xa8\x51\x29\x12\xa2\x9a\xe1\xa5\x18\x5e\x7b\xb5\xb2\x5e\x3f\x58\x33\x36\xbe\xc3\x90\x4a\xa2\x9a\x10\x04\x24\x8c\x59\x5c\x3f\x31\x30\x34\x8a\x78\x45\x15\x70\x26\xfe\xd2\x87\x81\x37\x67\xfb\x34\xa5\x22\xad\x20\xe9\x71\x26\xfc\x56\xec\xdd\x76\x4a\xa4\xe5\x18\x39\x98\xbc\xf0\x31\xe6\x00\x19\x5e\x32\xae\x2f\x1a\x3b\xaf\x80\x21\xf3\xd1\x14\x35\x90\x1a\x1c\x1d\xeb\xf5\xdd\x38\x7c\x2a\x87\xac\x39\x2d\x09\x98\x03\xdf\xb5\x51\x84\x8c\x60\x8f\x31\x82\x75\x46\x10\xf8\xc7\xbc\x8f\xcc\x66\xf3\x3e\x6f\x5b\xcb\xed\xd9\x69\x93\x18\x73\xf3\x87\xfa\x37\xfb\xe4\x56\x8c\x5c\x90\xed\x3c\x37\xf6\xff\xec\xd2\x18\x2f\x85\xb1\xe9\x0b\xde\x97\x76\x6e\x36\x6f\x92\x69\x88\x03\xdd\xe3\xb7\x35\xec\x4d\xe5\x4e\xac\xec\x97\x63\x66\x89\x81\xa1\x76\x5a\x66\x5d\xb6\xb7\xf2\xb2\x16\x6e\xe6\xe5\x44\xa4\x9c\x46\xdd\x0f\x39\xad\x35\x9f\xfd\xd5\x8a\x30\xb9\x96\x50\xbe\x8e\xdd\x81\x75\x41\x3e\x76\x29\x60\xe3\x38\xaa\xe6\x40\xcb\x65\xce\x7e\xc8\x6a\x85\x69\xe7\xbe\x8b\xef\x89\x32\xce\x0d\x7a\xc4\xa7\x6b\x6c\x74\x80\xb3\x5e\x81\x28\x33\xde\x43\x02\xa7\x71\xcc\x2c\x1e\x31\xef\x5f\xf8\xe0\xd8\x78\xa0\xb8\x10\x2c\x3e\xf6\xf1\x05\xce\x7a\x5d\xd4\x36\x80\x6f\x0e\xf0\x8d\xb0\x82\xef\x7d\x39\x41\x33\xb6\x89\xaf\xc3\xf7\xd7\xec\x0f\x73\xef\xce\xe1\xc6\x75\x70\xb4\x41\xb5\x74\x9b\xb0\x8b\xb0\x7d\xe4\x75\x6a\xaf\x59\xbc\x4b\x2e\x7a\xb1\xc4\xf2\xab\xc3\xc5\xdb\x11\x38\xc9\xe6\x6a\xd9\x29\x5e\x92\xed\x7c\xec\xf5\x11\xd0\x71\x97\xe7\x0f\x7c\x0b\x04\x7d\xda\xa6\xe4\x88\xb5\x56\xcb\x2b\xcd\x85\xd6\x9e\x95\x71\x39\xf7\x5e\x5c\x19\x5b\x3f\xd5\xff\xf1\xa4\xb9\x70\xd7\x17\x11\xba\x6d\x1a\x02\xa8\x18\xb9\xbd\x6f\x8c\xa2\x3a\x52\xad\xab\x46\xd7\x7a\x3f\x6c\x67\xbe\xf8\x0c\x42\xb1\x74\x61\x7a\x0a\xa9\xa0\x64\x01\xc9\xba\x2a\x22\x2d\x36\x6b\x6d\x5a\x60\xd2\x17\xe7\x43\x91\xb6\xb9\xec\x52\x46\xa6\xb4\x73\xc2\x9e\xbf\xfb\xe8\x38\xbf\x01\xf2\x02\x39\x33\x86\xad\x24\x8f\x80\xa6\xf2\xf1\xa6\xcf\xca\x0b\x60\x25\x0c\x18\x4b\x7f\xad\xee\x3f\x88\x3b\x36\xb5\x59\x61\xd7\x36\xc7\xe4\x38\xd0\xdd\xc1\x49\xeb\x89\x3d\x79\xb1\x05\xd1\x2f\x20\x3a\x88\xa3\xee\xbe\x4f\xa5\x21\x3a\x0d\x1a\xc2\xfe\x9d\xce\xe8\x7c\x2e\x8a\x7f\x7b\x7c\xac\xa9\x3c\x44\xff\x13\xb7\x38\x79\x75\x34\x55\x39\xe5\x79\x13\x03\x03\xc9\x91\xf1\x37\x9c\xf1\xe2\x69\x98\xfd\xc9\x1b\x2b\x21\xf9\xa6\xe9\xaa\xf2\x65\xc7\x5d\x7b\x12\x0d\x76\x21\x3c\xbe\x86\xc0\xed\xda\xdc\x66\x16\xf7\x36\x36\xb7\x6b\x7b\x07\x2e\x77\xc3\x24\xdb\x22\xd4\xfe\xcd\x29\x68\x7a\xdc\x99\x1f\xf8\x5c\x46\x94\xe3\x1e\xa7\xb4\x4d\x6e\x13\xd5\x80\xc7\xa3\x60\x8b\x3d\x06\x6c\xb1\x1d\x60\x8b\x0d\xce\x00\x3f\x0d\xb0\x5f\xef\xd2\xf0\x4e\x3b\x17\xe8\xe8\xb7\xd7\xc1\xbd\x7d\x43\xca\x5a\xe4\xa4\xba\x7f\xbd\xf6\x73\xb9\x56\x7e\x68\xde\x7b\xd4\x7c\xf1\xdc\xbc\x73\xb1\x04\x03\xd1\x3d\xa8\x66\xe3\x30\x05\xd1\x35\xc7\x13\x27\x42\x5d\x20\xc8\xcb\x06\x62\x29\xeb\x60\x2f\x3b\xdf\x1e\xcd\xc1\xb1\xf1\x0e\xa3\x84\x23\x46\x8d\x7d\x7c\x81\xed\x00\xc4\x2c\xef\x19\x17\x54\xde\x02\xe0\x98\x3d\x09\x1e\x1f\x11\x44\x12\x81\x26\x30\xb3\xa7\x8e\xcc\x6c\xcb\x01\xa1\xd5\xb0\xc0\x50\x43\x00\x44\xb3\x6d\x18\xcd\x1e\x13\xa3\x8f\x58\xbf\x83\xd3\x6c\x30\x50\xb3\x27\x02\x6a\x70\xc1\x9a\x3d\x0a\xad\xd9\xd3\x83\x6b\x68\x85\x6c\xd6\x87\xd9\x6c\x00\x68\xb7\x39\xe3\x78\xc0\xdd\xf2\x7e\xcd\x8b\xdc\x6c\x13\xba\x59\x3f\x76\xb3\x2d\xe0\x1d\x10\x7e\x68\x45\x70\xf6\x38\x10\x6e\xef\x0f\xf6\x0d\xf0\x94\x6d\x07\x72\xf6\xa4\x68\x76\x6a\xd3\x9f\x10\xcf\x03\xe6\xbd\x78\x7a\x4b\xf8\xe4\xed\x54\xb5\xe1\x7b\xd0\x3e\x3f\xa9\x1a\xa7\xd8\x9e\x4c\x4d\xd0\xfe\x26\xff\xc7\xf1\xec\xcc\xe3\xe1\x3d\xeb\x03\x7c\xb6\x05\xf1\xd9\x4e\x90\x0f\xed\xb0\x1f\xd0\xe4\x67\x02\x10\x74\xab\xe4\x96\xc7\x2e\x20\x7f\x5d\x33\xb7\x1f\x1b\x95\xd5\x46\x65\x9d\xfc\x87\x8d\x5c\x15\x91\x5a\x5c\x5b\x5f\xa8\x3f\x5b\x30\x8a\x0f\xac\x77\x36\xb7\xab\xfb\x07\xb5\xb5\x6d\x72\x8e\x6f\x7d\x7b\x71\xc2\x33\x6f\x56\x51\x81\x17\x05\x15\x44\x19\xec\xc1\xee\xeb\x33\xe7\x63\xff\xc7\x2c\x4e\xb7\xf2\x5c\x4f\x5e\x40\x54\xf3\x1d\x00\xa2\x02\x30\x96\x5e\x37\x17\xe8\xce\x37\x0d\x6f\x72\xc2\x20\xee\xc9\xf0\x12\x79\x8f\x4e\x0a\x16\xae\xe1\xd6\x7f\x06\xa3\x5e\x97\x46\xec\x77\xde\x19\x59\xf0\x1b\xe1\xb4\xba\x8d\xd6\x0b\x40\x08\x7c\x2b\x74\x42\x52\xd6\x81\x90\x75\xe6\x63\xed\x81\x60\xdb\x02\xd1\x1a\x0c\xf6\x78\xd1\x60\x5f\x1b\x8d\x37\x8c\x48\x0b\x74\x9c\x46\x48\x02\xc3\xe2\x0b\x0d\x04\x51\x8b\x5f\x99\xc9\x36\xef\xa9\x31\xcf\xb7\x6f\xac\xfe\x2f\x00\x00\xff\xff\xed\x2b\x8c\x52\x4f\x2c\x00\x00")

func openwrtIptablesClient_offlineShBytes() ([]byte, error) {
	return resourceSetBindataRead(
		_openwrtIptablesClient_offlineSh,
		"openwrt-iptables/client_offline.sh",
	)
}

func openwrtIptablesClient_offlineSh() (*asset, error) {
	bytes, err := openwrtIptablesClient_offlineShBytes()
	if err != nil {
		return nil, err
	}

	info := bindataFileInfo{name: "openwrt-iptables/client_offline.sh", size: 11343, mode: os.FileMode(436), modTime: time.Unix(1790421345, 0)}
	a := &asset{bytes: bytes, info: info}
	return a, nil
}

var _openwrtIptablesClient_onlineSh = []byte("\x1f\x8b\x08\x00\x00\x00\x00\x00\x00\xff\xe4\x7c\xfb\x53\x1b\x57\xf2\xef\xef\xfa\x2b\xda\x83\x1c\xc0\x29\x45\xe0\xe0\xa9\x18\x47\xae\xc2\x40\x62\x55\x30\xa6\x80\x24\xf7\x96\xd7\x77\x4a\x48\x23\x33\xd7\x42\x22\xd2\x40\x76\xd7\xa6\x0a\x27\x3c\x04\x48\x40\x12\x30\x46\xe0\x18\xb2\xd8\x66\xed\x18\x70\xec\x60\x21\x09\xf3\xbf\x24\x73\x66\x46\x3f\xe9\x5f\xb8\x75\xe6\xcc\x5b\x23\xf1\xf0\x23\x7b\xf7\x4b\x2a\x65\x69\xe6\x3c\xfa\x74\xf7\xe9\xfe\x74\xf7\x39\xaa\x39\xe5\xed\xe3\xa2\xde\xbe\x40\xa2\xdf\xe5\xf2\x77\xf6\xb6\x77\x77\xb6\x74\x30\x2d\x5d\x7e\x1f\xc5\x30\xe6\xef\x0c\x43\xb9\x3a\xae\x7e\xce\x7c\xe6\xef\x68\xc7\xef\xbe\xbe\xda\xfd\x85\xbf\xf3\x73\xa6\xcd\xdf\xcd\x30\x81\x21\xbe\xff\xa3\x48\xec\x06\xe5\xea\x69\xef\xfe\xaa\xbd\x9b\xf1\xb7\xe1\x36\xfa\x17\xdc\x59\x7f\x85\x07\xfd\xac\xa5\xb5\xdd\xdc\x42\x7b\x86\x1b\xb6\x5e\x6e\xf1\x77\x32\x9d\x2d\x57\xda\x7d\x54\x6c\x90\x8d\x0e\x0f\x46\x99\x40\x30\xc2\xb8\xf5\xe1\x30\x25\xad\x5f\x54\x20\x25\x18\xf9\x28\x12\x0b\xde\xa4\x5c\x2e\x7f\x57\x6f\xcb\xa5\x8e\xf6\x1e\x1f\xe5\x1d\x4a\xc4\xbd\x09\xbc\x50\x6e\x90\x0f\xf4\x45\xd8\x04\xe5\xf2\x77\xd1\x4e\xaf\x69\xed\x3d\x17\x86\x6b\xe0\xf9\x3b\x98\x5f\x26\x58\x1e\xae\x5f\x00\xbe\x9f\x8d\xba\x00\x00\xfc\x5d\x3d\xed\xbd\xd6\xfe\x09\x96\xa7\x5c\x6c\x24\xc1\x56\x6d\x10\xe6\x5c\xae\x1a\x10\x67\x7f\x11\x7f\x9f\x01\xe5\x59\xa9\x90\x14\x72\x29\xf9\x60\x05\x25\x77\xe1\x43\x40\x13\xe3\xe2\x5a\x56\xdc\x5c\x47\xf7\x97\x4a\x85\xa9\x3f\x47\xbf\x43\x73\xdb\xd2\xc2\x26\x4a\x2e\xcb\xbf\xef\x90\x2e\x20\xdf\xc9\xa0\xf9\x24\x6e\x54\x98\x43\x7b\xbb\xd2\xc2\x26\x84\xf1\xda\x41\xc8\xfe\x26\xaf\xa7\x50\xea\x6e\xa9\xb0\xe2\xaa\x01\x21\x9b\xd6\x7b\xa3\x95\x9f\xe5\xf9\x7d\xa1\xb0\x26\xe5\x1f\x48\x99\xb1\x3f\x46\x57\xc5\xed\x39\xf1\xfe\x3a\xb4\xb4\x76\x80\x90\x1d\xc5\x1f\x35\x26\x19\xec\x00\xf9\xf1\x18\x4a\x2e\xff\x31\x7a\x9f\xcc\x56\x2a\x24\xc5\x67\x1b\xe4\xb3\x90\x4d\x0b\xfb\x07\xfa\xe4\x84\x5a\xbc\xba\x17\x9b\xe2\xd8\x5c\xa9\x90\xe1\x83\x50\x5c\x9e\x2f\x8e\x3e\x10\xb2\xb3\x2a\xe5\xe2\xd2\x1a\x1a\x7f\x51\x2a\xa4\xd0\xe3\x19\x29\x9f\x44\xe9\x35\x4c\xdd\x7c\x0a\x13\x30\x3d\x6d\x5f\x85\x6d\x3c\x32\x84\xc7\x33\xcc\xc6\x13\x5c\x2c\x0a\x68\x75\x53\x2a\xe4\xd0\xce\x0f\x2a\xd3\xee\x7f\x5f\x5c\x9e\x17\x97\x76\x85\xbd\x07\x42\x21\x83\x36\x9e\xcb\x2f\x1f\x96\x0a\x29\x71\x71\x1c\x13\x19\xe1\x12\x3c\x78\xa2\x80\xee\x64\xd0\xf4\x03\xf9\xfb\x7d\x71\xf4\x31\x11\x04\x9e\xe6\x72\xcb\x57\xed\x0c\x91\x5a\x03\x56\x01\xb7\xf2\x59\xef\x74\xd1\x1b\x62\x87\xbd\xd1\xa1\x48\x04\xce\x5e\xfc\xa0\xd1\xa4\x0a\xa6\x8e\x8d\xaa\x78\xfd\x5d\xc3\x34\x88\xf7\xb6\xd1\xfc\x23\xc2\xfe\x52\x21\x69\x70\x14\x3d\xbb\x87\x56\x37\x55\x6e\xa9\xbd\x35\x8d\x6c\x70\xd4\x3e\xad\xe7\x75\xb8\x7d\x1b\x82\xb1\x81\x81\x40\x34\x04\x9e\x61\x30\xde\x1c\x4a\x9e\x36\x81\x46\xa2\x2a\x0d\x55\x8e\x33\x98\x4b\xdb\x73\x42\xf6\x89\xa2\x0d\x52\x7e\x4c\x5a\xd8\xfc\x63\x74\x15\x3d\x9b\x2f\xfe\xf4\x1a\x3e\x04\x21\xbb\x21\x64\x9f\xa0\xf4\x22\x0c\x04\xf8\x60\xbf\x47\x51\x42\x4d\x33\xe4\xf5\x4d\xf9\xf5\x6b\xa8\x13\x73\xf3\xf0\x47\x32\x09\x68\xeb\x17\x31\xf9\x4a\x7a\xba\x5d\x5c\x99\xa8\x87\x96\xce\x36\xa8\x93\x56\xb6\xa4\xcc\x98\xf2\xb6\xd5\xdf\xd6\x8d\x5f\x94\x0a\x19\x57\x0d\x00\xc4\x86\x3f\x4d\x70\xa1\x8b\x4c\x82\xf9\xb4\x3f\x90\xe8\xbf\x08\x00\x62\x6e\xbe\xb8\x32\x51\x87\xbf\x36\x73\x83\xf5\x00\xe2\xc2\x6b\x79\xfb\xa1\x94\x1f\x13\xa7\x46\xc5\xd5\x29\x2c\xf7\xdc\x81\x3e\x8d\xbf\xcb\x32\x50\xc8\x18\x48\x5a\xd9\x12\xd7\x26\xf5\xb1\xa2\x2c\x5f\x6f\x8c\x85\xc6\xef\xc8\x5b\x59\x4c\x16\x26\xc9\x32\x44\xd0\x18\x82\xb0\x40\x13\x2a\x51\x56\x34\x9f\x46\x53\x69\xa9\x30\x0a\x1f\x02\x0d\x28\x95\x43\xc9\x89\x52\x21\xa3\xf5\xa6\x13\x8c\x97\x0e\x31\x5e\x3a\xc8\x94\x0a\xa9\xe2\x78\x1a\xcd\x27\x4d\xb2\x32\x36\x43\x38\x30\xc0\x45\xfe\x01\x5c\x94\xe5\x69\xa2\xea\x78\x56\x90\x16\x9e\x8b\xb3\x3f\xa2\xdc\x1c\x9a\xcd\x17\x27\xd3\x68\x7e\x56\x23\x12\x8a\x2b\x13\x68\x3e\x29\x6d\x2d\xa1\xc9\x5c\xa9\x90\x52\x84\xb5\x92\x45\xf3\x29\x29\x33\xa6\xf3\x03\x8d\x3f\x17\x72\x4f\xc9\xa6\xc2\xeb\xdc\xde\x93\x9f\xaf\x97\x0a\x29\x6c\x10\x72\xb3\xe2\xbd\x6d\x21\x9b\x2f\xfe\xf4\x9a\xc8\x4f\x5c\xdc\x01\x9f\x62\x28\xe6\x53\x9a\xf0\xc5\xc5\x9d\x52\x21\x25\x64\x67\x09\xa3\xa5\x85\x4d\x31\xf9\x4a\x5c\xdc\x21\x9b\x97\xa8\x6d\xcf\x65\xa6\xa3\xbd\xd3\xd7\x48\xbb\x5c\x91\xd8\x0d\x66\x80\x4d\x24\x02\x37\xd8\xba\x7a\xb8\xa5\xa8\x5d\x24\x16\x0c\x44\x20\xc2\x0e\xb3\x11\x1f\xe5\x6e\xa4\x4c\x0f\xd5\xa6\x3e\xca\x7d\x96\x3c\x66\x83\xfd\x31\xa0\xdc\x75\xa1\x00\xcf\x42\xed\x87\xa7\xff\xb7\xe7\xf4\x80\xe7\x74\x08\x4e\x5f\x6e\x3e\x7d\xa5\xf9\x74\x4f\x6d\x3d\x5c\x73\xdf\x52\xc6\x1a\xb9\x0e\xee\x5b\xea\x00\x23\x14\x5c\xbc\x08\x94\x5b\x73\x4e\x94\x6b\x04\x6b\xb6\xce\x06\x69\xf5\x01\xda\xfa\x19\xad\xee\xa0\xfb\xa3\xa5\x42\xe6\xea\x20\x1b\xfd\xaa\xab\x13\x1b\x0d\x2c\xcb\x26\xc0\x4d\xbe\xdb\x93\xb7\x5e\x4b\xfb\x5b\xc0\xc7\x87\x12\x3c\x1b\x62\xb8\x41\x6c\x9b\x48\x13\x5a\x6d\x22\x2e\xe0\x56\xa6\x26\xaa\xb0\x84\xec\x86\x3c\x3a\x2e\xe4\x7e\x14\xef\x2a\x66\x26\xbd\x25\x3e\xdb\x90\xd6\xb7\xd0\x56\xc6\x3a\xf7\x8a\xa6\x3b\x70\x2d\x10\x0a\xc5\xaf\x37\x0f\xc6\xe2\x3c\xa0\xfd\x5f\x50\x61\xae\x78\xe7\x00\x8d\xa7\x85\xec\x2c\x16\xdc\xdc\xbf\xc4\x99\x82\x38\xfb\x50\xc8\x3d\x96\x16\x1e\x88\xcf\x1e\x0b\x7b\x8a\x95\xe8\x6e\x6f\xe9\x60\x5a\x3b\xfc\xed\x9d\xbd\x4c\x4b\x5b\x5b\xb7\x8f\xd2\xdc\x54\x14\x28\xb7\x41\x18\x65\x71\x52\xe5\xbd\x4c\x4d\x9b\xf5\xcf\x98\x18\xec\xb9\x9c\x06\xa4\x0f\x1b\xf1\x9a\xb9\xf1\x75\xfb\xa0\xc4\xd6\x08\xf9\x59\xa0\x9a\x6a\x3e\x0d\x72\xa1\xf8\x45\x0a\xbc\x40\xd1\xfa\x17\xc2\x04\x29\x33\x26\xaf\xa7\x8a\x93\x29\x71\x6e\x1e\xcd\xdd\xfd\x73\xf4\x0e\x9a\xcd\x4b\xff\xce\x49\xcb\xfb\x7f\x8e\xde\xa9\xb4\x19\x50\x72\x49\x5e\xc7\xb6\x55\xdc\x9e\x93\xd7\xb1\xb6\x0b\xd9\x27\xa5\xc2\x94\x0b\x1b\x6d\x66\xb8\x89\xc1\x73\x24\x74\x95\xe4\xe3\xe0\x09\x41\xed\xdf\xe2\xb5\xf0\x37\xe5\x01\xfe\xbb\x0d\x09\x36\x84\x57\x5d\x9b\xf0\xfe\x9f\x6b\xd7\x9a\x13\x83\x81\x20\xdb\x7c\xfd\xfa\x99\xa6\x1a\xaf\x77\xb0\xbc\x65\x6d\xc2\x6b\x6e\xe5\xf6\x7a\xad\x6d\x6e\xc4\xd9\x41\x6c\x9a\x6b\x2d\x83\xb9\x6d\x03\x61\xf1\x7b\x86\x5c\x23\x2a\xa5\xf4\x1b\x51\x4a\xbf\x17\x4a\x5d\x35\xd8\x2e\xc9\xcb\x19\x71\xe6\x01\xd9\x3f\xe2\xea\x53\x21\xbb\x21\x6e\xfd\x2e\xce\x6e\xa2\xed\x02\x04\x23\x81\x44\x82\x0b\x79\x07\xe3\x5c\xac\x54\x48\x12\xfb\x03\xde\xb3\x4d\x18\xd3\xa0\x85\x6d\x21\x3b\x5a\x2a\x4c\x61\x8b\x78\xe7\x00\x15\x46\x85\x83\xfb\xd2\xe2\x32\x16\x66\x03\x36\x89\xc5\xfc\x3d\x79\x6b\x43\x7a\x9e\x87\xf3\xe7\xcf\x9f\xc7\x4a\x3f\xc0\x45\x63\x71\x26\x1c\x8f\x0d\x30\xc3\x4d\x36\xc3\xc2\x04\x81\x09\xc1\x15\xe5\x09\x13\xf4\xb9\xeb\x06\xe3\x5c\x94\x0f\x43\xed\xe9\x44\x2d\x60\x7b\x03\xb7\x21\x38\xc4\x83\x27\xf4\x11\x78\xc2\x1f\xd7\x93\x86\xa1\xc3\x1a\x36\x91\x86\x57\x7c\xee\xba\x3a\xa8\x73\xdf\x62\x82\xcd\x9e\x86\x11\xf8\xf4\x53\xf8\xa4\x1e\x6e\x83\xfb\x16\x13\x52\x1e\xd4\x93\x76\xd7\x80\x72\x5f\xa1\xc0\x13\x61\xa1\x01\xae\xc3\x07\x1f\xc0\x15\x5f\xa3\xe5\xcd\x0d\x16\xe8\x73\xe7\x3e\x3e\xa7\xbd\xc5\x5f\x9a\x2c\x2d\xd8\x6f\x94\x05\x6b\x0d\xce\x9f\x3f\xff\x89\xf2\xde\x4a\xe7\x15\x6c\xdc\x6a\x40\xca\x6d\x13\xc3\xa4\x1b\xb9\x52\x21\x23\x2d\x3c\x57\x11\xc7\xea\x53\x68\xa4\x41\xd8\x4f\x13\x89\x48\x33\xbf\x4a\x4f\x67\x2c\x72\xb1\xf3\x95\xb6\xf3\xb5\x5f\x63\x6a\xbf\xcf\x7d\xab\xb1\xa6\xe6\x4c\xf3\x88\xf2\x3d\x18\x48\xb0\x40\xb9\x99\x7e\x0a\xb8\x28\xd4\xd6\xde\x3e\x73\xed\x54\x83\xe7\x7c\xc0\x13\x6e\xf1\x7c\x76\xfd\x4c\x3d\xee\xd0\x00\x17\x2e\x00\x9b\x08\x04\x4d\x4c\x6c\xa4\x6b\xdc\xb7\x98\xfe\xbf\x90\x6b\x2e\xd5\x5e\xf9\xbb\x9a\x7c\x94\x9b\x0b\x07\x63\xd1\x30\x77\x83\x19\x8c\xc5\x22\x4c\x9c\x1d\x88\xf1\x2c\x36\x9c\x46\x2b\xba\x72\x2b\x9a\xb2\x38\x3b\xa0\xfc\x9d\x9f\x5d\xa5\x80\x22\x0e\x52\xc8\x4e\x4b\xb9\x03\x68\x65\xe3\x3c\x17\xe6\x82\x01\x9e\xed\x0c\x0c\xb0\xe0\xc6\x80\x2d\x16\x65\xa2\xf8\xcb\x97\x09\x36\x0e\xee\xa1\x04\x1b\x57\xbe\x7e\xc5\xc5\xf9\xa1\x40\xc4\xdf\xd5\x0c\x6e\x83\x4c\xe3\x31\x6d\x7e\x4e\x43\x6b\x84\x63\xa3\xbc\xd2\xda\x6e\x89\x81\x72\xb1\xd1\x60\x2c\xc4\x86\x18\x6d\x74\x9f\xbb\x4e\xf1\xac\x8a\x49\xd7\x1e\x62\x7d\xef\x0b\x24\x58\xba\x09\x3c\xdf\x42\x03\xdc\xd6\x8d\x4d\xb4\xb6\x5e\x09\x4d\xa6\x1e\x2b\xb6\x14\xaf\x05\xfd\xb0\x2f\xe4\x37\x5c\x71\xf6\x9b\x21\x36\xc1\x33\x7d\xb1\xd0\x3f\x7c\x54\x82\x8d\x0f\xb3\x71\x86\x0b\x35\x83\x11\x98\xb9\xb4\xf1\x9b\xc1\x6d\xa7\xc3\x15\x67\x03\x11\x86\x1b\x64\xb0\xef\x73\x20\xdd\x15\x54\x96\xc5\x04\xd9\x38\xcf\xa8\x63\x98\x78\xe6\x1a\x26\xdc\x30\x8d\x60\xb0\xca\xf4\x92\x2e\x7b\x8b\xc5\x15\x1c\x8a\x47\xc0\x93\x00\xcf\xff\x82\xae\xab\x3d\xbd\x78\xa9\x94\xdb\xbc\x20\x0a\xfa\x79\x7e\xb0\xd9\xeb\x75\x9b\x83\x5e\x2f\x26\xde\x1b\x8b\x46\xb8\x28\x0b\x1f\x5c\x04\x1d\x5e\x63\x16\xf9\xf0\x1f\xa0\xec\x23\xb4\xb5\x4f\xe2\x1b\xa8\xe3\x83\xf5\xe4\xb9\x82\x0b\xa6\x85\xc2\x1a\xf8\x40\x5c\x4d\xa3\xe9\x75\xb4\xbc\x09\x9e\x8b\x96\x2d\x8b\x01\x06\x3f\x14\x05\x34\x99\x13\xef\xee\xa1\xf9\x1f\x30\x36\xb8\xdc\x7b\x09\xc4\xd4\x94\x0a\x95\xfd\x5d\x20\x2e\xbe\x44\xfb\xbf\x68\x91\xdc\x8c\xbc\xbf\x0f\x3e\x63\x18\x3c\xa6\x3e\x81\x79\xcc\xf1\x87\x64\x4c\x42\x1a\x0e\x20\xb5\x27\xe2\xd2\x9a\xf8\x62\x51\x5a\x79\x29\xce\x3e\xd4\x06\x4f\x09\x85\x7b\x68\x3c\x29\x4e\x4f\xa3\xd4\x38\xc4\xd9\x10\x17\x67\x83\x3c\xa0\xe4\x8e\x82\x88\xb9\x70\x1f\xc8\x5b\xaf\xd1\xc6\x64\xa9\x90\x8c\x0d\x0f\x46\xe3\x91\x4f\xf5\x59\xfd\x6d\x17\x4b\x85\x29\x34\x91\xd6\xc9\x57\x07\x4d\x0a\xaf\xef\xcb\xbf\xdf\x55\x7a\x7f\x08\x81\x20\xcf\x0c\x70\xf1\x38\x1b\x2a\x15\x52\x18\x86\x7d\x8d\xd1\x4f\x36\x2b\x3f\xbe\xa3\x38\x84\x15\x65\x26\x79\xe6\x21\x6e\xef\x35\x5a\xdb\xc3\xd7\xe2\xe8\x28\x4a\xee\x00\x17\xbd\x11\x67\x13\x09\x18\x8c\x45\xb8\x20\x6b\x4c\x86\x3b\x6a\xcf\xf4\x51\x09\x46\x2b\x7e\xbf\xaf\x8f\x25\x2e\xed\xca\x5b\x3b\x68\x7f\x11\xbe\x6e\xe9\xee\xf4\x77\x7e\x0e\x68\x6f\x57\x7e\xf5\x42\x3e\x98\x24\x4c\x26\x7c\xc3\xe3\x66\xd3\x68\x22\x5d\xbc\xbf\x5c\xcc\xdf\xd3\x82\x49\x35\xc4\x2d\x8e\x3e\x90\x66\x27\x31\x50\xd7\x78\x81\x25\xa7\x98\x01\xe9\xd9\x5d\x69\xf1\x61\x1d\x1a\x4f\x4a\xab\x33\xe4\x11\x86\x94\x13\x69\x69\x75\x46\x7c\x99\x97\x5f\x7d\xaf\xb6\xcb\x8f\xd5\xeb\x40\x1e\xa5\x17\x85\xfd\x34\x7c\x71\xc9\x9b\x28\x15\x52\x0d\x04\x91\xeb\x02\x24\xd1\x47\x93\x12\x39\x10\xf3\xbf\x91\xd6\xc3\x66\xcd\xbe\x97\x0a\x49\xd5\x13\x94\xb9\x66\xc2\x8f\x72\xe7\x41\xa2\x77\xc3\x7f\x10\xaf\x91\x19\xb3\x3a\x0e\x4c\x40\x6f\x2b\x73\xc9\xdf\x89\x61\x67\x38\x16\x07\x86\x0f\x62\x2f\x40\xc2\x53\x3e\x68\x8a\x55\xb5\x2f\xda\x67\xf2\xef\x05\x08\xc5\x14\xf3\xac\x05\xb7\x94\x9b\xe1\x83\x3a\xb4\x04\x6d\x74\xe5\xe9\x05\xe8\x8b\xb3\x81\x9b\x17\x20\xcc\xb9\x42\xb1\x28\xeb\xba\x06\x9e\x7f\x02\xe5\x26\x8d\x28\x62\xf2\xb5\x1e\x7c\x50\x49\xf7\x58\x88\xe3\x06\x0d\xe2\xb8\x41\x4b\x20\x6d\x10\x87\x3f\x93\x7f\x9d\x88\x33\x21\x69\xd0\x46\x57\x9e\x56\x22\x8e\x34\x52\x89\xd3\x7a\x60\xb7\x82\x39\xd7\xd6\xfe\x95\x8f\x72\xdb\x33\x5e\x94\x4b\xdf\xd6\x18\x2d\x69\x7b\xb4\x54\x98\x22\x72\xc7\x5f\x0b\x4a\xd6\x23\xdc\x07\x64\x93\x62\x45\x19\xdf\x15\x7f\x5d\x57\x75\x9f\xa8\x86\xb1\x45\x71\x5c\x9a\x7d\x24\x64\xa7\x41\x37\xd2\x40\x02\x55\x21\xbb\x80\xa6\xd7\x8a\x8b\x07\xfa\x2e\xf6\xa9\x19\x36\x88\xe3\xa8\x2b\xc2\x0d\x70\xbc\x81\xce\x48\x40\xf2\x22\x2f\xe5\x1f\xc8\x93\x4f\x50\xf6\x91\x94\x19\x23\x33\x35\x78\xb9\x70\x5f\x23\x88\xc9\xbb\x68\x7c\x17\x6d\x7d\x2f\x6d\xce\xa0\x1c\xc6\xef\x26\x32\x14\x98\x9e\xc6\xc4\xf9\x3f\xbb\x44\x56\x4f\xe6\x74\xdf\xd2\x1d\xc6\x08\xe5\x6a\xbb\xfa\x75\x67\xc7\xd5\x96\x36\xe6\x4a\x7b\xef\xe5\xab\x6d\x3e\x2a\x1a\x8b\xb2\x94\x91\x1e\x43\x53\x69\x74\x30\x5e\x5c\xcf\xa3\xf1\x24\x4a\xae\xa0\x7c\x4e\xdf\xfa\xdf\x84\xb8\x44\x10\xdb\xbc\xf9\x1f\x60\x30\x10\x67\xa3\x3c\x84\xc3\xe1\x70\x33\x88\xa9\xef\xe4\x83\x49\x31\xbf\x81\x96\x37\xd1\x54\x5a\x9e\x79\x28\xfe\xb6\x2e\xae\x4e\xa9\xaf\xd5\x7e\x38\x12\x26\x29\x23\xa1\x90\x91\x0f\x16\xd0\xca\xcf\x40\x75\xf7\x76\xb6\xf7\x76\xf8\x3b\xbf\x80\x40\x34\xf1\x2d\x1b\x4f\x34\x83\x3f\x3a\x1c\x88\x70\x21\x08\xc4\x6f\x0c\x0d\xb0\x51\x9e\xc2\xe6\x32\x3f\x2b\x8f\xa6\xb0\xb9\x24\xd6\xe4\xee\x9e\xb8\x9e\x94\xb7\xb7\x51\x72\x43\xc8\xe6\x74\x2b\x43\x44\x43\x0c\x8d\xb8\xfa\xab\xf8\xeb\x3a\x59\x14\xc9\x0a\x29\x86\xe3\x57\x79\x2c\x83\x5f\xdd\xdd\x41\xf9\x9c\x90\x9b\xd0\x56\x87\xa5\xac\x58\x1b\x6c\xa9\x1e\xdd\x41\x2b\x3f\x8b\xf9\x8c\x2e\x18\x69\x71\x59\xc8\xce\x48\xff\xce\x91\xc5\x28\x5c\xee\xfc\xbc\xbb\xbd\xa7\x87\x69\xed\x6e\x6f\xe9\x6d\x6f\x23\x49\xa4\x53\xa0\xee\x18\xd2\x0e\x12\xfd\xb1\x6f\x21\xc4\x0e\x93\x9d\xd4\xd6\xfe\x15\x05\x67\x4d\x59\x23\x2d\x1e\xf8\x06\x6a\x55\x32\x6a\x4d\x71\x1f\x17\xb6\x8d\x16\x08\x85\x6c\x83\xf5\x07\xa2\xa1\x08\xab\xf2\x59\x93\x53\xe5\xb4\x94\x92\x23\xb5\xd1\x4d\x40\x60\x98\xc3\x61\x63\xd9\x8c\x6f\x4c\x3f\xd9\x95\x10\xe1\xa2\x37\xc9\x60\x94\x5b\x55\x4f\xca\x4e\x27\xdc\xbe\x6d\x6d\x8f\x97\x6b\x6a\xce\xff\x63\x90\x55\xf4\xbd\xfa\xfa\x2c\x5b\x53\xcd\x03\xae\x60\x47\xb0\xbe\x25\x6f\x6d\x98\xdc\x22\xe8\x59\x42\xb4\x73\x5f\xde\x5e\x44\xd3\x6b\x6a\x42\x56\x7d\x4f\x52\x35\xba\x62\xe8\xee\x10\x07\xbb\xda\x6c\xd6\x05\xb2\xbc\x99\xe0\xa1\x41\xa7\x25\xf2\xf1\x21\x56\xef\x6e\x62\x78\x98\x8b\xf0\x6c\xdc\x41\xc6\x96\xad\x36\x18\x8f\xf1\xb1\x60\x2c\x02\xdc\x20\x86\xdd\x31\x15\xb2\x0f\x7d\x7c\x96\xe4\x08\xf1\xf3\x44\x3c\x08\x67\xcf\x9d\xfb\xc8\xf4\xbf\xf7\xe3\xb3\x78\xe5\x5c\x2c\xaa\x2d\x8e\x25\xba\xa2\x43\x0f\x32\x67\x25\xd9\xd8\x78\xac\xac\xdc\x4a\x77\x88\x8d\x9c\x80\xee\xc3\xf8\x83\xff\xca\x2c\x16\x17\xee\xa3\xf4\x16\x61\xce\x65\xfa\x47\xf1\x26\x94\xdb\xd6\x85\x02\x1f\x10\x3b\x67\xc9\xab\x10\x6d\x21\x32\xd5\x71\x4d\x46\xad\x12\x18\xb8\xc6\x92\x53\xfe\x4b\x24\xa7\xd2\xa1\xf8\x8c\xc6\x81\x3e\x8e\x87\xbe\xa1\x78\x82\x87\xc6\x86\x9b\x10\x8a\xc7\xca\xd4\xec\x3f\x4a\x5a\x84\xf8\x4a\x02\xd3\xdd\x8e\xb2\xc5\x84\xec\x82\x6e\xc5\xc4\x7b\xdb\x36\x6b\x2d\x65\xc6\xb0\xf7\x49\xae\x15\x97\x37\xd0\xd6\xf7\xba\x71\x2e\xde\x59\x52\xec\xf3\xa8\x90\x7d\x22\xfd\x3b\xa7\xb8\x45\xb3\xcb\x3a\xa2\x66\x60\x10\x81\x9b\xd8\x0c\xa4\xd2\xa4\xb1\x5c\x73\xac\x86\xb2\x9c\xa1\x15\xac\xb1\x85\x69\xc4\xea\xba\xb0\x60\x19\x35\x3c\x3a\x41\xa8\x47\x69\x03\x24\x86\x22\xbc\xcf\x5d\xe7\x1c\x7d\x99\xe6\xa8\x16\x7d\xe1\x76\x0a\x2e\xf1\xde\x60\xf9\x7a\xd7\x97\x5d\x0a\xb7\xbe\xb8\x64\x49\xe2\xfc\x2d\x5a\x6b\x0c\x89\x67\xa5\xac\x89\xb2\xa1\xc1\x48\x2c\x10\x62\x6e\xf6\x35\x9b\xb3\x5c\x4a\xc2\xec\x36\xf4\xb3\x01\xdc\xb0\xb1\xde\xc0\x22\xc7\x1c\x3e\x14\xfb\x36\x7a\xa4\x09\xd4\xfc\x89\xbe\x08\x6b\x1a\xe5\xfa\x99\x7a\x30\xd6\x67\xe4\x51\xd4\x5e\x26\xea\xca\xfb\x99\x49\x37\x7a\x56\xc9\x53\x1c\x2d\x09\xe1\x35\x27\x1e\xa4\x85\x07\xe2\x62\x52\x8d\x75\x49\x78\xeb\x73\xdf\xd2\x29\x1e\xc1\x71\x8b\x8a\x65\x7d\xee\x5b\x26\x8a\xc8\x9b\xba\x06\x9f\x1e\xce\xd4\x53\x2e\xec\xdc\x6f\x69\xb9\x66\x63\x46\x8a\xd4\xb7\xec\xcf\x49\x0a\x7a\x04\xef\x89\x5b\xca\xae\x30\xf1\xd0\x73\x83\x57\x72\x48\x4a\x37\x1b\x9f\xd4\x77\x17\x60\xc4\x0a\x04\x4e\x19\xa1\x81\x19\x0b\x68\x9b\xa5\xba\x01\xb3\x70\x55\x8d\x1f\x29\xa0\xc4\xd9\x87\x68\xee\x5f\xa0\x0e\xa2\xc4\xad\x6a\x91\x2f\x45\x22\x4b\xd0\x4b\xa1\x70\x52\x21\xa8\xb5\x12\xad\xc0\x4c\x4c\x16\x1f\x04\xf1\xa7\xb4\xb0\xbf\x2a\x2e\xbc\x96\x0f\x56\xf4\xfa\xe9\x4b\x69\x31\x85\x52\x39\x53\x39\xd8\xc0\xf5\x68\x6f\x17\xcd\xfd\x20\x65\xc6\x84\xec\xb4\x17\x63\xc9\xdc\x81\x7c\xb0\x22\x6d\xce\x08\xb9\x1f\xa5\x95\xac\xfc\x68\x42\x5a\xb9\x4b\x8c\x89\x57\x09\x01\xbd\xc4\x54\xeb\xd3\xd6\x99\x5d\xcf\x29\x75\xce\xf3\x0e\xa6\xbe\x02\xb7\x4e\xac\x86\xf2\xec\x2b\x34\x77\x97\xf0\xb1\xb8\x70\x47\xde\x1d\x17\x97\x76\x1d\x78\x4c\x59\xa8\x60\xff\xce\xf1\xd0\x60\xb7\xfa\xba\x25\x2e\xd7\x42\x87\x95\x5c\xf1\x77\x5e\xed\xf6\xb9\xeb\x2c\x39\x69\x6b\xbf\x7a\xbd\x83\x45\x46\x95\x7a\xd3\x56\x1d\xaf\x37\xd3\x67\x25\xd0\x49\xe3\x1d\x48\xac\x01\x71\x6d\x4f\xf5\x01\x42\x7e\x5c\xad\x8d\x6f\x3c\x17\x97\x76\x49\xf4\xa4\xeb\x80\x98\x1d\x17\x67\xa7\x48\xfc\x66\x2b\xa5\xe2\xe0\xff\x79\x5e\xc8\xce\xea\x51\x94\x65\x8e\x37\x8a\x2b\xfa\xf9\x3e\x68\x6c\xae\x75\x20\xbd\xdc\x89\x95\x23\x98\x78\x2c\xc6\x6b\x41\x46\x63\x33\xe0\xc1\x42\x6c\x38\x30\x14\xe1\x49\x26\xd8\x34\x69\xc5\xb1\x15\x6d\xae\x8c\x8e\x1a\x9b\xb5\x94\x07\x34\x36\x2b\x83\xe2\x59\x08\xd6\x69\x68\xb8\x81\xd1\x4e\x90\xe5\x22\xfa\x17\x15\xfa\x9c\xbb\x09\x41\xe3\xe3\x37\x43\x81\x28\x3f\x34\x00\x8d\xe7\x1a\x1a\x2a\x12\x65\xd2\x41\xfc\xa7\xcb\xd7\xdf\xeb\x73\xd7\xd5\xe9\x5f\xe1\x0c\x7c\x52\x5f\x6f\x93\x32\x99\x4a\x4c\x4d\x91\x1c\x94\x50\xd8\x91\xb6\x96\x4a\x85\x94\xb8\x3a\x8a\x76\xe6\xe0\xe3\x86\x86\x06\x40\xcf\x96\xe4\xe9\xef\x74\x81\xcb\x07\x93\x68\x67\x4e\xfe\xe5\xa9\x62\x2f\x66\x7e\x94\xf2\xf7\x9d\xe6\xbf\xf4\x65\x77\x8f\x95\x00\x7f\x2f\x9c\x81\xc6\xb3\x36\x1a\x4c\x2a\xa9\x74\xa1\xc0\x13\xe1\xc9\xc4\x0a\x74\xb1\x0c\x87\x1f\x3b\xe2\xbf\xe3\x08\xc3\xad\xec\x20\x43\x1c\x26\xdf\xe3\xef\x1d\xb9\xa9\x4b\xc6\xe1\x39\x61\x97\xfe\x42\x21\x6a\x44\x13\x98\xfd\x71\x25\xe1\x99\x6a\x62\xda\x1f\x0e\x11\x2d\x2b\x09\xf6\x07\xa2\x37\x58\xdb\x62\xfe\xda\x25\xd8\xf7\xee\x11\x8d\x1d\xd1\x33\x34\x9e\x14\x53\x53\x04\x74\x8b\xd9\xf1\xe2\xf2\x86\xbc\xfd\x50\x37\x14\xe2\xd2\x63\x23\xd1\x32\x91\x46\xd3\x6b\xa5\x42\x4a\x38\xb8\x2f\x6f\xdf\x29\x4e\xa6\xd1\x46\x9a\x54\x10\x84\x6c\x9a\xd4\xb2\xc9\x43\xd2\xa5\xb8\xbe\x57\xa7\x0c\x4b\x8a\x82\x28\xfd\x02\xcd\x3d\x41\xfb\xcf\xd1\x4f\x69\x71\xf5\x57\x7d\x8a\xfa\x8a\xfb\xf8\xb0\xd0\xa1\xd1\x21\x6e\x50\xf9\x8f\x83\x1c\x8b\x7d\x72\x08\x1c\x1c\xa6\xaa\xa6\xa6\xd5\xa6\xd2\xe3\xa9\x90\x22\x2a\x83\xf3\x23\x38\x9a\x0a\x47\x62\xdf\x9a\x94\xa3\x9a\x89\x70\x90\x1e\x5d\x59\x7a\x27\x63\xd4\x30\xfd\x1e\x59\xe5\x30\x99\xc6\x2c\xda\xce\x2d\x7a\xc4\xdb\x78\xf6\x93\xe3\xb0\xeb\xad\xa2\x5f\x02\x78\x09\xb4\x40\xaf\x7e\x53\x4f\x8c\x94\xe1\x5f\xfb\x5e\xa7\xaa\xb9\x74\x67\xa8\x5a\x26\x4c\x53\x33\xe2\x1b\x4c\x0f\x1c\xbc\x83\xfe\x56\x37\xe5\x96\x01\x2a\x19\x73\x6b\x37\xbb\x39\xb7\x0d\x5a\x66\xd0\xed\x41\x8a\x16\xcf\x72\x51\x9b\x06\xf7\x95\xef\xe8\x1a\xa3\x5c\x65\xa9\x3d\xe1\xd6\xa4\x6a\x82\x56\x37\x95\x34\x1a\xb6\x27\x96\x2a\x53\xb9\x1e\x56\x4f\x80\x1d\x47\x95\x8f\x95\xe4\x3c\xca\xc0\xd5\x81\x93\x4e\xe6\x89\x90\x53\x35\xc2\xf5\x91\xdf\x04\x3e\x41\x15\xaf\xad\x4f\xf0\xde\x31\x14\x94\xef\xfa\x13\x13\x5a\xee\x9c\x2d\xfb\xc6\xe2\x9e\x1d\xde\x68\x9e\xd8\xba\x53\x4c\x2e\xda\xfe\xe2\x18\x38\x03\x0e\xc5\x1a\xfa\xca\xfe\x33\xd6\xe3\xa4\xfb\xc7\x00\x1e\xf0\xe6\x29\xc2\x63\xfa\x2f\x87\x19\x8f\x9b\x40\x75\xf2\xf8\x89\x78\xb0\xdc\xe3\x1f\x27\xf3\x7d\x3c\xd6\x38\xe8\xf7\x3b\x65\xcc\x31\xe7\xab\xce\x96\x6a\x9e\xbd\xc2\x3e\x3f\x1e\x20\x7a\x23\xad\x3a\x21\x2e\x7a\x23\xbd\xaa\x0a\x8f\x6c\x3c\x54\xe1\xd1\x5f\xa5\x5b\xef\x82\x3d\xc7\x9e\xf1\x30\xe6\x9c\x40\xc3\xde\x32\x86\x34\x8e\x96\xe8\x18\xb2\x0e\x63\x22\x70\x48\x98\x96\x59\xf2\x10\x3b\xec\xab\x2c\xbc\x0b\x17\x2c\x8f\x48\x9d\xa3\x72\xf8\xf4\x2e\xd0\xcd\x7f\xbc\x85\xb7\x20\xb0\x77\x6d\xe6\xcd\x65\xb2\x63\x79\x58\xa5\x86\xa6\xea\x6a\x73\xa3\x79\x71\x55\x98\x59\xa6\xac\x87\xa5\x5a\xcd\xca\x58\xa7\x6a\x0b\xd1\x48\x52\xfc\x02\x72\xcc\xd7\xdf\x65\x5d\x99\xb3\xd5\x70\xd8\x39\xff\xdf\x9a\xeb\x37\x53\x92\x13\x98\xa5\xff\x16\x45\xa1\xad\x6b\x7b\x13\x4d\x79\x0f\x66\x57\x5d\x89\x83\xe5\x3d\xd4\xb6\x9e\x29\x37\xab\xc7\xe2\x28\x39\x82\x49\xe8\xb0\x1e\x37\xcc\x94\x1d\x7e\x9c\x55\xd5\xc3\x6b\x3a\x01\x80\xee\x4f\xea\x67\x8c\x4a\x85\x94\xbc\xfd\x0a\x6d\x4d\xc9\xff\x1a\x97\x56\xb2\x28\xb7\x60\xbd\x3c\x98\x54\xcf\x5a\x36\xc3\xcd\x81\x58\xc8\x43\x0e\x63\x2a\x1f\x13\xc1\x7e\x36\xe4\x09\x04\x79\x8f\x3a\x99\x98\xbc\x6b\x7f\xa3\x1f\xa5\x3c\x94\x27\xfa\x91\x6f\x9b\x44\xeb\xe1\xfc\x45\xca\xad\xdf\xd8\xa4\xcc\x85\x66\xa5\x5a\x21\xa6\xb7\xf4\xb3\x90\x6a\x6d\xe7\xde\x6f\xd2\x9d\xa7\xe8\x97\x65\x72\x97\x8f\x5c\x23\x10\x97\x76\xc5\xe9\x69\x72\x8a\x4a\x4d\x2b\x92\x83\x8b\x99\x31\xe5\xc6\x12\x39\x65\x25\x1f\xac\x40\x4b\x28\xc4\x86\x7a\x94\xaa\x75\x4b\x6b\x47\x37\x1b\x8c\xc5\x43\xea\xc5\x27\xa5\xce\x25\x2e\xed\xa2\xd9\x07\xe2\x1a\x9e\x0a\xad\xfc\x2c\x2d\x6c\x0a\xb9\x59\xf9\xe0\x1e\x9a\x7d\x60\x5c\x97\xfa\x29\x89\xb2\x29\xa3\x60\x56\xc8\xc8\xdb\xf7\x85\xec\xb3\xe2\xe8\x82\xb8\xb0\x27\xe5\xc9\x9c\x68\xbb\x20\x4f\xbe\x14\x67\x26\x84\x6c\x5a\x9c\x9d\x2a\x15\xa6\xde\xf9\x31\xe9\x37\x39\x07\x7d\x48\x45\xfe\x88\xe7\xa1\x03\xc1\x08\xa9\xc5\x5b\xab\xcb\x6d\xed\x97\xbe\xc4\x1a\x1f\x08\x46\xd0\xc4\x38\xda\xda\x03\xb7\x5a\x2c\x77\xb9\x5a\xfd\x6d\xdd\x3d\x4d\x4e\x35\x75\xbd\x9c\x6e\xb9\xad\x53\x4f\x7a\xd0\x47\xe8\x41\x6b\x3d\x88\x6f\xf9\x27\xf6\x2d\xca\x6c\xfa\x09\x0a\xe3\x99\xcd\xd7\xbc\x55\x1b\x23\x2e\xad\xa1\xb9\x6d\x71\xe1\xb5\xbc\xae\xdc\xa0\xd3\x0b\x92\x6a\xc5\x96\x94\x1f\xb1\xd2\xab\xb9\x3f\xe3\xc6\xa8\xd3\x89\x8e\xbf\xb8\xba\xda\xd2\xda\x51\x5e\x5a\x25\x8b\xab\x23\x77\x74\xda\xba\xaf\x76\x19\x47\xd1\xd2\x2f\x48\x41\xa9\xfe\xb0\xa2\xab\xa9\x6a\xed\xd1\xff\xc8\x71\x65\xe3\xbb\x53\x69\xd6\x26\xd3\xa3\xc0\xcc\xcb\x2d\x3d\x97\x1d\x34\x48\x1b\xea\x36\x24\xfa\x03\x67\xcf\xd1\x89\xa1\x01\xed\xfa\x4f\xb0\xd1\xe3\xd6\x2e\x35\x5a\x4d\x7c\x4f\x77\x2b\xa3\xdc\xe5\x8e\x0d\x9b\xcf\xaf\x32\x09\xc6\x7d\x0b\xf7\xb0\x39\xbb\xb6\x9e\x5e\xc7\xe6\x21\xe7\xe6\x3d\x5f\x5e\x62\x94\x7b\xef\x65\x1d\x82\x46\x07\x5b\x05\x90\x5c\x1e\xc5\xd6\x4f\xbb\xd5\xaa\x9c\x38\x50\xae\xb3\x16\x57\x76\xc9\x89\x5f\x69\xff\x07\x71\xeb\x77\x6c\x40\x1f\x7d\x07\x0d\x1f\x29\xff\x79\x1b\x94\x23\xbe\x99\xe2\xe8\x28\x4a\xdd\x15\xb2\x39\xa3\xf5\xca\x4b\xf9\xe0\x67\x22\x66\x2c\xdb\xb9\x27\x52\xfe\xa5\x38\xbd\x41\x6e\xe2\xfe\x39\xfa\x9d\x85\x84\x96\x8e\x8e\xab\x5f\x33\x2d\x1d\x1d\xbe\xb2\x12\x53\x65\x96\xab\xd9\xcc\x76\xa8\xf5\x36\xb8\x2b\xe5\x32\x8d\x91\x1b\xed\xe9\x7d\x6b\x11\x91\xdc\xce\xf6\x9c\x82\x60\x9c\xc5\xe0\x89\x72\xab\x72\xa2\x40\xbd\x36\xac\xfc\x9b\xe0\xfe\xc9\x42\x63\xc3\xd9\x26\x18\x08\xfc\x9d\x8d\xb0\x03\xca\xf9\x31\x1a\x83\xc0\xf2\x54\x5b\x85\x0d\x45\xaa\xe7\x84\x13\xa0\x4d\x03\x44\xfd\x6d\xb2\x51\x37\xb8\xbe\x8a\x4a\x27\xb6\x6c\xcb\xc0\x10\xd3\x73\xca\xbc\x06\xab\x8a\xdb\xe0\xab\x73\x92\xb0\xd2\xd1\x94\x57\x79\x34\xbd\x66\xdc\x1a\x31\xdf\x33\x42\xc9\x9d\xf2\x05\x39\xd0\x48\xee\x8e\x83\xe7\x5b\xf0\xb4\x62\xd2\xf4\xdf\x69\xa0\xc0\x33\x00\xe4\x4e\xbe\x71\x2f\xdc\xb4\x0c\x0c\x7a\x3d\xff\x17\x5a\x5a\x5b\xdb\xbb\x7a\x8f\x98\xe8\xb4\x4c\xd7\x72\xf2\xe9\xde\x3a\xb0\x04\xb2\x3d\xd0\x56\x4a\x4c\xce\xd7\x29\x9b\xd0\xe3\xb8\x81\xea\x31\x21\x3e\x9d\x2c\xab\x5d\xb4\x9f\x0d\x29\x67\x71\x27\x5e\x92\x66\x16\xca\x84\xef\x5c\xb7\x28\xdf\x0e\xaa\x1d\xa2\x0c\x1b\xe1\xbc\x1f\x9a\x1a\xce\x57\xd8\x0e\x55\x94\x8a\x6c\x09\xfd\x76\x3d\x68\xb3\x55\x54\xa2\x70\x2c\x0e\xd8\x5b\x03\x17\x05\xd5\x26\xe8\xf7\x2e\x2a\x2c\x46\xdf\x14\xfa\x4a\x28\x37\x1e\xe2\x88\xdb\xa1\x0a\xf5\x64\x4b\x90\x3b\xc4\xca\x90\x64\x23\x1c\xb6\x06\xe5\xbe\xc7\x61\xc4\xfe\x97\xee\xe0\x8a\x1a\xf9\x2e\xf7\xb1\x79\xd2\x23\x2c\xca\x44\xa1\xe3\xf0\xba\x1e\x85\x12\xfc\x9b\x5b\xa5\x93\xcd\xf6\x3e\x8c\x92\xd5\xfc\xe0\xf9\x7d\xba\x6e\x07\xfb\x03\x5c\xd4\x57\x89\xaf\xa6\xd8\xad\x1a\x60\xa3\x8f\x00\xd8\xe8\x0a\x80\xad\x42\xd2\xc7\x8a\x8c\xd5\x1f\x2b\xa1\xe0\x54\x75\xf7\x79\xbc\xc8\x7b\x75\x8a\x10\xaf\xfc\xde\xcd\xfe\x04\xb9\xde\x24\x2e\xad\x19\x3f\xcd\x61\x1c\x25\x24\xf7\xe1\x14\xd6\x1e\xc1\x7e\x63\x98\xe6\x14\xb1\x68\x9c\x38\x16\xde\x04\x82\x39\x69\x47\x14\x49\x6b\xa8\xd3\x29\xc7\xd2\xd6\xd3\x5b\xa1\x57\xa8\x4a\xaf\x9e\x2f\x2f\xd1\x15\x20\x28\x1d\x34\xf5\xab\x8c\xd5\x68\x9f\x63\xd1\xaf\x32\x37\x8e\x04\x05\x6d\x53\x34\x3a\xe5\x8e\x8e\xe2\x08\x35\x5e\x1a\xc0\xd0\xfc\xb3\x2b\xc7\x47\x89\x70\x98\x5b\x54\x95\xc7\xc0\x8b\x74\x65\xc0\x08\x0e\xa0\x91\x3e\x0c\x35\x82\xb3\xdf\xa1\xcb\x1c\x0f\xfd\xb6\x7c\xa5\x93\xf3\xa1\x75\xe7\x43\x57\xf5\x3e\x2a\xb5\xf4\x09\x5c\x10\x7d\x32\x14\x09\xba\xcd\xa6\x4f\xe0\x82\x9c\x26\x3d\x5c\x09\x8e\x66\xba\x6d\xf7\xf9\xcb\x6d\x37\x7d\x18\xa2\xa4\xcb\x21\x25\x54\x32\x4b\x0e\x9c\x57\xb1\x25\x7d\x1c\x70\x09\x15\x01\x26\x6d\x43\x98\x47\xd8\x58\xd5\xe1\x66\x15\x45\x34\xef\x2d\x2b\xf0\x3c\x5c\xfd\xca\xd1\x27\x5d\x11\x7d\x82\x33\x02\xa5\x4f\x08\x41\xab\xac\x48\x85\xa1\xca\x8a\x1c\xb0\xe8\xe1\xcb\x72\x04\xa4\x4e\xf4\xff\x0f\x30\x0e\x95\xd5\xfa\xdd\xdb\x08\xcb\xdc\x47\x5d\xa2\x99\xdc\x4a\x00\x92\x3e\x19\x5e\xad\xbc\xb6\x93\x4e\xfa\xfe\xec\x9f\xcd\xd2\xe9\xe8\x95\xb6\xc1\xd7\x8a\xec\xb6\x55\x94\xac\x90\x16\x9c\xaa\x12\xba\xed\xac\x01\xf2\xeb\x88\xda\x2f\x1d\x66\xca\x7e\x20\x51\xbf\x87\x6b\xfb\xe9\x43\xa5\xfb\xc9\x53\x96\x47\x89\x8e\xd5\x9f\xfd\xf3\x51\xf6\x50\xc4\xa4\xb0\xe0\x49\x58\x62\x03\x4f\x48\xb5\x29\xba\x20\xa9\xca\x19\xe4\x93\x04\x1f\xa4\x8e\x15\x08\x46\xc8\x2f\xc5\x10\x19\xea\xf5\x29\x8f\x99\x9d\xf5\xea\xaf\xba\x04\xa2\x21\x2b\x11\xda\x53\xfd\xa1\x6e\xd6\xcc\x37\x69\x4f\x14\x59\x54\x88\x2a\x2a\xa3\xab\xa3\x3a\x0a\xb3\x30\xe8\xa3\x49\x83\x3e\x54\x1a\x6f\x67\x4f\xbd\x0d\x91\x38\x8a\x05\xec\x1e\xa7\x0c\x73\xbc\xe7\x70\xcc\xb8\xbe\x8b\x23\x01\xb5\xe0\xf0\xff\x02\x00\x00\xff\xff\x1e\x60\xd7\x02\xd7\x56\x00\x00")

func openwrtIptablesClient_onlineShBytes() ([]byte, error) {
	return resourceSetBindataRead(
		_openwrtIptablesClient_onlineSh,
		"openwrt-iptables/client_online.sh",
	)
}

func openwrtIptablesClient_onlineSh() (*asset, error) {
	bytes, err := openwrtIptablesClient_onlineShBytes()
	if err != nil {
		return nil, err
	}

	info := bindataFileInfo{name: "openwrt-iptables/client_online.sh", size: 22231, mode: os.FileMode(436), modTime: time.Unix(1790421345, 0)}
	a := &asset{bytes: bytes, info: info}
	return a, nil
}

var _openwrtIptablesConfig = []byte("\x1f\x8b\x08\x00\x00\x00\x00\x00\x00\xff\x8c\x54\x4d\x4f\xe3\x3c\x10\xbe\xfb\x57\x58\x7d\xcf\xae\x78\x17\x89\x0b\x27\xd4\x6a\xb5\x88\x4f\x01\xd2\x5e\xf6\x62\x9c\x49\x32\x8a\xb1\x2d\x7b\x92\xa5\xb2\xe6\xbf\xaf\x92\xa6\x90\x25\x2c\xa9\x7a\x68\xec\xe7\xc3\x33\x7e\x26\xc9\x19\x4b\xb9\x7e\x84\xd8\x41\xdc\x78\x57\x62\xb5\xbe\xf6\x46\x5b\x66\xdb\xff\xc9\x9c\x3f\x05\x65\xce\x60\x13\x30\x9f\xef\x69\x27\xeb\xe1\x97\x33\xb8\x82\x59\x04\x1f\x69\x26\xbd\xf7\x91\x7a\x2c\x7a\xf2\x73\xb0\xdf\x65\x16\x05\x74\x33\x6c\x0b\x1d\xb3\x30\xba\x07\x7e\xfa\xd8\xa0\xab\xb6\x18\x99\x73\x5e\xdf\x60\x32\x23\x6b\x73\xf1\x1d\x2d\xdc\xea\x17\xe8\xc9\xb0\x2f\xe0\xdf\xf4\xf1\x04\x88\x34\x91\x35\xb0\x3b\x46\x75\x05\xbb\x77\x91\x94\xff\xc9\xa7\x1a\x93\x2c\xd1\x82\x4c\xb5\x6f\x6d\x21\x9f\x41\x36\x10\x48\x26\x30\x11\x48\x14\xf5\xd7\xb6\xdb\x1f\x93\x22\x0a\x4d\x5a\x19\x0c\x35\xc4\x34\xbf\x0b\x4d\x7a\x33\x60\xcc\x22\x0d\xc8\x8c\x33\x2e\x2e\xb7\x0f\xcc\xe2\x93\x80\xdf\xf1\x33\xe6\xbd\x87\xc2\xd0\x9d\x7d\x61\x74\x36\x38\x0d\xe1\x92\x0f\xde\xfa\x6a\x37\x63\x3f\x8d\x00\xb3\x78\xd1\x4e\x57\xf0\x02\x6e\x21\x84\x9b\x37\xde\xa3\x37\x0d\x10\xb3\x6c\x1d\xbe\x8a\xcf\xaa\xde\xb6\xc1\xa2\xd1\x04\x9b\x5b\xe6\xe2\xb0\x50\xc6\xbd\xcf\xe2\xc7\xdd\x61\x16\x45\x03\x10\xb4\xc5\x0e\x66\x15\x5f\x1d\x10\x66\x41\x36\x29\xdd\xd2\x42\x50\x4f\x93\x21\x93\x27\x7f\x25\x8f\xe9\x90\xb6\xc8\x39\x6a\x57\xc1\xa1\x81\x07\xdf\x12\x30\x87\x36\xd5\x72\x15\xfb\x45\x7f\xc8\x2d\xd0\x6f\x1f\x1b\xe6\x95\xcc\x79\xf5\xcb\xad\xfa\xb3\xc6\x92\x93\x89\x18\x48\x25\x30\x6d\x44\xda\xc9\x53\xd1\x97\xa6\xda\x04\x51\x05\x9d\x92\xea\x20\x62\xb9\x30\xab\x1b\x8b\xe0\xe8\xa2\xa5\xfa\x71\xb0\x1b\xab\xee\x50\x2b\x70\x9d\x38\xef\xdd\xa4\x0f\xe0\xba\xe0\xc4\x79\x15\x7d\x1b\xde\x96\x01\x62\xc2\x44\xaa\x81\xdd\xdb\x33\xb5\x4e\x24\xd2\xd4\xa6\x85\x77\x64\xe0\x4c\xee\xe9\xdb\x89\xb0\xbe\x52\x3a\x04\x70\x85\x3c\xe6\x05\xbb\xf6\x15\xb3\xe8\x20\x3e\xcb\x53\x01\xaf\x7d\xaa\x48\x0a\x5e\x91\x94\xf3\xd4\x77\xfe\xbf\x10\x66\xe8\x4f\x99\x41\xa8\x0a\x8c\x0b\xd7\xb1\xd9\x0e\xbb\x02\xcb\x51\x12\xbc\xb7\x6a\xec\xee\x6b\xed\xe5\xfd\xfd\xf4\xe3\xb2\x3f\xb8\xc0\x64\xbc\x73\x60\x16\xc4\xfb\x1c\xee\xca\xd2\xa2\x83\x69\x14\x93\x0e\x8e\x76\x71\x33\x13\xf1\x71\xaa\xef\xa8\x3e\x3c\x33\xff\x09\x00\x00\xff\xff\xe4\x86\x1c\x3b\xe0\x05\x00\x00")

func openwrtIptablesConfigBytes() ([]byte, error) {
	return resourceSetBindataRead(
		_openwrtIptablesConfig,
		"openwrt-iptables/config",
	)
}

func openwrtIptablesConfig() (*asset, error) {
	bytes, err := openwrtIptablesConfigBytes()
	if err != nil {
		return nil, err
	}

	info := bindataFileInfo{name: "openwrt-iptables/config", size: 1504, mode: os.FileMode(436), modTime: time.Unix(1790391574, 0)}
	a := &asset{bytes: bytes, info: info}
	return a, nil
}

var _openwrtIptablesHelp = []byte("\x1f\x8b\x08\x00\x00\x00\x00\x00\x00\xff\xec\xbd\x7b\x73\x13\x49\xb6\x2f\xfa\x7f\x7d\x8a\x3c\xf4\x3e\xb1\xa7\x35\x23\x4b\xb6\xc1\x43\x73\x1a\xe2\xb8\x0d\x33\xed\x3d\x34\x4d\x63\x66\xfa\xec\x98\x33\xd7\x12\xb2\x00\x1d\x8c\xe4\x2d\xc9\x4c\x73\x07\x22\x64\xfc\x92\x6c\xc9\x12\xe0\xa7\x24\xbf\x68\x1b\x1b\x8c\x25\x03\x6e\x5b\x96\x64\x3b\xe2\xde\x6f\x82\x2b\xab\x4a\x7f\xf9\x2b\xdc\xc8\xb5\x32\xb3\x52\xb2\xa1\x99\x7d\x22\x6e\xdc\x3f\x6e\xef\x3d\xdd\x56\x55\x56\x3e\x57\xae\x5c\xcf\x5f\x7e\x41\xbe\xef\xf3\x07\xff\x72\xfd\x1a\xa9\xcd\xbf\x30\xe6\x0f\x89\xbe\x7f\x68\x4e\xae\x1b\x89\x71\x3a\x92\xd4\xb4\x4b\x44\x2f\xc5\xf4\xd2\x6b\x6b\xf4\xb5\x91\x98\x35\x0b\xcb\x66\x76\x48\x7e\xc1\x7e\x66\x46\xf0\xbb\xe3\x6a\xd6\xac\x2c\xea\xa5\x18\x3e\x74\x38\x58\x25\xf1\x5d\x87\xe3\x28\x36\x20\x7e\x98\x95\x21\xfe\x5b\xd4\x60\xe4\x53\x74\x6c\x99\xce\xad\xd3\xc2\x82\x7e\x30\xee\x70\x1c\x57\x93\x74\x6f\xa7\x16\xcb\x5a\x87\xa3\xda\x25\xe2\x09\xf4\x45\xbd\xb7\x7a\xfd\x11\x8f\xcb\x13\xe8\x8b\xf8\xa3\x1e\x42\x07\xb2\x56\xe1\xb0\x36\x53\x30\x26\xd6\x68\x7c\xe7\x28\x36\x80\xa5\x89\x27\xea\x83\xb7\xb4\xf4\x92\x16\xf6\x6b\x73\x99\x5a\x6c\xf1\x28\xf6\x04\xbb\x67\x6d\x2f\x5a\xdb\x3f\x7f\x88\xe5\xcd\xea\xb4\x31\xf1\xec\x43\x6c\xfe\xb8\x9a\x34\xf3\x8b\xc6\xe6\xcf\x66\x76\xc8\x3a\x5c\x30\x26\x56\xf5\xd2\x84\xb5\xff\x86\xa6\x9f\x9a\x93\x6f\xe5\x18\x69\x21\x69\xc4\x33\x47\xb1\x27\x9a\xa6\x7d\xf1\x05\x31\x73\x05\xba\x3f\xa5\x69\xcd\x4d\xc4\x58\x2a\xd1\xc3\x41\xe3\xe5\x13\x7a\xf8\x8b\xd6\xd2\x44\xe8\xe1\x46\x2d\xb6\x48\xab\x31\xba\x36\xae\xb5\x36\x11\xfa\x74\x5f\xaf\xac\x58\xcb\xc9\xe3\x6a\xbc\xe3\x6a\xe7\x71\x35\xa1\x9d\x6d\x22\xb5\xe1\x94\xb9\x5f\x30\xa6\x47\xf5\xca\x0e\xf1\x85\x82\xb7\x03\x77\x9a\xfe\x57\x24\x14\xd4\xce\x35\xf1\x15\xa0\x63\x8b\xd6\xe0\xbe\xd6\xd6\x44\x8c\xf9\xc1\xda\x5c\xc6\x58\x5f\xa6\x0b\xe3\xda\xef\x9b\x48\x7b\xc7\x55\xa2\x97\x26\x6a\xb3\xef\xcc\x81\x0d\xfa\x62\x4e\x3b\xdf\x44\xd4\xd1\x1e\x57\xe3\x51\x1f\x6b\xe7\xab\x26\x62\xfd\x32\x64\x94\x33\x6c\x48\x43\x59\x23\xff\x46\x6b\x76\x37\x11\xab\x38\xa0\xef\xbd\xd4\x4b\x13\xb4\xf0\x82\x2d\xc7\x46\x11\x7b\xa3\x35\xb3\xe1\xcc\xac\xd2\xc3\x99\xa3\xd8\x80\x39\xb6\x63\xc4\x06\x60\x32\x0a\x46\xea\x85\xd6\xcc\xc6\x56\x48\xd0\xe1\x75\x5a\x29\x5b\x85\x82\xd6\xdc\xda\x44\x6a\x83\xeb\xe6\xfe\xbb\xe3\x6a\x3c\xf2\x30\x12\xf5\xdf\xef\x61\xad\x36\x9f\x65\xdd\x29\x59\x6b\x03\xb5\x99\x42\xed\xc5\xec\x71\x35\xfe\x87\xf6\x1f\xe0\x0d\x1b\xdc\xdc\x10\xcc\x9c\xd3\xe9\x84\x99\x6c\x9c\x41\xed\x11\xc1\xbf\xc8\x23\x62\x15\xb7\x8d\xd9\x09\xf2\x48\x7b\x44\x9c\x4e\x27\xe1\xff\xd6\x1e\x11\x41\x6b\xf1\x1f\xfd\xb7\x8e\xab\x09\xf2\x88\x20\x65\xb9\x24\x81\xb9\x24\x49\xb9\x70\x0a\x5c\x38\x30\x33\x3b\x44\xd3\x45\x6b\x6d\x84\x26\xa7\x91\x44\xcd\xa9\x64\x6d\xfe\xc5\x71\x35\xa9\x57\x86\x89\xc7\xdb\x73\x3f\x10\xf4\x10\xb3\xc2\x8a\x99\x73\x15\xba\x3f\x75\x14\x7b\x02\x8d\xd2\x91\xe1\xda\xe0\x3a\x69\xbf\xde\x49\x1e\x11\x4f\x20\x18\xf5\x87\x83\xde\xde\x6e\x6f\x5f\xa0\xbb\x37\x10\x89\xfa\x83\x1e\x46\xb5\xe9\xd7\x66\xee\x29\xcd\xbc\x31\xf2\x6f\x8c\x7c\xf9\xb8\x9a\xb3\x0a\x2b\x56\x71\x00\xa7\xff\x88\x4d\xe8\x98\x5e\x1a\x37\xcb\x87\xf8\x04\x89\x96\x16\x06\x69\x6e\xc1\xda\x1a\x34\x16\x57\xad\xe2\x0b\x5c\xf0\xa3\xd8\x40\x7b\xc7\x55\x46\xd8\x82\x86\xa1\x1b\x0d\x7b\x85\x3c\xe2\x5b\x53\x92\xaa\x75\x98\x33\xd7\xc7\xc9\x6f\xd9\x73\xba\x3a\x43\x77\x57\xf5\xfd\x3c\x12\xec\x71\x35\x8e\x8b\x7f\x14\x1b\xf0\x44\xfc\xe1\x07\xfe\x70\x13\x23\x3e\xcf\x51\x6c\x40\x2e\x3c\x76\xec\xb8\x9a\x90\x03\x57\x6a\x60\x43\xff\x7b\x28\x7c\x2f\x10\xbc\xd3\xdd\x13\x08\xbb\xbe\x96\xdd\xe9\xbc\x7c\xc9\xc5\x66\xc0\x28\xa6\xf5\xd2\x6b\xec\x9c\x39\xfe\xc6\xdc\x18\x17\xf5\xc8\xc5\xc1\xf1\x11\x17\x50\x32\x9b\xd8\xf7\xb4\x90\x95\xc4\x88\xb3\x4e\x9f\xbf\xa6\xe9\x2d\x59\x3b\xeb\xd7\xe0\x3e\xee\x78\xfa\xfc\xb5\x5e\xce\x99\xfb\x4f\x8d\xc2\x2f\xa2\x6e\x9c\x23\x73\x73\xda\x9c\x5a\x3d\x59\xa5\x5e\x1a\x73\xe9\xa5\x71\x6b\x39\xc9\x0a\x4d\x8c\xb2\x85\x52\xde\x99\xe5\x43\x63\x66\x87\x6d\x77\x60\x1e\xd6\xe8\x6b\x3a\xb6\x6e\x4e\x2e\x1a\x53\x71\x51\xbf\x5e\x1e\x67\x3b\x95\x4d\x36\x2b\xee\xc2\x35\x74\xe1\xe2\x1a\xf1\x0c\x1d\x5b\x34\xe2\xd3\x74\xe5\xad\xb5\xbd\x6a\xd3\x1e\xcd\x14\xe9\x40\xde\xc5\x86\x49\x5f\x2c\xd0\xf8\x92\xb9\x99\xa0\x85\x65\x8b\xfd\xff\x96\x24\x2d\xed\x8b\x2f\xbe\x20\xc6\xf4\x1e\xcd\x3c\x35\xcb\x2f\x69\x21\x7b\x5c\x8d\xd7\x46\x53\xd6\xcb\x01\xb6\x69\x34\x27\x71\x38\x18\xd5\x54\x97\x18\x5f\xcc\xca\xca\xc9\x87\x91\x67\x44\x0e\x83\x7d\x03\xbb\x82\xb7\x6e\x6e\x30\x2a\xb7\xd6\x9e\x99\xd9\xa1\x0f\xb1\x3c\x4d\x3f\xad\xc5\x06\x90\xdf\x21\x87\x1c\x2d\x63\x93\xb8\xd0\xbc\x95\x71\x6b\x7f\x1f\x5a\x91\xf5\x42\x2b\xb2\xcd\x5f\x69\xc5\x98\x58\x35\x26\x77\xd4\x56\x86\x57\x1b\x5a\x31\x7e\x19\xa8\x8d\xa6\xcd\xca\xa2\x55\x58\xd6\x4b\x9b\xec\x1c\xf1\x7c\x18\x79\xea\x21\x7a\xa9\x8c\xa3\x64\xb4\xf9\x61\xe4\x39\x7f\xc2\x7a\xc4\x96\x2b\xb3\xa1\xef\x25\xf4\xd2\x84\x5e\x1a\xab\xcd\xbf\xd0\x4b\x31\x6b\x74\x1b\xd8\x31\x3b\x9a\xb0\x50\xfc\x44\x93\xc6\xcc\x92\xf1\x7e\xca\xcc\x6d\xb3\x8e\x4d\x6d\xd3\xfd\x17\xc7\xd5\xac\x5e\x9d\xa5\xc3\x71\x63\x6c\x0c\xbb\x42\x3c\x61\x7f\x4f\x20\xec\xf7\xb1\x43\x25\xbe\x45\x3c\x81\xdb\xb7\xea\xa8\xda\x43\xac\xc2\x01\x5d\x19\xa5\x23\x29\x73\x72\x9d\x7c\x7b\xf3\x1b\x82\x75\x69\x97\xc8\x71\x35\xae\x1f\xcc\x5b\xbf\x4c\xd3\x91\x61\x63\xa9\x04\x1f\x7b\xc8\x6f\x89\xc7\xeb\x8b\x76\xdf\x0f\x84\xc3\xfe\x1e\xb6\x27\xd8\xd6\xfc\x31\x1c\x65\xc4\x43\x53\xef\x89\xe7\xde\xfd\x50\x8f\x53\x14\x85\x1f\x11\xdf\x5d\x7f\x8f\xd3\xeb\x8b\x3a\xe5\x57\x89\xe3\x6a\x4e\xbb\x44\xac\xf1\x55\xbd\x94\x62\xdc\x68\x72\x9d\xc6\xe7\x68\x6e\xa1\x16\x8b\xb1\x8e\x06\x82\x77\xc2\xfe\x48\x84\x78\xfa\x42\xbd\x01\x9f\xdf\x23\xfb\x82\xad\xcb\xa7\xac\x1e\xbd\xb4\x62\xc5\x86\x6b\x83\xfb\x66\xb5\x4c\x57\xde\x1a\x33\x3b\x7a\x35\x8b\x34\x48\x7e\x6c\xbf\x71\xad\xf3\xda\x1f\x09\xdd\xdb\xb1\x76\xdf\x5b\x87\xa3\x38\x9f\xe2\x2c\x49\xc2\x0c\xb3\x85\xc1\x27\xd0\x99\x19\xba\xff\x96\x3e\x4f\xc1\x02\x08\x4e\xde\x78\xf6\x69\x1e\x8f\xe7\x96\x37\x72\x57\xfb\x82\x34\x7f\x49\xd8\x76\x8a\x67\x18\xab\xaa\xec\x9b\x2b\x65\xfd\x60\x9c\x1f\x3a\x4d\xae\x50\x9f\x3f\xf8\xa0\x2f\xe8\xec\xf3\x06\x83\xfe\x5e\xd2\xe3\xbf\x1f\xc2\x13\x91\x5c\xaa\x3b\x1a\xb5\x2f\x48\xcb\x97\x44\x3f\x2c\x18\x93\x7b\xca\x73\xf5\x28\x65\x65\x5a\xbf\x24\x34\x3e\x4f\xd7\xc6\x69\x72\xda\x98\xda\x32\x52\x05\x5a\x7e\xce\x08\xf7\xe5\xb4\xf1\x66\x19\x4f\x2c\xc6\xef\xe2\xd3\x34\x35\x6a\x96\xd7\xcc\x44\xdc\xc8\xbf\xa1\x99\x09\x23\xb1\x06\xc7\x74\xe2\x64\x9f\x9c\xd8\xde\x45\xa5\x59\x72\x3f\x70\x27\xec\x8d\xfa\x7b\x6e\xb1\x46\xcf\xb2\x46\x73\xb4\x52\xc6\x43\x85\x3e\x9d\x45\x6e\x77\x5c\xcd\x12\xce\xf8\x68\x26\x45\x08\x2d\x8e\x98\x4b\x03\x84\x18\xe9\xb4\x75\xb8\xf5\x79\x0d\xf9\xc2\x7e\x6f\xd4\xdf\x1f\xf1\x87\x09\x1c\x4f\xe4\x5f\xdb\x2f\x7f\xd7\x79\xad\xfb\x7a\x7b\x57\xd7\x8f\xdf\xdf\xb8\xdc\xdd\xdc\xdc\xdc\xd2\xd2\xd2\xda\xda\xfa\xaf\x44\x36\xcf\x3a\x75\x4e\x74\x8a\x7f\x27\x19\xf0\x71\x35\x4e\x33\x29\x73\x6d\x8b\x1e\x0e\xd7\x96\x2b\x7a\x89\x97\xf8\xec\xb1\x63\x97\xee\x84\x43\xfd\x7d\xf8\x25\x6b\xae\xed\x4b\x62\x8c\x8d\xc9\x1e\xd0\xb1\x25\x3a\xbc\x2a\x9a\xae\x0c\x7d\x5e\xcd\xde\x9e\x1e\x36\xd2\x68\x48\xa9\xdc\x6e\xe2\xf7\x5f\x12\xc6\x53\xc7\xd6\x91\x0b\x7d\x5e\x95\xe1\xfe\x20\xa3\x45\x4d\xc3\x4f\xd9\x4a\xff\x92\xb6\xd6\xe2\x74\x6e\x1d\x0f\x14\xe2\xb9\x1b\x8d\xf6\x5d\x70\xb9\xbe\xd6\x4b\x15\x23\x5f\xbe\x74\xe1\xbc\xfb\x7c\x33\xdb\xb8\x6c\xc3\x4b\x99\x40\x48\x03\x8c\xe7\x38\x55\x51\xc1\x98\x2d\x9a\x89\x3d\xa3\x30\x06\x53\x9b\x75\x38\x68\xfa\xb5\x91\x4f\xd8\x43\x67\x07\xc4\xd3\x59\x6b\x70\x1f\xeb\xc0\xce\x83\x94\x6b\xcc\x15\x6a\xb1\x2c\x27\x90\xf4\x6b\x56\x64\x72\x5d\x2f\x4f\x10\x38\xc9\xe1\x74\x61\x2d\xb2\x06\x51\xec\xd2\x4b\xec\x60\x30\xc6\xc6\xa0\x04\x7e\x68\x4c\x1e\x58\x87\x39\xb5\x47\xe2\x1b\xdc\x2c\x92\x9b\xe1\x56\xa1\x99\x89\x5a\x3e\x66\xbd\x1c\x70\x38\x6a\xa3\x29\x9a\x29\x3a\x1c\x56\x71\xb5\x41\xae\x30\x12\x29\x3c\x01\x19\xf7\x80\x5a\x1a\xa4\x45\x26\xce\x76\x5c\x3e\xae\x26\xb0\x3a\x87\xc3\x7e\x3f\x9a\xb2\x0e\x17\x1c\x0e\x59\x45\x1d\x9b\x38\x5d\x24\xd6\xd8\x48\xde\x4f\x1d\x57\xb3\x9e\x13\x6b\xfa\x57\xb1\xa8\x5f\x5b\xbb\x45\x7a\x30\x74\xe9\x6f\xe4\x6b\xac\xe2\x92\xe7\x28\xf6\xc4\xc3\x5f\x7b\x48\xad\x32\x6b\x15\x56\x68\xac\xca\x08\xda\xa3\x90\x80\x07\x7a\xf0\x88\x37\xac\x48\x96\x04\x59\x51\xa3\x88\x29\x05\x4d\x8f\xdc\xe4\x1e\xf6\xd5\xe1\x80\xb9\x56\x71\x9d\xca\x5d\xd8\xea\x2c\x33\x31\x85\x91\xfd\xe6\x8c\x51\xf8\x05\x05\xd3\x93\xc3\xf9\x24\x2f\xf1\x60\xb3\xe1\xfe\x20\x6b\x50\xa5\x75\x26\xaf\x4b\x09\xf4\xb8\x9a\x44\x29\xc5\x18\x4f\x58\xbf\xec\xb2\xbf\xa1\xa8\x99\x1d\xb2\xe5\x83\xcf\x6d\x1c\x1b\x63\xcd\xda\x9c\x06\x5a\x47\x86\x26\xf8\x98\xe7\x6b\xc9\xc7\x2e\x91\xaf\x91\x91\x5d\x22\x5f\x23\x27\xbb\xe4\x39\xb5\x39\x85\x75\xf5\x37\x93\x7f\xbd\xfe\xdf\x23\x91\xbf\xbb\xc3\x3d\xff\x4a\x8c\x5f\xc6\xad\xe2\x14\x56\x58\xd7\x38\x6c\xfb\xc6\xd6\x71\x5f\x79\xbe\x66\x62\x79\x26\xf5\xc9\xb6\x90\x6d\x84\x6e\xdf\x66\x87\x1f\x56\x5c\xcf\x52\xd8\xc7\x8c\x4d\xe1\x58\x80\x47\x35\x34\xa2\x8c\xf2\x93\x0d\x36\xb0\xaa\xfe\xe6\xfa\x66\xed\x73\x0c\x68\xe7\xe0\x39\x1d\x2d\xab\x27\x1f\xf9\xb7\xae\xef\xaf\x31\x91\xc3\x58\x1a\xa5\xa3\x23\x58\xe0\xd4\x86\x3e\x76\x22\xf2\x86\x1e\xf8\xc3\x91\x00\xfc\xe2\xad\x18\x0b\x43\xb4\x52\x36\x66\x76\x6a\x33\xdb\xa7\x56\x68\x7f\xa1\x69\x6c\x9f\xee\xd5\x46\xd3\x75\xf3\x0d\xdd\x74\x38\x94\x33\xfc\xbf\xb8\x6e\x05\x82\x2e\xf8\xfb\x76\x28\x4c\x02\x24\x10\x24\xff\xf2\x9b\x88\xff\x3f\x48\x33\x39\xe7\xfe\xf2\xbf\x91\x9e\x90\x46\xc8\x3f\x7b\x9e\x9d\x61\xff\xfe\x97\xc0\x19\x72\xe6\xba\x17\x49\xa3\x1b\x7e\xe1\x44\x3a\xd9\x5b\xe7\xbf\x04\xce\x7c\x6e\xcd\x0d\x2b\x22\x6b\xc7\xea\xb4\x9e\x50\xd0\x8f\x27\xc1\x25\xc2\xad\x05\x1d\x57\x3b\x05\xa5\x65\x87\x70\xf0\xc8\x45\x54\x85\x42\x2f\x95\x3f\xc4\xf2\xfa\xc1\xbc\x91\x2a\x18\xdb\x15\x6b\x77\x50\x52\x0c\x6c\xb8\x98\xbe\x3f\x81\x8a\xc5\x87\xd8\xfc\x51\xec\x09\x7d\xf9\xa4\x96\x8f\xd1\x5c\x99\x16\xb2\x58\x8f\x4b\x2f\xa5\xa4\x40\x65\x15\x77\x69\x5e\xee\xea\x4d\xa6\xf6\x4d\x6d\xd7\xf1\xc8\x4f\x19\x08\x18\x1b\x03\xfe\xc2\xb8\xd7\xdb\x0a\x5d\x18\xff\xa8\xa6\x6c\xb3\x31\xae\xa0\x92\x47\x24\x12\x0d\x07\x82\x77\x88\xd0\xa1\xc9\x8f\xfe\x5b\x04\x35\x56\x9a\xdf\xa2\xf3\x31\x26\x6b\xbf\x7c\x42\x3c\x78\x04\x12\x23\x3e\x4d\x3c\xee\x26\xf8\x3f\x7c\x24\x34\x22\xcf\xfd\x87\x91\xff\xe8\xed\xf6\xf6\xf4\x84\xeb\xea\xfd\xee\x61\xd7\x0f\x57\x09\x56\x46\x3c\x77\x43\x91\xe8\x85\xbe\x50\x38\x0a\xe2\x29\xd8\x94\x78\x09\x63\x66\x87\x1e\x0e\xd3\xe5\x0d\x45\xd3\xe4\x75\x0a\x06\xd4\x50\xa7\xdc\x98\x0d\xc5\xfb\xbc\x91\xc8\x69\x5d\x00\x0e\xd5\x50\x16\x19\x79\x43\x49\xc9\xc7\xd5\xba\x23\xff\xd1\x1b\x88\xfa\x1b\x3f\xe8\xfa\xe1\x6a\x20\xea\x27\xb8\x2e\x78\x1c\x1d\xc5\x9e\x38\x1c\xb5\xf9\x05\xf3\x55\x19\xe4\x6a\xa6\x5d\xf0\x91\x62\x69\x34\x67\x1d\xee\x33\xd5\x14\x1a\x94\x6d\xb0\x9e\xff\xbd\xa7\x3b\xe2\xed\x8d\xd6\xb5\x62\xcc\x30\xa9\x14\x07\x40\x9f\xc7\x69\x89\x9d\x94\x9e\xc8\x5d\x6f\xcb\xb9\xb6\xdf\xe0\xe3\xdf\x9a\xb9\xcc\x97\x4c\xba\x37\x12\x31\x73\x92\x31\x7e\x33\x97\x39\x8a\x3d\x31\xa6\xb7\xf8\x77\xbb\xef\x8c\xc9\x3d\xd6\x0b\x87\xe3\x96\x2f\xfc\xb0\x2f\x0a\xfd\x60\xe2\xfb\x48\x0a\x15\x05\xab\xb8\x6a\xe6\x32\xc7\xd5\x9c\xb1\xb9\x52\x5b\xde\xd3\x2b\xc3\x28\x7c\x18\x4b\xcb\xb5\xd7\x49\x3a\x31\x42\xd3\xef\x44\xf3\x49\xa6\x1e\x82\xe8\x91\xdb\x36\x26\xf7\xa0\x2e\x6b\x6d\xc0\x7c\xf3\x86\x9c\x6b\x3a\x4f\xac\xb1\x27\xf6\xcc\xf9\x23\x8c\xbb\x74\x47\xfc\xbe\xb0\xbf\x7e\x60\x4c\xeb\x28\xce\x9b\x9b\x07\x34\x93\xa2\xc5\x91\xda\xb3\x55\x36\x35\x20\xd8\x90\xd6\x16\x46\xd8\xe6\x9b\x97\xb5\x6c\xda\xc8\x97\xf5\xd2\x3b\x36\x1c\x68\x0d\x84\xf3\x98\x91\x4f\xa0\xfc\x84\xb5\x30\x3d\xc6\x56\xd0\x55\xab\x44\x5d\x93\xaa\xf5\xc2\xac\xcc\xd3\xe2\x1e\x2e\x1b\x6b\x78\x73\xd6\x98\x3c\xa0\x99\xa1\x06\xd9\xc7\xcc\x0e\xe1\xf6\x73\xa1\xb5\xc4\x25\x6c\x23\xbc\xa9\xd3\x6c\x3f\x75\x4d\xda\x96\xa2\xc6\xad\x85\x32\xdc\xe1\xbc\x91\x1c\x20\x9e\xe6\x96\xdf\xc3\xce\x6a\xbe\x70\xee\x2b\xb7\xbb\xd5\xde\x5a\xbe\xde\x80\x3f\x18\xed\xee\xf3\xde\xf1\x9f\x56\x7f\x6d\xfe\x05\xcd\x3c\xa5\xbb\xef\xd0\x60\x49\xd0\x40\x29\xcc\x27\xd9\x21\x10\x0d\x5e\xd5\x96\x7f\xa9\xcd\xbf\x38\x6d\x6f\x37\xbb\x9b\xce\x43\xb3\xe7\xdd\xe7\xcf\xb3\x56\xf5\x52\xd9\x7c\x55\xa6\xf1\x39\x46\x1d\x19\xa6\x69\xaa\xab\xdb\x56\xb7\xba\xf7\xbd\x3f\x75\xf7\x86\xee\x74\x47\x02\xff\xa7\xbf\xfb\x1e\xec\x8e\x40\x30\xca\x46\x9d\x9a\x92\xf3\x88\x13\x46\x0b\xec\x60\x61\x1a\xfb\x5c\xe6\xb8\x1a\xff\xd3\x37\xb8\xd5\xad\x83\x03\x1a\xdf\xa2\x99\x09\x14\x61\xd0\xbe\x48\xf7\x76\x8c\xd2\xb0\x99\x19\x31\xf2\x31\x63\xe6\x15\xdd\x7f\x66\x2c\xff\x7c\x5c\xcd\x79\xbe\xbe\xe8\x66\x4a\xfd\xfb\xda\xcc\x26\x96\x94\x3d\xf1\xf6\xf6\x86\xfe\xde\xed\xef\x09\x44\xbb\xc3\xfe\x48\xa8\x3f\x0c\x47\x2f\xb9\x15\x0a\xf5\xb2\x3d\x34\x5b\xa4\x99\x97\x74\x78\xc0\x2a\x94\x50\x80\x75\xd5\x46\xd9\xa2\xa2\x7d\xcb\xdc\x4c\xa0\x61\x10\xb7\x2f\xf0\x7c\x72\xdb\xdb\x1b\xf1\xab\xa4\xfd\xd5\x51\x6c\xa0\xb9\xa5\x9e\xba\xa3\xa1\xbe\xee\x40\x30\x12\xf5\x06\x7d\xfe\x48\x77\x28\xd8\xed\xff\x29\x10\x55\x1a\xe6\x96\x66\xb0\xc2\x31\x55\x7d\xb4\x7c\x5c\x8d\x77\x75\xfe\xb1\xf3\xda\x4d\x57\x57\xe7\x1f\x6f\x5e\xb9\xf1\x1d\x93\x9a\x13\x29\xde\xc3\x81\xbc\xb1\xf9\x02\xc9\x5b\x31\x37\x33\x3a\x54\xbb\x16\x0d\xf7\x43\xcf\x72\x56\xe1\x00\xc4\x5b\xe8\xab\x87\xb1\x51\x6c\xc4\x45\xb7\x5f\x19\xe5\xc1\xda\xe0\x3e\x5b\x44\xa8\x14\x6b\x39\xae\x26\xb1\x4b\x28\xec\xd3\xcc\x04\x3f\xc9\x04\xd7\xe3\x66\x98\xeb\x9d\x97\x09\x9a\x04\x6a\xa3\x29\x63\x7a\xcb\x98\x58\x35\x0b\xcb\xaa\xa9\xcc\x98\x59\x32\x86\x16\xcd\xc5\x55\x95\x3a\x7e\x5f\x37\x3b\xd1\x70\x7f\x24\xea\xef\xe9\xee\x0b\x87\x7e\x0a\xf8\x15\xb6\xfc\xd7\xbf\x31\x12\x49\xa7\x68\xe6\xa9\x5e\xf9\x19\xd6\x59\xc8\xa9\x9d\xd7\x5d\x1d\x9d\x97\x6f\x10\x73\x6e\x9f\xb1\x85\xd4\x14\x13\xa7\x19\x9d\xfe\xf5\x8c\xdc\x21\x67\x7e\x77\xa6\x99\x1f\x43\xae\xf3\x67\xfe\xe6\x41\x4a\xd2\x2b\xc3\xd6\xe1\x9c\x5e\xce\x19\xf3\xab\x46\x39\x03\xc6\xa4\xff\xe1\xfc\x43\x28\xfc\x77\x6f\xb8\xc7\xdf\xc3\xfe\xf2\xb8\x3c\xff\xc3\x79\xc3\xef\xed\x75\x76\x5e\xf7\x00\xff\x79\xb1\x51\x1b\x1d\xd5\x0f\x97\xf5\x52\xd9\xb6\x72\x75\x5e\x07\x2b\x49\x19\x99\xb8\xf9\x72\x80\x71\x42\xe8\x27\x2b\x59\xa9\x70\x4b\x9d\xc6\xd4\x9c\xa4\x31\xb5\x5d\x27\x21\xc1\xb9\xfc\x0f\x8d\x90\x33\xb8\x59\xcf\x5c\x20\x67\xd8\xde\x72\x9f\xf9\x1d\x7b\x68\x1f\x94\xec\x85\xbd\xe9\x5b\x5b\xdd\x6d\x6a\x09\x76\xec\xb1\x12\x0f\x43\xfd\xe1\x6e\xe5\x91\x52\x84\x1d\x18\x0d\x45\xe0\x0c\x09\x85\x7b\xd4\x62\x3d\xb7\x64\xa1\x1e\x6f\xd4\x7b\xcb\x1b\xf1\x77\x07\xbd\xf7\xfd\x58\x46\x9e\x6c\xac\x10\x7b\xdf\xd4\x73\x0b\xdf\x28\xe7\x11\x7b\xd7\xfe\xe5\xbf\xfc\xcf\x7e\xb7\xbb\xa5\xed\xbf\xfc\x1f\xff\xf5\x37\x37\xbc\xc1\x9e\xd0\x7d\x67\x17\xac\xa6\xf3\x6c\x6b\x73\x8b\xaf\xc7\xcb\xbf\xab\xe7\xf8\xec\x53\xfc\xcb\x79\xcf\xff\xd0\xd9\xda\xe2\xbc\xf5\x30\xea\x77\xf6\x86\x82\x77\x9c\x6e\xb7\xdb\xdd\xdc\xdc\xdc\x8c\xdf\x29\x3c\x9b\x7d\xe4\x8a\xde\xef\x6b\x10\xf3\xb0\xdc\x29\x0c\xb7\x7e\x2a\x81\x7f\x62\xd9\x93\xbc\x93\x15\x55\x44\x98\xf3\x7c\xa6\xea\xf9\xd8\x99\x0b\xa4\xb9\xad\xf5\xfc\x59\x78\x77\x0a\x67\x39\x73\x01\xb9\x03\x8e\xf7\x54\x1e\x70\xe6\x02\xec\x52\x28\xd1\xb0\x0f\xce\x5c\x20\x7f\xd5\x08\x21\x4a\x9f\x99\x50\xfb\x37\xed\x31\xca\xa3\x60\x32\xa8\x13\x1a\x08\x3b\xd1\x39\x91\x1d\x57\xe3\xc6\xcc\x52\x2d\x1f\x43\xf1\x81\x6d\x68\xb0\x62\x19\xf9\x98\x59\x88\xc1\x86\x49\x7c\x0e\x21\xfe\xff\x0b\xff\xff\xb9\x85\x17\x12\x7f\xa3\xdb\x4f\xab\x2d\xef\xd4\x06\xd7\x69\xb1\x6a\xc5\x5f\x83\x4d\x89\xab\x1c\x60\x5d\x23\x2e\xdb\x96\x27\x9f\x48\x86\x2a\x9f\x58\x07\x07\xb5\xd1\x34\xea\x1d\xec\x27\x08\x33\xf6\x5b\x38\xfe\xec\xcf\xe1\xc8\xfe\xbf\x76\xd1\xef\x47\x5c\x84\x96\x0a\x74\xec\x95\x7e\xb8\x6c\x0c\x14\x1d\x0e\xd0\x4f\xbe\x80\x9e\x36\x13\xb5\x2f\x9a\xe6\x24\xc2\xe0\x91\x55\x44\xf4\x01\x21\x7f\x0f\xa0\x85\x00\x1c\xbe\xaa\x56\x05\x3e\x60\xb4\xc1\x33\x02\x8f\x55\xac\xc2\xb2\x8b\xee\x3f\xa7\x89\x14\x0a\x78\xb6\xcf\x60\xb2\x68\x24\x07\x8c\x64\x42\x56\x6f\x64\xf2\xe6\xf6\x0b\xd6\x48\x7c\xa4\xb6\xfc\x0b\xab\x88\x2b\xb1\x4b\xb5\xb9\x15\xf6\xb3\x34\x5c\x9b\x5b\xc1\xda\x85\x7b\x03\x8b\x18\xbb\x15\x3a\x86\xae\x14\xf3\xc9\xde\x87\x58\x5e\x7d\x8c\xae\x0b\x9a\x2e\xa2\x0d\x9c\x74\x74\xfd\x85\x18\xeb\xcb\xe8\x6c\xb4\x96\xd7\xe9\xca\xf6\x71\x35\xeb\x91\xfd\xf8\x1d\x0e\xf2\x77\xfc\xc1\xca\xa8\xf1\x7e\xfd\x77\x72\x69\xd0\xf8\x9e\xa4\xcb\x1b\x74\x64\x8e\x9d\xbb\x60\x46\x37\xe2\xd3\xe6\xbb\x59\x6b\x7b\xdb\x48\x67\xf4\xf2\x8a\xec\xdd\xe2\xaa\x99\x1f\x47\x17\x0f\xfc\x89\xd5\x58\xc5\x97\xc6\xe0\x30\x0c\x30\x46\xdf\x2e\xc8\xba\xd9\xd8\xf3\xeb\xaa\xec\xaa\x97\xc6\x98\x36\x0a\xbe\x35\xbd\x34\x41\xc0\x79\xc8\xeb\xce\x6d\x1b\xd3\x5b\x62\x29\x8f\xab\x59\x6e\xd1\x83\xce\x1f\x57\xe3\xe6\xd4\x9c\xf9\xaa\xac\x97\x52\xc6\xe4\x1e\xcc\x3a\x5f\x33\xbd\x34\xa1\xae\xd8\x71\x35\x47\xd3\x45\x5a\x8d\xd1\x4c\x91\x38\x1c\x37\xbf\xbf\x79\xfd\xb8\x1a\xff\xee\x0f\xed\xc7\xd5\x84\xc3\x41\x68\x3a\x49\x73\x4b\xe6\xf6\x12\xda\x2d\xd9\x8c\xd5\x89\x90\x72\x3d\xad\xb5\x67\x56\xe2\x1d\xea\xac\x6c\x3a\x15\x4b\x2a\x18\x4a\x69\xba\x58\x1f\x53\x90\xa3\xc3\x3b\x7a\x65\x1a\x07\x2f\xd5\x14\x26\xf7\x02\x59\xaa\x7d\xa4\xe9\x69\x1a\xab\x1e\x57\xb3\xa0\x28\xc7\xaa\x4c\x4b\x16\x5e\xc1\x5f\xd1\x92\xdd\xe0\xde\x4b\x59\x85\x03\x73\xbf\xa0\x57\x2a\xfa\xfe\x54\xa3\x5b\xb1\x90\xa4\xc3\xeb\x52\x97\x17\x52\x4f\x33\xfb\xf0\x33\xac\x03\xc7\xd5\x38\x4a\x73\x68\x1a\xa4\xf9\xf5\x86\xf2\x7a\x69\x93\xa6\xa7\x1d\x0e\xfc\x48\x6c\x17\xd1\x4c\xcb\xa7\x9b\xa9\x6d\xcc\x62\x33\xbf\x56\x75\x6d\x63\xb6\xb1\xea\x56\xf6\x8d\x62\xaf\x60\x2d\xc1\x69\xc4\x54\x44\xa4\xc3\xd1\xd7\x74\xf7\xad\x99\x1d\x42\x22\x76\xa9\x4e\x22\x1a\xab\x2a\x9e\xcc\x73\x4d\x2d\x8d\xdc\xa9\x9e\x47\x80\x4d\x8d\xc9\x78\x93\x45\xbd\x14\x53\xe9\x0d\x78\x84\xea\x6c\xe2\x71\x22\x6a\x63\x70\x1c\xd2\xd4\x94\xbe\x9f\x22\x7f\xfa\xc6\x15\x39\xae\x26\xdd\x17\x15\xf3\x0a\xa7\x31\x74\x8a\x0b\xc3\x7a\x91\xbe\x5d\xd0\xcb\x13\x74\x25\xcb\x1e\x56\x86\x40\x11\x8e\xe1\xdf\xec\x6d\x72\x98\x66\x36\xf8\x5b\xf8\x44\xec\x1c\x11\xc6\x22\xb8\x73\x7c\x84\xe6\x72\x7a\xe9\xb5\xb1\x34\x6a\x6e\x1e\xd4\x96\xd9\x80\x34\x42\x9c\xdc\xf1\x22\x8d\xa5\xc8\x4e\x5c\xe6\x5a\xa5\x36\xb7\xc2\x1a\x19\x19\x16\xef\xe2\x9c\x9d\x29\x6c\x07\x06\xa9\x72\x30\xe4\x8d\xc0\xe4\xd0\x81\xa7\x56\x41\xe3\x33\xd6\xf2\x3a\xd6\x82\xfc\x4f\x2f\x4d\x18\xc5\x74\x6d\xf9\x17\x63\x6a\x8b\x71\xfc\x58\xc2\x18\x7f\xc5\x86\x60\xf7\x8c\xb1\x83\xe3\x6a\x16\xdd\xd0\x6c\x55\x2b\x43\xa8\x1b\xa1\x0b\x84\x49\x1b\xc2\xa1\x0e\x5f\x21\x87\x40\x96\x21\x19\x86\xe4\x0a\x66\x65\x48\x12\x10\x14\xc7\x6e\xab\x86\x54\x74\x5a\xd6\x62\x23\xc6\xf3\x94\xbe\x9f\x57\xce\x8f\xd6\xc6\xa3\x4a\xd3\xd0\x04\xa7\xa8\x8f\x3b\xe8\xa1\x40\xd6\xa9\x57\x56\xf5\xd2\xb8\xec\x4b\x9d\x09\xec\x73\x2d\xf9\x8a\x4f\x3e\x65\xae\x6d\x31\x7a\x07\xf2\x93\x3f\x3d\xdc\xe6\xf8\xa0\x8f\xdb\x55\x51\x73\x36\x37\x8a\x34\xfd\x33\x79\x64\x47\x3b\x89\x07\x9e\xe6\xe6\xaf\xce\xf2\xa2\xfb\x4f\x69\x6a\xd9\xae\xaa\xc7\xff\xc0\x23\xb5\x7d\x3a\x32\xc7\xd8\x5a\x61\xa1\x36\x37\xcc\x3d\xc9\x99\x14\xf1\x44\xfb\x83\x6e\xb0\x2b\xf3\x3f\xd8\xa0\x52\x69\xab\x50\x60\xcf\xfa\x7b\xfa\xb8\xed\x2d\xea\x03\x8b\x35\x3e\x81\x81\x8c\x3f\x37\x12\x4f\x31\xec\xc3\x8a\xbf\x01\x5d\x30\xd2\x7f\x2b\x88\x96\x16\xfb\x4f\x75\xcc\xb8\xb4\x04\x3a\x6a\x56\xf2\xdc\x38\xf7\x5b\x62\x4c\xbc\x32\x97\x06\x60\x2c\x68\x12\x70\x93\x96\x73\xe7\x9a\xc4\xff\xdc\x0d\xd5\x90\xce\xeb\x0f\xda\x88\xac\x8c\x16\xf7\x68\x79\x12\x2d\x25\xb5\xd1\x24\x68\x5f\x18\x54\xe2\x0c\xf4\x3d\x68\x03\xff\x19\x1c\x2c\xd6\xf2\x3a\x5b\x1d\x61\x5b\xc0\x6a\x1e\x11\xcf\x6d\x9f\xdb\x7d\xa1\xc5\x7d\xf6\xfc\x85\x66\x77\xcb\xd9\x0b\x17\x5c\x6d\x7c\x3e\xe9\xe1\xa0\xb5\xfb\x9e\x9b\xc9\x1f\x11\xcf\x3d\xbf\xbf\xcf\xdb\x1b\x78\x00\xfa\xbd\xa7\xd9\x4d\xda\x44\xd7\x50\x87\x1d\x5b\x62\x47\x59\x61\xc6\x78\x0f\x01\x2a\x4c\xb4\x75\xfa\x02\x7d\x77\xfd\xe1\x08\xac\xc3\x4a\xb6\x16\x4b\xb8\x8c\xc4\x38\x1d\x5b\xb7\x0e\x9e\xd3\xe1\x55\x88\xf7\x59\x25\x9e\x0b\x1e\xc2\xb6\x50\x76\x92\x7d\xd7\x7e\xa5\xcb\xd9\x72\xae\xcd\xf9\xc7\x8e\xef\x2e\xb0\xbf\x9b\x5b\xce\xc3\xdf\x1d\xdf\xb6\x77\x7c\xdb\xde\xe2\x76\x5e\xff\xfe\xea\xbf\x37\xb7\xba\xcf\x61\xe3\x68\xbe\x40\xc7\x8b\xd4\xfb\xf1\xa7\x31\xb3\x53\xe7\x9f\x29\xae\xca\x68\x1d\x5a\x8d\xe1\x18\x33\x49\x14\xc8\xe8\x4a\xd6\x78\xb3\x8c\x96\x2d\xe8\x7d\x7f\x5f\x6f\xc0\xe7\x8d\xfa\x9d\x3e\x74\x02\x0d\xbf\x87\x0f\x3a\xda\xb9\x04\xa7\xca\x7a\xf2\x89\xb9\x36\x50\x7b\x06\x67\x54\xba\x88\x01\x0f\x28\x64\x90\xeb\x57\xbe\x3b\xae\x26\x8d\xf8\xb4\x5e\x99\x50\x25\x40\x64\x12\xb4\x3a\x05\xd6\x1e\x71\x54\x37\xbb\xf9\x49\xcd\x88\xe5\xc9\x1e\x1d\xad\x10\x2c\xc8\x1b\x62\x1d\xb9\xfc\x2d\xa1\xe9\x27\xc6\x14\x23\xf5\x86\xcf\x50\x74\x8a\xd5\x26\x0b\xe8\xef\x3f\xae\xc6\x6f\xfc\xa1\x83\xb4\x9e\x6b\x69\x23\xe8\xe6\x20\xdf\x7d\x7f\xf9\x3a\x01\x16\xc1\xdb\xf8\x10\xcb\xab\x9f\x7c\x88\xcd\x43\x2b\x37\xaf\x76\x39\xdb\xfb\xa3\x77\x4f\x6f\x84\x91\x11\x57\x18\x88\xfa\xb5\xac\x52\x2d\xc0\x5f\x45\xbd\x4d\xf7\xfc\x0f\x45\xfd\x28\x52\x48\x1a\xb3\x0e\xf7\x19\x19\xc5\xb7\x48\x5d\x60\x14\x53\xc3\xe8\xc4\x22\x5d\xe3\x4e\x1b\x6b\x39\xc9\xd6\xa8\xaf\x3f\x72\x97\x9c\x11\x81\x23\xce\x3b\xde\xa8\xff\xef\xde\x87\xa4\xc7\x7f\xbb\xf9\x0c\x78\x55\x9c\x84\x96\x4a\xe6\xe4\xba\xda\x8a\xa6\x3d\xe2\x0e\xd8\x91\x61\x5a\xd8\x7b\x84\xac\xeb\x91\xf6\xc8\xe9\x74\xc2\xff\xb4\x47\x9e\xfb\x91\xc8\xed\xc0\x4f\xa4\xb9\xd5\x7d\x9e\x78\x1e\x91\x9b\x1d\xd7\xc9\x77\x5d\x5d\xb5\x67\xef\x69\x7c\x87\x75\x5b\xb4\x1c\xea\x8f\xfa\x09\x58\x44\x5a\x1a\x37\xed\x19\x02\x2e\xae\x89\xf5\x5a\x6c\x20\xd0\xf7\xe0\xac\xb5\x5b\x34\x27\xdf\x36\x7e\x0c\x5b\x94\xc0\x0e\x6c\x6e\x6d\x86\xbd\x77\x86\xe9\x29\xf5\x1f\xb7\x9d\xf8\xb8\xe7\xae\xaf\xcf\x19\xea\x8b\x06\x42\x41\x72\xf9\x5a\x17\xf9\x6b\xe7\x75\x62\xee\xbc\xa3\xf3\xb1\xbf\x9d\xa9\xff\xfc\xf2\xb5\x2e\xce\x68\xd4\xb6\x4f\x9d\x32\xc2\xff\xb1\x3f\x46\x39\x89\xf1\x55\xa0\x7e\x8c\x82\xfa\x98\x07\x1a\x85\xe6\x64\xe2\x43\x2c\x2f\x8b\xf0\xbd\x05\x2c\xf9\x43\x6c\x5e\x2f\x8d\xd3\xf4\x53\x26\x49\xc2\x3e\xb4\x0e\x33\xd6\x72\x52\x2f\x6d\xf2\x63\xae\x9a\xa5\x85\x05\x63\x66\x87\xc9\xe9\xc3\xab\xc4\xe3\xf3\xf5\x78\x78\x90\xa7\x94\xa1\x41\xb0\xc6\xe0\xa8\xf8\x08\x52\x98\x11\xdf\xc5\xc7\x1f\x62\xf3\xf4\x59\x52\x3e\x94\x31\x6e\x5c\x9f\x60\x52\x7a\x02\x8f\x5b\x97\x31\xfe\xcc\xac\xcc\x83\x1b\xe8\x25\x27\x6c\x61\x60\xc5\x41\x42\xcc\x18\xb6\x03\xbc\x84\x75\x6e\x64\x8e\x53\xce\xde\x0e\xe7\x28\x60\x5e\x64\xe3\x01\x4b\x9f\x5e\xcd\x62\xf4\x0a\xda\x02\xd1\xc4\x29\x4d\xaa\x92\xfd\x40\x8c\x2b\x1b\xb9\x31\xb3\x03\xc1\x77\x32\x0c\x0d\x9a\xc6\x4a\xf5\xc3\x79\x63\xbb\x02\x1d\x40\x96\x66\x14\xd3\xa4\xcd\x4d\xcc\xb5\x67\xc6\xcf\x31\x63\x71\x55\x2f\xc5\x8c\x37\xcb\x74\xf7\x1d\x8f\xa7\x10\x55\xcb\xfd\x86\xf5\x70\xf3\xe6\xe6\xac\xb1\x5d\x61\xc3\x1d\x5f\xc5\xe7\xb4\xfa\x84\x96\x4a\xd2\x32\x8a\x66\xcb\xa3\xd8\x80\xf5\x62\x83\x78\xee\x05\x7a\x7b\x3d\xc4\xdc\x4c\x1c\x57\x13\x4c\x0b\x04\x26\xca\xed\x91\x30\xf0\xe3\x6a\xb2\x36\x70\x48\x87\x53\x74\xe5\xad\x35\x30\x09\x56\xbb\x0a\x1d\x5b\x67\x6b\x0f\x53\xf1\x21\x36\xcf\xf6\x2c\x74\x4a\x2f\xa5\xd0\xe2\xa7\x32\x63\x39\xd1\xc5\x2a\x1d\x2d\x37\xd0\x14\x0e\x1b\x38\x9e\xa2\x58\x4d\x34\x90\x15\x53\xbe\x50\xa9\x03\x02\x47\x91\x80\x2d\x74\xea\xbd\xad\x3b\x7a\x9a\x42\x4c\x96\x38\x85\xb7\x62\x0f\x50\x64\xb2\x5b\xa9\x66\xb9\x29\x18\x26\x19\x74\x5b\x28\x20\xcc\xb4\xb8\x56\x72\x51\x1b\xe2\x30\x21\xfc\x52\xc4\x27\x33\x29\xeb\x6c\x9d\x82\xaf\x69\x3c\x2e\x67\x64\x58\x9a\xc0\x99\xd4\x28\x75\x5b\x6e\xef\xb6\x7b\x28\x2c\xcf\x3c\xf8\xac\x3a\x6d\x1d\x3c\x05\x03\x34\xf7\x6e\xe6\xd7\xcd\xf2\x21\x3e\x06\xf7\xd6\x70\x6d\xb9\x42\xf3\xeb\xf5\x71\x17\x44\x2f\x6d\xa2\x3e\xa5\x79\x3e\x62\x5c\x89\x86\xfb\xfd\x70\x48\x67\x5e\xd2\xf8\x1c\x86\x66\x5b\x07\x4f\xb9\xb1\x9e\x6d\x5d\x58\x41\x34\xc9\xb2\x93\x6c\x62\x95\xa6\x7f\xb6\x0e\x27\x69\x6e\x81\x9c\x75\xb7\x2a\x82\xe5\xb9\x06\x23\x06\x72\x0d\xfc\xbb\x3e\x76\x12\x63\xbe\x8e\x62\x03\x38\x2b\x58\xa7\x7c\x88\x63\x93\x6b\x8e\xf2\x36\x53\x93\x15\xeb\x86\xe4\x2f\xac\x92\xfc\x22\x2d\x2c\x90\xce\xeb\xec\xf9\x5c\xd6\x18\x5f\xc4\xbf\xed\xb0\x53\xba\x39\x03\x5b\x7c\x40\x23\x04\x9d\x36\xe8\x9d\x47\xb2\xa7\xe5\x49\x74\xe1\xa1\x90\x9e\xc0\xe8\x77\x14\xf0\x1d\x0e\x63\x7a\x93\x56\x63\x0e\x87\x91\x1c\x55\x63\x5a\x25\x5f\xaa\xf7\xb9\xc0\x38\x3d\x7c\x27\x36\xf5\x86\xee\x60\x54\x72\xd1\x48\x26\xac\xe5\xa4\x95\x1c\xa4\xb9\x6d\xab\x58\xa1\xe9\x69\xb4\x92\x98\xaf\xca\x72\xfb\x03\x55\xa8\xd5\x78\xfb\xa3\x77\x45\x1d\x48\x7e\xa8\xda\x63\x1c\xa6\x1a\xc7\x8c\x81\x07\x32\x90\x14\xa2\x65\x05\x5b\xb6\x7b\x08\xd1\xcd\x2e\x6c\x15\xe3\x60\xb1\xa4\xb2\x47\x9a\x19\x05\xe2\x53\xf4\x6e\xf3\xfd\xc2\x97\xb8\xcd\x76\x74\xa9\x5e\x2e\xbd\x34\x41\xc0\x0e\x11\x47\xa3\x44\x42\xd3\xd0\x49\xe6\x70\x48\x37\x19\x9b\xdf\x3a\x4f\x99\xc3\x01\xd1\xe0\xaf\xad\x62\x05\x75\x0b\x50\xe7\x92\x28\xf7\xa3\x7a\x58\x7b\x31\x4f\x57\xa6\xc5\xfe\x8e\xd7\xd3\xb6\x99\x1d\xd2\x4e\x73\xd5\x9d\xee\x66\x03\x95\xf3\xa4\x9b\x8d\x0d\x0e\xc7\xc0\x23\x12\xbe\xbd\x79\xf3\x3a\x41\x7f\x06\x78\x25\xe2\x8c\xa9\x88\x2e\x6b\x10\x16\x26\x48\xec\xb8\x9a\xb0\x8a\x23\x34\xbe\xa1\x44\x01\x27\xc1\x17\x5d\x3f\x50\x54\xf1\xd8\x3e\x82\x5d\x53\x9b\x9c\xb3\x8a\x68\xd2\xc3\x96\x19\x79\x80\xc9\x49\xdd\x22\x78\x74\x32\xea\x16\x54\x8f\x3f\x35\xf5\x64\x65\x9b\x65\xf8\x8d\xb9\xff\x14\x09\x1e\xb8\x8b\xf8\x3b\x5d\x54\x55\x4b\xb3\x92\x3f\xae\xc6\x91\xbe\xd9\xdb\xdd\x77\xac\x5e\x6e\x9f\x1b\x40\xb3\x1f\x46\x8b\xd9\x8a\xa5\xc6\x34\x7f\x1e\x92\xc2\xad\x4e\xdf\xfd\xa1\x1d\x8f\xc6\xfc\xba\x7d\xda\xa2\x82\xfb\x61\xe4\x19\x41\xde\x01\xe7\xfd\xa6\x91\x78\x4e\xab\x31\x76\x2e\xa0\xd6\x51\x67\xae\x6a\xb0\x55\xe1\x39\xad\x1f\xce\xd3\xcd\x59\x9a\x99\xa0\xd5\x3d\x63\x79\xc4\x98\x3d\x30\x57\xca\xac\x13\xe5\xa4\x59\xd9\x36\x97\x06\x40\x2d\x47\xbf\x35\xa3\x38\x4f\x28\xda\xc7\xb6\xc8\x05\x97\xcb\x43\x6a\xcf\x0f\x8c\x89\x55\x8c\x19\xc4\x4a\x99\xc6\xd4\xde\xd7\x77\x5c\x8d\xff\x31\x14\xba\xd3\xeb\x77\x7d\x17\xf0\x85\x43\x91\xd0\xed\x28\x61\x82\xad\x3f\x18\x65\x62\x7e\x28\xcc\x8f\x3b\x23\xb1\x61\x2e\x0d\x18\xf1\x69\xd4\x53\x18\xaf\x1f\x5e\xc5\x13\x85\x4d\x86\xbe\xb7\x48\xd3\x45\x3a\x7e\x50\x8b\x31\x41\x07\xcf\x44\x94\x6c\xb1\x47\x1f\x62\xf3\x46\xea\x85\x59\x79\x7a\x14\x7b\xc2\x4d\x04\xd3\x5b\xf4\xc5\x02\x71\x38\x60\xd6\x08\x8d\xcf\xe0\x90\x70\x42\x90\x2f\xc2\x3c\x2b\x33\x44\x68\x66\x82\xad\x18\xa8\x23\xc6\x2f\x03\x20\x65\x64\x21\xd3\xc5\x0e\x49\x54\x79\xa1\x4b\x58\x11\x13\x48\xc0\x6c\x1e\xf7\x47\x20\x5a\xc0\xdc\x18\xa7\xa9\xf7\x28\x7a\xa1\x3d\x8d\x31\x38\x30\xe0\x20\x45\xc8\x13\xa6\x16\xcb\xf2\x7d\xde\xd2\xc4\x8d\x47\x3c\xd6\xff\xb4\xdd\xce\x64\x00\xf8\xc3\x48\x67\xcc\x95\x32\x9b\x0d\xb4\x16\x8c\xad\x1b\xb1\x81\xda\x6b\xa6\x58\x99\x4b\x7c\x51\x51\xdf\xab\x5b\x11\x76\x2a\x91\x56\x90\x68\x68\x7c\xd7\x98\xde\x42\x89\x86\x31\x88\x36\xa2\xef\xa7\x64\x0d\xac\x43\xad\x4d\x04\x7f\xf3\x54\x8d\xcc\x84\x74\xa8\x5a\x5b\x83\x18\x20\xea\x03\xf7\x5e\x53\xe4\xae\x87\x18\x93\x07\x8c\xcf\x0a\xb3\x19\x2d\x4f\xd2\x83\x19\xc9\xda\x19\x5f\xa7\x6f\xa7\xcc\x95\x32\xcf\x35\xe2\x36\x8d\x9c\xb1\xb9\xc2\xc4\xcf\xd1\xb2\x39\xb1\xc5\x08\x7b\xae\x42\x47\xcb\x6c\x45\x93\x89\xda\xb3\x02\xeb\xc7\xd9\x26\xae\x90\xe1\xbb\xe3\x6a\x9c\xe9\x74\xc0\x82\x31\x08\xf3\xd4\x6e\xf5\xf8\x7b\xa1\x5b\x0e\x07\x1d\x8e\xd3\xdc\x82\x31\xb9\x03\x81\x21\xac\x93\x4a\xaf\x46\x52\xc8\x94\x41\x52\xb4\x03\x09\x34\x22\x8e\x2b\x6b\x77\xd1\x2a\xbd\x66\x0b\x07\x54\x03\xe7\x61\x02\x03\x4a\xf6\x0f\xb1\x47\x34\x91\x62\x32\x61\xa5\x6c\x6e\x8c\xcb\x64\x2a\x24\x01\x0c\xd5\x38\xae\xc6\x6b\xf9\x98\xf9\xbe\x62\x56\x16\x69\x21\x61\xfd\x3c\x0c\xc2\x42\x30\x1a\xf6\xfa\xee\x81\xb5\x40\x04\xa7\xf3\xc0\x00\x88\x46\xe7\x74\x41\x08\x61\x23\x88\x2f\x81\xdc\xca\x3b\x2c\xfa\x42\xd3\x45\x14\x0a\x3f\xc4\xf2\x46\x69\x98\x16\x92\xf6\xab\xcc\x04\x26\xd2\x10\xba\x95\x35\xf2\xaf\x51\xa8\x62\x33\x9b\x5f\xac\xcd\x6c\xb3\x2d\x02\xb1\x5f\x7c\x98\x2f\x36\x8c\x6a\x1a\xa7\x07\x76\x86\x31\xb3\x44\x57\xb6\xb9\xd9\x06\xd5\x4e\x5f\x7f\xb8\x17\xb6\x84\x88\x8d\x63\x0f\x08\x8f\x20\xae\xe3\xf9\xae\xde\xd0\x9d\x40\xd0\xd5\xdc\xd2\x7a\xf6\x5c\x1b\x21\xe4\x0b\x82\x26\x7f\xa4\xb2\x06\x6a\xfd\x74\x35\xa1\xfe\xa8\x50\x92\xc8\x17\x84\x4f\xf8\xde\x0e\xae\x28\x9b\x12\x74\x27\x21\x01\xf0\xcd\x9b\x7f\x63\x95\x37\x80\x6d\xcc\xe0\xd6\x66\x92\xfd\xd8\x0a\x2a\x16\x60\x42\x1f\xc1\xe7\x6c\xf8\xdb\x2f\x69\x7a\x97\x09\x3e\x18\xa1\xbc\xfc\x0b\xee\x1b\xb9\xcd\x79\x50\x11\x90\x19\x13\x55\x81\x43\x5a\x2f\x07\x8c\xb7\x4f\xac\xe5\x55\x3a\x3c\xac\x35\x8c\x87\x91\xa3\xb2\x6f\x8c\x44\xca\x3a\xcc\xd1\xe1\x55\xec\x22\x0f\xa3\xc6\x6f\x70\xbe\x89\x8b\xd8\xc3\x21\xe6\xe4\x5b\x94\x5f\xeb\xb6\xd7\x51\x6c\xa0\x8e\xac\x31\x2d\x4f\x89\xd7\x10\x9a\x94\x70\xac\x7d\x01\x11\x0a\x6a\xfc\x83\x31\xb3\xa3\x1f\xce\x9b\x53\x73\x0d\xc1\x16\xec\xa4\x3d\x25\xd0\x81\x49\x12\xc0\xa5\x8c\xc1\x61\x3a\xf2\x8b\x5e\xb2\xe3\x29\xd8\x5e\x8a\x6f\xa1\x22\xa3\x1f\x2e\xd3\xf4\xee\x69\x81\x1e\x6c\xb2\x86\xe3\x9f\x88\xf2\xa0\x23\x29\xac\xe3\x28\xf6\xc4\x1a\xe7\xf3\x63\x8d\xbe\xb6\xca\x1b\x1a\x2a\x47\x34\x33\xc1\x94\x23\x9e\x63\xc7\x8e\x0b\x4c\xc2\x44\x7d\x4a\xd5\x6d\xd8\x4c\x1c\xce\x71\xd2\x86\xc6\x6c\xfd\x66\x70\x9f\x69\x89\xd3\x9b\x66\x19\x67\xdf\x18\x1b\x23\x27\x04\x9a\x8f\xc7\xb7\x34\xc4\x9d\xc8\x2d\x67\x1d\xce\x99\x6b\x29\x76\xde\x4e\x6f\x8a\x93\x42\x04\xb8\xab\x0a\x22\x26\x49\xd1\xcc\x04\xc6\xbd\x8f\x8d\xa9\x5a\x29\x04\x9f\xa0\xf2\xad\x06\x55\x5b\xcb\xeb\xc2\x1c\xd3\xdd\x17\x0e\xf9\xfc\x91\x48\x77\xd8\xef\x0b\x85\x7b\x22\x22\x41\x86\x10\xc6\xdb\x94\x70\x17\xa5\x1d\xdc\xeb\x68\xa6\xb4\x35\xdd\x16\xd1\x3f\x5b\x05\xcd\x6c\xe0\x44\x43\xca\xd0\x0e\x9c\x5d\x58\xa5\xc3\x81\xe7\x96\x8c\xa4\x91\x4b\xb7\x99\xe1\x5a\x6e\x3c\xa3\x97\xca\x74\x73\x85\x0e\x1d\x0a\xa5\x3c\x69\x4e\xbe\x25\x81\x60\x20\xea\x12\x4b\x86\xb1\x34\x66\x65\xcd\xac\x6c\xa2\x06\x2e\x8e\x16\x91\xc9\x88\xe7\x39\x70\x72\x6e\x40\x04\x13\x01\x13\xd4\x3f\x1e\xa8\x83\xce\x07\xe2\xe4\x1a\xb7\x5e\x49\xa1\xba\x0d\xb2\x10\x44\xf7\xcb\x38\x1e\x38\x75\xd9\x49\x3b\x9a\x92\xd6\x04\x50\x51\x52\xb8\x2d\x44\xdf\x13\x6a\xc0\x8f\x48\x88\xb5\x33\x7e\xf8\x94\x8b\x16\xe9\xee\x3b\xf6\x76\x73\x96\x69\x7e\x90\x8f\x06\x53\x2e\x7a\x07\x4a\xbf\x92\x5a\x80\xcd\xea\xe5\x11\x19\xb0\x4e\xe3\x73\x4c\x43\xd8\xfc\x99\x96\x4a\x28\x6d\xd8\x4a\xba\x76\x89\x18\xef\xd7\x8d\xa1\xf4\x71\x35\x6b\xbd\x1c\xb0\x0a\xaf\x78\xa3\x22\x78\xf6\xd4\xdd\x21\x77\xb9\xb4\x3c\xe0\x66\xa1\xa9\x29\x3a\x3c\x08\x24\xfe\xa7\x40\x6f\xef\x77\xa1\x1e\x46\xc5\x32\xff\xc5\xc3\xe9\xcb\x83\x59\x5d\x56\x2c\xa9\x97\x52\xc6\x6c\x91\x1b\xa2\xd8\x67\xbe\x50\x30\x1a\x0e\xf5\x3a\x31\x8c\x9c\x4f\x15\x68\xad\x8d\x8d\xc3\x78\x79\x92\xd5\xe1\x02\x2d\xbd\x34\xe6\x63\xc6\x44\x82\x66\x92\x7a\x29\x46\x7c\x18\x9d\xcc\x84\x65\x25\x8b\x1a\xc7\x06\x89\x1b\xda\x25\x62\x15\x57\x6b\xb1\x04\x06\x65\xca\xf1\x3a\x1c\x76\x0e\x24\x54\xa5\x57\xf6\x25\x71\x80\x6c\xaa\x97\x26\x1b\x22\x21\x61\xf1\x66\x8d\x99\x1d\x23\x9f\x68\x48\xc5\xf8\x02\x22\x37\x39\x63\xdf\x9c\xa5\x4f\xd6\x51\x6c\x87\x88\x27\x08\x7d\x2a\x4d\xf0\xe3\x60\x2e\x63\xfc\x32\x00\x61\x2a\x4a\x4c\x2a\xfa\xd0\xf1\x80\x80\xc7\x3c\x80\x45\x8d\x37\x8d\x33\xde\x57\xe4\x9e\x66\x3a\x90\x45\x49\x8b\x74\x7d\xdb\xee\x6c\x39\xd7\xc6\xce\x71\x82\x85\xd1\x20\x8f\x3a\xaf\xb5\x33\xcc\x34\xa1\xdf\x43\x40\xa8\x35\xf6\xc4\xcc\x0e\xd5\xa6\x0e\xa5\x9c\xc9\xc6\x80\x11\xb2\x46\xfe\x0d\x48\x3a\xf5\x91\xb1\x4a\x30\xcb\x97\x1e\x82\x23\x03\x33\xae\x1d\xcf\xca\x76\x4a\xba\x88\x64\x87\x43\x04\xf5\x6c\x52\x07\xcd\xc2\xe1\xc0\x5c\x31\x64\x25\xfc\x34\x15\x52\x09\x26\x8d\x31\x92\x51\xa2\x6a\x35\x8c\xcf\x41\xc9\x1d\x2d\x17\x32\xfc\xb8\x3e\xca\x97\xe6\x96\x8c\xcd\x15\x9a\x7e\xcd\x66\x45\xe9\x11\x5b\x9e\xa1\xb4\xbe\x97\xc0\x18\x5d\x19\x68\xcb\xf5\x20\x75\x59\xd0\x46\x25\x44\x67\x8c\x4f\x43\x36\x85\xef\xd5\x1d\x4c\x3a\xaf\x43\x1e\xf0\xc1\x38\x4d\x4f\x83\x39\x19\x55\x4b\x19\x10\x5a\x9b\x7d\x07\xf6\xc3\xd7\xb5\xd8\xd2\xc9\xe0\x39\xd6\xba\x3c\x93\x30\xe8\x88\xed\xf4\x6b\x77\x02\xc1\x9f\x5c\xdf\xb6\x5f\x0f\x87\x7e\x7a\xc8\xce\x23\x35\xb0\x4f\xdf\x1b\xe7\xd2\x28\x0a\xe5\x27\x6c\x42\xdc\xe6\x7e\x22\x56\x50\x63\x1c\xaa\x3e\x36\x90\x6d\x90\xce\xeb\xe0\x09\x83\x10\x41\x61\x8a\x49\x7e\x46\x7c\x20\xdb\xf9\x20\x55\x1b\xf3\xab\xec\x38\x85\x40\x41\x6e\xb0\xcb\x0e\x59\xc5\x5d\xe3\xed\x13\x03\x62\x4d\x6a\xa3\xa3\xe6\xe4\xba\xf6\x2b\xa1\x83\xfb\x79\xa6\x8c\x82\xa9\x47\x9d\x5e\xbe\x40\xea\x46\xc1\x10\x8b\x52\x19\xe7\x96\xef\x8d\xd2\x44\x83\x80\x64\xbd\xd8\xc0\x7c\x49\x23\xbb\x4d\xc7\x72\xc6\x42\x56\x2f\x1d\x00\x4b\x61\x5b\x9b\xab\xb6\xd9\x21\x51\x35\xdf\x42\x5b\xf3\x56\x71\x8a\x9d\x50\x13\xa0\xd6\x11\x59\x9d\x78\xa3\xd1\xcc\x90\x35\x0a\xf9\x67\x0e\x47\x0b\xe8\x38\x23\xbb\x34\xb5\x0d\x9d\xe2\xbf\x19\xe3\x61\xac\x6a\x25\x85\x5f\x31\xc1\x00\x84\x19\xb4\x3e\x9c\x6d\xf9\xea\xb8\x1a\xf7\x84\xfd\xd1\xf0\xc3\x6e\xef\xed\xa8\x1f\xf8\x48\x99\x26\x5e\xe9\xfb\x73\xe6\xda\x33\x63\x6a\x8b\xc7\x5f\x96\x56\xcc\xb7\x15\x5e\x07\x6c\x7e\xcc\xf8\x66\xaa\x03\xb6\x6a\x15\x96\xf1\x28\x43\xba\xff\x10\xcb\xa3\x5c\xc9\xf3\x20\xe1\xc8\xa8\xee\xd1\xd1\xb2\x1c\x87\xb1\x8c\xaa\x3c\x8a\xca\xaa\x32\x67\x66\x87\x70\xc7\xea\xa5\x15\x63\x73\x95\xc7\x82\x4b\x13\x6f\xb1\xa8\x57\x57\x1a\xf9\xdb\x57\xe8\x6c\x44\xbe\xa2\x69\x68\x36\x68\x70\x3f\xa3\xb9\x40\x2f\xd9\xfe\x67\x34\xee\xaa\xc6\x35\xd5\xf5\x89\x7c\x0d\xa4\x0a\xdb\x2b\x7c\x8a\xf3\x93\xbe\x7c\xa2\x9d\xea\xe3\x64\xa7\x3c\xb7\x14\x97\xa5\x14\xa4\xf8\x46\xa5\xe3\x54\x35\x15\x71\x3a\xe3\x56\x75\xb0\x86\x30\xa6\x06\x2e\x66\x34\x89\xa4\xde\xeb\xfb\x87\xc6\xbb\x65\x23\x9f\xe0\xda\x36\x74\x5a\x2f\x65\xe9\xd8\x32\x63\x2b\x7b\x8b\xdc\x23\x0d\x5f\x7f\x88\x4d\x7e\x88\x4d\xe2\x01\x86\x06\x50\xbd\x34\x86\x9f\xe3\x87\x92\x47\x68\x76\xb2\x7c\x35\x0b\x5c\xa7\x8c\xf0\x06\x6a\x69\x61\xe3\x49\xd2\x74\xd1\x1a\xdc\xa7\xc5\xaa\x35\xba\x4d\x87\x77\x38\x93\x85\x8d\xcc\x2a\x1d\x2d\xa3\xc5\x08\x6d\x3f\xe8\x0c\x38\x8a\x3d\x41\x6f\xbc\x99\x1d\x32\xab\x65\xf3\xc9\x9e\x31\x5b\x34\x16\x06\xe8\xd6\x53\x63\x6a\x4b\xc3\xb0\x1b\x1e\x94\x5b\x1e\xe1\xed\x65\x87\x30\x5b\x93\x13\x17\xa4\x7a\xb3\x9e\xc1\x50\x38\x8f\x51\xc6\x61\xc5\x92\x28\xce\x60\x92\xbe\xcd\x1d\x12\x29\xce\xa8\x20\xc6\x5c\x46\x43\x09\xbb\x23\xce\x3e\x70\xb4\x2c\x77\x43\x41\x7d\x34\x3e\x52\x1b\x4e\xd5\x27\xcb\xd7\xe6\x56\x58\x93\x67\x09\x5d\x99\xb6\x0e\x67\xf5\x6a\x16\x9c\xae\xab\x48\x37\xd6\xc4\x2e\x3d\x98\xe1\x68\x0d\xd0\x33\xb4\xe4\x89\x79\x8e\x73\x53\x2a\x08\x7d\x2a\x65\x69\x84\x78\x02\xb7\x91\x87\x76\xf7\x85\x42\xbd\xdd\x61\xff\xfd\x50\xd4\xdf\x1d\xe8\x6b\xf3\x10\x73\xa2\x48\x5f\x0c\xd2\xf4\x2c\x04\xd2\xa1\xe9\x5e\xad\x98\xe6\xd7\x31\x9e\x0e\xd5\x02\x14\x08\x30\x27\x05\xf6\x24\x9a\x10\x65\xa8\x17\xd3\x13\x2a\xab\x6a\x05\x6c\xeb\x8f\x8e\x08\xdb\x2e\xb7\xe0\x64\x6d\xa8\x0d\xc9\xaa\x40\x71\xc3\xad\x46\x3c\x67\xbf\xf0\xfc\x86\xcd\xc5\x97\x04\x4c\x65\x6d\xf8\xb3\x0d\xf8\x38\x7b\xc6\x38\xc7\x51\xec\x89\x40\x76\x21\x66\x82\x8f\x9f\xc6\x59\x7f\x38\xf6\x0b\x51\xb0\x5f\xb0\xa2\x40\x5f\x1b\xff\xcd\xa4\xe6\xe1\x14\xcd\xc4\x09\x82\xc2\x90\xdb\xde\xfb\x81\xde\x87\x24\x10\xf4\x47\xd9\x06\x4c\x70\xcb\x53\x69\x02\xf5\xca\xe3\x6a\x2e\x78\xfb\x44\x6b\xec\x78\x0a\x40\xc8\x84\xb5\xbc\x4e\x47\x86\x35\x42\xb0\x07\x20\x59\x04\xfa\x1e\x9c\xe5\x39\x4e\x2e\xf8\xd5\xc6\x7f\xd5\x72\x23\x34\x13\xa7\x2b\x43\x78\xe0\xe2\xf9\xcf\xcd\xc5\x95\x6d\x63\x6c\x85\xc8\x8e\x4a\x87\x93\x82\xd1\x82\xf6\x75\xc0\x2b\xc8\x24\x99\xb0\x5a\xdc\x43\xca\x61\x63\x44\xfa\x16\xa9\xb3\x34\x9d\x34\x96\xe2\x0a\x5e\xc5\x8a\xb9\x96\xe2\x4b\x3b\xfc\x16\x68\x93\x07\x33\x11\x5f\xaf\x37\x12\x09\xf4\xa0\x90\xce\x93\x90\xc5\x66\xb1\x2b\x40\x46\x3d\xf9\x56\xdd\x1d\xc6\xc4\x3a\x2d\x56\xd9\xf6\x03\x06\x2e\x6a\x92\x4e\x86\x3a\xd4\x86\x89\x53\xad\x72\x30\x24\xe4\x38\x98\x9f\x93\x49\x1a\x4b\xbb\x56\x61\x99\x29\x75\xca\xf7\x22\x77\x55\x98\xee\xab\x59\x9c\x36\xb4\x4d\x7e\x88\xe5\xa5\x15\xf9\x41\x1b\xe6\xd3\x69\x4e\xa2\x97\x93\xd6\x61\x8e\xc6\x77\x54\x07\xd6\x51\x6c\xc0\x23\x56\xd4\x19\xf1\x85\x03\x7d\xd1\x88\xeb\x8e\x3f\xe8\x0f\x07\x7c\x2e\xcf\xa9\x6f\x43\x7d\xfe\xe0\xdf\xc3\x51\x7c\xdb\x13\xf2\x39\xe5\x03\x36\x63\xb9\x1c\x5d\x9d\xe1\x74\x31\x3f\x0a\x86\x32\x20\x66\xd6\x95\x06\x5a\xc5\x0c\x2a\x6e\xcc\x42\xfd\xa7\x8e\x34\x73\xd6\xf8\x2a\xda\xb3\x8e\xab\x49\x98\x15\x80\xed\xc1\xa3\x0a\x0c\x5b\xac\xc1\xbd\x1d\x54\x95\xd0\xe9\x72\x5c\x8d\x73\x1a\x50\x15\xae\x44\x5d\x6a\x60\x23\x1e\x90\x66\x7b\x57\xe0\xb1\x39\xf9\xf6\xf3\x7d\xd3\x74\xf8\x2d\xcd\x24\x11\x2c\x05\xa1\x5b\x8c\xf9\x65\x11\x41\x5a\x06\xa3\xe1\x80\x55\x28\xfd\xe6\xfa\x95\x1b\xdf\x75\xde\xfc\xd2\xe1\x00\x49\xcc\xe1\x40\x1f\xf6\x6f\x2e\x5f\xb9\xf6\xef\x5f\xf2\xd0\x60\x87\x03\x33\xdf\xcc\xf2\x1a\xd2\x36\xef\x02\x94\x24\x97\x44\xf2\x1e\xd4\xc7\x7e\x56\x86\xec\x57\x22\x14\x4d\xa6\x69\xe7\xcb\xc6\x5c\x91\x3c\x22\x66\xe5\xb9\xb1\x90\x3f\x05\x00\x88\x9b\x88\x5f\x6c\x10\xd6\x07\x56\x12\x31\x3e\x84\x6f\x1d\xb3\xed\xe8\xf0\x0e\x2d\x0c\x5a\x6b\x43\x34\x3e\x57\x0f\x42\xc3\xbe\xc4\x41\x41\x80\x0d\x6b\xbc\x1e\xec\x87\xf7\x7e\x66\x89\x4f\x5a\x79\x0d\xab\x41\xeb\xb6\xb1\x98\xe1\xe1\xb8\x95\x21\xa5\x13\xa2\xf9\xb8\x1c\x1d\xcf\x06\x2c\x4f\xc8\x31\x2a\xd9\x8e\x9f\x68\xa3\xb1\x81\x4f\xf6\x15\x8f\x47\x3c\x8b\x69\x72\xaf\x36\x9c\xc2\x7a\xc8\x23\x22\x9c\xb8\xd8\x1b\x58\x2a\x11\xa6\xc9\xa5\xca\xcc\x04\x3b\xac\x0f\x66\x68\x7c\x0b\x71\x75\xc0\x98\xa8\x3d\xe2\x09\xb2\xb2\x26\x2c\x22\x98\xfc\xc7\x56\xc4\x2c\xaf\xd9\x7d\x15\xd0\x5f\x68\x88\x82\xff\xe2\x88\xa4\xe1\x39\x8e\xd9\x88\x66\x7e\x9c\x47\xb1\x02\xe9\x89\x59\xb0\x27\xaa\x32\x54\x57\xb1\x47\xce\x26\x63\x58\x95\x21\x0f\xf9\x10\x7f\x45\x04\xc5\x61\x2b\xfc\x85\x6c\x2a\x27\xd7\x09\x5f\xd5\xe6\x56\xe8\xca\x74\x03\x34\x51\x79\x4d\x2e\xe5\xcc\x92\x04\x5c\x9a\x59\x42\x71\x4a\xc2\x16\x19\x33\x4b\x38\xcf\x66\x65\x88\x3c\x22\x12\xd7\x41\xf8\x3d\x30\xa8\xb3\xde\xe3\x91\x44\x01\x85\x6b\xef\xe9\x19\x63\x62\x0d\x25\x26\xbe\x24\x0e\x07\x06\x30\x42\x44\x6c\x16\x47\x6c\x4c\xc4\x8d\xf9\x41\x26\x6c\xa6\xa7\x99\x2c\x9c\x1b\x01\xa3\x3b\x93\x42\xb0\xc3\xc4\xd3\xdf\xec\x21\x18\xdb\x8a\x5f\x91\xf6\xa3\xd8\x00\xfb\xef\x37\xfc\xbf\x1d\x9a\x53\x89\x7d\xe4\x24\x58\x57\x92\x95\xc0\x7a\x60\x89\x1b\xdf\x2a\x53\x08\xd2\x4b\x8a\x91\x01\x6b\x40\xbc\x10\x0a\x10\x76\xbf\x9c\xb4\x65\x83\xfa\x11\xd0\xbd\x9d\x53\x47\xd0\xf2\xbf\x3f\x02\xdc\x72\x92\x6e\xd8\x79\xb1\x3f\x62\x56\xe6\x78\xed\xa9\x29\x73\xfc\x0d\x0f\xeb\x2e\x4b\x4c\x3a\xb3\xbc\x86\xb5\x39\x1c\x30\x03\x2d\x1f\x99\x81\x6f\x4e\xce\x44\xbc\xa1\x06\xbd\xc4\x69\x58\x25\x5d\x75\x4d\x13\x4c\x4a\x4c\xbf\x36\x2b\x73\x2a\x67\x06\xd4\x2d\x4e\x27\x00\x8a\x57\x37\x2f\xad\x1e\x7e\x84\x37\x34\xc6\x93\x78\x61\xca\xe4\xb7\xec\x43\x60\x96\xd0\x50\x51\xaf\xac\x0a\x27\x80\x44\x6e\x42\xb7\x5c\x9d\x7e\x20\x68\x93\x3b\x88\x4b\x29\xbd\x3c\xc2\x0d\x9e\xf5\x14\xaa\x09\xf8\x91\xe3\x6a\xd6\x1a\x7d\x4f\xb7\x9e\xca\xa1\x30\x4a\x17\xa1\xd4\xdc\xc1\x95\x5f\x67\x1b\x6c\x34\xc9\x85\x70\x41\x23\xe2\x08\x3b\x0d\xc2\x0e\x58\xd2\xef\x9b\x9a\x31\x2a\x09\x66\x11\x26\x83\x87\x00\x64\x3d\x4c\x6b\x82\xd3\xf1\xb8\x9a\x80\xc0\xd8\x36\xfe\xa0\xcd\x0e\xa8\x81\xb8\x7f\x26\x5f\xb2\xc1\x1e\x8c\x0b\x27\x3c\x5a\x05\x5a\xce\xc2\x99\xdf\xfc\x55\x4b\x53\x73\xdb\xf9\xa6\x66\xfb\x11\xa8\x68\xa0\x98\x61\x3d\x3c\x33\x5f\x44\x1f\xf1\x6c\xe8\xbd\x1d\x87\xc3\x28\x0d\xd7\x72\x3b\xa8\x76\xe8\xfb\x28\xfc\xa3\x3e\x2b\x1b\x3a\xc7\x6a\x65\xe7\x3c\x3a\x93\xc1\xb4\x58\xdf\x87\x27\x62\xb0\x2d\x44\x8e\xdf\x1a\x98\xa4\x63\xeb\x9a\x76\x12\x95\xcc\xf6\x36\x2c\xed\x19\xa9\x02\x53\xa8\x90\x49\x16\x96\xcd\xc2\x8c\xed\x55\xe4\xec\x1a\x65\x17\x30\xa4\xa3\x6c\x22\x9b\x80\x48\xa9\x71\xac\x14\xe5\x61\x5c\x14\x62\x8d\xaf\xa2\x37\x8e\xa9\x56\x1c\x5e\xf1\x58\x18\x45\x1c\x0e\x6b\x20\x4b\x33\x71\x26\x6d\x54\xd3\xc8\xc8\x62\x6b\xd6\xe0\xbe\x91\xdb\xa6\xab\xfb\x32\xc6\x3c\x57\xa2\x99\x24\x3a\x6e\x14\x51\x93\x0e\xbf\xd5\xcb\x1b\x4c\xaf\xab\x0c\xd1\xe2\x9e\xf5\x76\xf9\xb8\x9a\x35\xca\x19\x14\x9e\x89\xe7\xae\x37\x72\xf7\x42\xa0\x8f\xad\x82\x99\x2b\x18\x4b\xa3\x75\x2f\x98\x50\x7e\x14\x1b\xa0\x9b\x99\xda\xf3\x03\xd1\x12\xd2\x06\x13\x53\xa6\xb6\x68\xfa\xb5\x5e\x9a\x80\xf8\xd1\x14\xcd\x08\x7f\x26\xc8\x16\x53\x5b\xe0\xe2\x4b\xd0\xe1\xf7\xb0\x5f\x26\x30\xa6\x47\x2f\x97\x8d\xa9\x2d\xc6\xbf\x87\xdf\xcb\xbe\x27\xf6\xc0\xb6\x9f\x45\xa2\xdc\xc4\x64\x00\x89\x7a\xe0\x72\x7b\xc0\x8c\xb9\x5e\x1b\x5c\x47\x47\x15\x7a\x09\xd8\xc2\xc4\x62\x34\x39\xcd\xd4\xa3\xfc\xba\x5e\xaa\xd4\x9e\x1f\xa0\x18\x42\x3c\xed\x1d\x1d\x57\xae\xdf\x84\x0f\x73\x4b\x40\x03\x72\x44\x4c\xba\x03\x1d\x75\xa6\x96\xdb\xa1\x89\x94\x59\x8d\xa1\x7a\x28\x1d\x9d\x4e\x22\x83\x6b\x04\xa6\xe5\xed\xde\x90\xef\x1e\xfb\xf4\x9d\xb5\x9c\xa4\xc9\x69\x3b\x0a\x6e\x6f\x87\xa6\x9f\x1a\x93\x7b\xfa\xde\x5b\xb9\xd4\xb6\x67\x1f\x56\xd7\xc8\xbf\x16\xee\x56\xb9\xba\x34\xb7\x60\x65\xf6\x69\x7c\x8b\xc9\x6d\x4b\x66\x65\x51\x5d\x60\x10\x03\xb9\x17\x8e\xa3\x76\xb1\x07\x8a\x26\x26\x65\x2a\xc9\x18\xea\x5b\x20\x88\x56\x63\x2c\x95\x58\xbd\xf3\x33\xec\x79\x37\xbc\x70\xe1\x54\x74\x07\xfa\xec\xbf\x71\xa1\xc1\xe0\x8f\xe2\x0a\x8f\x4f\xab\x0c\x33\xb5\xc8\xe1\x00\xa1\x18\x78\x15\x91\x98\x44\x0d\x22\x35\xee\x36\x64\x72\x75\x75\x94\x52\x18\x5d\x05\x67\x50\xd1\x48\x26\x98\xb2\x3f\xfa\xda\x5a\x4e\x1a\x89\x57\xf4\xed\x94\x8a\x76\x28\x36\x66\x2b\xa1\x8b\x65\x73\x39\x66\x6f\xcf\xe5\xa4\x5e\x42\x4f\x51\x91\x8e\xad\xcb\x6f\x14\xe9\x5b\xba\x6d\x74\x30\xfd\xd9\x66\x1d\xf4\x87\x83\x56\x55\x7b\x7e\x40\x44\x68\x56\xb7\xd7\xd7\xdb\x5d\x8f\x33\x27\xbc\x67\xdc\x1d\xea\xb9\xd2\x75\xb3\xfd\x9b\xab\x9d\x5d\xdf\x5e\xb9\xfc\xbb\x1b\x57\xae\xb6\xdf\xbc\x72\x99\x29\x16\x5a\x4b\x13\x41\x57\x6a\x5d\x5c\x27\x40\x96\x72\xa3\xca\x70\xdc\xac\xa4\xad\xc3\xd1\x93\x0d\x62\x3b\x49\x46\x12\x20\xc1\x30\xe1\xce\x73\xf9\xc6\xf7\xd7\xa1\xe6\xd6\x26\x42\x47\xcb\x6a\xb5\x02\x23\x4f\x12\x74\x4e\x3b\xdb\x44\xb8\xb6\xda\x46\x50\xc7\xc3\x31\xd6\x9e\x1f\x80\x01\x77\x18\xfb\x2f\x63\x01\xd0\xea\xc2\x28\x16\x33\xd9\xc1\x48\x90\x7f\xad\x06\x40\xd9\x67\xc3\xc7\xa0\x4c\x3f\xc5\x19\x91\x15\xd2\xe1\x1d\x35\x7e\x88\xee\xed\xa0\xfa\xcf\x31\x1d\xf9\xc1\xfc\x11\x1e\xe8\x70\x60\x46\x11\x70\x74\xcc\x2a\x8a\xd3\xd4\x20\xba\x1f\x8c\x62\xda\x5c\x7b\x76\x5c\x4d\x36\x93\x3f\x7d\x43\x2e\x92\x66\xb7\xdb\xcd\x3d\x13\xd8\x7d\xc4\x7b\x30\x52\x2f\xcc\xc2\x0c\x3b\xab\xee\xdd\x0a\x44\x5d\x11\x72\x11\xf2\x93\xc8\xff\x3d\x43\xce\x7b\x6c\x88\xc5\x5f\x07\x72\x3c\x01\xd0\x18\xff\xf6\xe6\x37\x6c\xd1\x92\x09\x33\x57\x10\x26\x71\x0e\x67\xf8\x4f\x81\x37\x9e\x00\x65\x8c\x23\x4a\x20\x56\x8e\x11\x67\xa4\x21\x91\xca\xe1\x70\x93\x8b\x44\x26\x58\x29\x99\xa0\xe7\x65\x26\xa8\x9a\x26\xa7\x69\x8c\xfc\x44\xfa\xa2\x48\x1c\x3c\x35\x1d\x0f\xd6\x8d\x75\xa5\x9a\xfe\xdf\x48\xca\xd3\x4b\x63\xd6\x72\xf2\xa2\x1b\xdc\x5f\xe3\xf0\x27\x77\x75\x2a\x03\xf9\xdf\xca\xd3\x2b\xee\x39\x1c\x0d\x5f\x40\xec\xa0\x02\x2b\x8a\x34\x07\x76\x23\x9a\x9e\xc6\xca\x8e\xab\x49\x37\xb1\xd6\x46\x10\x3e\xc8\x98\x59\xaa\xcd\x65\xe8\xca\xda\x87\xd8\x3c\x98\xfe\x99\x86\xfa\x9f\x49\xed\x2b\xee\x9d\x2c\xf3\xa9\x9e\xd4\x36\x66\x8f\xab\x39\xf4\x64\x97\x62\xfc\xdb\xca\x10\x3b\x95\xdc\x84\x9d\xa5\x53\xdb\xfa\xfe\xf3\xfa\x05\xfe\x74\x52\xa0\xcc\x08\xb4\xca\x1b\xa7\x67\x04\x2a\x7a\xe6\xf9\xa6\x16\xd2\xd0\x61\xb0\x63\x37\xce\x27\xb9\x48\x54\x05\x0e\x9d\x99\x60\xd7\x5f\x6d\x90\xfe\x65\x38\x67\x1d\x9e\x61\x7c\x85\x16\xb2\x3c\xef\x95\x08\x45\xf2\x67\x63\x21\x83\x58\xa1\xe0\x10\xca\xda\x02\x36\xd3\xf5\x3c\x4c\xd9\xf3\xe0\x26\x01\xb1\x58\x4e\x0e\xe3\x73\x75\x25\x51\xf7\xc4\xb2\x6a\x37\x1d\x0e\x94\x0c\x1c\x0e\x26\xf2\x0e\xee\x33\x82\x86\x4a\xb0\x06\xee\x1e\x86\x0d\x0e\x46\x22\xae\xca\xca\xfa\xf4\xd2\xa4\x74\xa0\x8b\x77\xd8\x2b\x54\x53\x8d\x44\x4a\xd4\xc7\x54\x1c\xf1\x12\xed\x0a\x8d\x7a\x86\x62\x97\x25\xed\x8c\x37\xd3\xb7\x0b\x1f\x62\x79\xb3\x32\xc4\x75\x99\x6f\x20\x24\x2e\x67\xcf\x67\xfa\x35\x4e\x29\x2f\xc5\x48\x93\x73\xeb\x1c\x8d\xcf\xc9\xaa\xac\xc3\x05\x1a\xdf\x52\x57\x02\xf9\xef\xc9\x75\x64\xab\x58\x19\x6a\xaf\xe3\x12\xad\x7c\xa7\x63\x27\x35\xcd\x2a\x1c\x34\x7c\x85\x1a\x57\x3b\xb9\x08\x1b\x97\x6d\x67\xc6\x64\xe5\x86\x26\x2d\x6e\x37\x3a\xf4\xd8\x18\xd4\x52\x4a\x99\x73\x6e\x31\x1d\x52\x9d\x17\x1c\x02\xcf\x05\xfe\x89\xfd\x73\x1c\x7f\x7e\x2a\x2b\x58\xb2\xa1\x66\x22\x69\x03\x37\x37\x79\xc4\xba\x48\x1e\x91\x73\x6e\xc9\x83\x68\x7a\x9a\xdc\x0f\x04\x7f\xd3\xec\x76\xff\x8e\xe0\x06\x77\x7f\x79\xb1\x99\x75\x3e\xc7\xe3\xc0\x79\x89\x16\xb7\xfb\x77\xe7\xdc\x5f\x5e\x3c\xe7\xb6\x39\x80\xda\x40\x6d\x63\x96\x20\xef\x6b\x71\xdb\xf5\x1b\xf9\x04\x71\x23\x21\x7c\x73\x5c\x4d\x30\xaa\x52\xd8\x9c\xda\x84\xf7\x27\xd9\x44\x8b\xdb\x6d\x6f\x68\xdc\xce\xc7\xd5\x78\xb3\xdb\xd5\xe2\x46\xf6\xd6\x8c\xcd\x48\x23\x9a\xba\xc7\x65\x66\x2f\xeb\x8c\x6c\x8b\x77\x8d\xb3\x66\x3a\xc0\xf8\x03\x60\xb0\x2b\x9b\xfe\x2c\x89\xfa\x08\x2d\x2c\x98\x13\x5b\xd6\xcb\x01\xf3\xc9\x1e\xe4\x44\x29\x67\x1a\x72\x0d\xdc\x96\x70\x2c\x19\x4b\x7b\xb5\xd9\x45\x1a\x9f\x21\x9e\xbb\xd1\x5b\x2a\x94\xb4\x3c\xf9\x41\xcd\x7c\x5b\xc1\xe3\x4a\x86\x41\x13\xf4\x92\xc2\xd1\x88\xd6\x6c\x87\xc3\x3a\x1c\x35\x2a\x3c\xb7\x5e\x3d\xef\x04\x56\xb0\x6c\xd5\xc3\x61\x74\x01\x8a\x57\x62\xe6\x9e\x52\xbf\x74\x9a\x8b\xca\x41\xc2\x78\x41\xab\x83\xd6\xce\x70\xed\xc5\xbc\x31\xb6\x6a\x4c\x8f\x72\x0d\x12\x99\x30\x68\x3c\xe0\xd2\x9a\xa6\xe9\x5d\x73\xf2\xad\x5d\xa5\x91\xdf\xd0\x4b\x2b\x46\xe1\x17\x34\xbc\x33\xd2\x5e\x7f\x0f\x0c\x6c\x52\xa4\x45\xe7\xd0\x43\x8b\xf2\x0e\x46\x91\x61\xe6\x07\x53\x75\xa0\x46\x14\x6a\xe8\x08\x84\xf0\x54\xca\x52\x29\x30\x0a\xe3\xe6\xd4\x9c\x4c\x61\x6e\x80\x46\xe7\x30\xbe\x88\x00\x20\xa0\x40\x4f\x80\x77\x62\x7c\xa9\x1d\xb9\x03\x81\x2d\x10\xa5\x8c\x1e\xf3\x14\x84\xcd\xf2\xa4\x2a\x87\x43\x85\x9a\x80\xb3\xd1\x98\x8a\x1b\x0b\x79\x9a\x9e\xa5\xc9\x69\x73\xf2\x2d\xaa\x24\xb5\x51\xd0\xf0\xe6\xd6\x65\x5e\x8f\x55\x38\xc0\xe0\x7f\x72\xbe\xa9\x8d\x3b\xed\xd1\x95\x02\xfd\x50\xb8\xc8\x39\x82\x26\x77\xbd\x34\x81\xdc\x9d\x11\x94\xe8\xbc\xd0\x3d\x20\xb5\xad\xc5\xc3\xb1\xa0\x21\xce\x7b\x4c\xd5\x43\xd8\xaa\x47\x7c\x77\xbb\x19\x81\x31\xd5\xdf\xd7\x1b\xe9\xee\x6f\x6d\xe1\x71\x85\x12\x34\x19\xe0\xd1\x7d\x77\xbb\x05\x6d\x70\x55\x8a\x6b\x25\xab\xc4\x13\xe9\xef\x09\x31\x02\x6f\x6a\x6a\xf2\x10\x81\x1b\xac\x06\x3c\xb0\x02\xfe\x30\xf8\xac\x36\x85\x3c\x0f\x3d\x92\x89\x0e\x2d\x75\xc9\x40\xe8\xb5\xa4\x99\x14\xbf\x77\xa1\x3e\x62\x0a\xd1\xb5\xd5\x2c\x63\x60\xe4\x71\x9e\x68\x9c\x38\xae\xe6\xac\xe2\x2e\x5d\xde\xc0\x2c\x63\x7e\x9c\x64\x87\x64\xba\xb1\x40\x54\x82\x5c\x63\x35\x72\x09\x5d\x11\x52\x64\x56\xbd\x11\xca\xdc\xb7\xd5\x41\x89\x30\xd2\x48\x26\xb8\xaa\xf1\x74\xdd\xc8\x2f\x82\x84\x0e\xbe\x7d\xbb\xd4\x87\xd8\x3c\xc2\x34\x60\x14\x04\x3f\x34\x2b\xab\x20\xf4\x67\x8d\x64\x02\x3f\x45\x9f\x10\x7f\xcb\xc1\x40\x92\xf8\x87\xb5\x33\x46\x57\xb8\xec\x61\xed\x8c\xe9\x25\xc0\x9d\x82\xcd\x46\xd3\x45\xf3\xe5\x80\xb1\xf9\x02\x8f\x2b\x2e\xc5\xab\x39\xff\x46\x3e\x46\x57\xb2\x74\xf8\xbd\x35\x30\xc9\x73\x39\xa0\x22\x63\x7a\xcf\x58\x8e\x73\x6f\x38\x18\xca\x18\x0b\x83\x62\x7c\x25\xa0\x00\x3c\x67\x5f\x39\x1c\xd8\x4f\x48\x45\x40\x25\x01\x55\x49\x36\xdb\xf1\x91\xda\xb3\x45\x17\xdd\x4a\x1b\x33\x3b\x2e\xba\xf2\x0a\x97\x02\x3f\xd0\x4b\x31\xb0\x25\x26\x25\xad\x9b\xfb\x05\x19\x17\x6e\xe4\xdf\x60\x31\xd5\x33\xa6\x76\x00\xad\x10\xa8\x79\x03\xb2\x7c\xd6\x98\x5f\x16\xb0\x0d\xb8\xf1\x15\x65\x9d\x73\x02\xf8\x06\xd0\x62\xea\x9c\x31\x71\x98\xc9\x35\xf6\xef\xe1\x38\xea\x7d\x98\x85\x21\xf4\x11\xbe\x96\x2b\x6b\x7a\x79\xc2\xe1\xa8\xcd\xc6\x81\xef\x0f\x68\x44\xea\x15\x1f\x29\x71\x8a\xe8\xf7\x1b\xa6\xf4\x7c\x79\x14\x1b\x50\x01\xd8\xec\x65\x72\x12\x6b\xed\x25\xd3\x54\x41\xec\xc7\xbe\x0a\x58\x14\xac\x86\xcb\xa9\xc0\xb1\x31\x45\x47\x99\x28\x87\x43\xf4\x81\x0e\xef\x60\x37\x20\x4e\x72\x95\xcf\x40\xea\x3d\x56\xcf\x39\x3f\x8c\x55\x36\xc5\x6d\x47\xc9\x84\x32\x3f\x7a\x65\x82\xae\xac\xd1\xf8\x16\xdd\x4a\x3b\x1c\xc6\xc4\x33\x1a\x9f\x81\x20\x86\x69\x87\xc3\x7c\xf3\x06\x17\x80\xee\xbe\xc3\x6a\xa1\x3f\x52\x97\x44\xc7\x06\xfe\xac\x0d\xee\x1b\xf9\xd7\x7c\x6c\x33\x3b\x78\x2e\xca\xfd\x40\xe3\x3b\x52\xa9\x00\x5c\x3b\x6e\xea\xe1\x1e\xf8\xf1\x55\xeb\xe5\x00\xd3\x11\xea\xe9\x9e\xc6\x77\x90\xee\x79\x1a\x69\x79\xd2\x2a\xbc\x32\x72\xdb\x7a\x69\xd5\x58\xaa\xca\x9e\x18\xe3\xab\x4c\x76\xcd\x6d\xd3\x95\x35\x26\x8e\x8b\xa1\x89\xe9\x66\x65\x38\x8a\xbc\xb2\x18\x60\xf6\x85\x64\x2e\x40\x17\x82\xa3\x1f\x43\x23\x1c\x0e\xba\xb7\x23\x53\x2b\x10\xad\x94\xae\x64\xf5\xbd\x61\x9a\x99\x60\x3b\x8f\x87\xb1\xb2\x5a\x50\xa0\xc4\x30\x4f\x2e\x32\x40\x2a\x0f\x9a\xdb\x30\x56\xdc\x7a\xb1\x81\x69\x00\x56\xe9\x05\xaa\xdf\xf6\xd1\x64\x2b\xec\xa8\xb9\x0a\xfa\x54\x39\x89\xdc\xb2\x74\x24\xa5\x97\x26\x54\x95\xd3\xd5\x20\x48\xf2\x0f\x8a\x93\xd6\xc1\x20\xe4\x42\x49\x65\x8c\xc6\xaa\xb0\x15\x84\x46\xa6\x02\xb2\xca\x42\x80\x49\xba\x0f\x0a\xab\x80\xaa\x11\xe9\xb2\x27\xcf\x30\xc6\x06\x65\x66\xec\x71\x35\x81\x67\x22\x17\x75\x95\x81\x41\x03\x4f\xcd\x89\x2d\x3c\x0c\x8d\x99\x1d\x91\xa0\x11\xf6\x46\xfd\xbd\x81\xfb\x81\x68\x53\xe4\xae\xe7\x64\x12\xa6\x46\x08\x9a\xc0\xf8\x29\xaa\x18\x56\x45\x5b\x07\x18\x48\xe7\xf3\xc8\x73\xb3\xe1\x20\x07\xce\x78\x92\x33\xf3\xbc\xaf\xf8\x88\x5e\x5a\x69\x40\x33\x11\x3c\x06\x67\x1d\x63\x9d\x00\x9d\xc3\xc5\x13\x33\x79\x5a\x2a\xbc\x66\xdb\x5c\x45\x3a\x41\x46\x2a\x90\x4e\x12\x10\xa5\xc6\x17\x87\x67\x61\x6a\x0d\x79\x94\x6a\x63\x32\x11\x0c\x69\x56\x21\xe4\x01\xb1\x87\x72\x60\xf0\xe4\x18\x03\x10\xe1\x0c\x49\xbb\x1f\xe3\xab\x8d\xe6\xa5\x53\x6e\xc4\x81\xd9\x51\x32\x65\xd9\xb9\x05\x01\x1c\x88\x3a\xc2\xe3\x0d\x04\x54\x24\x2d\x0c\xea\x95\x37\xdc\xb6\x5f\x9e\x50\x82\xd5\x73\x6c\xfb\xbf\x1c\x31\x73\x6c\x85\xb9\x0c\xbd\x3e\x4e\xcb\x69\xac\x41\x62\x93\x73\x15\x85\x27\x37\x74\x5e\x56\x31\x4c\xac\xcc\x3e\xcd\x6f\x21\xb8\x2c\x9e\xda\xe8\xce\x57\x51\x04\x3e\xc4\xe6\x85\xc3\x3e\xf1\x71\xc0\x5f\x1b\x78\xba\x41\x94\x90\x19\xbf\x75\x30\x07\x1c\xab\xbc\x0e\xf9\x40\x41\x22\x75\xda\xd5\x35\xe4\x4b\x63\x12\xb5\x5d\x29\xe6\x3c\x13\xa3\xf4\xce\x58\x7c\x8e\xf6\x3d\xf2\x88\x7c\x88\x4d\x72\xc8\xce\xfe\xe8\x5d\x48\xdc\x78\xa4\x66\x27\xda\x17\xe4\xb0\x4e\x74\xdb\x85\x14\x2c\xd4\x50\xb0\x37\x10\xf4\x37\x7e\x8b\xc2\xb1\xb0\xc7\xc6\x99\xea\xff\x5b\xdb\x80\x05\xb5\x9d\xf2\xbd\x5a\xed\xed\xdb\xa7\xd7\x3b\xae\xd6\xab\xe4\xa5\x7c\xac\x7a\xb5\x1e\x40\x70\x57\xf7\x36\x20\x73\xdb\x1b\x50\x32\x15\xc4\xe5\x92\xcd\xe0\x6e\xe7\xc2\xd8\x69\x7b\xde\x2a\x1c\x10\xb0\x87\xe2\x9c\xca\xdb\x58\x78\xf4\x83\xb8\xbf\x82\xcf\xb5\x92\x95\xf6\x08\x13\x7d\x1a\x12\xd9\xd4\xec\x1b\xa1\xeb\xa3\x5b\xbe\x32\xcc\xc3\x11\xbf\xfb\x43\x3b\x91\x96\x96\x7f\xa2\x61\x91\xa0\xf3\x88\xe7\x2a\xf1\x0b\x73\x64\xa3\x38\xa3\x76\xa3\x9f\x53\x2f\x4f\x04\x89\x44\xbd\x61\x31\xab\x0d\xc0\xbd\xf5\xe6\xf9\x38\xad\x94\xc1\x28\x6d\xf7\xfa\x53\xf5\xfa\x7f\x0a\x7c\xac\x5a\xc8\x05\x91\xd5\x1a\xe3\x23\xb5\xe7\x07\xa8\x8b\xfd\x6a\xe5\xf7\x03\x11\x1f\xa2\xb8\xd8\x5b\xf8\xb8\x1a\xff\xb7\xae\xef\xaf\x61\xda\x12\x64\x14\xd5\x6d\x92\xbb\xfe\x5e\x44\xa9\xcf\xbf\x41\x0c\x3e\x63\x7a\xd4\x58\xfe\x59\x16\x01\xa1\xfc\xab\xa6\x66\x71\x1d\x57\x35\x46\x87\xdf\x6b\x1a\x8f\x1e\x44\xf6\x86\x4e\x91\xca\xaa\x75\x30\x58\xdb\x98\xe5\x11\x43\x42\x4f\x61\x8a\xdf\xc8\x1c\xb2\x32\x73\x33\x41\x33\xc9\x0f\xb1\xbc\x5e\xa9\x18\x43\x69\xbc\x21\x01\x4b\x72\x30\x73\x10\x51\xb8\xed\xec\x74\xcc\x5d\x6e\xd8\xe7\xa9\x41\x32\xb2\xf2\x14\xc6\x0a\xba\xb0\x9d\xdd\x8f\xd9\x8d\xf2\x7a\x9b\x53\xb2\xfb\xb9\x21\x6e\xb9\xd0\x00\x39\xc0\x83\x8a\x4f\xc4\x96\x8b\x23\xf1\x53\x60\x03\x84\xee\xed\xa0\x3e\x2b\xf1\xe5\x58\x1b\x50\x2f\x26\x94\x31\x32\x05\xaf\x16\x9b\xa9\xdc\x82\x18\x99\xd4\x88\xbe\x6a\x6a\xe1\xda\x20\x72\x3e\x0c\xbe\x14\x4b\x80\xee\x57\x84\x31\x34\x72\x87\x46\xea\x05\x3f\x4a\x52\x4b\xfa\x7e\xca\x7c\xf3\x52\x98\xc3\xc5\x6f\xb8\xe9\x61\x43\xdf\x3b\xc1\xcf\x19\x35\x74\x77\x77\x5e\xbb\x79\xe5\xc6\xb5\xf6\xab\xdd\xed\xd7\x3b\xbb\xbb\x3d\xf5\x00\xd3\x32\x78\xf4\x23\x37\x92\xd9\xd8\xea\xdd\xdd\x3f\x7e\x7f\xe3\x4f\x9d\xd7\xfe\xd8\x7d\xb9\xf3\x06\xd6\xa3\x7a\x7a\x1a\xee\x09\x33\xf2\x1b\x74\xeb\x80\x96\x5e\x12\x8f\xab\xa1\x9a\xae\x2b\x37\xfe\x72\xe5\x46\x77\xe7\x65\xac\xa4\xf1\x42\xb2\xce\xcb\xa7\x94\x65\x43\xf8\x43\x7b\xc7\x95\x86\x4f\x54\x95\x56\xd1\x67\x15\x4b\xd2\x57\x4d\xad\x32\x14\x56\xaf\xc2\x6d\x0d\xd9\xa1\xfa\x90\xd7\x38\x42\xed\x80\x12\xaa\x04\x8f\xe1\xeb\x53\xa6\x14\x0f\x9c\xba\xc3\xc8\xd3\x1f\x61\x73\x77\x1f\x55\x7f\x01\xa9\x8b\x26\x82\xd0\xfd\xfb\xa1\x60\xb7\x7c\xd9\x1f\x14\x79\x0b\xdc\x85\xa9\x3e\x68\x6b\x28\x02\xc8\xf7\x78\x81\x18\x9c\x54\xa7\x1f\x67\x27\xdb\x50\x7b\xf3\x91\xc8\x5f\x78\xd7\xd0\x95\xc6\x8e\x9c\xd6\x8d\xf1\xba\x6e\xd4\x1d\x7f\x7a\x69\xcc\x3a\xdc\xd2\xf7\xc6\x31\x7c\xd9\xc8\x27\x88\xe7\xd6\xc3\xa8\x1f\x92\xee\xfc\x81\x07\x7e\x9c\x11\x7c\x14\xf1\x07\xa3\xd8\x48\xe0\xbe\xbf\xbb\xa7\x3f\xec\x8d\x8a\x2b\x25\x2e\x11\x89\xed\x28\xf3\xe5\xf2\xeb\x18\xdf\x6a\x6e\x14\xcd\x27\x7b\x62\x9b\xd6\x4d\x26\x93\x80\x79\x7a\x79\xa2\x6e\x30\x1e\x34\x17\xa2\xad\x17\xf3\x9d\xf9\xe6\xc7\xe0\x56\xa8\xd2\x98\x64\xb5\x62\x58\x3e\x44\xe3\x3b\x30\x3c\x5a\x50\x49\x12\xef\xc0\xd2\xcb\xcf\x8c\xe9\x55\xbc\x1f\x47\xbd\x82\x8f\x78\x6e\x5c\x69\xbf\xda\xdd\x71\xb5\xf3\xca\xb5\x9b\xdd\xed\x97\x2f\xdf\xf0\x10\xbc\xc9\x52\x22\x4a\xf2\xd8\xcc\x32\xf1\x04\xfa\xc4\x9d\x06\x49\x1e\x62\x5f\x26\x9e\xbf\x06\xfa\xfe\x86\x8f\x15\x3e\x71\x96\x9c\x14\xdf\x08\x3b\x13\x88\xb0\x86\xd7\xc1\xf6\xf2\xa3\xa8\x37\x74\xe7\xcc\x05\x72\x46\x41\xf1\xe0\x70\xbb\x10\xc5\x2a\x5e\x0b\x74\x0e\x7c\x27\xdc\xbc\x7d\xde\xe8\x5d\xc0\xd4\x8d\xdc\x0a\x04\x05\xa8\xae\x40\xbe\x0d\x7a\xef\xf8\xef\xb3\x85\x8f\x84\x7c\xf7\x10\xb0\xd7\x7e\xd8\xc4\x1e\x72\x2c\x5d\x6f\xf7\xed\x40\x2f\x07\x8d\xbe\xc0\x7e\x37\xf9\xc2\x51\x81\xf9\x0b\x7d\xf4\xf9\xc3\xd1\xfa\x42\x42\x7a\x6c\x28\x78\xcf\xff\xf0\xd4\x72\xf7\xfc\x0f\xb1\x5c\xcf\xdd\xfa\xf7\x3d\x77\x5b\xdc\x67\xcf\x37\xf5\xf9\xef\xe3\xfb\x68\x43\x67\x10\xc7\x8b\x77\xd4\xd7\x23\x40\x84\x7d\x3e\x8e\x81\x1d\xe8\xeb\xab\xff\x20\xd0\xd7\xd7\x14\xfd\x49\xf4\x2a\xea\x8d\xf6\x47\xea\x0b\x08\xe8\x61\x7c\xa7\xcc\x37\x1f\x2a\xee\xbf\x53\x07\x1b\x0a\xde\xae\x83\x1f\xc6\x8d\xdd\xcd\x57\x4a\x94\x3e\x21\x85\xd6\x7f\x83\xbb\xf0\xa3\x1f\xc9\x4d\x5a\xf7\x15\x5b\xfe\x13\x9f\x70\x9e\xc6\xbb\x7f\xd7\xdf\xdb\x6b\x13\x84\xb8\xc0\xe5\x8c\x00\x1f\x46\x12\x3d\x77\xba\x8a\x80\xf4\x69\x83\x9e\x78\x04\xc8\x34\xfb\xa9\xfd\xe3\x1f\x81\xdb\xa4\xa9\x0b\x26\xa1\x03\x0f\xe0\xab\x21\x9f\xb7\xf7\xf1\xe3\x5e\xf6\x1f\xf2\x8f\x7f\x9c\xfa\xf2\x1f\xff\xf0\xf7\x46\xfc\x8f\x1f\xff\x37\x2c\xc5\x43\x6c\xfe\xf1\x0f\x7f\xb0\xe7\xf1\x63\x8d\x6d\x9e\x13\x5f\x5e\x0f\x85\xa3\xec\x5d\x38\x14\x0d\x9d\x7c\xc9\x9e\x3e\x7e\xac\xf5\xf8\x1f\x9c\x78\x77\xd9\xff\xe0\xf1\x63\xcd\xe7\x65\x2f\x7e\xc4\x94\xc8\xcb\x81\x30\xeb\x43\xd3\x77\x81\x88\x8f\x97\xea\x68\xff\x43\xa0\xd7\x7f\xcd\x7b\xdf\xcf\x0a\xfb\xb1\x03\x1f\x2f\xce\x5b\xf0\x87\xa3\xca\x67\xf7\xfc\x0f\x3f\xe7\xab\x3f\xf9\x1f\x2a\x1f\xf5\xdc\xfd\xf4\x37\x97\xbf\x55\x0b\x2b\x88\x86\x27\x07\xea\x8d\x7a\x3b\xe0\xdd\xe3\xc7\x1a\xd2\xe5\x89\x32\xfc\x47\xe7\xe5\x1b\x8f\x1f\x6b\xd1\x50\x5f\xa8\x37\x74\xe7\xe1\x89\x52\x37\xf9\x8b\xc7\x8f\x35\x9b\x2d\x7c\xba\x9b\xdf\xc9\x72\x5d\xc0\x52\x1e\x3f\x26\xfd\xc1\xc0\x4f\x9a\x84\x6c\x3c\xd1\xc8\x9f\xc4\x1b\xd6\x93\xde\x88\x93\x91\xec\xa7\xdb\xb8\xa9\xac\x11\x71\x6b\x48\xf3\xce\x88\xdf\xd7\x1f\x0e\x44\x1f\x92\x56\x8d\x55\x81\x97\x05\xb1\xa3\xdb\xf9\xc0\x1f\x0e\xdc\xfe\x95\x25\xe9\x80\x4d\xd4\xde\x1f\xbd\xdb\x05\xd5\xf1\xda\x1f\x04\xbc\x4e\x7f\xf0\x81\xd6\xe7\x0f\x47\x02\x11\xc0\x31\x97\x7f\x47\xfb\x83\x1a\x72\x88\x5f\x59\x6d\x28\xa3\xac\x5e\x6f\xe8\x8e\xd3\xdb\xd7\xe7\x0f\xf6\x7c\x0e\x99\x5c\x0d\xdd\x79\xfc\x58\x7b\xe0\x0f\xdf\x22\xad\x5a\x9d\xfe\xed\xec\x09\x84\x7f\x65\x54\x1d\x97\xe1\xa9\xf8\xae\x27\x10\xf1\x85\x82\x41\xbf\xef\x57\x56\x11\x67\xe3\x7b\x64\x34\xea\x84\x28\x1d\xf8\xec\x5a\x82\x27\x2a\x69\x24\x81\xef\xa3\x77\xc5\xdf\x8f\x1f\x8b\x1b\x99\x90\xed\xf0\x1c\xe2\x3f\x86\xf8\x6f\xab\xb8\x09\xf7\xc2\x25\x69\xba\x88\xd9\x7b\x0d\x3a\x85\x5e\xda\xe4\x51\x5d\x70\x8f\x12\x86\x3a\x94\x52\xc6\xe8\x13\x9e\x46\xcb\x2f\xab\x31\x26\xf7\x6a\x93\x73\x7a\x35\xcb\x33\xd3\x10\x2c\x00\x82\xb2\x51\x6d\xac\x33\x14\x7d\xf2\x9e\x64\x0e\xb3\xc1\x4d\x43\x0a\xa6\x26\xba\xdf\xa1\xf3\x00\x76\x49\xcb\xcf\x39\xf6\x64\x47\x3b\xd1\x4b\x13\xf6\xa5\xc4\x0d\x80\x72\xc7\xd5\x38\xf4\x9a\x5f\xe0\xc9\xce\xa3\x48\xa4\x17\xfa\x5d\x8b\x3d\xa1\x99\x38\x11\x57\x88\x9a\x9b\x09\x94\x7e\x51\x08\xd2\x38\x0c\x70\xb1\xca\x54\x8e\xdd\x77\x46\x3e\x21\x6a\x4c\xaa\xa6\xb2\x53\xc1\xee\x10\x70\x42\xdf\x5f\x32\x72\xdb\xfa\xde\x92\x31\x58\xe4\xb1\x80\xdc\x60\xce\x7d\x24\x6c\x48\xac\xf9\xae\xae\xab\x04\x33\x9c\x39\xec\x50\x66\x02\x31\x46\xb9\x07\xaf\xd9\xdd\x74\x4e\x0d\xa4\x6b\x76\x33\x1d\xf5\xc4\x24\x69\x1a\xeb\x6a\xfa\xe7\xe3\x6a\x56\x05\xb9\x3f\x8a\x25\xd5\x52\x47\xb1\x94\x8c\xcd\x92\x73\x88\x36\x62\x0e\xa7\xce\x74\x06\xbd\x34\x21\x56\xa9\x82\x57\x4d\x77\x80\x28\x4d\x18\xe1\x61\xcc\x83\x59\x19\x25\xdf\xcb\x3f\x39\x70\xf4\xf7\x7f\x3e\x8a\x0d\xd0\xdc\x3e\x2d\xec\x90\x0e\x40\x70\x1b\x70\xd1\xdd\x05\xd2\x75\x93\x3d\x5f\x9c\xa0\xa5\x27\x04\xae\x5e\x7e\x52\x30\x0b\x6f\x89\xff\xbe\x37\xd0\xdb\xde\xd3\x13\xf6\x47\x22\x1c\xaf\x1a\xb2\xe9\xc1\xf5\x85\xd1\xb7\x00\xa6\x0a\x38\x4c\x22\x66\x39\x7e\xa3\xab\xdd\x75\xa5\xe3\x72\x57\x3b\x8f\x5d\x80\x51\x58\xa3\xaf\xf1\xfa\x23\xd2\xd1\xae\x22\x11\x0e\xaf\x8a\xf1\x71\xdc\x56\x09\xf7\xca\x3e\x05\x70\x57\x80\x53\xc6\xfc\x3e\x0c\x57\xc1\xc7\x4c\xd8\xed\x68\x27\xfc\xae\xdb\xcd\x03\x70\xae\x6c\xe1\xb7\x18\x87\x61\x03\x59\x8b\xa7\x6c\xc5\x20\x84\x50\x2f\x27\xcd\xf2\x9a\x0d\xab\xf4\x2c\x4e\x8b\x7b\xc6\x62\x46\x2f\xbd\x26\x1d\xed\x3c\x68\x06\xa2\x64\xa1\x62\xd1\xa3\xac\xf9\x64\xef\x28\x96\x54\x1f\x1e\xc5\x52\x28\x94\xd3\xea\x9e\xf9\x7a\x46\x2f\x6d\x9a\x93\xeb\x34\x35\x85\x30\x06\x2a\x88\x2c\x4e\x10\xa6\x9f\x2a\x29\xb6\xa2\x6f\xc4\xa5\x42\x7d\xd6\x3d\x35\xf2\xaf\x11\x05\xcf\xe1\x80\x4b\x15\x20\x22\x13\x22\x10\xd1\x1f\x37\x32\xc7\x55\x18\xa0\x06\xc4\x88\x86\x9b\xe1\x1b\x57\x07\xf6\xa2\x5c\x41\x0e\x24\xe2\x24\xb8\x10\x72\x90\x0e\x07\xe2\x43\x98\x93\x6f\xad\x22\x5b\x1f\x3e\x0b\x98\x3c\x89\x89\xb3\x3c\xe5\x27\x87\x29\xfa\x95\x55\xc8\xec\xb7\x6b\x41\x88\x0d\x5a\x7a\x89\x6b\x85\x37\xf8\x28\xb3\xe0\x70\x70\xac\x23\x48\xc2\x84\xd7\xd0\x13\xc4\x63\x93\xe0\xff\xe8\x19\xe3\xb7\x51\x61\x55\x12\x20\x52\xc2\xf7\x29\xd5\xb2\xf1\x41\x78\x2b\x1f\x34\xbf\x5c\x33\x7e\xe5\x4f\x7f\x16\x78\xa9\x6a\x71\x23\x69\x83\xd2\x78\x9c\x4e\xd4\x31\x9d\x4c\x1a\x72\x46\x7b\x23\x04\xcf\x80\x47\x28\x5a\x78\x44\x10\x18\xe4\xa5\x02\xba\x6f\xcb\x79\x37\x11\x1e\xc8\x32\x80\xa3\xb2\xa5\x05\x23\xe2\x06\xc1\xaf\x00\xc9\xd7\x9c\x5c\xaf\xc5\x26\xf5\x52\xf9\x94\x55\xc7\x0b\xd8\xd9\x07\x3e\x79\x32\xab\x1f\x9c\x20\x08\xc6\xfc\x08\x91\x17\x1b\x43\x08\xf8\x86\x11\x9f\xae\x0d\xee\xd3\xcc\x06\x8d\xcf\x89\xbc\xd6\x72\x1d\xdd\x1c\xc5\x9e\xf0\x3d\x32\xb3\xa3\x06\x61\x72\x36\x52\x19\xe6\x10\xb0\x76\xb7\xeb\x00\x51\x1a\x4a\xd9\x7d\xc5\xee\xc8\x86\x78\xe6\x36\x94\xe2\xd9\x43\x27\xd6\xe3\x28\xf6\x04\x49\xc5\x98\xd9\x41\x32\x36\x92\x09\x24\x60\xee\xb4\x53\x48\x03\x17\x4a\x20\x87\xce\x58\xcb\xeb\x70\xf9\xd1\x24\xcd\x2d\x98\x85\x98\xf5\x72\x40\x40\x89\xc5\x71\x26\xea\x68\xc5\xc8\xbf\xd1\xf7\x9f\x8b\x40\x01\x46\x53\xb8\x49\x11\x8a\x0c\x77\x0b\xdb\x27\x2f\x06\xd8\x76\x8e\x31\x8a\xa3\xe5\x34\x8d\xcf\xd0\xf4\x2e\x20\x00\x2e\x1a\x53\x71\x17\xa2\x78\x49\xe0\x4a\x8d\x10\x84\xae\x40\x57\xb0\x84\xc5\xc3\x5b\x30\x40\xe1\x06\xcf\xb1\xf0\x66\xd0\xfd\x17\x10\x83\x80\x9c\xdb\xd9\x71\xcd\x29\x3f\x6f\x62\xa4\x06\x16\x0c\xa6\xd9\xf1\x70\x8b\x7a\x6e\x9a\xbd\xc1\xf8\x68\x9c\x69\x86\xae\x56\xf7\xef\x5b\x5c\x67\xdd\x5f\xb5\xf1\x5c\x10\xce\x64\xe3\xd7\x9d\x2d\xe7\xda\x5c\xd7\x9d\xad\xe7\xcf\xba\xae\x3b\xcf\xb5\x34\x37\x60\xad\x0a\x27\x52\x16\x4e\xe3\x71\xbd\x92\x32\xf2\x09\xba\x99\xc1\xb9\x42\xaf\xad\x35\xb8\x8f\x85\x31\x65\xcc\x36\x6e\x01\x50\x36\x00\x47\xe0\x79\x63\x97\xac\xdf\x80\x08\x77\xaf\x20\x60\x22\xdf\x77\xe1\x52\xbb\x90\xf8\xb8\x13\x8d\x3b\xce\x5d\xbc\xf2\xcd\x04\x7e\x8c\x50\x4d\x56\x61\x8b\x0e\xaf\x36\x1c\x8b\x18\xac\xa8\x34\x81\x6c\x97\xed\x04\xf8\x89\x21\x00\xa2\x00\xa0\xc4\x81\x2d\xd7\x2a\xae\xe2\x43\x33\x3b\xc4\x4d\xec\xc2\xa4\x0f\x6b\xb7\x67\x6e\x14\xd1\x94\x28\xb1\x4d\x55\x79\xc5\xdc\x4c\x20\x7d\xa1\xdb\x1a\x32\x61\xcc\x57\x65\xde\x66\x66\x42\x26\xcb\x20\x8c\x36\x7a\xcd\x8f\x62\x49\xb5\xd8\x51\x2c\x85\xe1\x25\x28\x8e\x2d\x8d\x1a\xb3\x13\xc6\x6c\xd1\xda\x1a\xe0\x28\xc5\x87\xa3\xa2\xa0\x2d\x40\xb4\xc0\x55\x16\x36\x12\xef\x26\x4e\x15\xf6\x10\xf0\x1c\x58\x2b\x0d\x37\xdf\x20\x10\x91\xe2\xb3\x94\x05\x8e\x62\x29\xbd\xb4\x09\x9e\x61\x79\xbe\xf2\x3b\x26\x4e\x70\xa4\xd3\x9e\x0a\x2e\x4e\xf4\x52\x42\x2f\xbd\x96\x77\x5a\x40\x70\xdb\x49\xe0\x75\x82\x48\xdf\xc7\xd5\x9c\x11\x9f\xd6\x9c\x04\x4f\xcd\x53\x81\xd8\x71\x1d\xf5\xca\x04\xdf\xdc\x4c\xaa\x7d\x5a\x8b\x25\xc0\x14\x5b\xd7\x07\x14\x03\x20\x37\xa7\xe1\x0d\x04\x6c\x49\x4e\x27\xe1\x53\x65\xa0\xbc\x5e\xcd\x1a\x63\x63\x7c\x06\x79\x6c\x6c\x19\x43\x86\x58\x6f\x79\x2c\xa9\x84\x77\x57\xee\xc8\x69\x00\x68\x47\x71\xbc\x16\x4b\x90\xfa\xfd\x48\xf4\x7d\x26\xb5\x71\x19\xfe\xe3\xc8\xef\x71\x46\x4f\x95\x5d\xb8\x6a\x92\xbd\xd2\x3c\x5c\xe2\x25\x3d\x77\xfb\xbc\x61\xef\x7d\xc4\x5d\x87\x60\x45\xf3\x60\x85\xcb\x4f\x0b\x6f\x6a\x33\xdb\x12\xf1\x4d\x2f\x71\xdc\x86\xda\xd4\x21\xf2\x24\x74\xbd\x1f\x57\x73\x28\x07\xd3\x58\x15\xd3\x31\x30\x94\x81\x6e\x8d\xa0\x7b\x96\x0f\x53\xe0\xcb\x2b\xa3\xfc\x14\x66\xfc\x09\x74\x45\x51\xd0\xe9\xbc\xe3\x0f\xde\xf3\x3f\x24\xfc\xba\x4b\x48\x16\xaa\xd2\xc2\x1e\x42\x14\x69\x1e\x59\xc0\xe9\x94\x45\x12\x58\xbd\x4a\xe9\xad\xa7\xbb\x56\x3f\x42\xe3\x47\xb1\x14\x12\xd3\x47\x04\xfb\x94\x84\x62\xab\xc7\xb2\x66\xe7\x83\xd8\xab\xb4\xf4\x52\xcd\xf6\xd0\x4b\x63\xc6\x9b\x65\x74\x6d\xcb\x48\x4a\xbd\x34\x21\xd0\x6f\x13\x3c\xf7\x84\x4b\x53\x27\x14\x98\x06\x99\x94\x33\x91\xbd\x45\x04\x03\x01\xa4\xb5\x24\x4d\xbf\x36\x66\x8b\x78\x42\x11\xcf\xd7\xf7\xfc\x0f\x2f\x79\x08\xc4\xe5\x25\x44\xfe\x09\x88\x71\x36\xdb\x6d\xec\x45\x12\x97\x0a\x6b\xc4\x75\x91\xb7\xb9\x23\xd8\xa8\x82\xbd\x8d\x00\x1e\xe8\xa2\x9e\xd9\x51\xa1\x88\x41\x98\xcb\x0e\x71\x30\x24\x88\x83\x30\xd7\x52\x98\x04\xc5\xf7\x73\x5d\x59\x24\x69\x08\x87\xb1\x77\xee\x87\xd8\x3c\x4e\x86\x9a\x73\x21\x98\xe7\xb8\x31\x9e\x60\x27\xe8\x68\x19\xc2\x13\x6c\xe9\x51\xf5\xe9\x2a\x9c\x96\xef\x5b\xdc\xb5\xb6\x90\x93\x3b\xd1\x93\x52\x99\x03\xc4\xc2\x4c\x31\x19\x66\x72\x0f\xa5\x1c\xe5\x7e\x8b\x93\x2d\xd8\x02\x28\xb7\x84\xd3\x79\x40\xb4\xe4\x60\x27\x71\x4e\x48\x70\x2b\x27\x3b\x30\x96\x57\xe9\xf0\xba\x7a\x0b\xb1\x50\xed\x8c\xcd\x15\xba\x32\xcd\x16\x13\xbe\x60\x62\x44\xfa\x67\x23\x9d\xd1\x0f\x72\x47\xb1\xa4\x8a\xd2\x3f\x37\x44\xc7\x96\x04\xae\xfa\x51\x2c\x45\x57\xb2\xac\x66\x7e\x01\x07\x46\x24\x2a\x17\x1e\x80\x37\xe1\xd4\x0b\x02\x78\xc8\xa2\x86\xec\x14\x02\x96\xe4\x7d\x0d\xd8\x0b\xde\x51\x70\x5a\xa1\x78\xbe\xb7\xa3\x1e\x60\xf2\x6c\x43\x3a\xd2\x4b\x31\xeb\x97\x5d\x87\x43\x25\x09\xbe\x0b\x80\xfe\xf9\x34\x8d\x1b\x6f\x96\xb1\x7e\xbe\x63\x72\x0b\x74\x79\x83\xcd\x02\x5a\x23\xe8\xf0\x0e\x63\xd4\x10\x01\x43\x3c\x8d\x62\xb3\x90\x97\x11\x25\x13\xdb\x51\x6e\x26\x38\x45\x34\x66\xbc\x4b\x39\xee\xcc\xec\x10\xdb\xe1\x8a\xf7\x00\xcf\x2f\xed\x63\x2d\xa2\x38\x0a\xe0\x8c\xd8\xe8\x89\xeb\x10\x4e\x11\xaf\xa5\xd3\xdd\xc6\x7b\x07\xb1\x15\x11\xd9\xf4\xc3\x79\xab\x38\x60\xcc\xac\xf1\x1a\x80\xb5\x49\x6c\x9c\xfa\xdd\xf9\x9f\x9f\x4f\x4e\x7c\xb0\xbc\x0a\xf2\x67\x43\xf4\x09\x46\x95\x30\x42\xc0\xed\x48\x47\x86\xad\x81\x49\xe2\xf9\xda\xe7\xbd\xe4\xfa\x9a\xcd\xc2\x25\x17\xf0\x14\xd7\xd7\xc2\xb0\x08\xd9\x6e\x34\x35\xc5\xa5\x50\x40\x5d\x42\x49\x0c\xab\x38\xae\xe6\xf0\x14\x61\x1d\x2a\x64\xf5\xbd\x04\x13\xc6\x3f\x6e\x6a\xc2\xb0\x69\x26\x4d\x81\x75\x4a\x65\xe0\x67\x6d\x06\x4e\x80\xfd\xb0\x63\xd4\x8a\x0d\x62\x49\xdb\x74\x8e\x83\x02\x93\x75\xb4\x3f\xc8\x0d\xdb\xfd\x3d\x7d\x1a\xae\x26\x51\x92\x02\xaf\x5f\x22\x5f\xe3\xd4\x5e\xd2\xc2\xfe\x48\xa8\xf7\x81\x13\x40\xb9\x48\x20\x78\x3b\x10\x0c\x44\xfd\x5a\x30\x74\x2b\x10\xec\xf9\xa8\xb9\xb2\xde\x30\x2a\x8c\x8a\x9a\xb2\xe9\x34\x8d\xcd\x9e\xe6\x64\xff\x7c\x73\xe5\x8f\x9d\xd7\x48\xc7\x95\x1b\x37\x3b\xff\xd0\xd9\xd1\x7e\xf3\x0a\x3c\xd5\x8e\xab\x71\x29\x2c\x09\x81\x26\x81\x5f\x5c\xb9\x76\xf9\x64\xf9\xaf\x5d\xac\x46\x5c\x8f\x5f\xab\xb8\x91\x40\x3f\xaf\x7a\xa8\x19\x56\x5a\xad\xff\xfa\x8d\xce\xbf\xb4\xdf\xbc\x42\xfe\x74\xe5\xdf\x4f\xd6\xcf\x4d\x28\x27\xeb\x3f\xf1\xd5\xd7\x2e\xa8\xd8\x26\x21\xb5\x0d\xa1\x25\x77\x45\xbd\xd1\x80\x8f\xb0\x63\xfd\x2f\xcd\xb2\x35\x94\x16\xc8\x29\xad\x7c\xe2\xbb\xaf\x5d\x76\x4b\xf7\xfc\x0f\x9d\xc8\xff\x02\xa1\x20\x69\xe6\x77\x44\x12\xbe\x5e\x28\x6e\xf2\x68\x31\xc2\x04\x03\x63\x31\xa3\x97\x73\x98\xa6\x8f\xd0\xb4\x66\x62\x8f\xc6\x37\x8c\xd9\xa2\xb9\x56\xa1\x63\xeb\x12\x95\xeb\x7e\xb4\x1f\x0f\xe8\xe6\x73\x6e\xb7\xcc\x8f\x47\x80\x81\xe6\xb3\xf0\x88\x31\x34\x0c\xde\x84\x7b\xa8\xb8\x14\xf2\x2c\xd9\xdf\xd3\x47\x02\x7d\x0f\xce\xe2\xe9\x88\xcd\x60\x84\x07\xdf\x3a\xe0\xcc\xc5\x3e\xea\xa5\xf2\xfd\x68\xbf\xf3\xab\x16\x7d\x6f\x91\x6e\xbd\x35\x66\x8b\xcd\xad\x98\x80\x42\x20\xd7\x5c\x4d\xf9\x23\x1a\xde\x5e\x6a\xcc\xaf\x5a\xc5\x6d\x10\xca\xa3\xbe\x3e\x36\x58\xbd\x54\x36\x13\xaf\xcc\xcc\x08\x76\x1f\x6b\xc4\xc4\x34\x36\xee\x4f\x75\xb2\x96\x5d\xab\x0d\x3c\x17\x73\x51\x57\x07\xe1\xe3\xc4\x2c\x8c\x68\x7f\x10\x83\x4d\xe0\x4d\xeb\xd9\xf3\xc7\xd5\x24\x8c\x12\xf2\x38\xe8\xb3\x64\xd4\xd7\x47\x57\xb6\x6b\x83\xeb\x34\x33\x44\x53\x4b\xe6\xe4\x7a\x8b\x5b\x64\x7d\x26\x8d\x44\x4c\xaf\xac\xda\xdd\x65\x15\x38\x5b\xdc\xce\x16\xf7\x45\xb6\xab\x70\xc0\x4e\x7e\x09\xb5\x3a\x4d\xc7\xd5\x45\x42\x34\x63\x62\xdd\x4a\x65\xd4\x1b\x88\x79\x82\xa3\x48\x64\xc7\xd9\x54\xc3\xd4\xeb\x0e\x86\x8d\x22\xfa\xa6\xc5\x57\x31\xbd\xf4\x1a\xa3\x5e\xe9\x56\x5a\x7e\x8e\xbd\xb0\xb3\x27\xf1\xfa\xb7\xb1\xa5\xa8\xaf\xcf\x48\x2f\x1b\x89\x71\x94\x9b\x21\x6b\xfa\x79\xed\x75\x52\x2f\x8d\xe1\x9a\x21\x74\xbe\xb9\xff\xb4\xb6\xfc\x8b\x59\x7d\x6e\x0c\xbf\x50\x19\xdd\x39\xf2\x31\x8b\x30\x46\xc6\x83\xd6\x92\xd0\x34\xfa\xf2\x89\xb1\x90\xd7\xf7\x97\xf4\x52\xca\x18\x7c\x8f\x0c\x57\x35\x9d\x4b\x29\x51\x58\xcf\xed\xd1\x2a\x2d\xb8\x64\x0c\x01\x8f\x4d\x52\xdb\x03\xe8\xf2\xb1\x31\x7e\x72\x80\xe2\x45\xe3\x5b\xf6\x19\x64\x2b\x68\x02\xad\xfb\x0b\x88\x03\xb1\xef\xb0\x62\x5b\xb0\x41\xfb\x20\xce\x50\x7f\x94\x34\xb9\x6c\x47\x34\xe8\x39\x1a\xff\x56\xde\x4c\x85\x16\x0a\x59\x43\x9d\x36\x20\x3d\x5b\x4d\x2e\xe4\x0a\xe2\x6b\x26\x07\x02\x2f\x92\xb6\xeb\xba\x2e\xdc\xf1\x07\xc3\x11\xaf\xe8\x81\x0f\x19\x0a\xb4\x2e\x4a\x84\xfd\xff\x41\x9c\x41\xff\xdf\x89\x13\x61\x4f\x09\xe3\xfa\x76\x59\xfb\x4b\x5f\x24\x4c\x9c\x91\xfe\x5b\xff\x8b\x9c\x71\x75\x5c\xec\xb8\xe6\xea\xb8\x76\x91\x43\x14\xfa\xbc\x67\x64\x7d\x3f\x9d\x73\x7f\x45\x9c\x50\x6b\x8f\xf7\x61\x84\xb4\xb6\x9d\x73\xbb\xed\xca\x23\x81\x3b\xc1\xfa\x06\x02\x41\xa5\x7e\xbb\xb5\x70\x54\x0c\xd1\xa6\xd3\xcf\x1e\xa8\x1d\x13\xf0\x79\x83\x55\xca\xd7\xd7\xc0\x3a\xf5\x3f\x35\x52\x3f\xf0\xae\x9b\x17\xff\x2d\xe0\x0d\xde\xe9\xea\x77\x5d\xbd\x78\xcd\x1b\xfc\xb7\x40\xf0\x8e\x3a\x1b\xfe\x70\xd4\xa5\xda\xf8\xf9\x8b\xff\xee\xff\xc9\x7b\xbf\xaf\xd7\xdf\xe4\x0b\xdd\xff\xec\xf9\xea\x68\x97\xf3\xc1\x7e\xd4\x4f\x5d\x47\xbb\x2f\xec\xf7\x46\xfd\x11\x7f\x38\xe0\xed\xc5\x8e\xc2\x74\x2a\xbd\x6f\x18\x8f\x3d\xad\x0d\x67\x99\x9c\x56\xbe\xeb\x20\x5b\x8c\x7b\x66\xe0\x26\xcb\xe3\x6a\xe2\x53\xa4\x05\x62\x48\xf3\x3f\x41\x5f\xca\x07\x0d\x75\x7c\x6c\xd2\xbb\xee\x7a\x83\x77\xee\x7a\x03\xae\xab\x17\xaf\xf7\x5f\x0e\xe1\xa4\xf3\x8f\x4e\x99\x75\xfe\xe6\xff\xc5\x69\x57\x07\xd0\x38\xa6\x70\x14\x8f\x5f\xc4\x49\x87\x9a\x31\x31\x4c\x2e\x8c\xfa\x13\xed\x96\x03\x1e\x9b\x67\x60\x70\x14\xf4\x00\xcd\x19\xc0\xa3\x78\x66\xf6\xf2\x06\x1d\xb6\xb3\x69\x91\x3f\xb3\x32\x10\xbe\x24\xb8\x56\x52\x13\x30\xa1\x13\x27\xdd\x68\xdc\x84\x02\x4c\x55\xe5\xce\x6d\x6a\x14\xf3\x73\xfa\x76\xa1\xe1\xb2\x34\x11\x77\x74\x2a\x14\x6a\x3d\x14\x81\x8c\x58\x42\x9b\x19\x24\xce\x9c\x7a\xc1\x9a\xc3\x81\x1a\x89\x60\xb4\x20\xe7\x7e\x41\x1a\x6e\x2c\x42\x7b\x8e\xcc\x81\xd4\x44\x60\x9b\x13\xae\x86\x13\x57\x1e\xb8\x1b\xae\xb3\xd3\x64\x45\xb5\x58\x96\x1e\xc4\xd4\x2b\x2a\x10\x29\x90\x1d\x23\x70\x4d\x9d\x6a\x2b\x63\xdb\x84\x63\x85\x24\xb4\x00\xbf\x2f\x4f\x60\xff\xfc\xbe\xf1\xce\x3c\xd6\x08\xcd\x3c\x55\xeb\xc6\x7b\xe8\xb0\x62\xad\xee\xd6\x3d\x1b\x41\xa8\xe1\xe2\xbd\xfa\x2b\xbd\x9b\x9b\x9b\x88\xc8\xa4\x1b\xc0\xf4\x07\xb6\x65\xf7\x0b\x46\xea\x05\x5f\xad\xe6\xa6\x66\x5e\x04\xf5\x13\x0d\xe0\xc6\xd8\x6f\xf2\x88\x47\xd5\xe2\x8b\x5f\xbf\xbc\xb8\xe1\x1a\x28\xb8\xd0\x54\xb9\x04\x4a\xb9\xc0\x54\x44\x9f\x23\xe2\xa0\xed\x57\xaf\xbf\x3b\xeb\x43\x6c\x1e\x7d\x50\x2e\x79\x49\x14\x06\x4f\x2a\x97\x44\x11\x11\xd1\xcf\x5b\xf8\xf4\xe5\x50\x08\xb4\x4f\xda\x3b\xae\xba\x78\x18\x3c\x52\x3d\x87\xad\x52\x83\x3e\x9b\x9b\x9b\x5a\xf8\x44\x88\xf9\xa2\xfb\xcf\x8d\xc5\x8c\x8d\x4b\x22\x00\x13\x69\x66\x83\x0e\xef\xd0\xfd\x67\x98\x56\x65\xc4\x2a\x90\x41\x05\x00\xe2\x9e\x86\xab\xde\x3d\x04\x9d\x3e\x60\x18\x83\x3c\x4e\x5f\xa8\xef\x61\x34\xdc\x1f\xf4\x79\xa3\x7e\x0f\x41\xb9\x14\xeb\x42\x21\x53\xce\x92\xed\xc5\x28\xbd\x34\xcb\xef\xcd\xb5\x67\x28\x3b\x19\xf1\xf7\xdc\x2c\xa6\x57\x26\x8c\x7c\xcc\x98\x79\xc5\xb6\x31\x56\x51\x8d\xd1\xb5\x71\xe1\x4d\x48\x9a\x39\x10\x4d\xa0\x83\x12\x7e\x47\x2f\x8d\xd5\xe6\x32\x66\x76\x88\x38\x1c\xe7\xdd\xff\x15\x2d\x3e\xad\x4d\x84\xae\x8d\x9b\x95\xb8\xc3\x81\x60\x5b\x78\x61\x05\xab\x1e\xee\xaa\xd1\x4b\xaf\xb1\x05\x9e\x66\xdf\x38\x4e\xf2\xf5\x45\xe2\x86\xc1\x22\xa6\x2d\xce\xa1\xcd\x24\x9a\x9b\x5a\x89\x7a\xc5\x96\x8d\xcd\x81\x4f\x4f\x89\x99\x6d\x3e\x99\x75\x21\x81\x2b\x1a\xb2\x26\x6c\xec\x88\xfa\x0c\x0f\x4c\x2e\x83\xb7\x67\x4f\xbe\x45\xac\x75\x78\x7b\xae\x2e\xa8\x18\x71\x75\xec\xb7\x6d\x75\x39\x2d\x70\x85\x83\xf2\xf6\xf7\x27\xbf\x55\xda\x3d\x7f\xf2\x5b\xe5\xed\x57\xec\x2d\x5a\x56\x04\xc6\x21\xe4\xc6\xe3\x0a\xda\xcf\x9a\xf1\xf2\x5d\xe3\xcd\xb2\xda\x75\x44\x07\x82\x94\xd7\xa4\x7c\xa5\xda\xfa\xf0\x6a\x28\xf5\x36\x15\x71\x61\x12\xc6\x7d\x37\x03\x08\x88\xf2\xf1\xe7\xd7\x8b\xc9\x1d\x98\xd6\xb1\xb7\xc3\xf3\x8d\xf1\xae\x2d\xac\xba\xb5\xa1\x6a\x11\x47\x1b\x67\x3a\xdf\x69\x60\xae\xe2\x92\xa1\x1c\xe2\x47\xf1\x0b\x67\xe2\x73\xb5\x6c\x9a\x60\x28\x76\xd6\x2a\xce\xb3\xbd\x3b\xbf\x68\x5f\xd8\xb3\xbc\x6a\x15\xb6\x64\xa3\x67\x1b\xe6\xc9\x6e\xf4\xd7\xc6\xd3\xd8\x82\xac\xb2\x9e\x34\x76\xdf\x19\x03\x2f\xe8\x0a\x24\xe4\x2a\x97\x4a\xe2\x85\x10\x66\x7e\xbc\x36\xb3\x6e\x8e\xcf\xd4\xdf\x8f\x92\x80\xdb\x59\x05\x8b\x6e\x69\x12\x49\x14\x10\xee\x0f\x8c\xc1\xe1\xe0\x66\x1f\x4c\x08\x80\xec\x0a\x7e\x69\xfe\x3c\x20\x1b\x9f\x92\x5a\x40\x2e\x12\x91\xfc\x90\xe3\x37\x36\x80\xce\x07\x3e\xc5\x6d\xb6\x11\x01\x72\x9b\x5f\x3f\x02\xd7\x28\xd4\x9e\xad\xd2\x6a\x99\x96\x5f\x22\x5c\xaa\x7a\x49\x00\x8a\x15\x91\x48\x20\x14\xec\xe6\x2e\x03\x71\x1d\xfb\xce\x7b\xba\xb2\x58\x9b\x3a\x34\xb3\x43\xb5\x6c\xda\xc8\x97\xe9\xe6\x8c\xf9\xe6\xa5\x5e\x7a\x07\x00\x10\x29\xeb\xe5\x00\x7b\x3e\x94\xa6\x2b\xd3\xc6\xfb\x21\x23\x3e\x6d\x5f\x23\xd0\x0a\x2d\xcb\xd4\x01\x6c\xf7\xb4\xac\x01\x62\x56\x9e\xd2\x42\x96\x78\x24\xbc\xbe\xc7\xbe\x95\x20\xbb\x5d\xcb\xbf\xa3\xf1\x2d\x44\xf1\xe6\x37\x53\xc1\xbd\xf2\x74\x2b\xcd\x21\x32\x79\xf6\x3b\xbf\x43\x74\x81\x84\x43\xa1\x28\x3f\x77\x30\x27\x0e\xd3\x37\x6c\xac\xa8\xc3\x61\xeb\xe5\x00\xea\x77\xc0\x9f\x09\x21\x1e\x8f\x48\xa2\xd7\xe0\xce\x23\xab\xb8\x6b\x24\x13\xfc\x1a\xed\xdd\x22\x3d\x18\xa2\xcf\x92\xf8\x53\x6e\xab\xe3\x6a\x5c\x84\xce\xb3\xb3\x00\x72\x2f\xd8\xd7\xe2\x21\x69\xbf\x7a\xf5\xe2\x6f\xda\xaf\x5e\xfd\x92\x5c\xfb\xfe\x7a\x7b\x57\xd7\x8f\x97\x2f\x10\x57\x7f\x24\x8c\xc1\xd2\x02\xdf\xec\x9f\xfa\xa4\xed\x3f\xf1\x4d\xc4\x1f\xfd\x27\xca\x47\x7d\x7c\x3e\x34\xed\x1c\x9b\x6a\x79\x90\x0f\xee\xd3\xb1\x1c\x92\x66\x65\x55\x9d\x64\x9a\x2e\x62\x62\xbf\xb1\xb9\x62\x6c\x02\x9a\x0b\x44\xab\x98\x95\x39\x09\xa4\x6c\x4c\xc4\xf5\x32\xbf\x87\x8d\x07\x07\x41\x7d\xca\xfc\x83\xbe\x4c\x08\x2c\x27\x89\xf8\xa3\x3e\x6f\x1f\xf1\x79\xfb\xba\x83\xfe\x68\xb7\xb7\xe7\x7e\x20\xf8\x5b\x7f\x9f\xd2\x4f\x2e\x6f\xc8\xce\xb6\xb1\xce\x0a\x88\xae\xc3\xda\x0c\x87\xa9\x87\x9d\x06\x21\x14\x4c\x78\xc3\x37\x78\x43\x35\x4d\x00\x5e\xe4\xb7\x37\x6f\x5e\xef\x22\xea\x95\x12\xc7\xd5\x9c\x07\x1a\x64\xa4\x39\x24\xe2\xfa\x0e\x80\x13\x19\x73\x85\x5a\x2c\x6b\xdf\xda\x6f\x6f\xee\xd6\x26\x82\x57\x56\x1c\x57\xe3\xfc\x82\x16\xb4\x4b\x6c\x8d\x48\xe1\xc8\xd9\xe7\x0d\x06\xfd\xbd\x4d\x4c\x8a\x0f\xf8\xfc\x70\x7f\x1b\x64\x15\xb9\xfc\x51\x9f\xb8\xbe\x87\xff\xd7\xc5\xaf\x64\x77\xf5\x06\x6e\x9d\x78\x25\x44\xdf\x40\x30\xa0\xfd\xf5\xcf\xc1\x40\xf4\x6f\xda\x65\x3f\x46\xaa\x06\x42\xc1\x8b\xf5\xcd\x69\xed\xb7\xa3\xfe\xf0\xc5\xa0\x3f\xfa\xf7\x50\xf8\x5e\x53\xd4\x1b\xbe\xe3\x8f\x92\x60\x24\xe2\xec\x0d\x85\xee\xf5\xf7\xf1\x27\x9a\xf6\xd7\x2e\xec\xd7\xdf\xb4\x3f\x47\xfc\x61\x51\x8b\xd6\x7e\xff\x16\x53\x52\x3a\xbc\x7d\xde\x5b\x81\xde\x40\x34\xe0\x8f\x5c\xec\x68\xbf\xde\x7d\xed\xca\xcd\xee\xf6\xcb\xdf\x75\x5e\x23\xe2\xd7\x37\x9d\xd7\x2e\x43\x12\x4e\x67\xc7\x15\x4d\x96\x7f\xf8\x4d\xa8\x3f\xd8\x13\x08\xde\xe9\xf2\x47\xe1\xc3\xce\xeb\x1d\xdd\x57\xbf\xef\xf8\x13\xf9\xf5\x5a\xe4\xc3\x1b\xed\x3f\xc2\xdf\x5d\x57\x6e\xfe\xb1\xf3\xb2\xf8\xf3\xcf\xe2\xcf\x7f\xef\xea\xee\xf8\xf6\xc6\xf7\xdf\xdf\x84\x9f\x97\xdb\x3b\xba\xbf\xff\xcb\x95\x1b\x37\x3a\x2f\x63\x0d\xed\x7f\xbe\xdc\x79\xb3\xfb\xc7\x1b\x9d\x37\xaf\x68\x76\x44\xa9\xdf\x17\x0d\x85\x1f\x5e\x74\x85\xfa\xa2\xae\x86\x29\xbb\xf2\x93\xdf\xd7\x15\xf5\x86\xa3\xa7\xbd\x6d\xf8\x49\xb8\xcb\x80\x9c\x56\x54\xc9\x17\x23\xe1\xfe\xa0\x76\xc3\x0f\x19\x85\x17\x43\x41\xe7\x6d\x6f\xa0\xb7\x3f\xec\x17\x8f\xae\x87\xfd\x0f\xfc\xc1\xe8\x95\x9f\x02\x51\x8c\xe9\xbd\xd8\xd2\xaa\xdd\xf0\x7b\x7b\x7e\x0c\x07\xa2\xfe\xeb\xde\xe8\xdd\xc8\xa9\x5d\xd5\xfe\xda\x19\x8c\x44\xbd\xbd\xbd\x7f\xd3\x7e\xf4\x06\xa3\xfe\x9e\x6f\x1e\x5e\xbc\xdf\xdf\x1b\x0d\x80\x29\x5e\x2c\x2e\xec\x11\xb1\xcb\x70\x8b\x01\x2d\xf9\xa2\xbd\xa4\xc7\xeb\xbf\x1f\x0a\x3a\xc3\xfe\xde\x90\xb7\xa7\xf1\xa5\x3f\xc8\x38\x0e\x71\x3a\x83\xa1\xbf\x93\x86\xa6\xeb\x35\x90\xb3\x4d\x84\x96\x4a\xd6\xda\x40\x6d\xa6\x80\xe1\x91\x7f\x68\xff\x01\xf6\x80\xc3\xf1\x43\xf3\x71\x35\xab\x6e\x1e\x09\x63\x2c\x2e\xb2\x9f\x39\xae\x2e\x3a\x1c\x1a\x86\xba\x00\x10\x3d\x00\xca\x2b\x3b\x91\x49\x28\x4f\x67\x65\x7e\x28\x4d\x17\xd5\x1a\x18\xdb\x01\xdf\x15\xbe\xd5\x2b\xc3\x08\x08\xa2\x5c\x24\xc9\x7d\xf1\x3f\xb4\x48\xe0\x2a\xb8\xe1\x48\x95\x7e\x92\xfa\xfe\xc8\x49\x7c\x5a\x61\xd7\x66\x1d\xc4\x0b\x93\x21\xa4\x8d\x67\x81\xbb\x00\x0c\x50\xa0\x9d\x23\x0e\x45\x7e\x1d\x21\x46\x95\x60\x92\x31\x80\xa5\x16\x20\xc0\x78\x76\xb1\x4e\x63\x0e\x91\xf8\x52\x5e\x5a\xc5\x81\x6c\xad\xf1\x55\x15\x97\xd7\x86\xf2\x55\x90\x75\x11\x0b\x57\x63\xc7\xaf\xf2\x94\x83\x46\x37\xe2\x5c\x27\x31\x58\x0c\x80\x23\x01\xb1\xd0\x06\x55\xfe\xa1\x15\xe4\x0e\xb8\xa3\x1c\x3b\x40\x5c\x44\xe2\x50\x4b\x7c\x01\xbd\x54\xd6\x2b\x31\x7d\x2f\xae\x97\x52\x42\xeb\x65\x33\x23\x60\x76\x31\xa3\x58\x11\xf5\x00\x74\x03\x71\x10\x01\xe1\x03\x11\x33\x24\x26\x90\x55\xdc\xb5\x0a\xaf\x94\xd2\x1c\x6f\x00\x20\x1f\x40\x47\x69\x48\x19\x69\xcc\x27\x07\x40\xd8\xe1\xf7\xc7\xd5\x84\x8a\x33\xa4\x41\x45\xf2\x82\x2c\xe9\x23\x94\x10\xf2\x3f\x9c\x65\x02\x03\x22\x02\x60\x34\x81\x32\x18\xfd\x60\xde\x78\xb3\x2c\x17\x9b\x2f\xab\x8d\x5c\x0b\xd0\x86\x8d\x70\x3f\x39\x1b\x89\x07\x3f\xa8\x03\xe3\xc9\x9d\x44\xd5\xc1\x52\x32\x2e\xe6\x13\x08\x3a\x39\x0d\x01\xc6\x38\xfc\x64\x66\x02\x3f\x35\x97\x0b\xb4\xb0\x40\x2e\x11\x37\xdc\x36\x2f\xac\x09\xd8\xdb\xdd\x77\x0a\x2c\x83\xc3\xf1\xc3\x39\x71\x65\x02\xae\x54\xdd\xe2\x35\x42\xa1\x02\x8c\x29\x11\x58\xa8\x0a\x04\xaa\x91\x7d\x02\x10\xaf\x0b\xe6\xc4\x56\xc3\x65\x03\x1c\xa8\x60\x7f\x84\x5f\x93\x03\xa2\xb0\x80\x6d\x4a\x4a\x40\x54\x15\x0a\x55\x74\xad\x8d\x6d\x28\xc5\xff\x59\x1b\x4d\x32\xca\x85\x8c\x5d\x63\xb6\x68\x0e\x6c\x59\x89\x77\x66\x76\x08\x3b\x7b\x7a\x62\xb0\x72\x61\x20\xe3\x1f\xa7\x65\xeb\x42\x91\x53\xd3\x72\xed\xab\x6f\x59\x77\x7e\xcf\x44\x87\xc3\x59\xab\xb0\xc5\x16\x1b\x58\x10\x11\x37\x82\xb1\x0e\xb0\xb9\xe9\xb8\xda\x29\xe2\xbe\x44\x32\x40\xd6\xd3\xd4\x78\x36\xa0\x29\x90\x71\x62\x80\x6f\x02\xe8\xa7\x9e\x1e\xf6\x3b\x1a\x12\x57\xbb\xe5\x8c\xf8\x34\x87\x44\x39\x71\xd1\x30\xda\xc3\xcc\xc9\xb7\xc8\xdc\x78\x5f\x30\xa1\x59\xf4\xf6\x3c\xcf\x04\xf8\xee\x61\xd7\x0f\x57\x89\x75\x38\x6b\xcc\x16\x49\xd7\x0f\x57\x03\x51\x3f\x9f\xaf\xc8\x7f\xf4\x06\xa2\xfe\xee\x9e\x5b\x1e\x52\x9b\x5f\x30\x5f\x95\x21\x56\x09\x00\x2f\x26\xd7\x65\x51\x1e\xfd\x4f\x53\x53\x46\xbe\x7c\x14\x1b\x40\x79\x06\xdd\x66\x8c\xbc\x56\xb2\xb8\x83\x5c\xb5\x8d\x59\x84\x02\xe6\x71\x59\xd0\x30\xec\x4a\xbb\x1d\x73\xbf\xa0\xdc\x6b\xe3\x70\xfc\xf0\x15\x5e\x53\x85\xac\x03\x4d\x1d\x98\xff\x6b\xed\x8c\x19\xf3\xab\x88\x1a\x84\xfd\x15\x09\x9b\x8d\x16\x15\xb1\x2d\x5a\xdc\x67\xcf\xbb\xe1\x0a\x15\x73\xa5\x4c\x5a\xdc\xe4\xbb\x6f\xf0\x2e\x43\xa6\xb4\xa0\x72\x08\x46\x08\xb6\x23\xbf\xbe\x28\x4b\xa2\x7d\xa2\x5e\x6c\x3b\xd7\x44\x6a\x73\x43\x74\x7f\x8a\x5b\x2b\xce\x35\x35\x13\x35\x39\x19\x0c\x46\x43\x70\x74\x6a\xea\x15\xf8\xda\x87\xc9\xc9\x0f\x93\xb1\x0f\x93\x31\x52\x87\xab\xeb\x82\x50\xf1\x0f\x93\x79\xfe\x52\xe1\x53\x44\xf9\xe7\x0b\x1e\x5e\x80\xf7\x1f\x4b\x6b\x19\x4f\xf9\xa8\xaf\x82\xdb\x99\x5d\xc4\xb6\x05\xdb\x3f\xee\xf9\x1f\x12\x17\x51\x7c\x47\x2e\x1e\x45\xd6\x58\x89\xaf\xc7\x45\x4e\xfe\xf3\xc5\x47\xed\xb7\x46\x32\x21\x8d\xae\x08\x0f\xa3\x56\xc7\x93\x1c\x4f\x56\xa7\x80\xce\x25\x07\xf4\xbd\x61\x9a\x9c\x6e\xf8\x54\x31\x14\x36\xcc\x48\xbd\x51\xf1\xf4\xcf\x94\xac\x49\x71\x3d\x2d\x58\x10\xb9\x49\xb3\xfe\x9b\x86\x6c\x53\xe5\x4a\x5b\xd8\x5b\x74\x75\x86\xed\xb9\xcd\xc6\xa6\x44\x5e\x23\x71\x91\x13\xa9\x94\xea\x33\x99\x29\xc9\xbf\x17\x04\x21\xac\x94\x27\x27\x47\x31\x67\xda\x49\x91\xcd\xe7\x9a\x5a\x88\x5e\xaa\x30\x35\x03\x10\x5e\xac\xe5\x75\x00\x6d\x59\x5e\xc7\x7b\x2d\x6a\x1c\xab\xa1\x21\x57\x9f\x31\x91\x88\x47\x5e\x7d\x81\x51\xd1\xf2\xbe\x44\x26\x23\x88\x0b\xcf\xeb\x31\x6c\xd9\xb7\xc0\x7a\x94\x8f\xcd\xca\x10\xfb\x20\x9d\xb6\x0e\xb7\x30\x7d\x45\x80\x2f\x8a\x96\xba\x1b\x3f\x91\xe0\x48\x08\x0a\xcb\xb8\x43\x71\x0f\x51\xd0\xcc\xf7\x15\xa5\x99\x6e\xaf\xaf\xb7\xbe\x29\x71\xaf\x01\xd8\x03\xc9\x6f\x09\xa2\xe8\xd7\x01\x64\x44\x4e\x49\xf6\xe7\xb2\x91\xe2\x89\xea\x68\x77\xd5\x85\x9e\xa3\x2f\x03\xef\x3a\x23\x1e\x88\x54\x8a\x44\x43\xe1\x0b\x1e\x82\x71\xa8\xb2\x11\xf6\x2a\x70\x3b\xe0\xf3\x46\xfd\x11\xc4\x26\xa8\xcb\xab\xea\x68\x67\x92\x8f\x0c\x84\x73\x91\x8f\x45\xb8\x01\x88\xd0\x33\xfa\x76\x01\x12\x6c\xec\x44\x9d\x3a\xac\x0f\xb0\xe4\xe3\x80\x14\x33\x7f\x1d\x32\x0c\x1e\x54\x91\x06\x58\x98\x53\x1c\x2a\x75\x15\xf7\xf9\xc3\xf7\x03\x60\xb9\xa9\x9f\x2e\x21\x5c\xc6\x05\x1a\x23\x5e\x96\x00\xa2\xa7\x4b\x24\x91\x08\xfc\x94\xbe\x3e\x79\x86\xca\xeb\x6e\x89\x80\x0c\x92\xf7\x84\xb9\x30\xb0\xc8\x75\x3f\x10\xf1\xb9\xee\xfa\x7b\xfb\x4e\x00\x9a\x30\xe5\x05\xbe\xe4\x71\xda\x85\x65\xab\xb0\x7c\x62\xb6\x95\x72\x6a\x04\x3b\x96\x86\x1e\xff\x6a\xfc\x7a\x43\x94\xbc\x9d\xdd\xd6\xb0\xc6\x61\xd6\x1c\xa0\xe2\x74\xf7\xf5\x7a\x71\x8a\x4e\x43\xfa\x8a\x4b\x58\xc1\x13\xdf\x85\xfb\x7b\xfd\x27\xbe\x13\x92\x74\x1c\xf7\x97\x84\xa7\x13\x60\xc4\xa7\x60\xd1\xd9\x74\x87\x99\x8d\xfe\x1e\xc1\x44\x02\xc1\xdb\x21\x75\xda\x11\x76\xa4\xee\x0a\xbc\xe2\x3c\x36\xa4\x97\x26\xe0\x06\xdc\x71\x0c\xeb\x54\x37\xa8\xb7\xa7\xc7\xdf\xd3\xcd\x57\xc2\xeb\xeb\x55\x6b\x64\x1c\xe7\xcd\x32\xbf\x25\x4b\xf9\xde\xbe\x5c\x44\x2f\x4f\x70\xc0\x1c\x7e\x73\x59\x42\xba\x46\xce\x35\xb5\x72\xe9\x5a\x95\x74\x01\x0c\xd3\xbe\xea\x21\x2b\xf0\xf6\x01\x40\x02\xfe\xec\x16\xb0\xfb\x8d\x8f\x82\x18\xb4\xcc\x83\xb6\x05\x80\xbf\x8c\xee\x91\x39\x14\x42\xdb\xf8\x4f\x23\x68\xe2\x11\x7f\xa9\x11\xd7\x46\xde\x53\x6e\xcc\x16\x4f\x8d\xb9\x03\x34\x07\x04\xc5\xb1\x71\xb8\xc0\x9e\xfa\x11\x3c\x1a\x7e\x4b\xf9\xfe\x12\xc6\x92\xb0\x73\x73\xf4\x35\xdd\x7d\x2b\x91\x43\xb8\x52\x52\x18\x64\xdd\xfa\x7f\x02\x00\x00\xff\xff\xa3\x7b\xc9\xbd\xfb\xb4\x00\x00")

func openwrtIptablesHelpBytes() ([]byte, error) {
	return resourceSetBindataRead(
		_openwrtIptablesHelp,
		"openwrt-iptables/help",
	)
}

func openwrtIptablesHelp() (*asset, error) {
	bytes, err := openwrtIptablesHelpBytes()
	if err != nil {
		return nil, err
	}

	info := bindataFileInfo{name: "openwrt-iptables/help", size: 46331, mode: os.FileMode(436), modTime: time.Unix(1790421371, 0)}
	a := &asset{bytes: bytes, info: info}
	return a, nil
}

var _openwrtIptablesMisc = []byte("\x1f\x8b\x08\x00\x00\x00\x00\x00\x00\xff\x7c\x92\xcd\x6a\xeb\x30\x10\x85\xd7\x37\x4f\x71\xf1\xba\x95\x4b\xe9\xa2\xf4\x65\xc4\x44\x1e\x59\xc2\xf2\x48\x48\xe3\xd0\x50\xfa\xee\x45\x3f\x89\x91\x1b\xba\xf4\x7c\xdf\x81\xe3\xd1\x7c\x9d\xfe\x0d\x09\xe3\x05\xa3\x74\x7e\x1e\x3e\xfe\x0f\x3e\x20\x5d\x02\x89\xfc\xf9\x94\xa9\x8a\x36\xf0\x8d\xc2\xc6\xe6\x8e\x9a\x2a\x03\xb0\xc9\x70\xdc\x52\x1c\xd3\xd9\xd2\xd8\x48\xb1\x56\x20\x98\x71\x45\x62\x99\xbc\x5a\x90\xb3\xba\x0f\x45\x1e\x16\x51\x81\xd4\xd6\xa1\x24\x58\x31\x3b\x0a\x84\x8a\x5c\x4b\xd4\x8a\x0a\x23\xf7\x4e\x05\x47\x6f\xc1\xeb\x43\x6d\xc1\x6b\xd1\x26\xd3\xe3\xc9\xbc\xbe\xbc\xbd\x8b\x80\x6b\xc1\x7c\x28\xc2\x70\x4f\x2a\x35\xc9\xc9\xc6\x52\x4f\x4d\x65\x64\x43\xe8\x75\x1b\x82\xe0\xcf\x56\x88\x81\xb7\xd4\xf3\xb6\x9c\xe7\xca\xf6\x45\xb7\x7f\xf4\xa4\xed\xfc\xf8\x2f\x3d\xe9\xda\xc2\xd9\xbc\x4e\x4f\xce\x12\xca\xf6\x42\x37\x59\x76\x54\x24\xd3\x45\xb4\xfe\x33\x53\xf1\x21\x94\x1f\xfd\x57\xa2\x5c\x42\xf3\x92\x41\xe7\xf6\x33\xc8\x17\x70\x86\x64\x86\xd3\xf7\x4f\x00\x00\x00\xff\xff\x98\x26\xfe\xfc\x60\x02\x00\x00")

func openwrtIptablesMiscBytes() ([]byte, error) {
	return resourceSetBindataRead(
		_openwrtIptablesMisc,
		"openwrt-iptables/misc",
	)
}

func openwrtIptablesMisc() (*asset, error) {
	bytes, err := openwrtIptablesMiscBytes()
	if err != nil {
		return nil, err
	}

	info := bindataFileInfo{name: "openwrt-iptables/misc", size: 608, mode: os.FileMode(436), modTime: time.Unix(1790391578, 0)}
	a := &asset{bytes: bytes, info: info}
	return a, nil
}

var _openwrtIptablesRatelimitSh = []byte("\x1f\x8b\x08\x00\x00\x00\x00\x00\x00\xff\xe4\x5a\x6d\x53\x13\xc9\xb7\x7f\x3f\x9f\xe2\x38\xc4\x05\xbc\x15\x93\xa0\x52\x02\xc6\x2a\x14\xd4\x94\xf2\x50\xc8\x7f\xf7\xde\x72\xad\x54\x98\x4c\xc8\x94\x21\x89\x93\x01\xf7\x2e\x52\x85\x2b\x91\x80\x09\xc1\x5a\x44\x09\xb8\xc2\x5e\x71\xd9\xbd\x5e\xd0\x5d\x17\x23\x19\xe4\xc3\xec\xf4\xcc\xe4\x55\xbe\xc2\xad\x9e\x9e\x99\xcc\xe4\x01\x01\xdd\x87\xaa\x7f\xaa\xa8\x64\xba\x4f\x9f\x3e\x4f\x7d\xce\xef\xf4\xd0\x70\xcc\x35\xc4\x45\x5d\x43\x81\x44\x98\x6a\x00\xf5\xc3\x87\xe2\x74\xb6\xb8\x34\x5f\x9c\x7c\xae\xee\xcd\xab\x6b\x69\xf9\xc9\xb6\xbc\xfc\x56\x5e\x7c\xad\x4e\xe5\xe4\x95\x57\x25\x31\xa5\xfe\x3e\x25\xef\xcc\xa3\xf9\x0c\xf0\x01\x81\x8d\x70\x23\x9c\x70\x32\x11\x2e\x89\x33\x54\x03\x28\x0b\x6f\x8a\xcf\x7e\x94\x9f\xed\x29\xb9\x29\x65\x76\x5b\x9e\xbc\x57\x9c\x9e\x2e\x2e\x3f\x40\x4b\x1b\x72\x7a\x46\x5e\xc9\xa0\xd9\x35\xb4\xb4\xa1\xbe\xbe\xaf\x2c\x6c\x94\xc4\x1c\xda\xfd\x5e\x7e\x3e\x2f\xe5\x7f\x41\x2b\x1b\xca\xce\x1e\xda\xfc\x51\x4e\xbd\x53\xfe\x77\x0b\xa5\xdf\x17\x93\x19\x94\x7a\x2d\x2f\xbe\x56\x72\x53\xba\x40\x3f\x4d\xa1\xd4\xd2\x1f\x93\xf7\xa8\x06\x90\xf2\x0b\xca\xc2\x73\xf9\x71\x8a\x4c\x61\xb1\x2c\xa2\xcb\x8b\xef\xe5\xb5\x94\x94\x9f\x53\x16\x36\xe4\xd4\x3b\x17\xf9\x52\x0a\x3a\x23\x94\x5d\x94\x57\x26\xa5\xdd\xb9\x92\x38\x83\xb2\x8f\x94\x85\xe7\x28\xfb\x14\xa5\x17\xe5\x27\xdb\x25\x31\x4d\x35\x00\xd1\x41\x9e\x9d\x25\xe3\x4a\x6e\xca\x94\xac\x38\x99\x53\xf7\xa6\xe5\xd5\x69\x34\xfd\x40\xfd\xf0\x3d\x4a\xae\x4b\xe2\xaa\xba\xb7\x2c\x3f\x5b\x2f\x89\x69\x79\xe5\x15\xb1\x53\x71\x3a\x83\x6d\xb6\xf9\x41\xd9\xdd\x94\x53\x8b\xca\x4f\x85\xe2\xd2\x0b\xb4\xf5\x1e\xed\x2c\x28\xb9\x29\x10\x18\x20\xa2\xfc\x31\xf9\x1d\xd5\x40\x35\x80\x95\xa1\xbc\x95\x55\xd7\xd2\x25\x31\xa5\xfc\xbc\xa3\x2c\xed\xa2\xd4\x83\x62\x6e\xa1\x24\xce\x94\xc4\xdc\x39\x75\x29\x27\x3f\x7c\xee\xeb\x3f\x0f\xe7\xa4\xfc\xac\x24\xae\x5e\xbd\xe0\x4a\x68\x0f\x0f\xd5\xdd\x5d\xed\x01\xbb\x51\xa3\x02\x5f\x3f\xa0\xec\x96\x54\x58\x97\x9f\x6e\x81\xaf\x7f\xec\x34\xc8\xa9\x45\xfc\xa3\x15\x33\xdf\xd1\xc6\x5a\xc1\x54\x4d\x12\x57\x51\x72\x5b\x1f\x5c\x79\x8d\x9e\x4d\x96\xc4\x19\x4d\x40\x70\x83\xba\xb6\xa1\xbc\xd8\x51\xb7\xd6\xe5\xc5\xf7\x68\xfe\x91\x94\xcf\x98\x96\x97\xc4\x1c\xd1\xcf\x9c\x45\xef\x7e\x45\xff\xf7\x14\xfb\x94\xe8\x4a\x3c\x67\x72\x23\x92\x83\x17\xcc\x80\x00\xe7\xf9\xb2\x1c\x25\x71\x99\xa8\x03\xde\xf2\x20\xa6\x30\xc9\x31\x1b\xca\xd7\x3b\xd8\x3d\xd0\xdb\x79\xcd\xdf\xd9\xef\xf3\xd2\x7e\xbf\xf5\xd9\xef\xa7\xa9\x6b\x7d\x97\xfd\x97\x7c\xd7\xba\xf1\xdc\x57\x7d\x03\x57\x7d\xbd\x97\xfd\x5d\xbe\x01\xbf\x3f\x30\x2a\x84\x4f\x46\x62\xc3\x34\x75\xbd\x7b\xe0\xcb\xee\x01\xbf\xaf\x0b\xd3\x98\x0f\x78\xb1\xf1\x80\x79\x5e\xea\xbc\xd8\x6d\x25\x30\xc6\xc8\x26\x17\xaf\xd6\xd9\x85\x89\x9c\x8c\xc4\x98\x5b\x34\x45\x45\x62\xc3\xfe\x11\x36\x91\x08\x0c\xb3\x4d\xcd\x30\x4e\x01\x00\x44\x62\x4c\x20\x02\x11\x76\x8c\x8d\x78\x69\x87\x87\xb6\x0c\xea\xa4\x5e\xda\xd1\x42\x86\x59\x26\x1c\x03\xda\xd1\x14\x0c\x08\x2c\x34\xfe\xc7\xf1\xff\x72\x1e\x1f\x71\x1e\x0f\xc2\xf1\x2b\xed\xc7\x7b\xda\x8f\x5f\x6f\x6c\x86\x1b\x8e\x71\x8d\xd7\xc4\x4d\x70\x8c\xeb\x0c\x26\x68\x38\x7f\x1e\x68\x87\x61\x08\x9a\x9a\xa0\xa8\xc1\x8b\xfe\x0b\xbe\x5e\x2f\x4d\x53\xa1\x18\x0f\x7e\x81\x01\x2e\x0a\xae\x04\xce\x01\x02\x03\xae\xd1\x04\x6f\x7f\x30\x7e\x93\xef\x0e\x08\xc6\x34\x91\xb8\x10\xdc\x00\xe7\x37\x40\x3b\xfc\x02\x43\xc3\xcd\x0e\x10\xc2\x6c\x14\x0c\xee\xda\x68\x07\x0c\xf1\x6c\xe0\x56\x07\x84\x38\x2a\x18\x8b\xb2\xd4\x0d\x70\x7e\x0b\xb4\x83\x10\xd1\x70\x13\xbe\xf8\xc2\x5c\x21\x30\x34\x45\xf9\xfa\x6d\xc2\x71\xf1\xb2\x70\x5c\xdc\x22\x9c\xf1\x60\xfc\x26\xdf\xb5\x84\xe3\xe2\x65\xe1\x0c\xee\xda\x68\x3d\xe1\x08\x91\x2e\x9c\xb1\x82\x8b\xd3\x9a\xe5\xba\xba\xbf\xf4\xd2\x8e\xca\x38\xa0\x29\x2d\xa6\x71\xc4\x96\xc4\x14\x3e\xc0\xda\x21\x28\x89\x33\x66\x36\x42\x62\xb6\x24\xe6\xa4\xfc\x1c\x30\x11\x8e\x8d\x0a\xfe\x58\x34\xc2\x45\xd9\x93\x89\x30\x48\x7b\xcf\xe4\xf4\x3d\x29\x3f\xa9\x4e\xbf\x2d\x89\x69\x2e\x34\x04\x92\xf8\x14\x25\x53\x25\x31\x8d\x92\xdb\xf2\xab\x35\x88\xc7\x22\x1c\xc3\x92\xb3\x83\xe7\xd5\xcd\x0f\xe8\xc5\x34\x9a\xcf\xa0\xfc\x4b\x29\x3f\x0b\x09\x96\x1f\x63\x79\x3f\x17\x04\x34\x93\x51\xc4\x49\x29\xbf\x80\x66\x57\x8b\x8f\xf7\x4a\x62\x2a\x36\x16\x8f\xf2\x11\x6f\x2c\xce\x46\xc7\xe2\x51\x2d\x65\x83\x96\xb3\xb5\x84\x92\x2e\xde\xdb\x43\xc9\x0c\xce\x94\xbf\x15\x94\xc2\x73\x75\xfa\x17\x94\x7f\xa9\xe4\xa6\xc8\x4e\x6e\x17\x17\x1a\xf2\xe0\xac\x81\x92\xdb\x68\xf3\xbe\xb2\xf1\x10\xed\x64\xf1\xa1\x2e\x8b\x51\x9c\xce\xa0\xf9\x0c\x16\xce\x77\xe9\x02\xb1\x10\xd9\xd3\x31\x6e\x9e\xa8\x09\x9a\xea\xea\xfb\xaa\xf7\x5a\x5f\x67\x97\xbf\xa7\x7b\xf0\x4a\x5f\x97\x97\x8e\xc6\xa2\xac\x66\x39\x79\xee\x47\xf9\xf7\x87\x68\x26\x83\xf6\x92\xc5\xb5\x02\x4a\xa6\x50\x6a\x19\x15\x76\x80\x8b\x0e\xf3\x6c\x22\x01\xb7\x83\x5c\x82\xc1\xc5\x62\xfe\x11\xc4\x03\x3c\x1b\x15\x20\x14\x0a\x85\xda\x41\x4e\x7f\x87\x73\x71\xe1\x05\x5a\xda\x40\x33\x19\xf5\xe1\xba\xfc\xeb\x9a\xbc\x32\xa3\x4f\xeb\xeb\x70\x42\x47\x0f\x92\xf2\x6a\x5e\x12\x73\xea\xde\x02\x5a\xfe\x01\xe8\x81\xc1\xde\xee\xc1\x6b\xbe\xde\xab\x10\x88\x26\xee\xb0\x7c\xa2\x1d\x7c\xd1\xb1\x40\x84\x0b\x42\x80\x1f\x1e\x1d\x61\xa3\x02\x5d\x12\xd3\x52\x61\x4e\x9d\x4c\x6b\x85\x60\x0b\x17\x11\xad\xae\xa8\x5b\x5b\x28\xf5\x42\xca\xef\x48\xf9\x0c\x19\x27\xae\x51\x37\x5f\xa3\xdd\xc7\xf2\xca\x2b\xf9\xd5\x1a\x51\x4a\x7e\xba\x85\xe6\x5f\x2a\x0b\x6f\xcc\xba\x20\x2f\xbe\x46\x85\x1d\x69\xe7\x81\xa1\x1d\xf6\xf2\x8b\x37\xea\xdb\x75\xf9\xc9\xb6\xfa\xf2\x1e\x5a\xfe\x41\x2e\xe4\x4c\xc7\x28\x8f\x97\xa4\xfc\x43\xe5\xe7\x1d\xa2\x8c\x66\xe5\xde\xcb\x03\xdd\xd7\xaf\xfb\x2f\x0e\x74\x77\x0e\x76\x77\x79\xdd\x14\x17\x82\x63\xa0\x9f\x2a\x42\x07\x89\x70\xec\x0e\x04\xd9\x31\x72\xda\xba\xba\xbf\xa4\xa1\xe5\xbc\x2b\xc8\x8e\xb9\xa2\xa3\x91\x08\xdc\x85\x61\x9e\x8d\x83\xf3\x36\x34\xea\x62\x34\x92\x33\x62\x1c\x1f\x3b\xb7\x40\x30\x58\xc1\x2c\x1c\x88\x06\x23\xac\x6e\x67\xc3\x4f\x96\x0d\x5a\xce\x7f\xe1\xb1\x70\xc4\x9f\x4a\xb9\x3d\xda\x4c\x88\xa3\x42\x1c\x55\xb5\xe3\x27\xcb\x4f\x4e\x2e\x44\xb8\xe8\x2d\xc2\x8c\x76\xe8\xe1\x49\x57\xca\x09\x77\xef\xda\xe9\xb1\xba\x16\x72\xe1\xbf\xe3\xac\x16\xef\xfb\xeb\x67\xdf\x92\x15\xac\x2c\x46\xe3\xb5\x36\x15\xf8\x51\xd6\x5c\x6e\x31\x41\x88\x8b\x08\x2c\x5f\xc3\xea\xb6\xe0\x8f\xf3\x31\x21\xc6\xc4\x22\xc0\xc5\x21\xce\x73\x31\x68\x3d\x73\xe6\xd4\x19\x18\x3d\xd5\x02\x23\x01\x81\x09\xe3\xf1\x04\xcf\x40\xcb\x99\x33\x27\x2d\x7f\xae\x53\x2d\x10\x60\x04\x2e\x16\x85\x11\x8e\xe7\xd9\x20\xb0\xc4\x7b\x3c\x1b\xe4\x78\x96\x11\xf4\x3d\xeb\x59\xab\x42\x6b\x4d\x73\xbb\xdc\x41\x36\x72\x04\xb9\x3f\x66\x1f\xfc\xa9\xca\x21\x5c\x68\x88\x36\x29\x42\x1c\x65\xf9\xd2\x6a\x00\xed\xa8\x58\x42\x83\x17\x48\xe6\x31\xaa\xc2\xdf\xe2\x00\x92\xd0\x49\x32\xf6\x8c\x0c\x71\x02\x0c\x8d\xf2\x09\x01\x3c\xee\x5b\x10\xe4\x63\x55\xd1\xf2\x8f\x32\x3a\x11\xfe\xe8\x76\xc7\x85\x15\x93\x54\x24\x04\x8d\xc4\x53\xed\x17\x7b\x62\xa8\xd6\xb3\x4e\xf6\xb1\xe9\x42\xb2\x0c\x35\xc2\x45\x63\xbc\x3f\xc4\xc7\x46\xfc\x63\xa7\x2b\x90\x98\x9f\x01\x7f\x10\x7a\xb4\x11\x3f\xe3\x75\x34\xc5\x79\x2e\x2a\x84\xa0\xf1\x78\xa2\x11\x30\x40\x83\xbb\xc0\x8c\x0a\xe0\x0c\x9e\x04\x67\xe8\x54\x33\x21\x0c\x7e\x8c\xf0\x34\x21\xec\xf1\x3a\x9a\x9a\xa0\xc9\x31\xee\x67\xda\x9d\xee\x09\x38\x77\x0e\xce\x36\xc3\x5d\x70\x8c\xfb\x83\xda\x40\x33\xa1\xc3\x76\xe9\xa1\xc1\x19\x61\xc1\x4d\x2c\xd5\xa3\x27\x4a\x63\x66\x98\xd5\x7d\xa7\xcf\xe2\x87\xd3\x36\x0a\xf6\x36\xb4\xb5\xb5\xb5\x19\x04\x6d\x6d\x6d\x67\xb5\x79\xbb\x9c\x3d\x18\x0d\x5a\x0d\xd2\x5a\x69\x90\xb0\x61\x8d\xb0\xd7\x31\xee\x69\x68\x38\xd1\x3e\xa1\x3d\x33\x81\x04\x8b\xa1\x55\x18\xdb\x1e\x1a\x1b\xef\x9e\xb8\x71\xcc\xed\x6c\x0b\x38\x43\x9d\xce\x4b\x37\x4f\x34\xe3\x05\x6e\xe8\xe8\x00\x36\x11\x60\x2c\xda\x7b\x5a\x1b\x1c\xe3\xfe\xf0\xdf\xa8\x2e\x45\x80\xe1\xb7\x96\xe8\xb1\x46\x9b\x05\xa6\x03\xfd\x55\xe7\x40\xaf\xaf\xf7\x32\x0d\x74\xb9\x49\x31\x91\x5f\x17\xc8\x2b\xbf\x14\x93\x19\x65\x77\x53\xd9\x7d\x84\x32\x6b\x25\x31\xad\xbe\xfb\x4d\xdd\x9b\xb6\x75\xa1\x5a\xdf\xac\x43\xf8\x6f\x38\x01\xdc\x7a\xad\x3b\x56\xc6\xb4\xd6\x02\x65\xc8\x54\xff\xf0\xd7\x93\x70\x6e\x1d\x65\xff\x07\x74\x06\x80\x61\x89\xd6\x7d\x1d\x42\x2a\x0c\x5f\xb6\x0a\x28\xbb\x88\x92\x1b\xc5\xfb\x1b\xe8\x43\x92\xd0\x59\x9a\x32\x1d\x92\xa0\x95\x0d\x08\xe1\xc6\x06\xa4\xfc\x5b\xe5\x71\x1a\xa5\x77\xd0\x83\x24\xba\x97\x2b\x3e\x2d\xa0\xb5\x1f\xc0\xd7\x47\x5d\xbc\xd2\xd9\x7b\xb9\xfb\x3a\xc6\xf1\x77\xc2\x5c\x84\x05\x9e\x0d\x04\xc1\xc9\x1b\xe0\x97\x8b\xc3\x68\x3c\x12\x0b\x04\xfd\xb7\x86\x20\x18\xbb\x13\xd5\x7f\x9b\x00\x5e\x77\x92\x49\xae\x67\x0d\x26\x16\x15\xb8\xa8\x7e\xa6\xf5\x30\x34\x19\xd9\xa3\x11\xc7\xa1\x39\x55\x11\x8e\xfa\x4a\xcb\xc6\xd5\x6b\x2d\x93\x15\xab\x4d\xe5\x1c\xe3\xfa\xcf\x09\xc7\xb8\x29\xe9\x04\x38\xc6\xcd\x7d\xf1\x83\x85\xd1\xc4\xd7\x51\x9a\xf4\x1a\x96\x40\xd4\x79\xd8\x23\xd1\xe6\x97\x9a\x5d\x83\xcb\x1c\x0a\x85\x8c\x31\x94\x7c\xa3\x2c\x6c\xa0\xf9\xb4\x94\x9f\x94\x67\x67\x89\x97\x30\x88\xcd\xff\xaa\xae\xa5\x51\x7a\x11\xb7\xe2\x28\xfb\x54\x5e\x7e\x4b\x35\x91\x38\x24\x8e\x6c\x3b\xe2\x21\x50\xe7\xde\xa1\xec\x22\x09\xab\xe2\xc2\x3d\x75\x3b\x49\x6e\x50\x0e\x1c\x74\xe6\x19\x1d\x6a\xb4\x9a\xe2\x2e\xfc\x79\x61\xd3\x00\xd2\x87\x67\x72\x66\x93\x5c\x70\xc8\x4f\xb2\xc5\xc9\x19\xf9\xe1\xcf\x28\x93\x55\x37\x37\x5d\xe4\xde\x89\x34\x6c\xc4\xee\x81\x44\x82\x0b\x82\x3c\xb7\x81\xb6\xc4\x92\x98\x92\xf2\x73\x52\x7e\xd6\x85\x41\xf9\xce\x1e\x81\xf4\x46\xeb\x36\x63\xad\x7f\xe5\x88\xc0\x79\x93\x86\x63\xde\x0a\xc1\x2a\xaa\x5c\xff\x40\xdf\x60\x1f\x6e\x34\xc7\x5a\xe9\x0e\xe8\xe9\x1c\xbc\x78\x05\x3f\xe1\x87\xfe\x81\xee\x4b\xbe\xff\xf4\xd2\x2e\x4f\xcb\x59\x3c\xe7\xeb\xed\x1b\xf0\x3a\x9a\x6c\xb9\xdb\xc6\x9c\xe4\x56\x36\x92\x60\xab\xd9\x5b\x99\x5b\x79\x9f\x6a\xa9\xc3\xfa\x74\x0d\xd6\xd8\x75\x16\x5d\x2d\x47\xd0\x39\x2c\xe0\x4c\x5e\x0d\xad\x8e\xde\xa0\x84\x85\x21\xf0\xb4\x37\xee\x03\x81\xea\x35\x29\x7c\x2c\x26\x18\x9d\x8a\xa7\x1d\x30\xa3\x20\x1b\x0a\x8c\x46\x04\x52\x31\x2c\x1b\xd6\xe4\xab\x39\xbf\x3e\x0a\xf4\xb4\x9b\xe1\xe1\x69\xd7\x18\xe2\x1d\x08\xa6\x73\xbb\x87\x31\xaa\x63\x58\x2e\x62\x3e\xe8\x10\xef\xcc\x2d\x60\xca\x3f\x6f\x8f\x06\xa2\xc2\xe8\x08\x78\xce\xb8\xdd\x35\x05\xd2\x61\x15\xfe\xfc\xab\x5f\x43\x54\x57\x2f\xf8\x06\x71\x41\x2d\x9f\x85\x13\x70\x56\x2f\xa8\x16\xb2\x0b\xff\x1a\xb8\xae\xd1\x59\x96\xc1\x09\xf0\xb4\x58\x48\xb1\xf7\xac\xe4\xb8\x14\x0b\x70\xca\xed\xd6\xab\xb1\x8d\x15\x1e\xae\x42\x65\x87\xb1\x91\x43\x8b\xaf\xb2\x95\x1c\xe3\x16\xd1\x26\x6e\x99\x06\xab\x31\x4e\x0c\x66\x4e\x68\x02\x4d\x18\x76\xac\x1c\xae\x67\x53\xf8\xda\xe6\x66\xdc\xf6\xd9\xb4\x60\xc2\x81\xe8\x30\x5b\xa1\xc8\xdf\x2b\x7e\x95\xbd\x3f\x06\xf7\x3d\x16\xac\xef\xd0\x4e\x3d\xc1\xfb\xba\xf0\xb8\x39\xb1\x9d\xb3\x0a\xc0\x7f\xd0\x0e\xe8\x00\xdb\x90\x1e\xc8\xa1\x65\x1b\x08\x6a\x7a\x96\xab\xa4\x63\x9c\x64\x9e\x09\x5c\x81\xee\x58\xcc\x6b\x4a\x62\xab\x43\xbe\xde\x4b\x7d\x34\xd0\xd5\x15\x05\xc8\xcd\xbe\x71\x2b\x0e\xe5\x54\x65\x5c\x32\x5b\xcb\xf1\xd5\x0b\xae\x44\x95\x43\xe9\xea\x6c\xd9\x00\x28\xbb\x28\x6f\xa7\x08\x0b\xe3\x9e\x3b\x37\x76\xda\x35\xd6\x0a\xe6\x8d\x53\xf1\xfe\xae\x9c\x4f\xca\x73\x33\x25\x31\x8d\x1e\x64\x50\x6a\x55\x79\x53\x28\x89\x29\x52\x80\xcb\xaf\x32\xb2\x5b\xea\xfd\x5d\x29\xff\x42\xf9\x29\x43\xaa\x0c\xa9\xd3\xea\xd6\xba\x46\x3f\xf3\x49\x3e\x36\xfa\xb9\xa3\xf9\xf7\x80\x5b\x8c\xb5\x1e\x69\x13\x72\xaa\xaa\xf7\xa8\x3a\x52\xfb\x31\xfb\xe4\x38\xa8\x76\x25\x5d\xab\x88\xd9\xd0\x60\xed\x32\x66\xf6\xb4\x46\x06\xb6\xac\xa9\xc8\xc1\x26\xa9\x99\x85\x6d\x8b\x6b\xe5\x61\xfb\x92\xca\x4c\x5c\xc1\xd0\x96\x8b\x75\x3c\x5b\xd5\x72\x73\xd6\x0a\x3c\xd4\x6c\xaf\x71\xfb\xdf\x56\xed\xe7\x11\x38\x40\xe9\xad\x79\x3f\xf8\x31\xa6\xfb\xc3\x04\x53\xbc\x43\xe3\x84\xfd\x04\x36\xb9\x1e\x15\x2c\x54\x07\x7c\x0d\xe6\x7f\x29\x62\x00\x3b\x6a\x38\xb2\x80\xd5\xf5\xce\x16\xc3\xb6\x8a\x57\x63\xc6\x28\x6e\xf6\xc8\xb5\x54\xbd\xca\x89\x03\x96\x6d\xf8\x68\xe9\x36\xb5\xfa\x67\xe8\xf2\x39\xae\xed\x8e\x50\xca\x6b\xec\x76\xd0\x0b\xcd\x83\x54\xf4\x04\xcf\xd4\xa9\xe8\x87\xb9\x5d\x3e\x98\x6d\x6a\x84\xe9\x9f\x66\x99\x23\xec\x75\x40\xbb\xd4\x43\x3a\xf0\x79\xd0\x8e\xf6\xc2\xdc\x7e\xdf\xa0\xe1\x9d\x26\x9c\xfb\xeb\xa0\x1e\xe3\xd3\xd1\x61\x3e\x92\xdb\xdd\xe6\x3f\x3f\xdb\xff\x1b\x9c\x04\xeb\x35\xff\xa1\xf2\x8a\xf6\x0e\x40\x8f\x97\x76\xcf\x5f\x16\x29\xba\xef\xeb\xc6\xc6\x89\xe6\xfa\xa2\x94\xaf\x8a\x0e\x25\x8d\xfc\x64\x55\xfe\xed\x31\xf9\x3f\x19\x22\x99\x09\xb7\xb9\xd0\x90\x2b\xc0\x08\x7e\x3d\x91\x48\xf9\x39\xdd\xa0\xda\xa8\x6e\x5b\xf4\x6c\xda\x7c\x0b\x5b\x57\x6e\xf3\xee\xae\x0e\xca\xb7\x6d\x2b\xe5\x0b\xfa\x7d\xaa\x11\xc9\x78\x67\xed\xb5\x7c\x7e\x56\xc9\x4d\x91\xff\x65\x71\x29\x6f\x0a\x66\x03\x70\x68\x78\x5d\xe7\xa5\xcc\x67\x06\xf1\x55\xbb\x1c\x12\xc7\x1f\xf2\x3d\xea\x61\x5e\x52\xed\x97\x65\x0f\x69\x8d\x4f\xd8\xe7\x90\xf6\x80\x7d\x7a\x9b\xfa\x98\xe3\x63\x1c\x07\xba\x7b\x3a\x7d\xbd\xfe\x8b\xd7\xae\x7b\x1d\x4d\x76\xf6\x07\x45\xbf\x0c\x34\x92\x05\x3a\x06\x36\xf6\x69\xae\x84\xd7\xda\xcd\x64\x79\xc3\x76\xa7\x7b\x82\xbc\x7d\xf1\x54\x35\x3b\xa6\xc2\xd6\x08\xc0\xfa\xd6\x93\xa5\x86\x6a\x16\x14\x6a\xf9\xf9\xd9\x3a\xba\xf2\xb1\x35\x3b\x3a\xed\x76\xbd\x19\xda\xce\xd3\x0e\xf3\x3f\xb3\x68\x8a\xd2\xaf\x9c\xff\x3f\x00\x00\xff\xff\x79\xe6\x58\x5a\xec\x28\x00\x00")

func openwrtIptablesRatelimitShBytes() ([]byte, error) {
	return resourceSetBindataRead(
		_openwrtIptablesRatelimitSh,
		"openwrt-iptables/ratelimit.sh",
	)
}

func openwrtIptablesRatelimitSh() (*asset, error) {
	bytes, err := openwrtIptablesRatelimitShBytes()
	if err != nil {
		return nil, err
	}

	info := bindataFileInfo{name: "openwrt-iptables/ratelimit.sh", size: 10476, mode: os.FileMode(436), modTime: time.Unix(1790391578, 0)}
	a := &asset{bytes: bytes, info: info}
	return a, nil
}

var _openwrtIptablesServer_exitSh = []byte("\x1f\x8b\x08\x00\x00\x00\x00\x00\x00\xff\xac\x56\x6f\x6f\xd3\xd6\x17\x7e\xef\x4f\x71\x7e\xb7\xee\x3f\xfd\x30\x69\x3b\xa9\x2f\xe8\x52\x29\x34\x09\x44\xa3\x69\x95\x54\xfc\x11\x62\x56\xea\xdc\x24\x17\x8c\xed\xd9\x6e\x60\x2b\x95\x52\xd4\x42\x0a\x6d\xe9\x04\x6c\x4b\xc8\xb6\xb2\x75\x23\xda\x68\x11\x9b\xc4\xc2\x08\xf0\x61\xd6\xeb\x24\xaf\xf2\x15\xa6\x6b\x27\xae\x93\xa5\xb0\x4e\xe4\x8d\xe3\xe3\x73\x9e\xf3\x9c\x73\x9f\x73\xef\xed\xfb\x9f\x6f\x9e\x28\xbe\xf9\x84\x91\xe1\xfa\x80\x96\xca\x56\x69\x83\xde\x79\x5c\xfb\xf5\x19\x5d\x2e\x59\xbb\x3f\xd0\xad\x4d\x6b\xed\x49\xfd\xf1\xba\xb5\xbb\x53\x5f\x29\x5a\xa5\xa7\x1c\x17\x89\xce\x85\x62\xd1\xc0\x19\x31\x30\x1b\xf1\x23\x51\xf4\xbe\x8b\x22\xe2\xce\xcc\x9c\x12\xc3\x91\x33\x21\xf6\xed\xdc\x4c\xec\x93\x48\xf4\x94\x18\x8c\xc4\x44\x31\xb1\x60\x66\x8e\xcb\x6a\x1a\x71\xf1\x50\xec\x6c\x28\x26\x46\x82\xcc\xc7\x7d\x61\xc1\xee\x27\x06\x1a\x0e\x4c\x85\xbc\x1e\x6d\x1b\x73\x9c\x3a\x1d\x88\x44\xc5\x68\x60\x3a\xe4\x47\xaa\x86\x95\xac\xa6\x88\x09\x49\x16\x79\x17\x0e\x71\xdc\x74\x3c\xee\x1f\xe1\x38\x59\x4d\x8b\x57\xb1\x61\x24\xd2\x78\x68\x18\x16\x39\x00\x00\x59\x95\x12\x32\xc8\x38\x8b\x65\x3f\xe2\x47\x91\xc7\xd8\x72\xf5\x23\x7e\xcc\x31\x63\x29\xa3\x02\xe2\x87\x92\x09\x13\xc3\xe0\xff\xfb\x2f\x08\xfd\x57\x85\xfe\x24\xf4\x9f\x3e\xd1\x3f\x7d\xa2\x3f\x3e\x38\x0c\x17\xf9\x45\x1b\x6b\xe9\x12\xf0\x8b\x2d\x80\x25\x04\x93\x93\x80\xf8\x76\x43\x10\xb7\xc4\x71\x24\x05\x17\x41\xb8\x0e\xbe\x05\x43\xf7\x19\xac\xf9\x44\x33\xb0\x09\x97\x26\xc0\xcc\x60\xc5\xce\x17\x99\x8d\x87\xe6\xfc\xc8\xfe\x80\x38\x2c\x1b\xb8\x87\x39\x45\x5a\x60\xfc\x74\x3c\x0e\x42\xda\x84\xd1\x91\x91\x36\x0c\xd8\x01\x44\x33\x13\xf3\x32\x36\x40\x08\x42\x78\x26\x76\x2e\x10\x0b\x82\xa0\x81\x29\x69\x20\x10\xe0\xbb\xdb\x0a\x82\x60\x4a\x9a\x90\x92\x13\x69\x03\xe2\x17\xa2\xc7\x62\xf1\x39\xf6\x04\xe1\x32\xcc\x4d\xcd\xda\x69\x04\x03\x9b\xc2\x55\xc3\x70\xb2\x0e\x4c\x82\x2f\x89\xb3\x3e\x65\x41\x96\xdf\x9b\x51\xfd\xe0\x19\xed\x16\xf4\xca\xd8\xb3\xb8\xcb\xc0\x1f\x88\xa6\x13\xe8\x28\x20\xc1\xd8\xcc\x2c\xb4\x7e\xef\x07\xe9\x59\xf4\x65\x08\x4c\x4d\x85\x66\xe7\x7a\x80\x78\x50\xc2\x5e\xbe\x1e\xfb\xf9\x0e\x3b\x8b\x18\xff\x20\x2d\x38\x02\xca\x3b\x7a\xd0\x0b\xe5\x3f\x34\x61\xfc\xb0\x2e\x8c\x1f\xd2\x86\x3e\xa0\x8f\xbe\xb3\x1e\xbc\xb0\x4a\x4f\x9d\x3d\x8c\x16\xca\x8d\xe5\xaf\x6b\x0f\x0b\xcd\x6a\x91\xae\xe6\x69\x7e\x9b\xee\x6e\x35\xee\xbf\x19\xa2\xab\x2f\xea\x4f\x56\x68\xbe\x40\xab\x0f\x6b\x0f\xca\xb5\x6f\x73\xb5\x47\x7b\xd6\xf6\xed\xc6\xa3\x5b\xc3\xcd\xea\x3a\xbd\xb5\xd1\x78\x90\xb3\x9e\x2d\x83\x3d\x68\xcd\x6a\x9e\x8d\x27\x5d\x2d\xd3\xe7\x39\xba\xfb\x0d\x2d\x95\x9b\xd5\xf5\xfd\xca\x46\xa3\x78\xaf\x71\xff\x0d\xcd\x6f\x37\x0a\x3b\xf5\xdc\xba\xf5\x22\x4f\x77\x9e\x37\xab\x6b\x9e\x95\x8a\xc3\xd8\xa4\x5b\x15\xdc\x80\xc4\xb5\x2b\x20\x64\x41\xf3\x23\x35\xcb\x2f\xba\x1b\xd5\x92\x28\x89\x08\x06\xf9\x51\xbf\x1f\x09\x51\x04\x03\x03\x40\x94\x24\xbe\x3e\xc4\x8f\x1d\xd3\x86\xfd\xfe\x51\x58\xd4\x74\xa2\x98\xc0\x8f\x2d\x0d\xc2\x0d\xb8\x96\x21\x32\x06\x1d\x27\x92\x20\xe8\x20\x1a\x0b\xf3\x13\x90\x54\xbb\xe6\x2f\x0c\x88\x67\x9f\x50\x27\x87\x1b\x60\xea\x0b\xb8\xcb\xf7\xfc\x3b\x7d\x93\xaa\x82\x3b\x96\xe4\x5f\x97\x35\xfe\x01\xeb\x1a\x3f\x4a\x61\xe3\x47\xa9\x8c\xb7\xf7\x55\x90\x89\x61\x82\xa0\x74\xd5\x96\xd6\xb1\x06\x42\x08\xd0\xa7\x5d\xb5\xa1\x1e\x84\xb1\xe9\x12\x6e\x81\x26\xb1\x61\xea\xea\xe7\x36\x0b\x6c\xbe\x8b\xc5\xe1\xfa\xad\x15\x57\xf6\x2b\x77\xeb\xaf\x5f\x37\x0a\x5b\x8d\xdc\xf7\xf4\xd9\xcb\xfa\xf3\xc7\xae\xa8\xf7\x2b\xaf\xac\xcd\x9f\xe8\xbd\x1f\x81\x28\x69\x1d\x1b\x06\xec\x57\xee\xd4\x8a\x2b\xa0\xe3\x24\xd1\xb1\x64\xfa\x34\x55\x26\x12\x86\xfa\xdb\xdb\xd6\xab\x1d\x5a\x60\xf2\x65\xd9\x6e\x6d\xd0\xfc\xb6\x1b\xf4\x59\x92\x18\x52\xb3\xba\x6e\x95\x72\x74\x6b\xd3\x51\x35\x90\xd4\x3c\xd4\xf7\xde\xd0\x9d\xdb\xcd\x6a\x9e\xbd\xd0\xad\x8d\xfa\x93\x65\x90\x64\x82\x15\x53\x54\x15\x99\x28\xf8\xb8\x91\x69\x56\x8b\x6a\x56\x53\x74\xf9\x63\x97\x7a\x24\x38\xd9\xac\xae\xfd\x95\xbb\xc9\xf5\x81\xf5\x7b\xb9\x59\x2d\x12\x0d\xeb\xa9\x8f\xc0\xfa\xea\x25\xdd\xfa\xb2\xf6\xe7\xcf\x74\xaf\xb8\x5f\xb9\x6b\xcf\xd2\x41\x71\xd6\xfa\x4d\xf7\x12\x42\x0b\x65\xa7\x32\x56\x8d\xa7\x38\x06\x3a\x37\x25\x9e\x8c\x44\xfd\x08\x71\x29\x55\x07\xd1\x94\x80\x28\xe0\x1c\xa7\xa6\xe4\x39\x5b\xdb\x2f\xed\xff\xce\xf3\x40\x56\xad\xc3\x18\xf1\xa2\x29\x21\xf7\xf0\x6c\xa3\xdb\xd6\x09\x98\xd7\x71\xe2\xca\x04\xa4\x88\xb3\x54\x17\x41\xf8\x02\x10\xef\x38\x21\xb8\xc4\x74\xdd\x8e\x30\x25\xc4\x71\x91\xd9\x0e\x72\x44\x3b\x20\x47\xb4\x8e\x83\xff\x80\x1c\xfb\xef\x3c\x7b\x91\x23\xda\x01\xb9\x36\xba\x6d\x3d\x8c\x9c\xe3\xd4\x22\xd7\x8e\x20\x1a\x23\x17\x3e\x29\x06\x43\x67\xd9\xac\xb2\x15\xf3\x6a\x1a\xb5\x2e\x27\x0a\xa0\x7f\xec\xd7\xa8\xe3\x82\xd2\x07\x56\x65\xd5\xda\x5c\xeb\xd2\x9c\xb5\x96\xb3\x4a\x6b\xae\xd0\xf6\x2b\x9b\xdd\xfa\xca\x37\x96\xdf\xd2\xd5\x0d\x7a\xef\x17\x5b\x7c\xb6\xa4\x36\x5d\x09\x5b\x7b\x77\x6b\x0f\x0b\xed\x18\xb6\x97\xda\xa3\xe4\x34\xd7\x81\x80\x24\x96\x21\x89\xb3\x3d\x29\xb6\x93\x79\x86\x6c\x6c\x72\x60\xd4\x9d\xb4\x14\x61\x15\xb6\x9a\x03\x32\x51\xae\x80\x91\x51\xaf\xb1\x7e\x39\x5d\x41\xdd\xa1\x9e\x9a\x3b\xc2\x18\x8b\xc3\xa3\x3a\x76\x23\xcf\xe5\x13\x50\x24\x1a\x9e\x41\x80\xe8\x1f\xbf\x39\xd3\xee\xd5\xbe\x33\x69\xe0\xa2\xda\xd7\x1b\x7c\x9d\x98\x30\xf2\x77\x00\x00\x00\xff\xff\x43\x93\xbc\xe8\xa7\x0b\x00\x00")

func openwrtIptablesServer_exitShBytes() ([]byte, error) {
	return resourceSetBindataRead(
		_openwrtIptablesServer_exitSh,
		"openwrt-iptables/server_exit.sh",
	)
}

func openwrtIptablesServer_exitSh() (*asset, error) {
	bytes, err := openwrtIptablesServer_exitShBytes()
	if err != nil {
		return nil, err
	}

	info := bindataFileInfo{name: "openwrt-iptables/server_exit.sh", size: 2983, mode: os.FileMode(436), modTime: time.Unix(1790391578, 0)}
	a := &asset{bytes: bytes, info: info}
	return a, nil
}

var _openwrtIptablesServer_startSh = []byte("\x1f\x8b\x08\x00\x00\x00\x00\x00\x00\xff\xac\x57\x6d\x4f\xdb\x58\x16\xfe\xee\x5f\x71\xe6\xd6\xf4\x45\x5b\x0f\x2f\x2b\xe5\xc3\x54\x41\x4a\x21\x4c\xa3\xa5\x01\x25\x68\xba\xa3\xaa\x6b\x85\xc4\x21\x6e\x8d\xed\x8d\x0d\xed\x2e\x45\x4a\x5b\x02\x01\x02\x44\x1a\x58\x16\x02\x53\xd2\x61\xd4\x68\xdb\x09\xcc\xa8\x4b\x33\x60\xca\x8f\x99\xdc\x6b\xe7\x53\xfe\xc2\xea\xda\x49\x48\x20\xa5\x4d\x17\xbe\xdc\xf8\xde\x73\x9e\xf3\xdc\x73\xcf\x1b\x57\xbe\xea\x1c\x15\xe5\xce\xd1\x90\x16\x63\xae\x00\xde\xca\x93\xad\x25\xbc\x90\x33\xdf\xec\xe1\xcc\x1e\x5e\xc8\xe3\xcc\x32\x99\x7f\x6d\xe5\xd2\xe4\x97\x5d\x6b\x66\x93\x6c\xbd\x65\x18\x9f\x7f\xc4\x1b\xf0\x7b\x06\x79\xcf\xb0\xcf\x8d\x78\xbe\xf1\x9b\xe7\x11\x33\x38\xf4\x2d\x3f\xe0\x1b\xf4\xd2\xb3\x7b\x43\x81\xbf\xf8\xfc\xdf\xf2\xfd\xbe\x00\xcf\x87\x26\xf4\xd8\xd7\x92\x32\x86\x98\xa0\x37\xf0\x9d\x37\xc0\xfb\xfa\xa9\x4c\xfd\x83\x2a\xd7\x8f\x28\xe8\x80\xa7\xcf\xdb\x28\x51\xdb\xa3\x82\x7d\x77\x3c\x3e\x3f\xef\xf7\xdc\xf5\xba\x91\xa2\x0a\xf2\xa4\x2a\xf3\xa1\xb0\xc4\xb3\x75\x38\xc4\x30\x57\xc0\x2a\x7c\x30\x8f\x0b\xe3\x9a\xf6\x47\xe2\xf9\xb8\xa6\xf5\x76\x77\x75\x91\xf5\x03\x9c\xd9\x33\x57\xf3\x40\x96\xf3\xd6\x52\x06\x6f\xe5\x71\xe1\x15\x49\xbd\x37\xdf\xec\x95\x8e\x4f\xcc\xd5\xfc\xb8\xa6\x45\xc5\x27\x78\xe5\x39\x59\xdb\xb7\xf6\x5f\x90\xb5\x77\xe3\x9a\x06\xcc\xdd\x60\xd0\xdd\xc5\x30\x92\x32\xc6\x8f\x0b\x9a\x16\x1a\x13\xae\xdf\x80\x29\x06\x00\x40\x52\xc2\x21\x09\x24\x61\x52\x90\xdc\x88\xed\x46\x0d\x9b\x55\x51\x37\x62\x7b\x9c\x6d\x21\x1c\x53\x00\xb1\xd7\x23\x21\x5d\x80\x6b\x7f\xea\xf8\x9e\xeb\x18\xe7\x3a\x22\xd0\x71\xe7\x9b\x8e\xbb\xdf\x74\x04\xaf\xdd\x80\xfb\xec\x94\x8d\x35\xfd\x00\xd8\xa9\x2a\xc0\x34\x82\xde\x5e\x40\x6c\xcd\xbd\x88\x99\x66\x18\x31\x0a\xf7\x81\x7b\x02\x9d\x13\x5a\xbc\x53\xa3\x4f\x29\xaa\x9a\xa0\xc3\x83\x5b\xa0\xc7\x04\xd9\xb6\xe7\x1b\x0e\x7a\x47\xdc\xc8\x3e\x40\x8c\x20\x69\x42\x8b\xed\xa8\x48\xbd\xe5\xe9\x1b\x04\xb2\xfa\xc1\xca\xa5\x4b\xc6\xbf\x71\x32\x45\x9d\x64\x0b\x54\x8c\x2c\x59\x7e\x45\xfe\xbb\x88\x93\x07\x78\xe1\xa5\xf5\xe2\x98\x24\x5e\xe3\x15\xea\x45\x92\x78\x5d\x31\x52\x8e\x59\x8e\x9b\x14\xe2\x9a\xa8\xc8\x76\x28\xad\xef\xe0\xd9\x24\xd9\x29\x92\xed\x17\xe5\x8d\x0c\x59\x3f\x28\xfd\xfe\xb2\x64\x6c\xe2\xdd\x5f\xad\x77\x3f\x57\x8c\x34\x59\x4b\x52\x03\x92\xa8\xe9\xc0\xc9\x15\x63\xfe\x8f\xc4\x73\xe6\x0a\x94\x8a\x4b\x55\xe4\xf5\x83\x8a\x91\x0e\x4b\xa2\x20\xeb\xbc\x22\x4b\xa2\x2c\x74\x2a\xd1\x28\x5d\xa1\x64\x6c\x5a\x73\xff\xa1\x11\x9a\xfd\xd1\xca\x1c\xe3\xd4\x7e\xc9\xd8\x31\x8f\x5e\x96\x13\x19\xb2\x9d\x03\x51\xd5\x43\xa3\x92\xa0\x01\xc9\xe7\xb0\xb1\x52\x31\xd2\xd6\xc9\x46\x79\x2e\x5d\x3a\x4a\x5a\x85\x7d\x7c\xbc\x46\x56\x32\xe6\xee\x21\x35\x28\x46\xe1\x2b\x60\x6d\x6f\xd4\xa8\x40\x6f\x67\x44\x98\xec\x94\x27\x24\x09\x7a\x7a\xaf\x76\x37\x38\xb3\xe1\xf1\x01\xdd\xf3\x04\xfc\x08\x1c\x17\x9e\xd2\xae\x18\x69\xea\x47\xbc\x3f\xfb\x99\xdc\x52\xf8\xe8\xd0\x2a\x14\x70\x61\xde\xfa\x29\xe9\xf8\x1b\xf0\xca\x42\xd5\x79\xf9\x1c\xde\x5e\x07\x51\xe5\x35\x41\xef\x8c\x85\xb4\x18\x2f\xaa\xce\x2a\xd3\x77\x99\x77\xde\xce\x0e\x04\xf6\x6e\x30\x08\xdc\x98\x0e\xdd\x5d\x5d\xb5\x10\x00\x9b\x76\xdd\x26\xd7\x0f\x03\x43\x81\x7b\x9e\x40\x3f\x70\x2a\xe8\x61\x15\x38\x11\xd8\xb3\x09\x06\x1c\xa7\x87\x55\x2e\x2a\x85\xc6\x34\x08\x7e\xef\xbf\x19\x08\x8e\xd0\x15\xb8\x87\x30\xd2\x37\x6c\x9b\xe1\x34\x41\xe7\x68\x5e\x74\xff\xb9\xab\x0b\xae\xf6\x42\xdd\x67\x9f\xb4\xa8\x5c\xba\x45\xdb\x05\xad\x2c\xb6\xbc\xdc\x43\x60\x4f\xcb\x47\x33\x50\x3b\x20\xfd\x81\xa1\x61\xa8\xfe\x7d\x1a\xa4\xe5\xa5\x1f\x82\xa7\xaf\xcf\x3b\x3c\xd2\x02\xa4\x01\xc5\xff\x39\x7c\x07\x9a\x84\x68\x36\xe3\xec\x8f\x64\xf5\x80\x6c\xbd\x75\x8a\x3a\xde\xc8\x97\x8a\x0b\xe4\x6d\xae\xfc\x6c\xdd\x5c\xdb\xa8\x18\x9b\x38\x99\xc2\xa9\x1d\xfc\x4b\xa6\xfc\xc3\x87\xeb\x38\x79\x60\xbd\x9e\xc1\xa9\x0d\x6c\xac\x99\xab\x79\x73\x3b\x61\x66\x0b\x64\x67\xae\x9c\x9d\xbd\x51\x31\xd2\x78\x76\xa9\xbc\x9a\x20\x7b\xcf\x6a\x05\x21\x55\xfe\xe1\x03\x7e\xff\x1b\x44\xa5\x09\x2d\x56\x31\xd2\xb5\x1c\x98\x5d\xb2\x5e\xbd\x71\x30\x2a\xc6\x7c\x03\xc1\x20\xf4\x34\xe4\xd5\x53\x08\x3d\x7e\x04\xdc\x24\xa8\x6e\xa4\x4c\xb2\x53\xf5\xb2\x3d\xcd\x87\x79\x04\xd7\xd8\x6e\xb7\x1b\x71\x7e\x04\x57\xaf\x82\x28\x47\x84\x27\xd7\xd9\x9e\x9b\xea\x0d\xb7\xbb\x1b\xa6\xd4\xb8\x28\xeb\xc0\xf6\x4c\x5f\x83\xa7\xf0\x38\x26\x4a\x02\xc4\x85\x50\x04\xb8\x38\xf0\xda\xc4\xe8\x2d\x88\x28\x67\x62\x70\x00\x10\x4b\x8f\x50\x33\x87\xa7\xa0\xc7\x27\x84\x33\xb2\x7f\xbd\x50\x36\xa2\xc8\x02\xc3\x9c\xa9\x17\xcd\x17\x1b\x8b\x0b\x2a\x70\x5e\x40\x7f\x3b\x73\x31\xd4\x82\xae\xa0\xd7\xe9\x56\x41\x23\x82\xa6\xc7\x95\x7f\xd8\x2c\x04\xfd\x22\x16\xb5\x27\x76\x9e\xd5\x3a\xc9\x58\xb9\xb4\xf3\xb8\xe6\xe6\x4c\xa9\xb8\x68\x1d\x1f\x97\x37\x32\xe5\xc4\x4b\xbc\xf7\xbb\xf5\x6b\xae\x62\xa4\xac\x93\xac\x99\x5f\xc4\xc6\x73\x5c\x2c\x96\x13\x09\x3c\x77\x48\xd6\x0f\x40\x8c\x8e\xd2\x46\x89\x77\xe7\x4a\xc5\xe5\x52\xf1\x88\x2c\xff\x8c\x57\x7e\x02\x51\x1e\x8b\x0b\x9a\x06\x78\x65\x8f\x16\xfc\xc2\xa2\x1d\x35\xd5\x2a\xed\xc4\xce\x79\x61\xca\xc5\x96\x34\x37\x67\xac\x93\x39\x72\xb4\x6b\xc7\xdd\x72\x5d\xe0\xef\x11\x51\x0b\x3b\x01\x85\x53\x3b\xe5\x8d\xdd\x06\xf3\x15\x23\x4b\xa1\xeb\xdd\xb8\xb8\x60\x1e\x9e\x50\x86\x4d\x4d\xe0\x6b\x2d\x46\xeb\x3f\x49\xcf\x97\xb7\x12\xe5\xb9\x25\xf2\xaf\x7d\x9c\xca\xe2\x23\x5a\xce\x29\x16\xce\x2c\x51\x83\xe7\x75\x4e\xb6\x49\xfa\x59\xa9\x98\xb0\xe6\xde\xd1\x4b\x8c\xf4\xf1\xb7\x7d\x7e\x37\x42\x4c\x54\x89\x03\xaf\x87\x41\x94\xc1\xe9\xa2\x7a\xb8\xa1\xa5\xd6\x3e\x6a\xbf\x9d\xf5\x34\xca\xaa\x3d\x18\xb1\xbc\x1e\x46\xf5\xba\x5b\x43\xb7\x77\x6f\xc1\x68\x5c\x08\x3d\xba\x05\x51\xd1\x79\xbb\xfb\xc0\xfd\x13\x10\xeb\x08\x21\x78\x40\xc3\xbc\xa6\xa1\x87\x11\xc3\xf8\x86\x9b\xc8\x89\xea\x29\x39\x51\x6d\xea\xf7\xa7\xe4\xe8\x6f\x67\x6d\x45\x4e\x54\x4f\xc9\xd5\xd0\xed\xdd\x8f\x91\x73\x84\xaa\xe4\x6a\x1a\xa2\x4a\xc9\x0d\xdc\xe6\xfb\xbd\xdf\xd1\xcc\x55\xe5\xb8\xd4\x18\xe4\xa8\x3a\x93\xc8\x80\xce\xd5\x3b\xd4\x34\x97\x54\x2f\xef\x04\x04\x44\x04\x09\x22\xc2\x64\x4b\xad\x5a\xe8\x9c\x69\xcb\xf5\x6c\x88\x8a\xd4\x68\x95\x2f\x48\xa2\xfc\x08\xb4\x98\xf2\x98\x5e\xc1\x21\x8a\x2e\xe8\xe8\x4d\x6a\x94\xc5\xc7\xb5\x9a\x0a\x46\xd3\x24\xe0\xf3\x0f\x0c\x21\x40\xf8\xfd\x6f\xa4\x98\x34\x33\xb3\x8d\x85\xf6\x4c\x2e\x3a\x91\x0e\x75\x23\xed\xb5\x6f\xcf\xa5\xb7\x6f\xdb\xea\x05\xed\xfb\xbc\xc5\xff\xb7\x7d\x9f\xb7\x18\x15\xa1\xb1\xdf\x79\x9a\x5a\x19\x37\x0e\x61\x45\x96\xf5\x78\x28\xfc\x08\x38\x2e\xac\x6b\x3a\x9d\x9c\xbd\xc1\x11\xcf\xed\x41\x5f\xf0\x8e\xb7\xff\x66\xc0\x3b\xe8\x19\xf1\xf6\x9f\xf6\xd3\x66\xb4\x36\xa6\x81\xb6\xf4\xe8\x00\xd0\x5a\xe1\xc2\x66\x4f\xc9\xb9\x2e\x65\x56\x69\x03\xe5\x82\x61\xa5\x15\xca\x17\x4c\x2b\xae\xcf\x1a\x57\x5c\x5f\x3a\xaf\x98\x9b\x33\xe0\x1b\x9e\x74\x81\x33\xaf\xd8\xff\x73\xd4\xc0\xcc\xc5\xb7\xe6\x9b\xc5\xd2\xe1\x72\x3d\x6e\x9d\xd1\xc3\xd5\xf6\xec\xe1\xba\xc4\xe1\xc3\xd5\xce\xf4\xe1\x6a\x67\xfc\x68\x10\xbf\x9c\x5c\x71\x7d\x69\xb2\xb4\xa1\x58\xcd\x96\x56\x1a\x9f\x48\x17\xe1\x89\xa8\x43\x17\xfc\x2f\x00\x00\xff\xff\xcb\x36\x0e\xe2\xad\x10\x00\x00")

func openwrtIptablesServer_startShBytes() ([]byte, error) {
	return resourceSetBindataRead(
		_openwrtIptablesServer_startSh,
		"openwrt-iptables/server_start.sh",
	)
}

func openwrtIptablesServer_startSh() (*asset, error) {
	bytes, err := openwrtIptablesServer_startShBytes()
	if err != nil {
		return nil, err
	}

	info := bindataFileInfo{name: "openwrt-iptables/server_start.sh", size: 4269, mode: os.FileMode(436), modTime: time.Unix(1790391578, 0)}
	a := &asset{bytes: bytes, info: info}
	return a, nil
}

var _openwrtNftablesAcl_addSh = []byte("\x1f\x8b\x08\x00\x00\x00\x00\x00\x00\xff\xc4\x58\x6d\x53\xdb\xd8\x15\xfe\xae\x5f\x71\x22\x8b\x18\xb2\x63\x0c\x19\xef\x9d\x5d\x13\x33\x25\xc4\x24\x9e\x65\x0d\x83\x49\x32\x9d\x24\xd5\x28\x92\x1c\xd4\x15\xb2\x2b\xc9\xee\xb6\xe0\x19\xd2\x86\x60\x52\x93\xb0\x13\xa6\xd9\x10\xb3\x13\x32\xd9\xc6\xbb\xcd\xda\x49\xbb\x0d\x14\x1c\xf8\x2f\x5b\xeb\xc5\x9f\xfc\x17\x3a\x57\xb2\x65\xd9\xd8\x50\x02\xdd\x35\x5f\x74\xaf\xce\x7d\xce\xb9\xcf\x3d\xf7\x3c\x47\x78\xce\xf8\x6f\x0b\x92\xff\x36\xa3\xcc\x10\x1e\x30\xd6\xde\x1a\xc5\x4d\x63\xf5\x7e\x75\xe3\x85\xbe\xb1\x6f\xbe\xf9\xb3\xb1\x56\xa8\x95\xd7\x2b\xdb\x3b\x7a\x6e\x49\x2b\xae\x6b\xf9\x82\xb1\xb3\xaf\x15\x5f\xe8\xd9\x2d\xe3\xef\xa5\x9f\x16\xf2\xda\x83\x82\xbe\x70\x57\xdf\xda\xd5\x1e\x3c\xff\x69\x61\x43\x7b\x54\x32\x8b\xfb\xd5\x27\x45\xe3\xfd\x57\xc6\x6e\xbe\x56\xce\x8e\x8c\x8e\xd7\xca\xcb\xff\x59\xf8\x93\x14\x57\x99\xdb\x22\xaf\x80\xb1\x9c\xd5\xf3\xaf\x6b\xe5\xec\x44\x92\x97\xae\xcb\x6a\xad\x9c\xd3\x9f\x3c\xaf\xe6\x17\x40\x49\x71\x09\xdb\x98\xf0\x40\xe5\xfd\xbe\xb1\x56\xd0\xf2\x3b\xfa\xd3\x52\xad\xbc\xae\xad\x96\x8c\xb5\x02\x4c\x4f\x4c\x4f\x82\xb1\x7e\xcf\x58\x2b\xe8\xd9\xad\x5a\x39\x77\x6d\x32\x0a\x66\xf1\xa5\x59\xba\x5b\x5d\x58\x37\xf7\x97\xb4\xd5\x87\xda\x62\xb6\xb2\xbd\xa2\xaf\xed\x99\x9b\x39\xb0\xfc\xe7\xb4\xbd\x45\x6d\xf1\x9d\x96\x2f\x38\xb1\x9b\x4b\xdf\x6b\x0f\xbe\xab\x6e\xfe\xab\xba\xf1\x82\xf0\x80\xb9\xf7\x58\x5b\xfc\xd6\xde\x4d\xf5\xfb\x9c\x59\xba\x6b\x3c\x6f\x22\xd6\xca\x39\x9b\x12\xed\xfe\x8a\xcd\x8a\x9e\x7f\x6d\xde\x5b\xd7\xf3\xaf\x6d\x37\xb5\x72\xd6\x78\xba\xab\x2d\xed\xe8\x4f\xde\x19\x6b\x6f\x81\x61\x45\x9a\xe3\xc5\x7e\x65\x06\xb4\x67\xdf\xe8\x6b\xef\x1a\xdb\x22\x3c\xa0\x3f\x5f\xd2\x96\xee\xdb\x0e\x6b\xe5\xac\x5e\x7a\x64\x6e\xe6\x2a\xdb\x0b\xfa\xc6\x66\xad\xbc\x5c\x2b\xaf\x13\x1e\x00\x48\x0b\xb2\x9a\x62\x44\x5a\x48\x06\x61\x70\xa0\xff\x93\xfe\x81\xfe\x8f\xa1\xfe\xf3\x40\x65\x7b\x57\xcb\xbf\xd1\x36\x16\x30\x40\x7e\x19\x22\x93\xe9\x00\x60\x7e\xf0\x03\xde\xef\xea\xdf\xb4\xec\x53\x3c\x42\xb5\xf2\x72\x1b\x60\xe0\x00\xa2\x07\xb4\xe2\x37\xd5\xa7\x8b\x36\x8e\x83\x6c\xec\x94\x2c\x08\x70\x58\xab\x6c\xef\x18\xdf\xed\x1c\x84\x44\x41\x88\xb3\x03\x03\xc1\xe0\x79\xe8\x00\x89\xea\x90\xd6\xa2\x94\xc2\xcb\x12\x33\xcb\x07\x81\x11\x05\x96\xb7\xe6\x02\x9e\xc1\x81\x7e\xeb\xcf\xff\x89\x35\x81\x3c\x16\xdc\x60\x30\xe8\x47\x01\xc2\x03\xee\x84\xd4\x96\x57\x2a\xe5\x75\xfd\xd9\xbe\xbe\xf2\x02\x68\xfa\xfa\xc4\xd4\x67\x91\xe8\x65\xfa\x52\x64\x8a\xa6\xc1\x0f\x34\x1d\x0b\x4f\x5d\x0b\x4f\xd1\x91\x4b\x6d\xe3\xe8\x74\x78\x6a\x6c\x64\x34\x4c\xd3\xce\x51\x38\xa7\xf8\x78\xa5\xf2\x3e\x6f\xac\xdf\x33\x37\x0b\xfe\xea\xe3\x3d\x7f\xf5\xd9\x7d\x6d\x35\x5b\xd9\x7e\x08\xee\xbc\x05\x56\x14\x78\x49\xa5\x13\x92\x28\x48\xbc\x75\xba\xc5\x9c\xb6\x58\xa8\x6c\x2f\x98\x4b\x3f\x36\x8e\x4e\x90\x78\x15\x12\x49\x5e\x4a\x27\x25\x1a\x67\xc2\x05\x27\xa2\x61\x9c\xbb\x38\x3b\xa0\xfa\x78\x0f\x3e\x82\x44\xfa\x82\x22\x70\xc3\xb4\x42\xfb\x39\xda\xcf\xd2\x17\x66\x18\x65\x66\xb8\x17\x1f\x43\x1f\x60\xef\x0d\x03\xa4\xd0\x7e\xc4\xd1\x7e\xe4\xb6\x41\x7d\x04\x31\x3e\x71\x99\x1e\x8b\x8c\x87\x43\x64\x1b\x15\x4c\x4a\x9d\xe9\x17\x13\x77\x48\xc2\xf1\x8e\x6d\x5c\xe4\x34\xdf\x34\x98\x71\x1b\x34\xd9\x22\x89\xf1\x89\xd1\xcf\xba\x78\x61\xc5\x7e\x31\xc1\x7e\x41\x12\x84\x07\x9c\x0b\xbd\xde\x72\xa1\x73\xf6\x55\xc6\x4c\x82\xb1\xbb\xa1\x95\xfe\x6d\x6e\x95\xb4\xbd\x7b\xf8\x14\xa2\x63\xd3\xf4\xc5\x48\x34\x44\x92\x44\x3c\x21\x03\x8d\x6d\x04\x09\xfc\x29\x45\xf6\x2b\xb8\x34\xe1\x09\xd7\x13\x9e\x77\x06\xf5\x87\x21\xe0\x12\x04\xce\x39\x21\x0e\x37\xc0\xf7\x25\x90\x14\xc6\x21\xe1\xd6\x10\xa8\x33\xbc\x04\x8e\x13\x7b\x7e\x08\x6e\xcb\x3c\xf3\xc5\x10\xc4\x05\x82\x4b\x48\x3c\x71\x03\x7c\x7f\x04\x92\xaa\x9b\x91\x70\x0b\xce\x9e\x6d\x2e\xc2\x4b\x70\x9c\xa1\xa6\x05\x41\x4c\x8f\x5c\x1c\x0f\xd3\xd1\x91\xcf\xc3\x21\xd2\x7d\xd4\x94\xc3\x2f\x49\x8c\x8c\x8e\xd3\xa3\x57\x46\x30\x06\xc3\x8a\x24\x71\x65\x24\x76\x85\x1e\x0f\x47\x43\x83\x88\x20\xc4\xc4\x1d\x7a\x96\x57\x14\xe6\x0e\xdf\xdb\x07\x73\x56\xfc\x62\x82\x65\x44\x10\xf9\x34\x2f\x86\x48\x6a\x90\x74\x4d\xd6\x4d\x43\x24\x75\xde\x9e\xe6\xd9\x99\x04\x90\x54\x2f\xc7\xa8\x3c\x78\x3f\xea\xf9\xb5\xaf\x67\xd6\xd7\xc3\x41\xcf\x95\x60\xcf\xe7\xc1\x9e\x98\xb7\x0f\x6e\x50\x73\x16\x56\xe6\x16\x50\x73\x75\x80\x0c\x09\xc3\xc3\x40\x52\x8d\xb4\x21\x89\x0c\x41\x88\x82\xa2\xd2\xe9\x00\xcd\x0a\x9c\xac\x38\xd1\xa8\x32\xf8\x38\xf0\xde\x94\xbd\x70\x93\x68\x5c\xeb\x79\x50\x78\x0e\x7c\x12\x78\x15\xff\x6f\x6e\xdc\x08\x2a\x49\x86\xe5\x83\xb7\x6e\x9d\x0b\x78\xfc\xfe\xe4\x41\x4b\xaf\xe2\x77\x5b\x51\x7e\x7f\xab\xcd\x1d\x99\x4f\x82\x2f\x0d\xde\x16\x30\xaa\x0d\x28\x21\xab\xe0\x4b\x11\x99\x7a\xa4\xe8\x44\x91\xa2\x9f\x25\x52\x62\x74\x3c\x12\x8e\x4e\xd3\x91\x49\x9c\xdb\xce\x20\xd0\x32\x42\x78\x74\x35\x16\x9e\xb2\x13\xc9\x4e\x99\xf1\x48\x34\x1c\xc3\x83\xdf\xcf\x08\x22\x0f\x91\xb1\x58\x08\x64\x9e\xe1\xc0\x27\x03\x8d\xeb\x8e\x93\xef\xd6\x28\x44\x52\x73\xd6\x43\x0f\x85\x19\xc8\xd8\xe9\xc1\x32\x0a\x8f\xef\x01\x7e\x41\x82\x20\x39\x31\xba\x65\xe0\x5c\x9f\x33\x8d\x7f\xae\x20\xa9\xde\xa4\x2c\x48\x6a\x1c\xbc\x3d\xca\x4d\xc9\xdb\x44\x6a\x61\xd5\x8d\xe5\x26\xc5\xe2\x77\xbe\x71\x2c\xe0\x6d\x75\x33\x34\xd4\x21\x18\xd4\x35\x18\x74\xec\x60\xd0\x49\x83\xe9\x1a\xcb\xb1\x43\xf9\xb0\x48\x1c\x89\x6c\x8b\xc3\xc9\x94\xff\x2d\x0c\x07\xa6\x3d\x88\xae\x8e\x03\x9e\x73\xf3\xc8\xd3\xe6\xd5\x95\x93\xd4\x9c\x33\xc8\xd4\xb3\x2e\x43\x52\xde\x9b\x92\xb7\x13\x22\xaf\x30\xac\x5d\x60\x09\xbb\x32\xe3\x22\xeb\x70\xe9\x94\x67\x57\xe9\x96\xdc\x06\x81\x66\x01\x77\xdd\x25\xf7\xfb\x21\xe0\x45\x85\xef\xfc\x16\x91\x56\x7d\x8f\x0b\x47\xfb\x76\x95\x62\x20\xaf\x8f\x4c\x45\x23\xd1\xcb\x24\xe0\x9a\x4d\x33\x1c\xd7\x2b\xc5\xd5\x3e\x30\xca\x3b\xda\x9b\xaf\x5c\x39\x52\x2b\xe7\xcc\xad\x7f\x9a\xfb\x4b\xf5\x72\xfc\xa5\xa0\xc2\x20\x76\x47\x8c\x46\x2e\x4d\xc5\x3a\x5d\x21\x87\x3b\x7c\x4e\x2d\x35\xb7\xcf\x5e\xd4\x29\xd5\x3b\x2c\x42\x8d\x45\xae\x9d\x59\x3e\xeb\xca\xe5\x9e\x43\x87\x6c\x35\x12\x1d\x9b\x20\x81\xb4\x5b\x69\xb8\xaa\xf0\x32\x50\x8d\x14\x83\x6b\xf6\x4e\x23\x93\x41\x68\xf2\x06\xfa\x93\xe7\xf5\x8e\xda\x56\x78\xbb\xfb\x75\x51\x30\x60\x51\x20\xc4\xe1\x0c\x60\xb5\xb4\x22\x06\xab\x81\xb2\xdb\x22\x92\x6a\x2a\x27\x09\xc3\x7e\x8e\x4f\xfb\xa5\x94\x28\xc2\xf9\xe1\xb3\x83\x47\x9f\x89\xd3\x8c\x99\x9b\x05\x70\x41\x41\x65\x7b\x45\xfb\xe1\x6b\x2d\x5f\x70\xce\xc5\x0e\xad\xd7\x2c\x6d\x19\x9b\x45\xb3\xf8\x12\x14\x5e\x4e\xf3\x32\xad\xa8\x8c\xac\x5a\xad\xdb\xd6\x3f\xf4\xe5\x57\xe6\x66\xae\xef\x40\xfc\x27\xa5\xa9\xfe\x55\xe4\x7c\x81\x80\x56\x5e\xd0\x5e\xfd\xc5\x4a\x25\x92\x20\x7a\x1b\x29\x7f\x06\xe2\xb8\x79\x82\x4f\x5d\x3b\x3f\x64\xf7\xc7\x09\xc1\x7c\xb8\xa5\x3d\xfa\xeb\xc8\xe8\x78\x75\xed\xae\xf9\x6e\x51\x7f\xf2\xae\x9d\x99\xea\xee\xd7\x66\xf1\xe5\xa5\xa9\x89\xc9\x3a\x01\x2e\x12\xf0\x23\x26\x02\xac\x4e\xde\xe7\xfc\xec\x0f\x84\xe6\xb8\xfd\xee\xb6\xa5\x61\x97\xfb\xec\x78\xc3\x1d\x51\x87\x9c\x6f\xc0\xcc\x83\x32\xc3\x9c\xff\x18\x29\xa9\x59\x98\x07\x36\xa5\x82\x8f\x1d\xf4\x51\x8d\x3e\xaa\x59\xa6\x62\x53\xa3\x74\x2c\x3c\x1d\x22\x13\x69\x6a\xce\xe9\xc0\x32\xb4\x42\x53\x73\xd8\x3a\xd3\xdc\xe0\xa5\xd8\x74\x47\x53\xee\xa0\x69\xec\xea\xc5\x46\xff\xd6\x66\xcc\x36\x8d\x1d\x6b\x2b\xdd\x19\x8e\x03\x85\x57\x3b\xe5\x3a\x49\xd5\xa3\x24\xc1\x3b\x07\xea\x1f\x92\x3c\x08\xc9\x74\x00\x97\x18\x19\x86\x20\xe3\x85\xf3\xae\xeb\x30\x8f\x75\x22\xc5\x1f\x03\xbd\xbe\xb1\xce\xe8\x71\x91\xb9\xa3\x80\x20\xa9\xbc\x9c\x66\xc4\xee\xee\x1c\x7f\xb8\x19\xc7\x55\x06\x37\xe3\xf5\xf3\x70\xda\x8e\x03\x31\xf1\x22\x3f\xcb\x4b\x47\xc5\x45\xce\x01\x65\x41\x66\xc8\x43\xb7\x6a\x29\xc6\xf1\x7c\x38\xcc\x62\x1f\xcd\x84\xeb\xe6\xe9\x20\x3a\x3b\xc3\x08\x52\x17\xec\x46\x16\x1c\x81\xd5\xac\x79\x3e\xc6\x2e\x7b\x87\x80\x3a\x9f\x06\x6d\xa0\xf5\x2e\xf3\x77\x63\x40\xfe\xca\xd9\x55\xdb\xa5\x69\x09\x5c\x4e\x75\xae\xac\x2d\x2e\x84\x24\x28\x56\x22\xb8\x40\xe1\xb7\xa9\xd9\xe4\xa1\xdb\xbb\xd9\xe2\xf1\x90\xb2\x64\xff\xf7\xa7\xb2\xbd\x5b\x7d\xbc\x67\xbe\xba\xa7\x65\x9f\x42\xd3\x3b\x38\x2e\x41\x7b\xf9\xd6\xfc\xf1\xdb\xe6\xfd\x8a\x0b\x1f\x46\x5e\xb7\x90\x5b\xc8\x6b\xa4\xdd\x87\x91\xe7\x72\x21\x24\x81\x6b\x90\xe7\xe4\x32\xc3\xb2\x7c\x52\x3d\x21\x63\xda\x0f\xab\x2e\xc6\x1c\x97\xe0\xf8\xe9\xc4\x58\x67\x8d\x38\xbe\x46\x05\xc0\x96\x01\xad\x98\xd3\xb3\xab\x76\x93\xa3\xc8\x6c\xc8\x39\x2d\x4e\x51\x43\x4e\x20\xd6\x69\x84\x5c\xb4\x1c\xaa\x10\xe8\x08\x85\x40\x5d\x14\x02\x75\x56\x88\x4e\x6d\x51\x03\xe7\x38\x12\x81\x3a\x16\x7e\xd4\x10\x09\xd4\xaa\x12\x5d\xac\xb9\x0e\xd6\xb1\xab\x17\x51\x17\xa5\x40\xac\xcb\xfe\x78\x5a\x81\x0e\x94\x73\x74\x9a\x62\x71\x08\xfc\x29\xa8\x05\xfa\x70\xb5\x40\x3f\x87\x5c\xa0\x0e\x7a\x81\x4e\x4b\x2f\xd0\x2f\x27\x18\xe8\xb4\x14\x03\xb5\x48\x06\x6a\xd7\x8c\x6e\x5b\x3c\x4d\xd1\x40\xa7\xad\x1a\x9d\x83\x6e\x97\x8d\x93\x50\xe8\x76\x82\x39\x74\x2b\x07\xfa\x7f\x4a\x07\x72\x6b\x47\x57\xe2\x4e\x22\x1e\x28\xd8\x72\x55\xba\xab\x07\x6a\x91\x0f\xd4\xa6\x1f\xa8\x4d\x40\xfa\xe0\xd3\x61\x92\x72\xfe\xc1\x4c\x12\x44\xfd\x13\xe4\xbf\x01\x00\x00\xff\xff\x57\xc5\x76\x81\x9b\x1a\x00\x00")

func openwrtNftablesAcl_addShBytes() ([]byte, error) {
	return resourceSetBindataRead(
		_openwrtNftablesAcl_addSh,
		"openwrt-nftables/acl_add.sh",
	)
}

func openwrtNftablesAcl_addSh() (*asset, error) {
	bytes, err := openwrtNftablesAcl_addShBytes()
	if err != nil {
		return nil, err
	}

	info := bindataFileInfo{name: "openwrt-nftables/acl_add.sh", size: 6811, mode: os.FileMode(436), modTime: time.Unix(1790391578, 0)}
	a := &asset{bytes: bytes, info: info}
	return a, nil
}

var _openwrtNftablesAcl_delSh = []byte("\x1f\x8b\x08\x00\x00\x00\x00\x00\x00\xff\xbc\x59\x6d\x53\xdb\x56\xf6\x7f\xaf\x4f\x71\x2a\x8b\x1a\x37\x75\x0c\x19\x7a\xa7\x85\xbf\x33\x7f\x02\x4e\xe3\xa9\x6b\x32\x98\xb4\xbb\x93\x64\x35\x8e\x2c\x07\x4d\x8c\xcc\x4a\x32\xe9\x2c\x78\xc6\x69\x21\x31\x8d\x21\x74\x42\xc3\x42\x4c\x1b\x32\xcd\x86\xf4\x01\xd3\x87\x0d\xc4\x38\xe1\xbb\xb4\xbe\x92\xfd\xca\x5f\x61\xe7\x4a\xb2\x24\x3f\x11\x9c\xa4\x75\x5e\xc4\xf7\xea\xe8\x3c\xdc\x73\x7e\xe7\x77\xae\x71\xbd\xe5\xbb\x22\x88\xbe\x2b\x51\x79\x92\x72\x81\xb6\xfa\xb3\xb6\xb3\xa5\xad\xdc\xac\x6e\x3e\x54\x37\x0f\x2b\xbb\x5f\x68\xab\xdb\xb5\xd2\x46\x79\xbf\xa8\xe6\x6e\xe1\x9d\x0d\x9c\xdf\xd6\x8a\x87\x78\xe7\xa1\x9a\xdd\xd3\x7e\x28\xfc\x9e\xc9\xe3\x2f\xb7\xd5\xcc\x0d\x7c\xff\x1b\x75\xf5\xe9\xef\x99\x4d\x7c\xa7\x50\xd9\x39\xac\xae\xed\x68\xcf\xbf\xd2\x0e\xf2\xb5\x52\x76\x78\x24\x54\x2b\x2d\xfe\x91\xf9\x5c\x8c\x2b\xd1\x2b\x09\x5e\x06\x6d\x31\xab\xe6\x7f\xac\x95\xb2\x63\xd3\xbc\xf8\xa9\xa4\xd4\x4a\x39\x75\xed\x41\x35\x9f\x01\x39\x15\x4b\x1a\xc2\x94\x0b\xca\xcf\x0f\xb5\xd5\x6d\x9c\x2f\xaa\xeb\x85\x5a\x69\x03\xaf\x14\xb4\xd5\x6d\x98\x18\x9b\x38\x0f\xda\xc6\xbc\xb6\xba\xad\x66\xf7\x70\x7e\xdb\x72\xa6\x72\xeb\x7b\xfc\xe5\x93\xea\xd6\x7f\xab\x9b\x0f\xb5\xf5\x03\x7c\xab\xa8\xae\x3d\xad\x95\x72\xce\x58\xd4\xfc\x8f\x95\xf9\x0d\x35\xff\xa3\xe1\xb0\xba\xfa\xa2\xb2\x95\xd3\xcd\x51\x2e\x50\x1f\xdc\xc2\xb7\x6e\x56\x5e\xdc\xc5\x0b\x8f\x6a\xa5\xac\x5a\xb8\x53\xd9\xca\x95\xf7\x33\xea\xe6\x56\xad\xb4\x58\x2b\x6d\x50\x2e\x00\x98\x11\x24\x25\x15\x4d\xb0\xc2\xf4\x20\xf4\xf7\x9d\x7c\xff\x64\xdf\xc9\xf7\xc0\xfc\xb8\xa0\xbc\x7f\x80\xf3\xbb\x78\x33\x43\x14\xe4\x17\x21\x78\x7e\x66\x00\x88\xdf\xe4\x4b\xad\x94\xc3\x2b\xff\xc1\xd9\x75\xb2\x42\xb5\xd2\x62\x93\xc2\x81\x16\x8d\x2e\xc0\x3b\xdf\x54\xd7\x17\x0c\x3d\x96\x66\xad\x58\xd0\x55\x80\x15\x7c\x79\xbf\xa8\x3d\x29\xb6\xaa\x44\x83\x10\xe7\xfa\xfa\x06\x07\x4f\x41\x1b\x95\xc8\x54\xa9\xbf\x94\x92\x79\x49\x8c\x4e\xf1\x83\x10\x4d\x08\x1c\xaf\xef\x0d\xb8\xfa\xfb\x4e\xea\xff\x7c\xef\xeb\x1b\xc8\xa5\xab\xeb\x1f\x1c\xf4\xa1\x01\xca\x05\xce\xc3\xc5\x8b\x4b\xe5\xd2\x86\x7a\xff\x50\x5d\x7a\x08\x2c\xfb\xe9\xd8\xf8\x47\xc1\xf0\x87\xec\x68\x70\x9c\x65\xc1\x07\x2c\x1b\x09\x8c\x7f\x12\x18\x67\x83\xa3\x4d\xeb\xf0\x44\x60\xfc\xec\xf0\x48\x80\x65\x49\x2a\xa8\xd0\xd8\x87\xec\xd9\x60\x28\xe0\xa7\x9b\x94\x44\x53\xca\xe4\xc9\x44\xf2\x2a\x4d\x59\x9a\x88\x8c\x43\xad\xfd\xa4\xae\xd3\x29\x60\xdb\xa1\xa9\xd0\xd8\xc8\x47\x1d\xac\x70\x89\x93\x89\x24\x77\x8d\xa6\x28\x17\x58\x25\xba\xd1\x50\xa2\x39\xa3\x38\x41\x8c\x2b\xa0\x1d\x6c\xe2\xc2\xb3\xca\x5e\x01\xbf\x98\x27\xfe\x87\xcf\x4e\xb0\x67\x82\x61\x3f\x4d\x53\xf1\xa4\x04\x2c\x91\x11\x44\xf0\xa5\x64\xc9\x27\x13\xb0\x91\x0d\xc7\x37\xb2\x6f\x2d\xcc\x2f\x43\x10\x4b\x52\x24\x5b\x42\x1c\x2e\x82\xf7\x33\xa0\x19\xa2\x87\x86\xcb\x43\xa0\x4c\xf2\x22\x58\x46\x8c\xfd\x21\xb8\x22\xf1\xd1\x6b\x43\x10\x17\xa8\x58\x52\xe4\xa9\x8b\xe0\xfd\x17\xd0\x8c\x29\x46\xc3\x65\x78\xfb\x6d\xfb\x25\xf2\x0a\xf1\xd3\x6f\x4b\x90\x60\xb9\xa4\x28\x2a\x52\x94\xbb\x46\x2a\xb6\x5c\x5c\x56\xf7\x17\xb4\x95\x9b\x95\xc2\x23\xab\xcc\xb4\x8d\xf9\xca\xe1\x37\xea\xf2\xa3\xca\xde\xb7\x95\xfd\xef\x7b\xb5\x2f\x9f\xaa\x99\x1b\x95\xad\x6d\xcf\x1f\x99\xcf\xe3\x49\xe9\x7a\x54\x8a\x41\xf5\xee\x0b\x5c\x78\x06\x81\xc8\xc4\xf0\x99\x50\x30\x72\x2e\x30\xfa\xee\x78\x20\x34\x3c\x11\x18\x85\xf2\x7e\x06\xbf\xb8\x6d\xc0\xae\x56\xca\x11\x94\x1f\x2c\xe0\xec\x83\xea\xfa\x77\x30\x3c\x12\x82\xca\xe3\x79\x9c\x5d\x57\xd7\x1e\xa8\xbf\x7e\xad\xde\xfb\x09\x97\x32\x78\xef\x17\x7c\x50\xd4\x7e\xb8\x6d\x99\x26\x28\x3a\x5c\xa8\x6e\x1d\xe0\x95\x9c\xba\xf6\x94\x38\xf9\xa4\x88\x17\x9e\x5a\xbe\xa8\x9b\x5b\xda\xfd\x1d\x92\x8a\x91\xb1\x70\x78\x62\x7c\x78\xe4\x23\x2b\x19\x5c\x53\x2e\xec\x90\x5b\xd6\xf5\xbc\x38\xb6\x1a\x96\xed\x72\xc4\x39\x52\xe4\x30\xae\x3f\x68\xc9\x91\xf1\x1e\x49\x93\x25\x6a\x26\x8a\x4b\x4e\x4d\x45\xc5\x18\x78\x67\x1c\x39\x39\xed\x8b\xf1\x33\x3e\x31\x95\x48\xc0\xa9\xd3\x6f\xf7\x1b\x56\x74\x07\x1c\x96\x2c\x71\x9a\x8a\x0b\x14\x45\x32\x10\x60\xc3\xc3\x1f\x07\xfc\x74\x72\x9a\x17\x67\xa6\x45\x52\xdf\x2c\x63\x61\x86\xa6\x86\x47\x42\xec\xc8\xb9\x61\x52\x17\x51\x2e\x41\x53\xe7\x86\x23\xe7\xd8\x50\x20\xec\xef\x47\x14\x95\x48\x5e\x65\xa7\x78\x59\x8e\x5e\xe5\x7b\x3d\x30\xab\x9b\x4b\x24\xb9\x68\x02\x12\xfc\x0c\x9f\xf0\xd3\x4c\x3f\xed\xd8\x34\x45\xfd\x34\x73\xca\xd8\xe6\xb9\xc9\x24\xd0\x4c\x6f\x2c\xaa\xf0\xe0\x3e\xd1\xf3\x77\x6f\xcf\x94\xb7\x27\x06\x3d\xe7\x06\x7b\x3e\x1e\xec\x89\xb8\x3d\x70\x91\x99\xd5\x75\xa5\x2f\x03\x33\x6b\x2a\x48\xd3\x70\xfa\x34\xd0\x4c\xbd\x15\xd0\x54\x9a\xa2\x12\x82\xac\xb0\x33\x03\x2c\x27\xc4\x24\xd9\xf2\x46\x91\xc0\x1b\x03\xf7\x25\xc9\x0d\x97\xa8\x7a\x93\x9b\x03\x99\x8f\x81\x57\x04\xb7\xec\xfb\xc7\xc5\x8b\x83\xf2\x74\x94\xe3\x07\x2f\x5f\x7e\x67\xc0\xe5\xf3\x4d\xb7\x4a\xba\x65\x9f\x53\x8a\xf1\xf9\x1a\x65\xae\x4a\xfc\x34\xc9\x86\xbb\x41\x19\xd3\xa4\x28\x29\x29\xe0\x4d\x51\x69\xd3\x53\xf4\x5a\x9e\xa2\xbf\xc4\x53\x42\x7b\x3a\x80\x4c\x7e\xaf\x03\x1d\x82\x3a\xcb\x76\x00\xbb\x81\x30\x42\x71\xc5\x15\x9f\x76\x7f\x47\xdb\x98\x57\xef\x3d\xc3\x2b\x5f\x19\xe4\x7d\x85\x97\x15\x2f\x1f\x8f\x27\x75\x6e\xc7\xdf\xfd\x5c\xf9\xed\x51\x79\x7f\x09\x3f\xff\x19\xdf\x5d\xd2\x71\x6e\xd0\x2f\x81\x68\x3c\x91\x92\x27\x59\xab\x6c\x9b\x8a\x4c\x98\xb6\x2b\xcc\xc4\x8a\x30\x6d\x82\x44\xe2\x95\x94\x24\x42\x9f\x03\x83\xcd\x58\x72\x60\xc4\xd0\x69\x15\x33\xd0\x9f\x0e\x8f\x87\x83\xe1\x0f\x69\xb0\x31\x03\xc4\xc9\x3b\x05\x7d\xe6\xc9\x55\xf6\x7e\xad\x1c\xde\x32\x5a\x20\x30\xc2\xf4\x11\xc7\x41\x5b\x16\x1a\x7c\x8a\x0b\x8e\x48\x38\x51\xd1\x57\x9c\xa8\xf8\x99\x5e\xdb\x4b\xf0\x8e\x82\x57\x36\xe3\x3a\xe5\xc0\xf8\x1c\x5c\xe7\xc0\x9b\xf0\xe8\x6f\x35\xc9\xc7\xda\xc9\xcf\x81\x22\xa5\x78\xaa\x25\xd0\x60\xf8\xec\x18\x0d\x34\xde\xfb\xc5\x08\xc6\xce\xf1\xd1\x51\x81\xd1\x97\xd5\xe2\x8a\x91\x6e\xf5\xeb\x5d\x3f\x33\xcb\x89\x4a\x5a\x47\xe3\x48\x28\x18\x08\x4f\xb0\xc1\xf3\xa4\xb7\x5a\x8b\x81\x86\x15\x22\xab\x0b\x91\xc0\xb8\xd1\x81\x8c\x5e\x13\x0a\x86\x03\x11\xb2\xb8\x3e\x29\x24\x78\x08\x9e\x8d\xf8\x41\xe2\xa3\x31\xf0\x4a\xc0\x26\x04\x91\xb7\x1a\xab\xbe\xf2\xd3\xcc\xac\xfe\xa5\x87\x21\xd0\x49\x1b\x87\xcd\x45\x65\x9e\x34\x5c\xf2\x80\x06\xc1\xce\xb1\x73\x9a\x7a\xc7\x63\x6d\xeb\x6d\xd2\x76\x92\xe9\x9d\x96\x04\x51\x89\x83\xbb\x47\xbe\x24\xba\x6d\x4d\x0d\x70\x74\xea\x72\xa2\x49\x07\xe6\x5c\x1d\xcf\xe0\x6e\x34\x33\x34\xd4\xc6\x19\xd4\xd1\x19\xd4\xb5\x33\xe8\x75\x9d\xe9\xe8\x4b\xd7\xae\xbc\x9a\x27\xd6\xa4\xd9\xe4\x87\x55\x29\xc7\x73\xc3\x52\xd3\xec\x44\x47\xc3\x03\xae\x77\xe6\x90\xab\xc9\xaa\xa3\x26\x99\x59\x6b\x91\x36\xab\x2e\x4d\x33\xee\x4b\xa2\xbb\x9d\x46\x5e\x8e\x72\x06\x93\x3b\xa9\xbc\x7e\x96\x8d\xed\xc7\x10\x10\x9d\x02\x03\x8e\x51\xc1\xc6\x92\xf3\xf9\x10\xf0\x09\x99\x6f\xff\x14\xd1\xfa\x20\x11\x17\x5e\x6e\xbb\x43\xdb\x23\x73\x40\x8c\x4f\xf4\x8a\x71\xc5\x03\x5a\xa9\x88\x77\xbf\x72\xd4\x88\xd5\x01\x4d\x1e\xff\x4c\x50\xa0\x5f\x9f\x29\x5c\x80\x17\xb2\x46\x03\x07\xfd\x72\x97\xc3\x37\x97\x0c\x12\xe9\xd0\x49\x6a\xa5\x0d\x32\x2c\x07\xfe\x16\x9c\x00\x45\x8a\x4e\x43\xf9\x70\xb3\x52\xb8\x81\xf3\xdb\xea\x62\x46\xcd\x2f\x1a\xca\x8c\x09\xba\xfc\xec\x36\x5e\x59\x56\x17\x1f\x5b\x13\x62\xf5\xc6\x21\x5e\x58\xc2\x0b\x59\x75\x7f\xc1\x31\x0e\xe1\x95\xe5\x3f\x32\x37\x74\x32\xd9\xdd\x50\xf3\xdf\x9b\xdd\x2a\xff\x6d\x75\xed\x37\xf5\xde\x2e\x19\x1a\xad\xd6\xf6\xf0\x07\xb5\x74\x47\x5d\xd6\x2f\x96\xba\x03\xee\x26\xda\x81\xa6\x73\x3f\xe2\x31\xa2\xdd\x7a\x24\x14\x35\x12\x1c\x1d\x8f\xb4\xeb\x25\x56\x11\x91\x82\x6d\x98\x5a\x3c\xc6\x4b\xed\x30\xdf\xe6\x25\x54\x7f\xc9\x91\x62\xdd\xa6\xc9\x80\xce\x3d\x74\xac\x9c\x1b\xb7\x66\xb8\x20\xf3\x12\x30\x75\xb8\xc1\x27\x46\xd6\x83\xe7\x07\xc1\x8e\x13\xd4\xb5\x07\xc6\x4c\xbe\xb3\x8b\x9f\x7f\xdd\xc4\x88\x8e\xaa\xe8\xd3\xab\x42\x88\xc3\x5b\x40\x6e\x13\xba\xef\xa0\x5f\xf5\x41\x10\x79\x05\x68\xc6\x9e\x42\xe9\x23\xa6\xd8\x0e\x2e\x5b\x3f\x1b\x54\xb6\xb6\xc1\xa1\x4a\x27\xeb\x9f\xfe\x8d\xf3\xcd\x64\xdd\xe2\x5a\x3b\x36\xec\xe6\x20\x9c\x3f\x71\x18\xd3\x4b\x29\x83\x1f\xdf\xd6\x81\x43\x53\x54\x6f\x1d\xe0\x6f\x41\x9c\xdc\x1b\xe1\x83\xe3\x8d\x1d\xdd\xb8\x50\x59\xde\xc3\x77\xee\x0d\x8f\x84\xaa\xab\x37\x2a\x4f\x17\x8c\x1f\x36\x8c\xa0\xc5\xb8\xe2\x8c\xdb\x11\x3b\x18\x33\x88\xfe\xbf\x0b\xbc\xd6\xc7\xf8\x31\xc1\x5e\x37\x37\xa8\xa6\x12\xeb\xd0\xb4\x2c\x6b\xe4\xbe\xd0\xa6\x9e\xeb\x6a\xe6\x40\x9e\x8c\x9e\x7a\x0f\xc9\xa9\x29\x98\x03\x2e\xa5\x80\x97\xeb\xf7\x32\xf5\x5b\x86\xdd\x8b\x23\xe3\x23\x6c\x24\x30\xe1\xa7\x93\x33\xcc\xac\x75\x3f\x49\xb3\x32\xcb\xcc\x12\xe9\xb4\x1d\xe0\x68\x64\xa2\xad\x68\xac\x55\x34\x72\xe1\x4c\xfd\x76\xd3\x24\xcc\xd9\xc2\x96\x74\x53\x15\xcb\xbc\xd2\xae\x86\x69\xc6\xf4\xf5\xa8\x72\x7e\x49\xf6\xd5\xe2\x4a\xf5\xfe\x4d\xa8\x6b\xb2\xab\xb9\x17\xdf\x29\x54\xbe\x78\x6e\x8d\x6b\x6a\xf6\x1e\xbe\x9b\xc5\xfb\x39\x22\x91\x7b\x56\x5d\x58\xf2\x40\x17\xa5\x33\xe0\x28\x8b\x84\xcc\x37\xb8\xa6\x07\x1a\xe3\x13\xbc\xc2\x03\x9f\xe0\xa7\x78\xf1\x65\xe1\xd2\xb3\x4e\xd5\x90\x6e\x19\x41\x2f\x35\x18\x38\x22\xfe\xf2\xc1\xb2\x1d\xbc\xf6\xf8\xa0\xba\xfe\x5d\x83\x6a\xe3\xd6\x60\x1f\x86\x75\x3e\x1e\x47\xba\xc8\x67\x3c\xf0\x31\xc9\x6e\x7f\x6b\x64\xc7\x4c\x61\xe3\xd0\x6d\xdc\x9f\xfe\x09\x6e\xf3\x40\x64\x37\x09\xcb\x34\xd2\x47\x75\x4e\x6d\xf7\x8d\x65\xc0\xbc\x06\x19\x0c\x2c\x4b\x9c\xdf\x3e\x90\x83\x79\xd0\x21\x02\x78\xf1\x49\xf9\xf9\xba\x9f\x31\x3c\x68\x8a\x5d\x07\x2d\x5d\x7f\x06\x7e\xa0\xfb\x5a\xf1\x69\xe3\x34\x3c\x1a\x22\xb3\x95\x7e\x38\xde\xa8\x71\x3e\xdc\x64\x54\x10\xdb\x9f\x90\xf5\xc3\x40\xe3\x19\xb5\xa6\x18\xf4\x4b\x65\xf4\xfa\x35\x72\xf1\x94\xfd\xf4\xff\xdb\x87\xeb\x16\xc4\x18\xff\x59\x2f\xd3\xf7\xae\xec\x99\x8d\x27\xa5\x5e\xc1\xdf\x3f\x24\xfc\x9f\x3f\x7c\x76\x48\x38\x71\xc2\x03\x42\xbc\x97\x11\xfc\x7e\x7a\x32\x2a\xc6\x12\x3c\xed\x99\xd5\xdb\x08\x30\xbd\xc2\x89\x7e\xcf\x90\xde\xc9\xd2\xe9\xa6\x81\x0e\x8c\xcb\x20\xe9\x4b\x46\x4c\x66\xaf\x72\x96\xb3\x94\x6a\x4f\x3f\x0d\x51\x19\x46\x1d\x6a\x3a\xdd\xa7\x5a\x4a\x4b\x9f\x0f\x8e\x3a\x3b\xab\xed\x74\xa1\xd4\x74\xfd\xcf\xd1\xda\x25\x0e\x5e\x47\xa3\xd9\x9d\x8f\xa7\xb1\x2d\x86\xec\xea\xdf\xfb\x45\x5d\x7b\xd0\xf4\x57\x07\x32\x71\x1a\x64\xdc\x80\x99\x98\xac\xf8\xeb\xb6\x8d\x43\xf4\x3b\x0e\xac\xc1\xb0\x79\x33\x77\x7c\xed\xc4\x93\xe8\x25\x3c\x89\x3a\xf0\x24\x6a\xcf\x93\xed\x06\xbf\xba\x9e\x6e\x88\x12\xb5\xa5\x3f\x54\xa7\x4a\xd4\xc8\x95\x1d\xa4\x63\x6d\xa4\x23\x17\xce\xa0\x0e\x7c\x89\x38\x87\xfc\xab\x30\x26\x7a\x4d\xca\xd4\xd3\xe1\xe0\x4d\xf4\xc6\x89\x13\x39\xdb\x33\x7a\x43\xcc\x89\xda\x50\x27\x7a\x13\xd4\x89\xda\x73\x27\xea\x96\x3b\xd1\x2b\x91\x27\xea\x96\x3d\xd1\x1b\xa0\xcf\xc6\x04\xb5\xe5\x4f\xd4\x48\xa0\xa8\x89\x41\xd1\x51\x14\x8a\x8e\xc7\xa1\xe8\x2f\x23\x51\xf4\x17\xb2\x28\x7a\x43\x34\x8a\xde\x30\x8f\xa2\x3f\x87\x48\x5f\x59\x6d\xb7\xa0\x78\x4d\x2a\xed\x42\x65\x3b\x40\xe9\x4d\xd3\x89\x86\xe3\x31\x2a\x6a\xa0\x54\xd4\xc4\xa9\xe8\xd8\xa4\xea\x81\x0f\x4e\xd3\x8c\xf5\xc7\x56\x9a\xa2\xcc\xcb\xe9\xff\x02\x00\x00\xff\xff\x0e\x99\xc0\x71\x79\x20\x00\x00")

func openwrtNftablesAcl_delShBytes() ([]byte, error) {
	return resourceSetBindataRead(
		_openwrtNftablesAcl_delSh,
		"openwrt-nftables/acl_del.sh",
	)
}

func openwrtNftablesAcl_delSh() (*asset, error) {
	bytes, err := openwrtNftablesAcl_delShBytes()
	if err != nil {
		return nil, err
	}

	info := bindataFileInfo{name: "openwrt-nftables/acl_del.sh", size: 8313, mode: os.FileMode(436), modTime: time.Unix(1790391578, 0)}
	a := &asset{bytes: bytes, info: info}
	return a, nil
}

var _openwrtNftablesAuthSh = []byte("\x1f\x8b\x08\x00\x00\x00\x00\x00\x00\xff\x9c\x56\x6f\x4f\xdb\xd6\x17\x7e\xfd\xbb\x9f\xe2\xfc\x2e\x8e\x48\x34\xb9\xa1\x55\xc5\x8b\xac\x61\x42\x23\xed\xa2\xd1\x80\x42\xff\x6c\xa2\xcc\x32\xf6\x0d\x58\x72\xae\xb3\x6b\x87\xb6\x03\x24\x68\x4b\x4b\xd7\x00\x55\x17\x75\x1b\xa5\xa3\x7f\x60\x45\xeb\x48\x3a\x69\x6b\x29\x4b\xc7\x87\x59\xfc\x87\x57\xfd\x0a\xd3\x75\xec\x90\x14\xd2\x6a\xcb\xab\xf8\xf8\x9c\xe7\x3e\xcf\x39\xf7\x3c\x72\xd7\xff\xe3\xe3\x1a\x8d\x8f\xcb\xe6\x24\xea\x02\x7b\x6d\xcb\xae\x3c\x71\x16\x5f\xb9\xcf\xab\x5e\x65\xc3\xab\xce\x3b\xdf\xbf\x74\x6e\x3f\xf3\x1e\x97\x9c\xed\x0d\xef\xc6\xaa\xb3\xf6\x2b\xea\x82\xfd\xb9\x55\x6f\xef\x96\xbb\x5c\xb5\x9f\x5c\xb7\x57\x7e\xd8\xbf\xb5\xe2\x2c\x6f\x3a\xe5\x97\x6e\x79\xcb\x59\x7c\x65\xdf\x5d\xb2\xef\x95\xec\xea\x4d\xf7\xd1\x3c\x44\x4d\x85\x69\x05\x4b\x34\x89\x52\x64\x9a\x75\x15\x4e\xc6\x10\x4a\x67\xce\xa5\xb2\x99\xfe\x41\xa9\x7f\x38\x9d\xc4\x92\xd4\xfa\x2c\x49\x18\x0d\x0e\x9d\x91\x4e\xa7\x07\x53\xfc\xdd\xc5\xa1\xec\xe7\xe9\xcc\x19\x69\x20\x9d\x95\x24\xb9\x68\x4d\x1e\xd3\x8d\x09\x8c\x46\x52\xd9\x0b\xa9\xac\x94\x1e\xe0\x39\xcd\x07\x5e\x8c\x74\x63\x42\xca\x13\xd3\x94\x27\x48\x34\x06\xd3\x08\x00\x40\x37\x14\x59\x07\x9d\x4c\x11\x3d\x89\x85\xe3\xb8\x25\x18\xa4\x26\xb1\x70\xa2\x11\x26\xca\xa4\x01\x58\x88\xaa\xb2\x45\xa0\xfb\xa3\xc8\x97\x62\x24\x2f\x46\x54\x88\x7c\x96\x88\x9c\x4d\x44\x46\xba\x63\x30\x2a\x4c\xfb\x58\xb3\x63\x20\x4c\x07\x00\xb3\x18\xfa\xfa\x00\x0b\x21\x79\x8c\x66\x11\x6f\x69\xd8\x4f\x77\x6d\xdd\xae\xfc\x64\xaf\xbd\xb0\x1f\xce\xbd\xad\xad\x0e\x15\x08\xbd\x30\x9c\xe1\x2d\x87\xf4\xf0\xd4\x49\xe0\x29\xd7\x5e\x7b\x95\xbf\xdc\x37\x15\x28\x52\x8b\x15\x4d\x8b\xa8\x92\x56\x78\x5b\x2b\x05\x49\xbd\x41\x92\x53\xe6\x79\x6d\x49\xbd\x7f\xcf\x5d\x43\x5d\x50\xdf\xd9\xf0\xe6\x16\xea\xbb\xf7\x9c\xfb\x9b\x6f\x6b\x25\x67\xa9\xe2\x6c\x6f\xb8\x8f\x2b\x76\x65\xb5\xfd\xfc\x07\x0d\xb8\xf2\x16\x8c\xca\xaa\xca\xc6\x12\x05\x83\x59\x60\xbf\x79\x62\xd7\x56\xf6\xe7\xf7\xec\x85\xa5\xfa\xce\xb2\xfb\xbc\x6a\xaf\x3c\x75\xee\xd4\x9c\xe5\xcd\xfa\xee\x33\xb7\xbc\xee\x6c\x3f\xab\xbf\xbe\xcd\xcf\xca\xa6\xfa\x07\xa5\x4f\x07\xd3\xa9\xcc\x39\xa9\x7f\x60\x20\x9b\xc4\x18\x69\x39\x18\x05\x91\x02\x16\x5a\xa9\x61\x18\xfb\x18\xac\x49\x42\xfd\xee\x1e\xae\x6b\x4b\x4e\xb4\x3c\x71\x4a\x18\x11\xfd\x68\xd8\xde\x0f\xe1\x8e\xb6\xa7\x8f\x1d\x86\xce\x69\x7c\x42\xce\xd3\x39\x67\x7d\xd3\xde\x5b\xf0\x7e\x9e\x77\x57\x6f\xb4\x5e\xeb\x40\xd1\x37\xfc\x68\x93\x30\x2a\xe7\x09\x86\x31\x98\x99\x09\xa3\x05\xd9\x34\x2f\x1b\x4c\x6d\xe7\xd2\x72\x03\x01\xa7\xb2\xd9\xa1\x2c\x6e\x41\x80\x66\x15\xe4\x98\x91\x07\xe1\x5d\xea\x70\x56\x33\x4d\x8d\x4e\x40\xb3\xc2\x60\xd0\xac\x21\x74\x4a\x63\x06\xcd\x13\x6a\xc1\x94\xcc\x34\x79\x5c\x27\xc7\xf0\xe1\x73\x85\xa8\x49\xac\x58\x70\xa5\xaf\x68\x16\x1c\x87\x2e\xd8\xff\xa5\xe4\x55\xe7\xed\x8d\xdf\xbc\xdf\x37\x7d\xf9\xa1\x40\x81\xaf\x96\x94\x93\x35\x9d\xa8\x12\x23\xb2\x69\x50\x29\xa7\xe9\x24\xd4\x05\x3e\x4e\x87\xa4\x24\xee\xf0\x22\x6c\xb1\x5d\x7d\x1d\x6a\xb1\xef\x95\x42\x29\xde\xde\x03\xef\x71\x69\x5c\x36\x49\xef\x49\xb7\x76\xdf\x7d\x34\x8f\x08\x55\x0c\x95\xa8\x52\x98\x9d\x14\xa2\xfe\x3a\x36\xa6\xdf\x1c\xc1\x0c\x34\xaa\x40\xbc\x0c\x3d\x30\x03\x16\x03\x51\x85\xee\x4b\xb4\x3b\xd6\x84\x08\x4f\x69\x83\x38\x98\xd7\xfb\x20\xf8\xa5\xf0\x4d\xcf\xde\x2d\xbb\xe5\x2d\x77\xeb\x8e\xbd\xbb\xd2\x60\xdb\x70\x45\x34\x69\x59\x05\x69\xdc\x50\xaf\x26\xb1\x49\xd8\x14\x61\x92\xa6\x26\x40\x68\x1a\x11\x0a\xb9\x26\x40\x78\x57\x13\x0a\x49\xb4\xbc\x0b\x43\x88\x11\x59\x97\xb4\x82\xc4\x97\x32\x71\xf8\x6a\x20\x45\xd7\x08\xb5\x24\x85\x30\x4b\x0a\xf0\x15\x23\x9f\x37\xa8\xff\x84\x11\x62\xc4\x0c\x98\x09\x51\xa5\xc8\x74\x10\x4d\x10\xbf\x80\xe1\xa1\x91\x73\x5c\x20\x16\x9a\xd4\x31\xf0\xbf\x89\x78\x5c\x68\xf5\xdf\x38\xa7\x19\xe7\xf3\xe4\x9d\xc1\x97\x2e\x51\xd3\x92\xad\xa2\x99\x8c\x4c\xfb\x95\x9c\xef\x2c\x8e\xa1\x20\x8a\x31\x3f\xb1\xa8\x5b\xfc\xdf\xe5\x49\x7e\x63\xd2\xa7\x47\x92\xc0\x88\xac\x82\xc8\x40\xd7\x28\x41\xaa\xd1\x6a\xac\x3c\xc4\xfb\x3f\xc1\x48\x01\xf0\x57\x21\x10\xf4\xc5\x55\x32\x15\xa7\x45\x5d\xf7\xb3\xfd\x9b\x29\x7c\x02\x22\xf9\x1a\x7a\xda\xd6\x8b\xff\x82\xaa\x60\xb6\x07\xa0\x4a\xd1\xf2\x65\x26\x31\x88\x39\x38\x11\x6b\x16\x28\x06\xb5\x34\x5a\x24\x7e\x20\xa7\xbd\x87\x50\xa8\xe7\xdf\x11\x0a\xaa\xfe\x3b\x21\xd5\xa0\x04\x4e\x9d\x3a\x05\x58\x68\xce\x10\x07\x0b\x8a\x85\x86\x5e\x0c\xc9\x24\xe0\x13\x3d\x3d\x07\x7e\xd3\xb6\xf3\xe9\xcc\xe9\x21\x0c\xf8\xbc\x49\x18\x74\x37\xf7\xa5\xbb\x93\xcf\xf0\x29\x13\x6a\x69\x8a\x6c\x11\x15\xcc\xa2\xa2\x10\xd3\xcc\x15\x75\xfd\xea\x31\x8c\xfe\xe7\x9b\x46\x4f\xd3\x34\x9c\xc5\xbb\xf6\xb7\xeb\x88\xe8\x26\x81\xc3\x6e\x73\xb1\x3f\x9b\x49\x67\xce\x60\xc0\xfd\x07\xa0\x9a\x41\xa1\x61\x0a\x90\x33\x98\x6f\x67\x6d\xb4\xa2\x20\x34\xda\x06\xb1\x0e\x14\x7d\x1e\xbc\xa1\x61\x62\x5f\x5f\x67\xab\xfa\x80\xd5\x75\x81\x28\x8a\xd0\xf8\x88\x71\xff\xfc\xce\x79\xb8\xce\x03\x7c\xd7\xb7\x9f\xda\x3b\x3b\xce\xf5\x05\xfb\xe6\x1f\xf5\x9d\x3b\xf5\x9d\xa5\x7a\x6d\x35\x30\x80\xc5\x17\xde\xde\x8f\xfb\xb7\x4a\xe8\x48\x4f\x3f\x4f\xc9\x95\x02\x51\x78\xf7\x08\x63\x06\x03\x8d\xb6\x36\x95\xeb\x6f\x7c\xff\x1c\xad\xbf\xa3\xe6\x86\x88\x7f\x02\x00\x00\xff\xff\xea\x0d\xb7\x48\x9c\x09\x00\x00")

func openwrtNftablesAuthShBytes() ([]byte, error) {
	return resourceSetBindataRead(
		_openwrtNftablesAuthSh,
		"openwrt-nftables/auth.sh",
	)
}

func openwrtNftablesAuthSh() (*asset, error) {
	bytes, err := openwrtNftablesAuthShBytes()
	if err != nil {
		return nil, err
	}

	info := bindataFileInfo{name: "openwrt-nftables/auth.sh", size: 2460, mode: os.FileMode(436), modTime: time.Unix(1790421345, 0)}
	a := &asset{bytes: bytes, info: info}
	return a, nil
}

var _openwrtNftablesClientConfig = []byte("\x1f\x8b\x08\x00\x00\x00\x00\x00\x00\xff\x4c\x8e\xcd\x6a\xec\x30\x0c\x85\xf7\x7a\x0a\xbf\x80\x13\x2e\x77\x6b\x0a\xc3\x74\x51\x68\x17\x43\xa7\x2f\xe0\x49\xce\x10\x93\xd4\x0e\xb2\x12\x08\x41\xef\x5e\xec\xe9\x4f\x76\xfa\x8e\x3e\xa4\xd3\x4d\x01\x51\xa8\xc7\x6a\x64\x89\x34\x73\x92\x64\xf6\xbd\xb9\x82\x57\x70\x73\x29\xac\x4a\x8c\xcf\x24\x28\x8b\xf7\x3a\xbd\xa4\x2c\xaa\x7f\x7c\x49\x2c\x55\xcb\x69\x5a\x2d\x43\x78\x33\x21\xde\x43\x0c\x02\x8a\xe9\x16\x62\x4f\x33\x38\x87\x2c\x76\xc4\xf6\x3b\x97\x9f\x7e\x91\xc1\x2e\x19\x6c\x67\x9f\x33\xf5\x5e\xbc\xed\xc2\x3c\x80\xf3\xa1\xc9\xb3\x17\x7f\xae\xa9\x2a\xad\xe0\x9b\xf9\x4f\xae\xf3\x4f\xb4\xef\xcd\xf9\xa4\x4a\xae\x2d\xe4\x3a\xb0\x3c\x42\xd4\x4a\xae\xfd\x49\xc2\xdd\x34\xaf\xd8\x54\xdd\x88\xad\x2a\x95\xc8\xb5\xdf\x8c\xd8\xab\x3e\xbc\x8f\xb7\xeb\x69\x91\xa1\x0a\x23\x36\xdb\x07\x46\x27\x21\x45\xf3\x8f\x9c\x4c\xd9\x96\xd2\xf5\xc6\xd1\x24\xd7\x1e\x77\xf5\x1e\x7d\x05\x00\x00\xff\xff\xf2\x73\x31\xa0\x62\x01\x00\x00")

func openwrtNftablesClientConfigBytes() ([]byte, error) {
	return resourceSetBindataRead(
		_openwrtNftablesClientConfig,
		"openwrt-nftables/client-config",
	)
}

func openwrtNftablesClientConfig() (*asset, error) {
	bytes, err := openwrtNftablesClientConfigBytes()
	if err != nil {
		return nil, err
	}

	info := bindataFileInfo{name: "openwrt-nftables/client-config", size: 354, mode: os.FileMode(436), modTime: time.Unix(1790391574, 0)}
	a := &asset{bytes: bytes, info: info}
	return a, nil
}

var _openwrtNftablesClientPageHtml = []byte("\x1f\x8b\x08\x00\x00\x00\x00\x00\x00\xff\xb4\x59\x6d\x73\x13\x47\xb6\xfe\xee\x5f\x71\x32\xdc\xcb\x48\x17\x49\x23\xc9\xb6\x80\x91\x46\x14\x70\xe1\xc2\x4d\x78\xa9\xc0\xbd\x55\x29\x8a\xa5\x46\x33\x3d\x52\xe3\xd1\xf4\xa4\xa7\xc7\x2f\x51\x5c\x65\x67\x43\x70\x58\x48\xc8\x2e\x2c\x05\x4b\x12\xc8\x02\xa1\xb2\x60\xb3\x59\xc2\xcb\xc6\x4e\xfe\xcb\xc6\x23\xcb\x9f\xfc\x17\xb6\x7a\x7a\x46\x1a\x49\xc6\xc0\x92\x35\x55\xd2\xa8\xe7\xf4\x39\xcf\x39\xfd\xf4\x39\xa7\x9b\xca\x5b\xff\x7d\x6c\xff\xc9\xf7\x8e\x1f\x80\x06\x6b\xda\xd5\x91\x0a\xff\x02\x5b\x77\xea\x9a\xf4\x41\x23\xbb\xff\xa8\xc4\xc7\x90\x6e\x56\x47\x2a\x4d\xc4\x74\x30\x1a\x3a\xf5\x10\xd3\x24\x9f\x59\xd9\x5d\x12\x28\xf1\x0b\x47\x6f\x22\x4d\x9a\xc4\x68\xca\x25\x94\x49\x60\x10\x87\x21\x87\x69\xd2\x14\x36\x59\x43\x33\xd1\x24\x36\x50\x36\xfc\x91\x01\xec\x60\x86\x75\x3b\xeb\x19\xba\x8d\xb4\x82\x50\xc3\x30\xb3\x51\xf5\xff\x8f\x1f\x85\xce\xcf\x5f\xb5\x3f\xbb\xbb\xfa\xf3\xed\xf6\xfc\x52\x45\x11\xe3\x23\x15\x8f\xcd\xf0\x6f\x00\x95\x12\xc2\xa0\x05\x06\xb1\x09\xcd\x7a\x46\x03\x35\x91\x0a\x36\xae\x37\x18\x98\x3a\x9d\x28\xc3\xec\x08\xc0\x7f\x41\x0b\x6a\x64\x3a\xeb\xe1\x0f\xb0\x53\x57\xa1\x46\xa8\x89\x68\xb6\x46\xa6\xc5\xfb\x1a\x31\x67\xa0\x05\x4d\x9d\xd6\xb1\xa3\x42\xbe\x0c\x16\x71\x58\xd6\xd2\x9b\xd8\x9e\x51\x21\xab\xbb\xae\x8d\xb2\xde\x8c\xc7\x50\x33\x03\xd2\x09\x54\x27\x08\xfe\xef\xb0\x94\x81\x77\x49\x8d\x30\x92\x01\xe9\x10\xb2\x27\x11\xc3\x86\x0e\x47\x91\x8f\xa4\x0c\xec\xa5\x58\xb7\x33\x20\x1d\xc7\x4e\xfd\xa0\xee\xd4\xe1\xc4\x7e\x29\x03\xd2\x11\x6c\x50\xe2\x11\x8b\xc1\x7b\xfa\x21\x84\xa5\x0c\x78\xba\xe3\x65\x3d\x44\xb1\x55\x86\x9a\x6e\x4c\xd4\x29\xf1\x1d\x53\x85\x6d\xd6\xb8\x55\xb2\x76\x95\x85\x6f\x2a\x6c\x2b\x58\xc5\xdd\xa3\x3b\x05\xe2\xdc\x14\xd5\xdd\x10\xf2\xb4\x08\xa4\x0a\x3b\x8b\x79\x77\xba\xdc\x73\x02\x74\x9f\x91\x32\xb8\xba\x69\x86\x4e\x8b\xd7\xe1\x64\x43\xa7\x26\x0f\x49\x9f\x35\x8b\xdb\x17\x81\xa1\xba\x89\x7d\x4f\x85\x42\x91\x4f\x09\x23\xd7\xd0\x4d\x32\xc5\xb5\x16\xdd\xe9\x70\x1c\x68\xbd\xa6\xa7\xf2\x19\xfe\x2f\x97\xdf\x95\x1e\xb2\x24\x80\x64\x6b\x84\x31\xd2\x54\xa1\x50\x8a\xcd\x37\x0a\xd0\x12\x01\xf6\xf0\x07\xa8\x5f\x9c\x5b\xc8\x27\x65\x8b\xfd\xb2\x85\xf1\x21\xd9\x10\x63\x1c\xa3\xd1\x9d\x63\x85\xf1\x42\xe4\x26\x25\x53\xd0\x02\x13\x7b\xae\xad\xcf\xa8\x60\xd9\x68\xba\x0c\x67\x7d\x8f\x61\x6b\x26\x1b\x91\x52\x05\xcf\xd5\x0d\x94\xad\x21\x36\x85\x90\x53\x86\xba\xee\xc6\x8e\x77\x1d\xda\xed\x4e\x73\x52\x74\x69\x13\x79\xe4\x4e\x83\x47\x6c\x6c\xc2\x36\x2b\x6f\x15\xac\xd1\x9e\x59\xd5\xd6\x3d\x96\x35\x1a\xd8\x0e\xe3\xdc\x3f\xcf\x21\x0e\x8a\x44\x27\x62\xea\xaa\xb0\xad\x54\xdb\x59\xdc\xc5\xa9\x67\xa3\x69\xe1\x9a\x58\xc0\x50\x70\x12\x5a\xc0\xd0\x34\xcb\xea\x36\xae\x3b\x2a\x50\xce\xf0\x32\x4c\x11\x6a\x66\x6b\x14\xe9\x13\x2a\x84\x5f\x59\xdd\xb6\x23\xf6\x4e\x21\x2e\xa3\xc2\x78\x3e\x1f\x29\x71\x10\xf3\xfa\x69\x1e\x79\x98\xb5\x91\xc5\x54\x28\xec\xea\x32\x24\x14\xb5\x31\xb4\x7a\x41\x18\x15\x41\x08\x5f\x37\x7d\x86\xcc\x04\xf6\xdd\x86\x3e\xaa\x5b\xe5\xbe\x95\x1a\xed\x2a\x43\x94\x0e\xb1\x0d\x59\x45\xab\xd8\x5b\xb7\xda\xee\x82\x51\x30\xe2\x10\xf7\xc7\x16\x19\xba\xa1\x0f\x71\x73\x57\xdf\x0a\x89\x05\x7b\x21\xe5\x72\x64\x62\x08\x41\xde\x32\xad\xb1\xc4\xee\x2a\x95\xc6\x47\xc7\x36\x45\x50\xab\x59\x3b\xcd\xfc\x9b\x21\xc0\x8e\xeb\xb3\x53\x6c\xc6\x45\x1a\x5f\xc7\xd3\xd0\x82\x68\xdf\x16\xf2\xf9\xff\xec\x8b\x5c\x31\xd4\x64\x23\xc6\x10\xcd\x72\x76\x86\xfa\x43\x4d\x49\x0a\x18\xc8\x61\x88\x0e\x21\xd8\x04\xbf\x59\x30\xc7\xcd\xda\xe6\xf8\xc3\xf4\xe7\x33\x46\x9c\x41\x44\x91\x2b\x8c\x0c\xef\x07\xf1\x33\xb9\xd8\xa5\xa4\x69\x41\xf0\xcd\xac\xf5\xad\x40\x71\xbc\x34\x8a\x6a\xbd\x15\x08\x33\x90\xe1\x53\x8f\xff\x72\x09\x16\xee\xf5\x00\xe6\x3c\x64\x10\xc7\xd4\xe9\xcc\xe0\x5a\x22\x6b\x6c\x6c\x6c\x2c\x29\xab\x9a\xd8\xd3\x6b\x76\x48\x52\xc2\x43\xc8\x66\x54\xc8\x95\x7a\xfa\x1d\xc2\x03\x69\x93\x29\x64\x8a\x79\x06\x31\xd1\x10\x47\x46\xad\x31\xab\x94\xcc\x6c\xee\x34\x24\x5c\xed\x3a\x37\x36\x18\x8f\x1e\xf9\xc5\x32\x0d\x6c\xdf\x78\xed\x66\x47\x2a\x4a\x54\xcb\x2a\x4a\x54\x5b\x79\x31\xaa\x8e\x54\x4c\x3c\x09\x86\xad\x7b\x9e\x26\xf1\x5c\x2f\xf1\x6a\x17\x0e\x62\x53\x93\x74\xd7\x95\xe2\xb7\x3c\x99\x4b\xd5\xa4\x7c\x64\x32\xdc\xa4\x52\x35\xb8\x70\xab\xb3\xb2\xb2\xfa\xec\xe1\x3f\xe6\xee\x55\x14\x13\x4f\x56\xc5\x67\xac\xaf\x4f\xcd\x08\x00\x40\xa5\x51\xac\xb6\xaf\xdd\x0a\xee\x3c\xee\x2c\xfe\x14\xdc\x39\xbf\xb1\xbc\x60\xf8\xd4\xde\x58\xfe\xb4\xa2\x34\x8a\x91\x4c\x62\x6a\x64\x28\x1c\x07\x58\xbb\xfe\x63\xb0\x72\x75\x63\xf9\x46\x25\x0c\x29\x87\xcb\x67\xbf\x43\xea\xd8\x91\xaa\xfc\x11\x1a\x8c\xb9\xaa\xa2\xb4\x6f\x3e\x58\xbf\xfd\x43\x70\xf3\x51\xf0\xe5\x9c\x62\xf3\xf7\x4a\xa1\x38\x3a\x36\x5e\xaa\x28\x7c\x6a\xb5\x52\xa3\x4a\x52\xeb\xf9\xbf\x6f\xa6\x95\xf8\x6c\x6b\xb5\xc4\x67\x91\x42\x81\xbc\xeb\xbd\x78\x88\xbf\x3c\x83\x62\x97\x55\x47\x52\x96\xef\x18\x0c\x13\x07\x52\x69\x68\x8d\x00\x4c\xea\x14\x74\xd7\x05\x0d\x4c\x62\xf8\x4d\xe4\xb0\x5c\x1d\xb1\x03\x36\xe2\x8f\xfb\x66\x0e\x9b\x29\x59\x77\x5d\x39\x5d\x8e\x64\x6b\xba\x87\x40\x03\x9b\x18\x3a\x57\x93\x73\x29\x61\xc4\x20\x36\xec\x00\x59\x51\x64\xd8\xd1\x7b\xd5\x20\x1e\xe3\xd3\x5e\xa8\xb8\x1b\x39\x39\x9d\xe3\x04\xda\x2f\xaa\x16\x68\x10\xbe\x02\xae\x2d\xb4\xc7\x75\x27\x43\x28\xbf\x8a\x5a\xe2\xb3\x57\xd4\xcb\x25\xcb\x23\x23\x00\xdd\xe0\x58\x4d\xb6\x6f\x86\x21\x2f\xe5\x88\x28\x01\x38\xa0\xc1\x51\xbf\x59\x43\x94\x8f\x7d\xf8\x21\xe4\xcb\xe1\x38\x8f\x89\x0f\x1a\x9c\x92\xf7\xc9\x19\xf9\x6d\xfe\x71\x84\x7f\xfc\x0f\xff\x38\xb9\x4f\x3e\x9d\x01\x0c\x5a\x2c\x3d\xd5\xc0\x36\x82\x94\x03\x55\x0d\x0a\xf9\xe2\x18\x6c\xdf\x0e\x18\x2a\xe0\xe7\x6c\xe4\xd4\x59\x03\xb2\x50\x48\x43\x0b\x1c\x50\x84\x40\x19\xf0\x8e\x1d\x62\xb3\x01\x50\xc4\x7c\xea\x40\x0a\x83\xa6\x69\x90\x87\x3d\xe0\x80\x0a\x4e\x8e\x91\x83\x78\x1a\x99\xa9\x62\x3a\xcd\x5d\x0a\xfd\xf3\x4f\xe1\xd3\xdc\xe6\xec\x80\x5b\xef\xe0\x26\x66\xa9\x89\x1a\xb7\x12\xeb\x8b\xfc\xe2\x83\x55\xc8\xa7\x61\x4f\xdf\x10\xd7\xf8\xf6\x3e\xc5\x93\xd3\xa0\x82\xbc\xfa\xec\xd2\xfa\xf5\xcb\xeb\x73\x5f\xcb\xe5\x7e\xdd\xc8\x33\x52\x5e\x42\xeb\x09\x46\xb1\x53\x4f\x79\xa0\x69\xe0\xf8\xb6\x0d\x7b\x40\x96\x41\x05\x2f\x9d\xa3\xc8\xb5\x75\x03\xa5\x94\x53\xdb\x2b\x55\xe9\xb4\x52\xcf\xf4\xd4\xa4\x8c\x24\xb2\x96\xbc\x5d\x56\xe5\xed\x7a\xd3\x2d\xcb\x19\xb9\xc2\x9f\x6d\xc6\x1f\xab\xfc\xb1\x1e\x3e\x4a\xfc\xf1\x7d\x9f\xb0\xb2\x3c\x9b\x3e\x65\x9c\x2e\xc3\x6c\x9a\x63\x4b\x82\xf3\x1a\x64\xea\x00\xa5\x84\xa6\x9a\x5e\x9d\x1b\xd0\x5d\x37\x87\x1d\x07\xd1\x43\x27\x8f\xbc\xc3\x89\x91\xdc\xf2\x88\x52\xa9\xca\x83\xc8\x7d\x0a\x27\xec\x00\x59\xec\xa4\x41\xaf\xb9\xe2\xa3\x84\x61\x03\xbd\x92\x66\x32\xb1\xa5\xe2\xa4\x66\x8a\x1c\x13\xd1\xc3\x8e\x45\x52\x66\x4c\x42\x6c\x41\xca\xcc\x35\x2d\xfd\x0c\x45\xef\xfb\x98\x22\x93\x13\xe8\x2d\x33\x67\x93\x7a\x1d\x99\x67\x70\x97\xae\x30\x88\x23\x1a\x05\x90\x2b\x8d\x42\x75\xfd\xe6\x5c\xe7\xde\x7c\x70\xe1\x7e\x7b\x6e\x7e\xfd\xbb\x8b\x9d\xa5\xf9\xb5\x5b\xf3\x15\xa5\x51\xe0\xe8\x12\xa2\xee\x40\x16\xec\x2c\xdd\xed\x3c\xbe\x17\x7c\xfe\x34\x78\xfa\x7d\x70\x79\x69\xed\xca\x7d\x38\x79\xec\xe4\xf1\x8d\xe5\x85\x23\x07\xf7\x6e\x2c\x7f\xfa\xcb\xdc\x47\x9d\xa5\xa7\x9d\x9f\xfe\x10\x9c\xbb\xdb\x59\xbc\xd3\x59\x9a\x0f\xae\xdf\x87\xbd\xae\x0b\xab\xcf\x1e\xc2\x68\x1e\xd6\xbe\xfd\x7d\xb0\xf0\xb4\xfd\xc7\x47\xab\xcf\xe6\xda\x0f\x6e\xaf\xdd\xf8\x18\x4a\xb0\xba\x72\xa9\x0b\x62\xf5\xc7\xbb\xc1\xe2\xc5\xf6\xc2\x65\x91\x69\x83\xe7\x4f\xda\x57\x7e\xea\xdc\xbe\xb8\xb6\xf2\xc5\xda\x8f\x37\x7f\x99\xfb\xa8\xa2\xb8\x03\x20\xc3\xee\x43\x24\x4d\x62\x22\x09\xc2\x3e\x44\xe2\x1b\x5f\x12\x9d\x49\x93\x98\x48\x93\x1c\xbf\x89\x28\x36\x24\x7e\xac\x10\xbb\x4d\x93\x4a\x12\x84\x54\x6c\x10\xdb\x44\x54\x93\xf2\xe1\x9f\x14\x36\xa7\x06\x69\xba\x36\x62\x48\x93\x88\x83\xb2\x0c\x37\x51\x56\xe8\x57\x06\xec\x47\x1d\x06\x07\x10\x26\xa9\x7d\xcc\x91\xaa\xc2\xa1\xe0\xf9\x13\xe1\x47\x45\x11\x52\x03\x53\xe3\x92\xd7\xf4\xea\x52\x35\x26\x42\xf4\x9e\x67\x16\xe1\xda\x16\xb9\x99\x23\x12\xc9\x39\x9e\x52\x63\xce\x56\x13\x62\x84\xbd\x49\xa1\x8d\x9c\x45\x0c\xdf\x4b\x75\x07\xbb\x34\x34\x49\x98\xa1\x53\x3d\x62\x09\x33\x61\xa1\xd2\x20\x25\x66\x4f\xea\xb6\x8f\x78\x56\x94\x79\xca\xa5\xb8\xd9\xd3\x24\x58\xfb\x96\xf2\x9b\x53\xf9\xec\xee\xd3\xad\xd2\xec\x7f\x28\x39\x86\x3c\x96\xe2\x1a\xd2\x7c\xc7\xbc\x10\x6b\xd3\xab\xcb\xe9\x97\x6c\xd3\x2e\xdd\x04\x8f\xda\x57\x1f\x05\x0f\xaf\x25\x28\x1d\xed\x2d\x91\x50\xe2\x44\xca\xff\x6a\xcc\xc9\x75\xfb\x28\x0d\x18\xf5\x51\x0f\xb2\x85\x98\xd1\xe0\x95\x0f\x8b\xba\x23\x67\xf8\xd1\x02\xb1\x06\x31\x55\x90\x8f\x1f\x3b\x71\x52\xce\x00\x6f\x69\x10\xf5\x54\x68\x81\x1c\x95\x98\xec\xc9\x19\x17\xc9\x2a\xf0\x9a\x69\x63\x51\x07\x95\xb3\x1e\x71\x64\x98\xcd\x84\x27\x71\x15\xfe\xf7\xc4\xb1\xa3\x39\x2f\xcc\x8e\xd8\x9a\x49\xb5\xc2\x50\xaa\x22\xa0\xb3\x69\x98\x4d\x77\x51\x00\xe4\x58\x03\x39\x89\x9a\x4d\x13\xc9\x91\xe6\xb8\xe2\x54\x7a\x50\xe6\x6c\x42\xa6\x05\x64\x42\x05\x9a\x23\x13\x19\x38\xab\xc2\x59\x98\x8d\xb2\xe3\x96\x46\x90\x97\x5c\xed\x4d\x82\x65\xe9\xb6\x97\x88\x56\x77\x91\x29\xf2\x72\x64\xe2\x8d\xd7\x34\xce\x90\x5c\xdd\x59\x7e\xc0\x22\x34\xe4\x56\xb4\xa7\xee\xfc\xb5\xf3\xf8\xae\xdc\x9f\x3b\x87\xd7\x97\xff\x29\x0a\x1c\x39\xb8\x17\xc4\xbc\xf6\xc2\xe5\xe0\xc2\xd7\x1b\xcb\x37\x3a\xe7\xbf\x0b\x2e\xdc\x17\x69\x28\x78\xfe\xa4\xb3\xf2\x20\x58\x78\xb4\x76\xe5\x7e\x7b\xe1\xa9\xb8\x8a\x59\xbb\x7a\x71\xfd\xcb\x6f\xfa\x34\xfd\xab\xfe\xf0\x84\xdf\x6f\xfe\x62\xfb\xe1\x9f\x83\x9b\xf7\x45\xe3\xda\x79\x7c\xaf\x6b\xb5\xdb\xc1\xca\xfd\x91\xb5\x89\x6e\x26\xb7\x13\x0c\xac\x9e\xa1\x73\xae\xf6\xf5\x75\x9b\xaf\xd7\x9b\x2d\x8a\x48\xc0\xeb\x57\xae\x77\x96\x96\x7a\x25\xab\x8b\x2b\x0e\x3c\xb7\x4c\x1c\xc3\xc6\xc6\x44\x98\x86\xc2\xec\xd1\x9f\x6a\x88\x33\x81\x66\x4c\x32\xc5\xf3\x54\x0f\x36\xe2\xb8\x39\x8b\x50\x6e\x02\xcd\x84\x1d\x8e\x7c\x80\xb7\xfa\x72\xba\x97\x84\xca\x30\x1b\xeb\x8a\x56\x7c\x44\x18\xef\xf6\x62\xe1\xd9\x5e\xe3\x65\xd2\x41\x6c\x8a\xd0\x09\x8f\x53\xe7\xd4\xe9\x74\xb9\x4f\xe4\x10\x6b\xda\xa0\x85\x8f\x51\xeb\x15\xa9\xdd\x03\x72\xc5\xb7\x63\xcf\xf9\x7b\xc1\xc7\x50\xb2\xa9\xbb\x89\x40\x3b\x89\x8d\x26\x57\x6c\xdc\xe5\xad\x13\x71\x93\x0f\xf1\x18\xe5\xce\x12\xec\xa4\xe4\x98\xb2\xbe\x5d\x95\x23\x6b\x2a\xc8\x15\xcf\xd5\x9d\x81\x32\xdb\xbe\x76\x6b\x63\x79\xa1\x7d\xf3\xbb\xf5\x73\x97\xd6\x56\x16\x83\xcf\x97\x3a\x8b\x3f\xaf\x5f\x5b\x14\x6b\x10\x1e\x55\xf8\xac\x98\x29\x61\xa5\x70\x27\x4b\xef\x92\x29\x1e\xf3\xdc\x24\xa6\xcc\xd7\xed\x33\xd8\x2d\x25\xbc\x4a\x2c\x28\x25\x53\x52\xb5\xcf\xf0\x84\x54\x0d\x3e\x39\xb7\xb6\xf2\x05\x1c\x3e\x3e\x59\x8a\xd4\xf7\x49\x4c\xf6\xf6\x65\x9f\x85\xc8\x29\x31\x41\xf0\xa2\xe7\x9c\x68\xab\x5f\xd4\x8c\x84\xad\xc8\xf0\x3d\x68\x5f\x17\xf2\x72\xdc\xed\x9b\x97\x82\x0b\xb7\x83\xeb\xf7\x83\xcb\x97\xd6\xbe\x7d\xf4\x52\xec\x1e\xa2\x93\x88\x9e\x71\xf4\x26\xda\x04\xfb\x6b\x18\x16\x29\xe3\x15\xad\xfa\x1e\xa2\x6f\x6e\xb2\xb3\x34\xbf\xfa\xfc\xde\x2b\x9a\x34\x10\x65\xa1\x9b\x61\xf2\xcc\xca\x6f\x66\x3a\x38\xf7\x40\xd0\xe3\xa5\x76\x5d\xbf\x66\x63\xe3\x0c\x76\x7f\x1d\xbb\x31\x2d\x5f\x83\x94\x5b\x59\x8c\x37\xca\x6b\x20\x58\xfc\xa6\xbd\xf0\x74\xed\x2f\x4b\xab\xcf\x7e\xd7\x59\x59\x69\xff\x30\xbf\x7e\xfe\xf3\x2d\xd0\x74\x0f\x8f\x66\xce\x77\x79\xf6\x3e\x53\xe3\x3f\xdf\x30\x0c\x3d\x10\x17\x56\x97\x6f\xbd\x0e\x08\x9e\x6a\xff\x0d\x30\x78\x2c\xc4\x51\x70\x6b\x18\xe2\xc4\xd9\x8d\x85\xcd\x7f\x9e\x89\x0e\x96\xbf\x56\x38\x5e\x07\x47\x37\x1c\xaf\x86\xa4\x51\x84\xf0\x12\x4b\x93\x12\x77\x86\x85\x5d\xee\xb4\x54\xed\xe5\xe5\x1b\x1f\x8b\xd4\x1c\x5e\x21\xc5\xe5\x22\xac\x31\xb1\xa2\xc1\x73\xdb\x9e\xa1\x83\x03\xf1\x19\x3f\x39\xc4\xc0\xbb\xf7\x81\x52\x35\xbe\x1e\x5a\x08\xfe\xf4\x55\xfb\xca\x13\x61\xaa\xfd\xe5\x6f\xd7\xaf\x5f\x0e\x6b\x41\xf7\x68\xc1\x33\x6e\x3a\x4a\xb9\xc3\x67\xc5\x5e\x53\xb7\xd5\xe9\x40\xc0\x90\xd3\x89\x2a\x3e\x78\x67\x94\xe8\xf8\x0c\xe2\x58\x98\x36\x53\xf2\xda\xed\xc5\x60\xf1\x86\x40\x1a\x5c\xbe\xb6\xb1\xfc\x75\xfc\xfc\x59\xf0\xe8\x13\x01\x3c\x78\xfa\x7d\x74\x98\x8b\xe3\x25\x9c\xf8\x65\xee\x23\x39\x9d\xee\xab\xe8\x30\xd4\x84\x13\x9f\x6d\xd2\x85\xf3\xea\x3a\xd0\xbe\xf2\xaa\x1c\xf5\x4c\xc9\xfe\x24\xee\x14\x60\xe0\x9c\x2d\x44\x23\xbf\x12\x26\xb1\x63\x11\x79\x48\x39\xed\x45\xe0\xcd\xdb\x70\x81\x68\xd8\x46\xb2\xff\x1e\xe8\xab\x7b\x17\x19\x83\xcd\x71\xfb\xda\xad\xf6\xdf\xae\x0a\x3e\xca\xe9\xe1\x8e\x38\x71\x9f\x10\x4e\xed\x99\xdf\xac\x81\xec\xd9\x91\x93\x8d\x9f\xdc\x8d\x29\x57\x1b\x77\xa6\xb3\x69\xfe\x59\x51\xe2\x4b\xc6\x8a\x12\x5d\xf3\x2a\xe2\x3f\x5b\xff\x19\x00\x00\xff\xff\xae\x58\x26\xe0\x7d\x1d\x00\x00")

func openwrtNftablesClientPageHtmlBytes() ([]byte, error) {
	return resourceSetBindataRead(
		_openwrtNftablesClientPageHtml,
		"openwrt-nftables/client-page.html",
	)
}

func openwrtNftablesClientPageHtml() (*asset, error) {
	bytes, err := openwrtNftablesClientPageHtmlBytes()
	if err != nil {
		return nil, err
	}

	info := bindataFileInfo{name: "openwrt-nftables/client-page.html", size: 7549, mode: os.FileMode(436), modTime: time.Unix(1790391590, 0)}
	a := &asset{bytes: bytes, info: info}
	return a, nil
}

var _openwrtNftablesClient_offlineSh = []byte("\x1f\x8b\x08\x00\x00\x00\x00\x00\x00\xff\xc4\x7a\x6d\x73\x13\x47\xb6\xff\xfb\xf9\x14\x27\xe3\x21\x92\xc2\x5f\x11\x26\x64\x6a\x6d\x22\xea\x2f\x6c\x13\x54\x6b\x04\x65\x3b\xe4\xde\x22\xdc\x29\x79\xa6\x85\xa6\x32\xd6\x28\x33\x23\x27\x7b\x6d\x57\x99\x60\x83\x0c\xc2\xf6\x2e\x0e\x0f\xb6\x79\x4a\x0c\x38\xd9\x45\x4e\xb2\x2c\x08\x59\xc6\xdf\x65\xa3\x1e\x8d\x5e\xe9\x2b\xdc\xea\xe9\x19\x69\xf4\x60\x83\x31\xc9\xf2\x22\x56\x77\x9f\x3e\xe7\xf4\xe9\xf3\xf0\x3b\x3d\xe9\x7a\x2f\x34\x2a\xa7\x42\xa3\x71\x3d\xc9\x30\xd1\xd8\xc8\xc0\x50\x2c\x32\x28\x44\xce\x44\xc3\xac\x20\x78\xc7\x82\xc0\x32\x83\xa7\x3f\x15\x4e\x44\x07\x07\xc8\xda\xe7\xa7\x87\xfe\x1c\x8d\x7d\x2a\xf4\x47\x87\x04\x21\x9e\x31\x92\x1f\x2a\xea\x05\x96\x19\x1e\x18\x3a\x3b\x30\x24\x44\xfb\x09\x4d\x7d\x40\x36\xd7\x97\x08\xd3\x13\x91\xbe\x01\x2f\x85\x3b\x47\xa5\xf4\xfd\x79\x07\x31\xa2\xf2\xa1\xa2\x8a\x5f\xb2\x0c\xd3\x05\xa9\x84\x11\x1f\x55\x90\x5e\x2b\x2d\x5b\x0f\xd7\x21\x04\xd5\x1b\xaf\xc8\x7f\x57\x2e\xe3\xc5\x6c\x65\xf3\x86\x79\x6f\xc6\x7a\x72\x11\x44\x45\x46\x29\x43\x50\x53\x8a\x9c\x42\x1f\xea\x49\xa8\x3e\x7c\x5e\xbd\xb4\x6e\x6d\x3c\x33\x6f\xcf\xff\x36\xfd\x2d\xd3\x05\xa7\xd3\x28\xf5\xb9\x66\xd4\x4a\xcb\xe6\xad\x07\xd5\xd5\x69\xd0\x33\x92\x5a\x2b\xe5\xca\x5b\xdb\x95\xa5\x75\x22\x08\x2a\x9b\x77\xf1\xc6\x4b\xeb\xc5\x06\x7e\x35\x43\x36\xc5\x4e\x8c\x08\xc7\xa3\xb1\x30\xcb\x32\x09\x55\x03\x81\xd0\xc8\x29\x08\x65\x74\x2d\xa4\x13\x83\x92\x09\xcf\x2f\x32\x5f\x1f\x38\x3f\x8e\x82\xa4\x32\x00\x00\x72\x02\xce\x41\xf0\x1b\x60\x39\xc2\x87\x85\xf3\x47\xc1\x48\xa2\x14\xd4\x85\xd0\xf9\xa3\x30\xaa\xa1\xf8\x97\x47\x21\x21\x33\x92\x9a\x42\xcc\x39\x08\xfe\x2f\xb0\x9c\x43\xc6\xc2\x79\x78\xff\xfd\xc6\x26\xb2\x85\xe8\x19\x6e\x50\x30\xcc\x48\xe4\xf8\xe0\x80\x10\x8b\x9c\x1a\x08\xb3\x6a\x1a\xa5\xc6\xd3\x29\x62\x55\x81\xab\x5f\x15\xcb\x44\xfa\x06\x85\xbe\x93\x11\xc2\x23\x2e\x2a\x2c\x73\x32\x32\x7c\x52\x18\x1c\x88\x85\xbb\x79\x86\x51\xd4\x0b\xc2\x18\xd2\xf5\xf8\x05\xe4\x0f\xc0\x84\xad\xbf\xa2\x8a\x71\x05\x14\x34\x8e\x94\x30\xcb\x75\xb3\x9e\x49\x87\x34\xcc\x72\x87\xe9\x34\x12\x93\x2a\xb0\x9c\x5f\x8a\x1b\x08\x7c\x07\x0f\xfc\x77\xf0\xc0\x58\xf0\x80\x04\x07\x4e\xf6\x1e\x38\xd5\x7b\x60\xd8\x17\x80\x73\xdc\x84\xcd\x6b\xea\x3c\x70\x13\x0e\x83\x29\x16\x8e\x1d\x03\x96\x73\x3d\x90\x65\xa6\x88\x0f\xe0\xfc\xf7\x66\xf6\x45\xe5\xef\x1b\x95\xd5\xfb\x38\x7f\x0f\xaf\xfe\x8c\xef\x4e\xd7\x4a\xcb\xe4\x46\xcf\x9e\x89\x01\x5e\x5d\x87\xe8\x99\xf1\x23\x40\x48\xbe\x7d\x69\xe5\x5f\x55\xb6\xf2\x60\x68\x19\xdd\x40\x92\x20\xa7\x6b\xa5\x9c\x43\xc2\x3b\x24\xe6\x12\xa1\xf2\x90\xf0\xd4\x47\xca\x85\x35\x6b\x7a\xb6\x5c\xfc\x9b\x79\xf3\x51\xad\x94\x33\xaf\xe7\xcd\xa7\x6b\x95\x87\x79\x9c\x5f\x6e\x96\xbd\x42\x99\x2d\xad\xc3\xb9\xb8\x24\x69\xe7\x7b\xd3\xaa\x66\x00\xde\xfa\x1e\x97\x16\xaa\x17\xb7\xf1\xec\xf5\x72\x61\xbe\xf2\xf7\x0d\xbc\xf0\x83\x79\xad\x64\xce\x3f\x2a\x17\x9f\x54\x96\xee\x9b\x4f\x9f\x94\x5f\xce\x11\x59\x43\x03\x91\x41\xa1\x6f\x30\x3a\x10\x1b\x11\x22\xfd\xfd\x43\xc4\xc7\xa8\x87\xa4\x80\xe5\x1a\x8a\xd5\xfd\xc4\xb6\x6b\xfb\x2e\x0f\x69\x6f\xfd\x37\x51\x86\x65\x90\xd2\x89\x21\xff\x3a\x8e\xe7\xbc\xc4\xe7\x5b\x99\x26\x64\xc6\xb6\xd3\x7c\x7b\xc8\xe1\x7c\x0e\xcf\xae\x97\x0b\xd3\xd6\x95\x67\xb5\x52\xae\xb2\xb4\x5e\x2e\xce\x97\x37\xe7\xf1\xd3\xdb\xf8\xdb\xf5\xca\xf2\x0c\x88\x6a\x2a\x85\x44\x23\x68\xc8\x63\x08\x22\x7d\x83\x60\x6d\xdf\xc6\xf3\xf7\xf1\x62\xae\x5c\x98\xae\x6c\xce\xe0\x1b\x59\x5c\xc8\x31\x8a\xac\x1b\xc2\xf8\x11\x41\x94\x25\x4d\xaf\xfb\x9f\xa1\x41\x50\x02\xdf\x17\x9a\x0f\xbe\xb0\x27\xc8\xbf\x49\xd0\x91\x44\x8e\xe8\xd3\x43\xff\x73\xee\x5c\xaf\x9e\x8e\x8b\xa8\xf7\xfc\xf9\x0f\x8e\x74\x85\x42\xe9\x76\x4a\x9f\x1e\xf2\x52\x71\xa1\x50\x33\xcd\x05\x0d\xa5\x21\x38\x0e\xbe\x26\x66\x5c\x0b\x23\x72\xd7\xc1\x0c\x33\xe5\x68\xca\xef\x4b\x53\xfe\x0f\xd1\x94\x19\x93\x53\xaa\x26\x24\x34\x75\x4c\x18\x3f\xd2\x12\xd4\x82\x08\x82\x04\xa7\xec\x19\x41\x0c\x73\xfe\xb4\x26\xa7\x8c\x04\xf8\x0e\xe8\x3e\x20\xb1\x0e\x93\x20\x66\x0c\x08\x4a\x1f\x42\x30\xf1\x51\x80\x12\x4a\xaf\x23\x3c\x42\x09\x4f\x85\x39\xbf\x1f\xfc\xdc\x84\x20\xf6\x06\x0f\x4d\xc1\x27\x9f\xc0\x9f\x02\x30\x09\xdc\x84\x20\xd9\x13\x01\x4a\x77\x0e\x58\xee\x14\x0b\x41\x05\xc1\x21\x9a\xe5\x4e\x85\xbb\x9b\x56\x2e\x20\xe0\x3f\xfe\xf8\xa3\x8f\xdd\x55\x32\x38\xd2\x44\x81\xbe\x82\x9e\x9e\x9e\x1e\x97\xa0\xa7\xa7\xe7\x4f\xf6\x7a\xb3\x9e\xa7\x48\x62\xf1\x1a\x84\x6f\x35\x48\xd2\xb5\x46\x32\xcc\x4d\x74\x77\x75\x7d\xd0\x3b\x65\x8f\xc5\xb8\x8e\x48\x06\x4f\xb2\xa4\x10\xf8\x7c\x93\x1f\x9c\x7b\xef\x50\xb0\x27\x1e\x4c\x44\x82\x27\xce\x7f\x10\x20\x1b\x0e\xc1\xd1\xa3\x80\xf4\xb8\xe8\x39\x7d\x37\xdf\xc5\x4d\x08\xc9\xff\xe0\x71\x19\x27\xc8\xa3\x67\x8e\x84\x59\x4e\x4e\x88\x6a\x2a\x21\x5f\x10\xd2\xaa\xaa\x08\x1a\x1a\x53\x0d\x44\xb2\x4d\x83\x8a\xdf\x99\x8a\x67\x9b\x2a\x04\xb0\xd1\xd8\x89\xd3\x2c\xb0\x95\xa5\x75\x33\xfb\xa2\x5c\xb8\x56\x29\x6e\x43\x1f\xd2\x0c\x39\x21\x8b\x71\x03\xc5\xe2\x63\x08\x38\x51\x1d\x1b\x53\x53\x42\x8a\x0c\x3e\xd3\x91\x06\x5c\x46\x47\x9a\x3d\x3c\x2b\x6b\x46\x26\xae\x40\xf4\x4c\x2f\x70\x0d\x3d\x3d\xf3\xbc\x77\x81\x87\x3e\x3b\xf7\x50\xfa\xd6\x0c\x06\xc7\xff\x62\x20\x1d\x86\x90\x88\xe4\x71\x24\xf5\x02\x37\x4a\x26\x04\xcd\x99\x70\xd6\x87\x51\xca\xa8\xaf\xe9\x84\x5b\x7f\x46\x8b\x1b\xb2\x9a\xea\x05\x8e\x24\x28\x41\x72\xc6\xa0\x23\x51\x4d\x49\x3a\xcb\xa0\x94\xa8\x4a\x48\x12\x5c\xc5\xc3\x9c\xdf\xae\x74\x76\x8a\x75\x27\x49\x0c\x8c\xc6\x75\xc4\x1f\x81\xe0\xd7\x70\x08\x26\xeb\xf9\x20\xe5\x0b\x90\xe4\x69\xce\x3d\xb1\x1e\xe6\xa8\x99\xf0\x5f\xb7\xca\x9b\x6b\x8c\x86\xbe\xca\x20\xdd\x10\x46\x55\xe9\x2f\x61\x56\x47\xda\x38\xd2\x04\x99\xe8\x5e\xaf\xd8\x8c\xcb\xbf\x17\xb8\x56\x3d\x18\x0d\xc5\x15\x41\x4e\x0b\xa4\x16\x75\x30\x09\xe3\xe4\x6a\x11\x69\x86\xe0\xf0\xf0\x5c\x07\x33\x4e\xed\xec\xe1\xd0\xb8\x04\xcf\x22\xdf\xb6\xca\x33\xcd\xb6\x6d\x33\x36\x53\xb7\xaf\xd4\x64\x6c\x96\x61\xc4\x8c\xa6\x40\x50\x87\xe0\x7f\xc1\x99\xd3\xc3\x23\xc4\x44\x2c\xe7\x35\x04\x0b\x49\xc3\x48\xf7\x86\x42\x9c\x17\xa1\x86\xc8\xa1\x43\x6a\x22\x41\xca\x0e\x31\x67\x98\xfc\x03\xb3\x30\x5b\x59\xbc\x8c\x0b\x8f\x71\x7e\xab\x7a\x67\xb1\x3a\x7d\x1f\xfc\x86\x18\xa0\xab\x4c\x17\x88\x4a\x5c\xd7\x65\x29\x94\xd6\x64\x95\x94\xaf\x72\xe1\x6a\xa5\xb8\x6d\xcd\x2c\x9b\xab\xff\x70\x4b\x56\xd6\x5c\x9d\x73\x80\xc4\x12\x45\x14\x04\x39\x2c\x3e\xc6\xd9\x3b\xce\x04\x5f\x2b\xcd\xd5\x4a\x2b\xe6\xad\x07\x56\xbe\x68\xde\xde\xc0\x8b\x8f\x29\xda\xb0\xb6\xaf\x50\xa9\xd5\x4b\x5b\xf8\xe7\xbb\xd6\xc6\x77\x54\x21\x17\x56\x5c\xb3\xb6\x1c\xb5\xf0\xc2\x86\x75\x69\x0b\x6f\x16\xf1\xea\x7a\xb9\xb0\x69\xce\x3f\xc2\x0b\x3f\x80\x9c\xba\xa0\x21\x5d\xf7\x6b\x48\x92\x35\x24\x1a\x80\xb3\x3f\x83\x9c\x18\x05\x33\x7b\x13\xd2\xaa\x22\x8b\x28\x40\xb0\xea\x4b\x67\xbf\x79\x7b\xc3\x5e\x26\xc7\x58\x9e\x81\x93\x23\xc7\xa1\xf2\xcb\x66\xad\x94\x63\xba\xc0\xda\xbe\x53\xbd\x92\xab\x6c\xde\x2f\x17\xa6\xcd\xab\x57\xcb\x85\xb5\xca\x93\xeb\x78\xeb\x7b\x73\xfa\x62\xf5\xd2\x16\xd5\xcb\x9c\x9f\xdb\x1d\x15\x57\x56\x9e\x11\xd4\x42\xb1\xb1\x21\xd6\x4a\x2b\xd5\xd5\x69\x9c\x9f\xb3\x7e\x98\x05\x43\x04\xbc\x70\x15\x5f\x9e\x35\x1f\x14\xcc\xf5\x87\xf8\xee\x2d\xd0\xc5\xa4\x90\x34\x46\x43\xa2\xa2\x0b\x99\x8f\x0e\x87\xc8\xd8\x39\x53\xad\x94\xa5\xe7\xc7\x0b\x8f\x89\x00\x39\x31\x7a\x30\x2e\x1a\xc2\x98\xac\x69\x48\xb2\x0f\x48\x86\xf4\x90\xb5\x92\xad\xd7\x48\x5f\x13\xee\x36\x44\x1b\x76\xdb\x40\xdb\x10\x3d\xf8\xdb\x1d\xb8\xbf\xe9\xdf\x4e\x90\xdb\x10\x1b\x88\xdb\xe5\x6e\xcf\xee\x84\xb7\x29\x91\x03\xb7\xdd\x1d\x86\xc8\x32\x4c\xf4\x4c\x93\x72\x72\xba\xa1\x9c\x9c\xf6\x28\xe7\x0e\xdc\xdf\xf4\x6f\x27\xe5\x3c\x30\x0f\x5c\xee\xf6\xec\x4e\xca\x51\x22\x47\x39\x77\x07\x49\xdf\x4c\xf4\xc4\x71\xa1\x7f\xe0\x6c\x98\x55\xc7\xd3\x29\x4d\xe1\x26\xea\x09\x64\x8a\x34\x06\x7d\x74\x91\x6b\xed\xc8\x6c\xf0\x39\xe1\xa2\xc5\x46\xf4\x13\x11\x93\x93\x6d\xf3\x14\x44\x4e\x11\xe9\x72\x1a\x14\x39\xf5\x25\xe8\x49\xf5\x6b\x6a\xb6\xfe\x81\xb3\x2c\x1c\x0b\x49\x68\x3c\x94\xca\x28\x0a\x1c\x3e\xf6\x7e\xb7\x07\x71\x76\x35\xc2\x0f\xcf\xfe\x52\x59\x5a\xa7\xf0\xcf\xbc\x7a\x15\x12\xa4\xed\x23\x6e\x5e\xf8\xd5\x7a\x98\xc3\xb9\x9b\xd4\x59\x6b\xa5\x5c\x1d\x53\xe3\x97\xcf\xf1\xc2\x5f\xcb\x85\xab\x21\x9a\x40\xad\xed\x95\xca\xfa\xb5\x72\xf1\x6f\x95\x95\x82\xf5\xf8\x72\x65\xe5\x26\x7c\x25\xc9\xba\x18\xb2\x03\x3e\x94\x90\x15\x03\x69\xb6\x5c\xbf\x6b\xf5\xf7\xa8\x1c\xe8\xf1\x28\x45\x4b\xbf\xa7\xa4\x7d\x1e\x19\x8a\x45\x63\x9f\xd6\xab\xda\x0e\x25\xab\xa5\x62\x85\xbc\x45\xca\x9a\x7f\x81\x17\x6e\x3a\x69\x61\xe9\xa2\xf5\x7c\xd6\xbc\xf5\xbc\x56\xca\x59\x2f\xfe\x69\x6d\x5f\x21\x51\x44\x8f\xc7\xd6\x35\x40\xdf\xc8\x06\x1c\xb2\x87\x09\xd9\xe3\x24\x6d\x77\xd2\xa2\xf9\xa9\x68\xec\xf4\x50\x98\xf3\x37\x61\xbc\xe6\x3d\x14\x73\x20\x45\x47\xbb\xee\xe2\x9b\x6f\x39\xe0\xea\x52\xbf\xb9\xab\xe5\xd2\x03\x3b\xa2\xdd\xcc\xa5\xa9\xaa\x01\x49\x63\xb4\x56\x9a\xb3\x89\x9c\xc0\x01\x6a\x79\x90\x90\x02\x12\x1a\xf7\x78\x46\x3a\xae\x91\x6a\xdb\xdd\x0b\x69\x4d\x35\x54\x51\x55\x88\x0f\xd9\x79\x99\xb3\x55\x82\xcc\x47\x87\xe1\xb0\xc7\x81\x26\x49\x09\xcd\xa0\x7d\xb0\x1f\xe7\xf7\x2c\xc0\xf6\x9f\x0e\xfc\x9d\x42\x02\xdd\xbd\x0e\xb3\x9d\x18\xb9\x69\xbf\x56\x5a\x6e\xcb\xf3\x6e\xde\x76\xd3\x7d\x88\x66\x3f\xb0\xb6\xaf\x98\x9b\x6b\xf8\xce\xfa\x9e\xce\x9a\x48\x24\x12\xbf\xaf\x35\xdb\x24\xec\xc1\xa0\x1e\x3b\xb4\x57\xac\x72\x61\xbe\x7e\xe6\x5a\x29\x6b\x5d\x7b\x44\xba\xc5\xd5\x75\xd7\x9b\xe4\x04\x38\xc9\xae\x29\xcb\x38\x59\x6e\xb7\x34\xb3\xeb\xf1\xea\xfb\xf7\xe7\x8c\xfb\x90\xb1\x07\x03\xee\xe6\x95\x75\x21\x6f\xec\x96\xf4\x4a\x9c\x9b\xc0\x2f\x7e\x25\x58\xe6\xca\x4f\x38\xbf\x5c\x7e\x39\x67\x43\x88\x2c\x5e\xf8\x09\xcf\xfd\x58\xdd\xbc\x6d\xe5\xd7\xec\xf6\xa2\x56\x9a\xa3\x99\x0b\x2f\x6c\xe0\xec\x83\xea\x9d\x35\x7b\xbf\x95\x7f\x85\xd7\xae\xe0\x95\x7b\xe6\xd2\x73\xeb\x5f\x33\x66\x71\xb1\x2e\x60\x68\xe0\x54\x24\x1a\x13\xfa\x06\x87\xc3\x9c\xbf\x59\x77\xfb\x06\x5b\x94\x6f\xd2\xd5\xe9\x6c\x45\xf0\xd1\x0d\x49\x63\x14\xba\x7b\x7d\xee\x21\x02\x75\x21\x76\x6e\x64\xb9\x89\x86\x30\xd2\x5e\xd1\x8e\xaa\xbb\x2d\x47\xda\x56\xf4\xba\x12\x31\xe2\x4e\x3a\xb4\xd8\xcb\x49\xc6\xce\x9f\x9d\x5b\x9f\xb7\x28\x12\xe4\x06\xec\x2a\x40\xea\x81\x03\x5c\x5b\xef\x92\x16\x88\x00\xf4\x1c\x63\xb9\xfa\xb3\xa9\xfb\x14\x83\x17\x6e\xe2\x95\x7b\xd6\xc6\xa3\xfa\x2b\x19\xad\xad\xe6\xad\xe7\x24\x94\x66\x1f\x91\x68\x8b\xf4\x0d\xd6\x4a\x59\x0a\x9d\xe3\xa2\x12\x22\x67\x2f\x97\x96\xad\xed\x25\xbc\x72\x8f\x94\x54\x7a\xab\x11\x49\x42\xd2\xb0\xdd\x7d\x44\xfa\x06\x87\x90\xa8\x6a\x12\x89\xc4\xdf\xbb\x3d\x79\xfb\xfe\x83\x65\x34\xa4\x67\x14\x23\xcc\xf9\xf7\xd5\x4f\x38\x46\x09\xb4\x34\xb6\xfd\x03\xc7\x3f\x23\x18\x20\x2e\x2a\xf8\xf2\x2c\xce\xbf\x04\x8e\xca\x63\x19\xa6\x2f\xda\x3f\x34\x7c\xa4\xe9\x0d\xe4\x8b\x94\xcf\x96\x69\x53\xc0\x24\x34\x3d\x64\x05\xe8\x0e\xfe\x0d\x76\xf0\xee\x0e\x5a\xfe\x09\xe2\xa3\xd2\x1c\xc4\xe7\x9d\x6b\x79\xcf\x7b\xd7\x20\xc6\x5c\xfd\xc9\xba\xb4\x45\xdf\xe9\xe8\x93\x5d\xfe\x67\xbc\xf5\x5d\x1d\xc6\x78\x21\x8c\x03\x5f\x88\x5f\xda\x30\x8b\x8b\x9d\x18\xb1\x4f\x04\xf6\x1b\x3e\xc8\x29\x64\x90\xda\x52\x7f\x9d\xde\x2d\x7f\xef\x70\x10\xf7\x7b\x00\x58\x0f\xd7\xc1\xc3\x0a\xca\x85\xeb\x6e\xe9\xd8\x5d\x35\x52\x8f\x9e\x55\xbe\xcb\xe1\x5c\x91\x94\xe6\xcd\x79\xb3\xb8\x58\x5d\xb9\x5c\x79\xb2\x59\xbd\xb3\xe6\x8d\x23\xd2\xe8\xd1\xa5\x1f\x8b\xe5\xe2\x65\x9c\xbd\x63\xe6\xe6\xfe\x3d\xbd\x8a\xb3\x0f\xca\x85\xcd\xea\x8d\x57\x44\xcc\xd6\x3f\x20\x78\x0c\x12\x4a\x46\x4f\xe2\xa7\x8b\xd5\x1b\xaf\xc8\x10\x67\x1f\x34\x0d\x74\x64\xfc\x7b\xfa\x6e\x65\x79\xa6\xfa\xb0\x88\x8b\x0b\x34\x65\x32\xff\x21\x40\x1a\xe9\x1b\x6c\x47\xa3\xa9\x84\xb1\x3b\x18\x75\x4a\x79\xb0\xfe\x8f\x36\xca\x8d\x71\x2b\x5c\x6d\xf1\xd7\xd7\x41\xd8\x93\x91\xe1\x93\x1d\x22\xc3\x65\x33\x09\x7a\x32\x7e\xf8\x63\x5e\xcf\x8c\xb9\x4f\x8c\x62\x77\x90\x73\x3f\x5a\x34\x8a\xc2\xf0\x50\x9f\x30\x3c\x30\x42\xfa\x1f\x6f\xef\x23\xe8\x02\x37\x41\xa8\xa7\x1a\x07\xec\x1f\x1e\xe9\x48\x2a\xb5\x93\x0e\x7f\x76\xdc\xfd\x58\xd2\x42\x2c\x36\x88\xbd\x85\xc9\xeb\xfc\x3a\x32\x3a\xb9\x3e\xcb\x39\xba\xbe\x0e\xc5\xec\xe2\x0a\xd4\x3f\xc1\xe5\xd4\x08\x02\xbf\xf3\xcc\xe0\x56\x17\x33\x7b\x93\x3e\xae\x13\x8a\xdc\xcb\xea\xec\xf5\x00\xec\xc5\x8f\x3c\x6e\xe1\x6d\x21\xec\xa2\x4a\x0e\x2a\x21\x05\x19\x08\x90\x82\xc6\x08\xd6\xd9\xfd\xb8\xec\x44\xd3\x2b\xdf\x54\x5b\xf1\xfd\xa2\x49\xc0\x2e\xe7\x2f\x6f\xce\x37\x0e\x4f\x23\xb8\x89\x35\x5e\xfb\xc5\x7a\xf6\xa8\x61\x8c\xba\x7d\x02\x9e\xeb\xa2\x9e\x4d\x4d\x89\x5f\xfc\x5a\xf9\xb1\x68\xde\x7a\x6e\x7f\x0f\xac\x5f\x1f\xd9\x77\xf9\xba\xf5\xea\x06\xbe\x52\x74\x0f\xa9\x83\x99\xff\x57\x13\x13\x0a\x44\x9c\x47\xdc\x26\xf3\xbc\xa1\x1f\x74\xc2\x41\x5f\x81\xcf\x15\x68\x63\x20\x47\xc8\x21\x66\x67\xff\x78\x0b\x4c\x02\xb4\x9b\xf6\xa7\x12\x46\x00\x74\x4d\x0c\x37\xac\xba\x39\x03\x76\x9c\x01\x9e\xfb\xb1\xbc\x75\x27\xcc\x51\x0d\x5a\x0c\xe8\x80\x31\x67\x0d\xc2\xc0\x1e\x6a\x0f\xf2\x86\xb5\x9d\x44\x38\xfb\xcf\xea\x52\xbe\x56\x5a\x8e\x8b\x0a\x90\x84\xfa\x64\x06\x67\xef\xe0\xd2\x77\x44\x75\xfb\x3e\x7e\x9b\xbe\x48\x33\xa9\x77\xa9\xb2\x92\x37\x1f\x5c\xa9\xae\xd8\x0f\x03\xab\xd3\x78\x36\x8b\xb3\x0f\x1c\x82\xcb\xd7\xeb\xc9\xb7\x5c\x98\xa7\x9f\x89\x7f\x9b\xfe\xb6\x93\x0a\xd3\xcb\xa4\x0d\x4f\xc6\x53\x92\x82\xa0\xf2\xeb\x2b\xfa\x9d\xaf\xbc\x75\x1d\x1c\x75\xca\x85\xa7\x54\xa0\xb5\xf1\xc8\xa9\x04\xcb\x33\x34\xe9\x3b\xd2\x16\xe7\x29\x72\xea\x24\xe1\x64\x24\xd6\x3f\x38\x40\xf0\x2f\xf1\x80\x60\x9c\x3a\x81\x98\x8c\xcb\xa9\xce\x6e\x50\xff\x22\xdb\xec\x08\xed\xc1\x00\xf6\xb7\x9d\xf8\xd7\x5f\x42\x70\x1c\xf4\x30\xfb\xff\x1b\x1e\xe4\x93\x53\x12\xfa\xc6\xcf\x1d\xfa\x7f\x7a\x60\x22\xa1\x6a\x7e\x39\xdc\x7d\x54\xfe\x24\x1c\x3b\x71\x54\x3e\x78\x30\x00\x72\xc2\xcf\xc9\xe1\x30\x4b\x4f\xcd\x06\x26\xec\x84\x0b\x9c\x5f\x3e\xd8\x1d\x38\x6a\xe7\xfc\xa9\x29\x5f\xa0\x4d\xa4\x93\xc1\xe9\x99\x9c\xac\xee\x0d\x7c\x2d\xd3\xb9\xbe\x37\x9d\xca\x31\x75\x83\xcd\x6e\x98\xbb\x29\x7e\xec\xfa\xba\x9b\xed\xea\x09\x7a\x0f\x4c\x1d\xd5\x7f\x1f\xae\x7b\x0c\xf6\xfd\x70\x74\xea\xd8\x9b\x71\xec\x98\x28\x1a\x21\x6e\xf7\x83\x78\x75\xbd\x52\xdc\xf6\xe0\xa0\x1c\x45\x2c\xcd\x89\x41\xd2\x8d\xb0\x2b\x9b\x1a\x31\xec\x31\x58\x93\x60\xa7\x71\x82\xa6\x56\xaa\x23\xa2\xe0\x5f\x83\x28\xf8\x1d\x10\x05\xdf\x19\x51\x74\x02\xdb\x2e\x9f\xbd\x40\x0a\xbe\x23\x50\xe0\x5d\x50\xc1\x37\xa3\x8a\x1d\xa8\xa5\x0e\xd4\xc3\x9f\x1d\xe7\x77\x40\x16\xbc\xe8\xa1\x7f\x1b\x6c\xc1\xef\x13\x5c\xd8\xd7\xe1\x41\x18\xfc\x3b\x87\x18\x7c\x4b\x2f\xe7\x2a\xb4\x2f\x8c\xc1\x77\x00\x19\xfc\xbb\x00\x19\x7c\x67\x94\xc1\xbf\x39\xca\xa0\xd5\x91\x7f\x2b\x84\xc0\xef\x15\x22\xf0\xef\x00\x23\xb4\x7c\x76\xed\x04\x12\xf8\x66\x94\xc0\xb7\xc0\x04\x7e\x37\x9c\xc0\xbf\x0e\x28\xd0\x42\xc1\xff\x61\x45\x94\xff\x03\xab\x28\xff\x8e\xca\x28\xff\x8e\xeb\x28\xff\xfb\x14\xd2\xb7\x66\xbb\xd7\xa0\xd8\x67\x29\xdd\x03\xcb\x4e\x01\x45\xff\xbf\x30\x4f\x34\xbc\x59\x45\xe5\x9b\x4a\x2a\xdf\x52\x53\xf9\x37\x2e\xaa\x6d\x8f\x84\x8c\xd3\xc6\xff\x5f\x00\x00\x00\xff\xff\x55\x54\xab\xcf\x02\x2a\x00\x00")

func openwrtNftablesClient_offlineShBytes() ([]byte, error) {
	return resourceSetBindataRead(
		_openwrtNftablesClient_offlineSh,
		"openwrt-nftables/client_offline.sh",
	)
}

func openwrtNftablesClient_offlineSh() (*asset, error) {
	bytes, err := openwrtNftablesClient_offlineShBytes()
	if err != nil {
		return nil, err
	}

	info := bindataFileInfo{name: "openwrt-nftables/client_offline.sh", size: 10754, mode: os.FileMode(436), modTime: time.Unix(1790421345, 0)}
	a := &asset{bytes: bytes, info: info}
	return a, nil
}

var _openwrtNftablesClient_onlineSh = []byte("\x1f\x8b\x08\x00\x00\x00\x00\x00\x00\xff\xdc\x3c\xfd\x57\x13\xd7\xb6\xbf\xe7\xaf\xd8\x1d\x62\x21\xf6\xa5\x01\xab\xb3\x2a\x1a\xd7\x45\xc0\xca\xaa\xa2\x0b\x68\xfb\xde\xf2\xfa\xb2\xc2\x64\x22\xf3\x0c\x49\x9a\x19\xe8\xbd\x17\x59\x2b\x56\x3e\x02\x24\x01\x2b\x88\x10\x10\xb0\x60\xb9\x55\xc1\xaf\x2b\x21\x09\xf2\xbf\xdc\xce\x99\x99\xfc\x94\x7f\xe1\xad\x33\x67\x66\x32\x93\x2f\x44\xb4\xed\x7b\x59\xcb\x65\x72\x3e\xf6\xde\x67\xef\x7d\xf6\xc7\xd9\xe7\x50\xf7\x89\xab\x97\x0b\xba\x7a\xbd\x7c\x9f\xcd\xd6\xd1\xd9\xd3\xde\xd5\xd9\x72\xc9\xd3\x72\xb5\xc3\x4d\x79\x3c\xe6\xdf\x1e\x0f\x65\xbb\x74\xe5\x2b\xcf\x85\x8e\x4b\xed\xb8\xef\xbb\x2b\x5d\x5f\x77\x74\x7e\xe5\x69\xeb\xe8\xf2\x78\xbc\x03\x42\xdf\xe7\x81\xd0\x0d\xca\xd6\xdd\xde\xf5\x6d\x7b\x97\xa7\xa3\x0d\x8f\x31\x7e\xe0\xc9\x46\x17\x06\x7a\xa1\xa5\xb5\xdd\x3c\x42\x6f\x23\x58\x5a\xbf\xae\x82\x86\x09\x7c\x1e\x08\x31\x37\x29\x9b\xad\x0e\xdc\xf8\x03\x41\xbf\xe0\xed\x0d\xb0\x3c\x28\xdb\xaf\xa5\x07\x49\xd2\x6a\xab\x03\x69\x7b\x1a\x4d\x3f\x97\x96\x12\x68\x72\x0d\x2d\x6c\x8a\x7b\xfb\xf2\xec\xa6\x98\x8e\xa2\xdc\xaa\x3c\xf5\x54\x7e\x32\x25\x2f\x8e\x00\x17\x64\x05\x50\xd6\x36\x21\x14\x66\x83\x83\xe1\x20\x46\xe0\x39\x6b\x50\x7d\xae\x90\x8b\x2b\x6b\x9b\x72\xf6\x9e\xf4\x70\x44\x9e\x7d\x01\x3c\x1b\x19\x64\x23\x1e\x5e\xf0\x46\x84\xcf\xf9\x3e\x40\xd9\x8c\xfc\x64\xaa\x90\x5b\xb4\xd5\x01\x80\x3f\x14\xf9\xc1\x1b\xf1\x01\xa0\x95\x8c\xbc\x16\xcd\xdf\x7b\xdb\xd0\x17\x0a\xdd\xd4\xdb\x1d\x18\xda\xeb\x15\xe5\xf5\xcf\xc0\xf2\x98\x68\x8e\xef\x63\x7d\x20\xcd\xbe\x55\xd6\xe2\xbf\x45\x6f\x4b\xc9\x0d\x34\xfd\xb3\xb2\xf3\x4a\xd9\x7b\xea\x12\xd3\x8f\x50\xee\x8e\x8b\x74\xaa\xd0\xbd\x4c\x00\xd4\x8f\xf2\xcb\x08\x8a\x2d\x60\xe8\xca\xa3\x27\x06\x52\x31\xbb\x01\x1c\xe7\x0f\x7a\xfb\x59\x20\x30\x30\x3e\xf4\xec\x81\x34\xfb\x16\xcd\x8c\x40\x4b\xeb\x25\x90\xb3\x23\xf2\xe2\x08\x81\x49\xa0\x10\x46\x89\xe9\x5f\x8d\xfe\xd9\xcd\x7f\x47\x97\xd0\xdd\x3d\x34\x93\xc8\xa7\xc6\xd0\x4c\x0c\x3e\x03\xf4\x6c\x26\x7f\xef\xed\xbf\xa3\xcb\xca\xda\xa6\xf2\xf6\x2d\x34\x48\x99\x19\xf8\x77\x2c\x06\x68\xeb\x91\x14\xdb\x91\x9f\x6c\xe7\x53\x63\x0e\x68\xe9\x6c\x83\x06\x39\xb5\x85\x39\x8b\x7b\x5b\x3b\xda\xba\x70\x87\xce\x9f\x8e\xab\x83\x27\x9b\x21\x34\x78\x96\xe7\x7c\xe7\x3c\xbc\xe7\x6c\x9f\x97\xef\x3b\xe7\xd2\x1b\x7c\xa5\x0d\x8c\xd6\x50\xc8\xc5\x09\x29\xf2\x8b\x2c\x7a\x38\x05\x5c\x78\xf0\xa4\xc7\xeb\xf3\x45\x74\xa8\x74\x11\x2a\x5d\x06\x96\x2e\x83\x4b\xd7\x00\x4c\x17\x01\x93\x55\x37\x03\xc0\x10\x17\xfe\x0f\x2e\x4c\x0f\x83\x0f\x77\xc2\x5f\xe4\xd4\x96\xb4\x3a\x9e\x4f\x8d\x81\x97\x61\xd8\xb0\x60\xab\x03\x0c\x0f\xe4\xd9\x17\x52\xf2\x27\x94\x99\x46\xc9\x6c\x7e\x3c\x81\x66\x92\x98\x15\x98\x0d\xa0\xe1\xd9\x9a\x47\xe3\x99\x42\x2e\xae\x72\x3b\x95\x46\x33\x71\x79\x71\xc4\xe0\x22\x1a\x7d\x21\x66\x9e\xa0\x99\xb8\x98\x8e\xca\xd9\x11\xb4\xbd\xab\xbc\x58\x2b\xe4\xb0\xfc\xc5\x4c\x52\x7a\xb0\xad\x2a\x41\xfe\xde\x5b\x22\x3c\x69\xee\x39\xb8\x41\x4c\x27\xd0\x4c\x5c\x97\x9f\x34\xf7\xbc\x90\x8b\x8b\xe9\x24\x5a\xda\x94\x33\x58\xe7\xa5\xd8\x8e\x34\xf7\x5c\x9a\x5f\x45\xa3\xaf\x7e\x8b\xfe\x68\xab\xd3\x68\xc1\xe0\x8c\xcd\x83\x92\x2b\xf2\xec\x8a\x72\x67\x0f\x4d\xa6\x0a\xb9\xb8\x34\xbf\x9a\x5f\x8a\xa2\xad\x09\xe5\xe7\x51\xe0\xc2\x3c\x2b\x60\xa0\xbb\x2b\x18\xd7\xb3\x07\x68\x69\x13\xb8\xb0\x36\x53\xda\x5c\x43\xb9\x69\xbc\x8a\xd4\x43\x65\x66\x2f\x1f\xcd\x2a\x6f\xef\x12\x3c\xfa\xee\x42\x33\x71\x69\xfe\x0d\x5a\x1f\x91\x67\xc6\x54\x25\x70\x61\x99\x15\xd1\xdc\x99\x2e\x82\xcb\xff\xf8\xb3\xb4\xba\x93\x7f\xb4\x8c\xd6\xef\xcb\xd9\xd7\xd2\xe4\x3a\x70\x61\x9a\x74\x12\xa8\x57\xc2\x6c\xf0\xbb\x88\x50\xc8\x2d\x92\xe9\xc0\x0f\xf8\x42\x98\x3c\x75\x87\xe3\x25\x81\x9c\x5d\xc6\xbc\xdb\xd9\x46\x6f\x47\xf0\xa4\xce\x0b\x3d\x9e\xf3\x1d\x9d\x6e\x8a\xb2\xf9\x43\x11\xf0\xe0\x31\x5c\x10\x5c\x03\x7c\xc4\xc5\x63\xeb\x87\x1b\x4c\xdf\x70\xbb\xf1\x43\xfb\x72\x06\x7c\x21\x1b\xde\x7e\x9c\x1f\xae\x81\xf3\x6f\x40\xd9\x31\x1c\x0a\xae\x9f\x01\xa1\x8f\x0d\x82\x81\x84\xb4\x9f\x81\xde\x08\xeb\xbd\x79\x06\xfc\x9c\xcd\x17\x0a\xb2\xb6\x6b\xe0\xfc\x07\x50\x76\x6d\x18\x05\xd7\xe1\xd3\x4f\x8b\x93\xf0\x14\x4c\xa7\xbb\x38\xc2\x66\xeb\x69\x39\x7f\xa9\xdd\xd3\xd9\x72\xb9\xdd\x4d\x99\x2d\x94\xdd\xb0\x50\x94\xad\xa5\xf5\x92\xa7\xf5\x62\x0b\x86\xe1\x65\x02\x94\xed\x62\x4b\xf7\x45\xcf\xa5\xf6\x4e\x77\x13\x6d\xb3\x05\x42\x37\x3c\xfd\x2c\xcf\x7b\x6f\xb0\x0d\x0e\x18\x52\xe9\x0f\x84\x18\x6f\x00\x02\xec\x20\x1b\x70\x53\xf6\x26\xca\xd4\xa8\x0d\x75\x53\xf6\x13\xa4\x99\x65\xfa\x42\x40\xd9\x1b\x7c\x5e\x81\x85\xfa\xcf\x8e\xfd\x97\xf3\x58\xbf\xf3\x98\x0f\x8e\x5d\x6c\x3e\x76\xb9\xf9\x58\x77\xbd\x03\xae\xd9\x87\x54\x58\xc3\xd7\xc1\x3e\xa4\x01\x18\xa6\xe0\xdc\x39\xa0\xec\xba\xbb\xa0\x6c\xc3\xd8\x60\x1b\x7a\x2e\x2f\xad\xa0\xad\x87\x68\xe9\x39\x5a\x8e\x16\x72\x8b\x58\xa2\xdf\x5e\xed\x04\xac\x57\x58\x3d\x00\x0f\xf9\x71\x57\xd9\x7a\x2b\xef\x6d\x81\x10\x19\xe0\x05\xd6\xe7\xe1\xc2\xd8\x9e\x91\x21\xb4\x36\x44\x9a\xc5\xa3\x4c\x43\x68\xa2\x23\x62\x7a\x5d\x89\x8e\x8a\x99\x9f\xa4\xfb\x1b\x58\xcf\x12\x5b\xd2\xb3\x75\x79\x6d\x0b\x6d\x2d\x5a\x71\xa7\x08\xb0\xd9\x4d\xb8\x86\xb7\xf6\xf5\xe6\x70\x28\x22\x00\xda\x7b\x84\x72\xd3\xf9\xdb\xfb\x68\x34\x21\xa6\x93\x78\x67\x4e\xff\x2c\x4d\xe5\xa4\xe4\x86\x98\xf9\x45\x9e\x5d\x91\x9e\xfd\x22\xee\x4e\x60\x5c\x5d\xed\x2d\x97\x3c\xad\x97\x3a\xda\x3b\x7b\x3c\x2d\x6d\x6d\x5d\x58\xc7\x88\x86\x04\x81\xb2\x17\x09\x33\xf4\x44\xe5\x6b\xf9\x2c\xd3\xd0\x66\xe3\x3b\x26\x86\xb2\xb1\x81\x4a\x00\xe9\x83\x20\x5e\x33\x0f\xbe\x5e\x0a\xd4\xcf\x61\x89\x88\xd9\x24\x50\x27\xeb\xce\x32\x9c\x2f\x72\x8e\x02\x17\x50\xb4\xf1\x83\x30\x41\x5e\x1c\x51\xd6\xe2\xf9\xf1\xb8\x34\x3d\x83\xa6\xef\xff\x16\xbd\x8d\x92\x59\xf9\x9f\x19\x79\x61\x4f\x75\x59\x95\xad\x1d\x8a\xcd\x2b\x6b\x9b\x85\x5c\x4c\xda\x9e\x56\xd6\xb0\x39\x13\xd3\xbf\x16\x72\x13\xb6\x00\xc7\x0b\x9e\xc1\x93\x1e\x8c\x83\x37\x54\x52\x88\x80\xd3\x07\xf5\x7f\x8d\xd4\xc3\x5f\x6d\xa0\x7d\x6e\x01\xcf\xfa\xf0\xaa\xeb\x79\xd7\x7f\x5f\xbb\xd6\xcc\x87\xbd\x0c\xdb\x7c\xfd\xfa\xf1\x93\x75\x2e\x57\xb8\x7c\x64\x3d\xef\x32\x8f\xb2\xbb\x5c\xd6\x31\x37\x22\x6c\x18\x9c\x83\x50\x6f\x01\x66\x2f\x01\x84\xc5\xef\x1c\xb0\x0d\x6b\x94\xd2\x47\xa2\x94\xfe\x5d\x28\xb5\xd5\x61\xc7\xa3\x2c\x2c\x4a\x53\x2b\x64\xff\x48\x4b\x4f\xc4\xf4\xba\xb4\xf5\x2f\x29\xb9\x89\xb6\x73\xc0\x04\xbc\x3c\xcf\xf9\x5c\xe1\x08\x17\x2a\xe4\x62\xc4\xc1\x80\xeb\xc4\x49\x40\x63\xa3\x68\x76\x5b\x4c\x47\x0b\xb9\x09\xec\x0d\x6f\xef\xa3\x5c\x54\xdc\x5f\x96\xe7\x16\xb0\x30\x1b\x41\x4c\x27\xf3\xd9\x07\xca\xd6\xba\xfc\x22\x0b\xa7\x4f\x9f\x3e\x8d\x95\xbe\x9f\x0b\x86\x22\x1e\x7f\x24\xd4\xef\x19\x3c\x59\x62\x58\x3c\x0c\x78\x7c\x70\x59\x6d\xf1\x30\x6e\x7b\x43\x38\xc2\x05\x05\x3f\xd4\x1f\xe3\xeb\x01\xdb\x1b\xb8\x05\xcc\x80\x00\x4e\xdf\xe7\xe0\xf4\x7f\xe1\x20\x03\x7d\x07\x0d\x3c\x49\x06\x5e\x76\xdb\x1b\x1a\xa0\xc1\x3e\xe4\x61\x9a\x9d\x8d\xc3\x70\xf6\x2c\x7c\xe9\x80\x5b\x60\x1f\xf2\xf8\xd4\x06\x07\x19\x77\x0d\x28\xfb\x65\x0a\x9c\x01\x16\x1a\x89\xa5\xbd\xec\x6e\xb2\xf4\xdc\x60\x81\x3e\x75\xea\x8b\x53\x7a\x2f\xfe\x71\xd2\x32\x82\xfd\x5e\x5d\xb0\x3e\xe0\xf4\xe9\xd3\x5f\xaa\xfd\x56\x3a\x2f\x63\xe3\x56\x07\x72\x66\x9b\x18\x26\xc3\xc8\x15\x72\x8b\x38\x64\x54\x1b\xa5\xa5\x27\xd0\x44\x83\xb8\x97\x20\x12\x21\x11\xa8\x45\x2e\xa5\x7c\xa5\x4b\xf9\xda\xa7\x33\xb5\xcf\x6d\x1f\x6a\xaa\xab\x3b\xde\x3c\xac\xfe\x66\xbc\x3c\x8b\x9d\x51\x1f\x85\x7d\x5a\x7d\xfd\xad\xe3\xd7\x3e\x69\x74\x9e\xf6\x3a\xfd\x2d\xce\x0b\xd7\x8f\x3b\xf0\x84\x46\x38\x73\x06\x58\xde\xcb\x98\x98\xd8\x44\xd7\xd9\x87\x3c\x7d\x7f\x20\xd7\x6c\x9a\xbd\xea\xb8\x7a\xd2\x4d\xd9\x39\x3f\x13\x0a\xfa\xb9\x1b\x9e\x70\x28\x14\xf0\x44\xd8\xfe\x90\xc0\x62\xc3\x59\x1c\x45\x57\x1f\x45\x53\x16\x67\x07\x54\x47\xe7\x85\x2b\x14\x50\x24\xfe\x11\xd3\x93\x72\x66\x1f\x5a\xd9\x88\xc0\xf9\x39\xc6\x2b\xb0\x9d\x38\x4c\xb6\x33\xa1\xfe\xfe\x50\xd0\xa3\xc6\xcc\xdf\xf0\x6c\x04\xec\x03\x3c\x1b\x51\x7f\x7e\xcb\x45\x84\x01\x6f\xa0\xe3\x6a\x33\xd8\x8b\x64\x16\x9b\x69\x73\x3b\x0d\xad\x01\x8e\x0d\x0a\xea\xe8\x52\x4b\x0c\x94\x8d\x0d\x32\x21\x1f\xeb\xf3\xe8\xd0\xdd\xf6\x06\xd5\xb3\xaa\x26\x5d\x6f\xc4\xfa\xde\xeb\xe5\x59\xfa\x24\x38\x7f\x80\x46\xb8\x65\x18\x9b\x60\xbd\x03\x6f\x72\x69\xe2\x17\xd5\x96\xe2\xb5\xa0\xbb\x7b\x62\x76\xdd\x16\x61\xbf\x1f\x60\x79\xc1\xd3\x1b\xf2\xfd\xdd\x4d\x69\xd9\x09\xe7\x6b\x86\x62\x84\x60\xd3\xe1\x37\x83\xbd\x94\x0e\x5b\x84\xf5\x06\x3c\x5c\x58\x8d\x79\x2b\x90\x6e\x63\xd4\x65\x79\x18\x36\x22\x78\x34\x18\x26\x9e\xd9\x06\x09\x37\x4c\x10\x8a\xac\x32\x75\xd2\x65\xbd\x58\x5c\xcc\x40\x24\x00\x4e\x1e\x9c\xff\x09\x57\xaf\x74\xf7\xe0\xa5\x52\x76\xf3\x82\x28\xe8\x13\x84\x70\xb3\xcb\x65\x37\xa7\xa1\x2e\x4c\xbc\x2b\x14\x0c\x70\x41\x16\x3e\x3d\x07\x2e\x1f\x3b\xe8\x0a\x0e\x04\x02\xc5\x94\x10\xa5\x1f\xa3\xad\xbd\xfc\xc2\x4c\x3e\xba\x02\x0d\x02\xe3\x30\x92\x42\x31\x3d\x29\xe6\x56\xc1\x0d\x46\x5e\x08\xce\x73\x96\x2d\x8b\x03\x0c\x61\x20\x08\x68\x3c\x23\xdd\xdf\x45\x33\x77\x71\x6c\x70\xb1\xe7\x3c\x48\xf1\x09\x2d\xb5\xe9\xb8\x0a\xd2\xdc\x6b\xb4\xf7\xa8\x90\x4b\xa9\x30\xa7\x94\xbd\x3d\x70\x17\xc1\x60\x98\x06\x02\x33\xcc\xd1\x0d\x02\x93\x90\xf6\x5b\xf4\x47\xa3\x45\x9a\x5f\x95\x5e\xcd\xc9\xa9\xd7\x52\x72\x43\x07\x1e\x17\x73\x0f\xd0\x68\x4c\x9a\x9c\x44\xf1\x51\x88\xb0\x3e\x2e\xc2\x32\x02\xa0\xd8\x73\x35\x3d\xe1\xfc\xbd\xa0\x6c\xbd\x45\xeb\xe3\x85\x5c\x2c\x34\x18\x0e\x46\x02\x67\x0d\xac\x6a\xee\x3a\x81\xc6\x12\x06\xf9\x1a\xd0\x98\xf8\x76\x59\xf9\xd7\x7d\x75\xf6\x67\xe0\x65\x04\x4f\x3f\x17\x89\xb0\xbe\x42\x2e\xae\x05\xd6\x80\xd2\x69\xe5\x97\xdb\xaa\x43\x48\xa9\x98\x94\xa9\x0d\x3c\xde\x55\x1c\xad\x26\x1d\xd3\xdb\xf2\xec\x26\x8a\x2d\xa0\xd4\xc3\x7c\x34\x8a\x62\xcf\x81\x0b\xde\x88\xb0\x3c\x0f\xe1\x50\x80\x63\xd8\x22\x32\x3c\x51\x6f\x33\xa0\x92\x18\x2d\x7f\x67\xcf\x80\x25\xcd\xbf\x51\xb6\x9e\xa3\xbd\x39\xf8\xae\xa5\xab\xb3\xa3\xf3\x2b\x40\xbb\x6f\x70\x2e\xbb\x3f\x4e\x98\x4c\xf8\x86\xe1\xa6\x13\x68\x2c\x91\x5f\x5e\xc8\x67\x1f\xa0\xf5\x17\xca\xeb\x8d\x42\x6e\x42\x4b\x6e\xa2\x2b\x72\x72\x1c\x67\x62\x3a\x2f\xb0\xe4\x54\x33\x20\x3f\xbb\x2f\xcf\x6d\x34\xa0\xd1\x98\xbc\x34\x45\x9a\x70\x48\x39\x96\x90\x97\xa6\xa4\xd7\x59\x65\xe7\x8e\x36\x2e\x3b\xe2\x30\x32\x35\x94\x98\x13\xf7\x12\xf0\xf5\x79\x17\x5f\xc8\xc5\x1b\x49\xc2\x65\x08\xd0\x56\x47\x3c\xae\x98\x4e\x6a\xe6\x7f\x1d\xb3\x5c\xf3\xb0\x9a\x7d\x2f\xe4\x62\x9a\x27\x28\x73\xcd\x84\x1f\xe5\xce\x83\x24\x33\x45\xff\x41\xbc\xc6\xe2\x88\xd5\x71\xd4\x4e\x88\x88\x36\x69\x69\x91\xc0\x14\x72\xa9\x62\x4e\x27\x30\x80\xa6\x27\xd1\xd8\xa8\xb4\x9a\xc6\x19\xdc\xf2\x3c\xf0\x4c\x9f\xa7\x4f\xe8\x75\x31\x01\xde\x33\xf0\xc5\x09\x17\xfe\xad\x09\x54\xe5\x38\x16\x00\x9a\x7e\x8c\x11\x70\xfe\xde\xcf\x4c\xca\x20\xc5\x4a\x44\x8c\xe9\xea\x69\xb5\xa4\x5c\x02\xa3\x66\x5c\x6a\x8e\x25\x30\xa6\xd4\x4b\xff\xa1\x7f\x27\xff\x57\xca\xb6\x04\xa6\x98\x6c\xe9\xd0\xd5\xd6\x6a\xa9\x16\x19\xa4\x65\x5a\xfa\x0c\x81\xa1\x6c\xb6\x8e\xab\x16\xe2\xb8\x70\x91\x38\x2e\x6c\x22\x4e\xff\xa1\x7f\x27\xff\x57\x22\xce\x14\xe1\x83\x0e\x5d\x6d\xad\x46\x1c\x19\xa4\x11\xa7\xcf\xc0\xee\x0e\x73\xae\xad\xfd\x5b\x37\x65\x2f\x3d\x1b\x53\x4f\xbd\x88\x20\x70\x14\xa7\xdb\x8e\x42\x6e\x82\xe8\x23\xfe\x99\x9b\x2e\xe4\x16\xf1\xe6\x26\xc6\x03\x2b\xf0\xe8\x1b\xe9\xe9\x9a\xb6\x27\xb5\xc4\xdc\x30\x1d\x68\x26\x81\xd2\x8f\xc5\xf4\x24\x18\xce\x03\xd0\x44\x42\xce\x45\xc5\xf4\x2c\x9a\x5c\xcd\xcf\xed\x1b\xd6\xc5\xad\xa5\xa0\x10\xc1\xd9\x60\x80\xeb\xe7\x84\x62\xd4\x48\x12\xa5\x57\x59\x39\xbb\xa2\x8c\xff\x8a\xd2\x8f\xe5\xc5\x11\x82\xa9\xd1\xc5\xf9\x7b\x9b\xb0\x92\xa0\xd1\x37\x68\xeb\x8e\xbc\x39\x85\x32\xd3\xea\xe9\x9b\x41\x86\x9a\x3e\x24\x30\x71\x1d\x17\xce\x93\xd5\x13\x9c\xf6\x21\xc3\x91\x0d\x53\xb6\xb6\x2b\xdf\x75\x5e\xba\xd2\xd2\xe6\xb9\xdc\xde\x73\xf1\x4a\x9b\x9b\x0a\x86\x82\xac\xca\x15\x29\xf9\x48\xfa\xd7\x14\x9a\x48\xa0\xfd\xd1\xfc\x5a\x16\x8d\xc6\x50\x2c\x85\xb2\x19\xc3\x24\x7d\xef\xe3\x78\x06\xdb\xe2\x99\xbb\x10\xf6\x46\xd8\xa0\x00\x7e\xbf\xdf\xdf\x0c\x52\xfc\x47\x65\x7f\x5c\xca\xae\xa3\x85\x4d\x34\x91\x50\xa6\x36\xa4\x97\x6b\xd2\xd2\x84\xd6\xad\xcd\x8b\xe3\xf4\x55\xdd\x2d\x62\x6e\x51\xd9\x9f\x45\xa9\x87\x40\x75\xf5\x74\xb6\xf7\x5c\xea\xe8\xfc\x1a\xbc\x41\xfe\x07\x36\xc2\x37\x43\x47\x70\xd0\x1b\xe0\x7c\xe0\x8d\xdc\x18\xe8\x67\x83\x02\x85\xcd\x78\x36\xa9\x44\xe3\xd8\x8c\x13\x2b\x77\x7f\x57\x5a\x8b\x29\xdb\xdb\x28\xb6\x2e\xa6\x33\x86\xf5\x23\xa2\x21\x06\x50\x5a\x7a\x2a\x3d\x5d\x23\x8b\x92\x1e\x6c\xa3\x99\xc7\xaa\x41\x7b\xaa\x8c\x2c\xe2\xae\xfb\xcf\x51\x36\x23\x66\xc6\xc0\xd8\x9f\x71\x62\x05\xb1\x05\x7d\x7c\x1b\xa5\x1e\x4a\xd9\x45\x43\x30\xf2\xdc\x82\x98\x9e\x92\xff\x99\x21\x8b\x51\xb9\xdc\xf9\x55\x57\x7b\x77\xb7\xa7\xb5\xab\xbd\xa5\xa7\xbd\xcd\xdd\x88\x73\xd6\x4f\x40\xdb\x31\x64\x1c\xf0\x7d\xa1\x1f\xc0\xc7\x0e\x92\x9d\xd4\xd6\xfe\x2d\x05\x27\xce\x19\xee\xd6\xc8\x53\xbe\x87\x7a\x8d\x8c\x7a\x53\x3e\xca\xf9\x4b\xa0\x79\x7d\xbe\x12\x60\x7d\xde\xa0\x2f\xc0\x6a\x7c\xd6\xe5\x64\x42\x70\xe2\xdc\xa7\x4d\x26\x88\xf8\x53\x4a\x37\x09\x4e\xfd\x1c\x4e\x67\xcb\x30\x1e\x99\x7e\xb2\x2b\x21\xc0\x05\x6f\x12\x60\x94\x5d\x53\x4f\xaa\x94\x4e\xb8\x75\xcb\x3a\x1e\x2f\xd7\x34\x5c\xf8\x7b\x98\x55\xf5\xbd\xf6\xfa\x2c\x5b\x53\xd5\x8a\x42\x2e\x85\x1d\xd4\xda\x96\xb2\xb5\x6e\x72\xd7\xa0\xf7\xc6\xd0\xf3\x65\x65\x7b\x0e\x4d\xae\x8a\xe9\xa8\xb4\xbc\x06\x5a\x3f\x39\x21\x34\x14\xc3\x70\xd3\x38\x09\xd7\xb1\x59\x17\xc8\x0a\x66\x82\x07\xc2\x95\x96\x28\x44\x06\x58\x63\xba\x89\xe1\x7e\x2e\x20\xb0\x91\x0a\x32\xb6\x6c\xb5\x70\x24\x24\x84\x98\x50\x00\xb8\x30\x4e\x07\x42\x5a\x2a\x31\xf0\xc5\x09\xe8\xf7\x0a\x4c\x1f\x6e\xe7\x23\x0c\x9c\x38\x75\xea\x73\xd3\x3f\xd7\x17\x27\xf0\xca\xb9\x50\x50\x5f\x1c\x4b\x74\xc5\x08\x89\x08\xce\x6a\xb2\x29\xe1\xb1\xba\x72\x2b\xdd\x3e\x36\xf0\x1e\x74\x1f\xc4\x1f\xfc\x29\xb3\x58\x9c\xbf\x97\x32\x46\xf8\x39\x9b\xe9\x3f\xd5\x9b\x50\xf6\x92\x29\x14\xb8\x81\xd8\x39\xcb\x79\x0f\xd1\x16\x22\x53\x23\xde\x5a\x24\x16\xc3\xe4\x8c\x81\x58\x0f\xa2\x2d\x7f\x88\xe4\x34\x3a\x54\x9f\xd1\xd4\xdf\xcb\x09\xd0\x3b\x10\xe1\x05\x68\x6a\xbc\x09\xbe\x48\xa8\x4c\xcd\xfe\x54\xd2\x22\xc4\x57\x13\x98\xe1\x76\xd4\x2d\x26\xa6\x67\x0d\x2b\x26\x3d\xd8\x2e\xb1\xd6\xf2\xe2\x08\xf6\x3e\xb1\xd5\xfc\xc2\x3a\xda\xba\x63\x18\xe7\xfc\xed\x79\xd5\x3e\x47\xc5\xf4\xaf\xf2\x3f\x33\xa4\x28\x65\x72\x59\xef\xa8\x19\x38\x88\xc0\x43\x4a\x0c\xa4\x3a\xa4\xa9\x5c\x73\xac\x86\xb2\x9c\xa1\x55\xac\xb1\x85\x69\xc4\xea\xda\xb0\x60\x3d\x5a\xda\xf6\x1e\x29\x28\xa5\x03\xe0\x07\x02\x82\xdb\xde\x50\x39\x2b\x34\xe1\xa8\x95\x15\xe2\x71\x6a\x5c\xe2\xba\xc1\x0a\x0e\xdb\x37\x57\x55\x6e\x7d\x7d\xde\x72\xb8\xf4\xd7\x60\x7d\x11\x24\xc6\x4a\x59\x0f\xf0\x06\xc2\x81\x90\xd7\xe7\xb9\xd9\xdb\x6c\x3e\x7d\x53\x0f\xf2\x6e\x41\x1f\xeb\xc5\x03\x9b\x1c\xc5\x58\xe4\x90\xe0\x7d\xa1\x1f\x82\xef\x84\x40\x3b\xd7\x31\x16\x61\x3d\xde\xb9\x7e\xdc\x01\xc5\xf5\x15\xcf\x77\xb4\x59\x26\xea\xca\xe7\x99\x49\x2f\xce\xac\x71\x7e\xf2\x6e\x87\x23\x2e\xf3\x81\x88\x3c\xbb\x22\xcd\xc5\xb4\x1c\x9c\xa4\xdd\x6e\xfb\x90\x41\xf1\x30\xce\xa7\xb4\x58\xd6\x6d\x1f\x32\x51\x44\x7a\x1a\x1a\xdd\x46\x9a\xe5\xa0\x6c\xd8\xb9\x0f\xe9\x67\xe0\x45\x8c\x58\xf1\x6f\xdd\x2a\x6b\x27\x47\xe3\xc3\x78\x4f\x0c\xa9\xbb\xc2\xc4\x43\xe7\x0d\x41\x3d\xdb\x52\xa7\x95\xf0\x49\xeb\x3b\x03\xc3\xd6\x40\xe0\x13\x6c\x4a\xcc\x51\x80\xbe\x4d\x6a\x9b\x2e\x0b\x3f\xb5\x8c\x96\x02\x8a\x94\x79\x41\x03\x02\x46\x49\xad\x90\x8b\x93\x5c\x17\x27\x67\x1a\xe3\xde\x97\xfd\x5a\xf5\x26\xc0\xb3\x26\x67\x21\x30\x20\xdd\x4b\x88\x7b\x4b\xd2\xec\x5b\x65\x3f\x05\xfe\x40\x88\xb9\x09\x62\xfa\xb5\x3c\x17\x47\xf1\x8c\x98\x7e\xa9\xac\xc5\x51\xfc\xbe\x39\xa2\x47\xbb\x6f\xd0\xf4\x5d\x79\x71\x44\x4c\x4f\xba\x70\x14\x99\xd9\x57\xf6\x53\xf2\xe6\x94\x98\xf9\x49\x4e\xa5\x95\xc7\x63\x72\xea\x3e\x31\x23\x2e\x35\x29\x75\x11\x23\x6d\xa0\x6d\x30\x3b\x9d\x4f\x34\x9c\xa7\x2b\x18\xf9\x2a\xdc\x7a\x6f\x05\x54\x92\x3b\x68\xfa\x3e\xe1\x63\x7e\xf6\xb6\xf2\x66\x54\x9a\x7f\x53\x81\xc7\x94\x85\x0a\xf6\x6f\x9c\x00\x8d\xa5\xf6\xde\xb0\xc1\xe5\xfa\x57\x61\x25\x97\x3b\x3a\xaf\x74\xb9\xed\x0d\x96\x53\x72\xeb\x3c\x87\x31\xc1\x22\xa3\x6a\xb3\x69\xab\x76\x3b\xcc\xf4\x59\x09\xac\xa4\xeb\x15\x48\xac\x03\x69\x75\x57\xb3\xfe\x62\x76\x14\x2d\x6d\xca\xb9\x0c\x5a\x7f\x21\xcd\xbf\x21\x79\x93\xa1\x03\x52\x7a\x54\x4a\x4e\x90\xcc\x8d\x94\x94\x8b\x55\xbc\xc5\x11\xf9\x45\x56\x4c\x27\x8d\xfc\xc9\x82\xe3\x48\x19\x45\x9f\xd0\x0b\x4d\xcd\xf5\x15\x48\x2f\x77\x5f\xe5\xb1\x4b\x24\x14\x12\xf4\xf4\xa2\xa9\x19\x30\x30\x1f\xeb\xf7\x0e\x04\x04\x72\x36\x6d\x42\x5a\x15\xb6\xaa\xcd\xd5\xe3\xa2\xa6\x66\xfd\x10\x06\x9a\x9a\x55\xa0\x18\x0b\x89\x72\x1a\x1b\x6f\xe0\x38\x87\x61\xb9\x80\xf1\x43\x0b\x7a\x4e\xdd\x04\xa6\xf8\xf5\xfb\x01\x6f\x50\x18\xe8\x87\xa6\x53\x8d\x8d\x55\x89\x32\xe9\x20\xfe\x18\xf2\xed\xe8\x71\xdb\x1b\x1a\x8c\x9f\x70\x1c\xbe\x74\x38\x4a\xa4\x4c\x50\x49\xf1\x09\x72\x2a\x26\xe6\x9e\xcb\x5b\xf3\x85\x5c\x5c\x5a\x8a\xa2\xe7\xd3\xf0\x45\x63\x63\x23\xa0\x67\xf3\xca\xe4\x8f\x86\xc0\x95\xfd\x71\xf4\x7c\x5a\x79\xf4\x44\xb5\x17\x53\x3f\xc9\xd9\xe5\x4a\xf8\xcf\x7f\xd3\xd5\x6d\x25\xa0\xa3\x07\x8e\x43\xd3\x89\x12\x1a\x4c\x2a\xa9\x4e\xa1\xc0\x19\x10\x08\x62\x35\x68\xb1\x80\xc3\xcd\x15\x23\xbf\xc3\x08\xc3\xae\xee\xa0\xa2\x38\x4c\x5e\xa7\xa3\x67\xf8\xa6\x21\x99\x0a\xed\x84\x5d\x46\x87\x4a\xd4\xb0\x2e\xb0\xd2\xe6\x6a\xc2\x33\x55\xe9\xf4\x0f\x4e\x0e\x2d\x2b\x61\xfa\xbc\xc1\x1b\x6c\xc9\x62\xfe\xd8\x25\x94\x68\x0e\x1a\x8d\x49\xf1\x09\x12\x40\x4b\xe9\xd1\xfc\xc2\xba\xb2\xbd\x61\x6c\x7d\x69\xfe\x97\xe2\xa1\xc9\x58\x02\x4d\xae\x16\x72\x71\x71\x7f\x59\xd9\xbe\x9d\x1f\x4f\xa0\xf5\x04\xa9\x52\x88\xe9\x04\xa9\x97\x93\x46\x32\x25\xbf\xb6\xdb\xa0\x82\x25\x85\x47\x94\x78\x85\xa6\x7f\x45\x7b\x2f\xd0\xbd\x84\xb4\xf4\xd4\x40\xe1\x28\x35\x26\xef\x68\x7d\xe1\x10\x09\x43\x53\x85\x6c\x41\xe3\x3d\x4e\x6d\x2c\xb6\xa9\x42\xba\x50\x01\x55\x2d\x15\xad\x85\xca\xc8\xa2\x7c\xaa\x98\x8a\x8b\x1c\xc6\x39\x94\x3f\x10\xfa\xc1\xa4\x18\xb5\xcc\x43\x05\x46\xd1\x1f\x9a\x51\x83\xf4\xef\xc8\xaa\x0a\xc8\x74\x66\xd1\xa5\xdc\xa2\x87\x5d\x4d\x27\xbe\x3c\x0c\xbb\x3e\x68\xcc\x4b\xc2\x5c\x12\x56\xa0\x9d\x97\xda\xfd\x95\xb2\xa8\xb7\x74\x9f\x53\xb5\xdc\x79\xe5\x00\xb5\x4c\x98\xa6\x61\xc4\x2f\x98\x1a\x2a\x78\x06\xa3\xd7\x30\xe3\x16\x00\xd5\x0c\xb9\x75\x5a\xa9\x29\x2f\x01\x5a\x66\xcc\x4b\x53\x13\x3d\x8b\xe5\x82\x25\x1a\xdc\xeb\x28\xd3\x9d\xba\x62\xf1\xcc\x52\x09\xc3\xa3\x49\x0d\x47\xbd\x94\xe6\xef\xc5\x42\xb0\xd6\xbc\xca\xf5\xb0\xf6\xb1\xd7\x61\x54\xf9\x50\x47\x9b\xef\x02\xb8\x76\xd0\x64\x90\xf9\x5e\x51\x53\x2d\xc2\x0d\xc8\x47\x09\x9d\xa0\x86\xc7\x36\x10\xfc\xee\xf1\x13\x94\xef\xfa\xf7\x26\xb4\xdc\x31\x5b\xf6\x8d\xc5\x35\x57\xe8\xd1\xbd\xb0\x75\xa7\x98\xdc\x73\x69\xc7\x21\x62\x0c\x38\x30\xce\x30\x56\xf6\xe7\x58\x4f\x25\xdd\x3f\x84\x8f\x87\xa3\x1f\x0c\x1e\xd2\x7f\x55\xc0\x78\xd8\x63\xd3\x4a\x1e\x9f\x8f\x30\xe5\x1e\xff\x30\xe7\xdd\x87\x63\x4d\x05\xfd\xfe\xa8\x8c\x39\x24\xbe\xda\x6c\xa9\xe5\xd9\xab\xec\xf3\xc3\x05\x44\x47\xd2\xaa\xf7\x8c\x8b\x8e\xa4\x57\x35\xc3\xa3\x12\x1e\x6a\xe1\xd1\x1f\xa5\x5b\x1f\x83\x3d\x87\xc6\x78\x10\x73\xde\x43\xc3\x3e\x70\x0c\x59\xbc\xe8\x62\xc4\x90\x0d\x38\x26\x82\x0a\xc7\xa4\x65\x96\xdc\xc7\x0e\xba\xab\x0b\xef\xcc\x19\x4b\x13\xa9\x6e\x94\x07\x5b\x1f\x33\xba\xf9\xd3\x5b\x78\x4b\x04\xf6\xb1\xcd\xbc\xb9\x38\x76\x28\x0f\xab\x56\xce\x34\x5d\x6d\x6e\x32\x2f\xae\x06\x33\xcb\x94\xf5\xa0\x63\x56\xb3\x32\x36\x68\xda\x42\x34\x92\x94\xbc\x80\x5c\x3a\xee\xb8\x6a\x5d\x59\x65\xab\x51\x61\xe7\xfc\x9f\x35\xd7\x47\x53\x92\xf7\x30\x4b\xff\x5f\x14\x85\xb6\xae\xed\x28\x9a\xf2\x3b\x98\x5d\x6d\x25\x15\x2c\xef\x81\xb6\xf5\x78\xb9\x59\x3d\x14\x47\xc9\x85\x50\x42\x87\xf5\xf2\xe3\x62\xd9\x55\xcc\xa4\xa6\x1e\x2e\x53\xdd\x1f\x2d\x8f\x1b\x37\x8b\x0a\xb9\xb8\xb2\xbd\x43\x6e\xfe\xc9\xa9\x34\xca\xcc\x9a\x2f\xfe\x15\x72\x31\xed\x06\x61\x33\xdc\xec\x0f\xf9\x9c\xe4\x6a\xa8\xfa\x95\x67\xfa\x58\x9f\xd3\xcb\x08\x4e\xd3\x55\xbf\x92\x1e\xe3\xd6\xdf\x81\x3c\x31\x2e\xa0\x97\x48\xd4\x01\xa7\xcf\x51\x76\xe3\xd5\x27\x65\x2e\x2f\xab\x95\x0a\x29\xb1\x65\xdc\xcc\xd4\xea\x3a\x0f\x5e\xca\xb7\x9f\xa0\x47\x0b\xd2\xf2\x9d\xfc\xc2\x0c\x79\xd4\x20\xcd\xbf\x91\x26\x27\xc9\xdd\x29\xed\x00\x92\x5c\xa3\x5c\x24\xcf\x1f\xc9\xdd\x2a\x65\x3f\x05\x2d\x3e\x1f\xeb\xeb\x56\x6b\xd5\x2d\xad\x97\xba\x58\x26\x14\xf1\x69\xef\xec\xd4\x1a\x97\x34\xff\x06\x25\x57\xa4\x55\x8c\x0a\xa5\x1e\xca\xb3\x9b\x62\x26\xa9\xec\x3f\x40\xc9\x95\xe2\xeb\xbc\x7b\x31\x94\x8e\x17\x8b\x65\xb9\x45\x65\x7b\x59\x4c\x3f\xcb\x47\x67\xa5\xd9\x5d\x39\x4b\x70\xa2\xed\x9c\x32\xfe\x5a\x9a\x1a\x13\xd3\x09\x29\x39\x51\xc8\x4d\x7c\xf4\x4b\xdb\x47\xb9\x95\x7d\x40\x1d\xfe\x1d\x6f\x67\x7b\x99\x00\xa9\xc0\x5b\x6b\xca\x6d\xed\xe7\xbf\xc1\x1a\xef\x65\x02\x68\x6c\x14\x6d\xed\x82\x5d\x2b\x91\xdb\x6c\xad\x1d\x6d\x5d\xdd\x27\x2b\x55\xd2\x8d\x22\xba\xe5\xed\x90\x83\xcc\xa0\xdf\x61\x06\xad\xcf\x20\xbe\xe5\x1f\xd8\xb7\xa8\xd8\x8c\x7b\x13\xc5\xb6\x12\x5f\xf3\x41\x6d\x8c\x34\xbf\x8a\xa6\xb7\xc9\xeb\x5b\xac\x1b\x46\x31\x52\xab\xd6\x92\xd2\x23\x56\x7a\xe2\x5e\x3a\x2f\xf4\xa8\x2b\x00\xf5\xf5\x23\x79\x4d\x49\xd9\x8b\x6f\x02\x6b\xd5\x9f\xab\xd8\x9a\xe2\x63\xe9\xb5\x4d\x30\x81\xaa\x50\x85\x26\x74\x36\x28\xdb\x3b\xda\xe5\xb3\xb2\xb7\xcf\x3b\x2f\xc9\x8b\x04\x47\x19\xfd\x75\xc5\xaa\x72\x21\xb7\x88\xb2\x99\x7c\x6a\xcc\x85\x26\x57\xa5\xd8\x0c\xba\xfb\xc0\x85\xb2\x19\xf2\xb6\x16\xb7\x19\x17\xd5\x8c\xfa\xb3\x98\xdd\xc8\x3f\x78\x49\x2a\xcf\x7a\x1d\x41\xdd\x94\x93\x93\xe4\x82\xa9\x3c\xf9\x46\x8a\xde\x96\x66\x77\xc5\xdd\x17\xb6\x86\x62\x95\xbe\x72\x71\xf9\xe3\x14\x96\x5b\x5a\x2f\x95\x57\x95\x35\x9e\x91\x07\x53\x6d\x5d\x57\xae\x16\xef\xdf\x25\x5e\x91\x5a\x9a\xa3\x68\x25\x4d\xb5\x66\xfd\xe0\xb7\x0e\x9c\xc6\x87\xdc\x17\x2f\xfe\x36\xdd\x38\x0e\x56\x50\xe1\x83\xa2\xea\x8b\x2d\xdd\x17\x2b\x6c\x16\x1d\xcc\x2d\xe0\xfb\xbc\x27\x4e\xd1\xfc\x40\xbf\xfe\xee\x8a\x69\x72\xda\xf5\xd7\xa4\x45\x6f\xd6\xdd\xd5\xea\xe9\x6e\xef\x71\x53\xa1\x41\xf3\xe5\x5c\x0f\xef\xb1\x0f\xe1\xd1\x26\x9f\xde\xd6\xdd\x53\x71\xa8\xaf\x7c\x68\xf7\x37\xe7\xf5\x57\xac\x25\x83\x99\xe2\x60\xd3\x5d\x06\xf2\x84\x19\xed\xbc\x24\x5a\x8b\xed\xf5\xfe\x9e\x3c\xb7\x21\x4d\x6e\xe4\x67\x17\x1a\x82\x7e\x01\x6f\x37\x70\x76\x02\x36\xfe\xce\x4f\x40\x7e\x36\x21\x66\x77\xf2\xd1\x89\xfc\xda\xae\xa3\x90\x4b\x19\x4f\xb8\xe5\xd9\x4d\xe0\x82\x02\x1b\x19\xf4\x06\x40\x9a\x48\x28\x77\xf6\xd0\xd6\xae\x9c\x79\xa5\xbe\x64\x2c\xde\x98\xc2\xbb\x11\x87\x78\x3c\x2b\x54\xda\x8a\x94\x5d\x63\x0c\x05\xf5\x43\xda\x75\x4f\xfd\x99\x3a\x9c\x81\xe1\xfa\x9a\xb1\xe5\xc1\xd0\x35\x5e\x56\x86\xee\x0f\x78\x6f\xf0\xc5\x55\x54\x45\x57\x74\xbe\xa1\x08\x60\xa3\x08\x5c\x10\x34\x15\x30\x2e\xb5\x97\xd1\xc4\x06\xd8\x7e\x1c\xc7\xd6\xa6\x8b\x1a\x02\xbb\x0a\x72\x98\xaa\xb9\x54\xf5\x0e\x7c\x51\x90\x68\xf4\x8e\xfc\x7a\xd5\x2c\x48\xf5\x05\xb7\x98\x5b\x24\xa2\xc4\x3b\x48\x95\xac\x5a\x27\xdc\x6e\x20\x72\x24\x6f\xd2\x35\xd9\x3a\xca\xd9\x58\x93\x64\x43\x50\x98\x64\xd3\xdb\xae\x2a\x84\x97\x43\x67\xfa\xbc\x5c\xb0\x0a\x6c\x5d\x8f\x0f\x80\x55\x07\x68\x26\x8e\xa3\x19\xd5\xfa\xa1\xe9\x5f\x51\x36\x23\xa6\xa3\xd2\xd3\xb5\x42\x6e\x51\x8a\x4f\x68\xfa\x3d\x93\x40\xb1\x75\xe9\xfe\x33\xfd\xdd\xbf\x8b\xd8\x4d\x31\xfd\x4c\xbb\xd7\xa9\xf3\x0d\x6d\xef\xa2\xcc\xac\xf6\xb7\x23\x2c\x7f\xe0\x41\xc7\x58\xf4\x29\x4e\x2f\x71\x2b\x35\x96\x61\x3c\x2a\xaf\x52\x6a\xb8\x00\xd4\x5f\x0c\x3e\x56\xba\xb1\xa9\xb3\x2a\x32\x50\xd9\x73\x59\x50\xe0\xec\x58\xd5\x64\x13\x50\xf8\x9f\x81\xfe\x70\x4d\x86\x96\x1f\x81\x57\xbb\x70\xb5\x93\x55\xaf\x47\x67\x8d\x3f\x9c\x00\x45\xec\x60\xa0\x04\x62\xa9\xcb\x2e\x7b\x1e\x9a\x79\xd5\x48\xb6\x30\x4f\xdf\x37\xef\xc7\x3c\x13\x0a\x2e\xac\xfd\x55\x0a\x13\x50\xed\xcf\x52\x1c\x91\x63\x44\xd7\x74\x8e\x19\x28\xc1\xc0\x53\x89\x63\x95\xdd\xee\x7b\x84\x4e\xda\xdf\x45\x41\x5b\x71\x29\x36\x83\x0d\xba\x03\xa7\xc6\x6e\x43\x5a\x3e\x5e\x70\x1b\x84\xa8\xd2\x70\x9b\xd8\x52\xd3\xab\xd2\x07\x78\x55\xba\x8a\x57\xad\x70\x10\x81\x3d\x53\xa5\x18\x54\x87\x73\x18\xb7\x4a\x57\x74\x96\xb4\xee\x58\x69\xab\x67\xad\x32\xda\x57\x61\x74\xf7\x37\xe7\xe9\x2a\xde\x95\x66\x4c\xe3\x0f\xe7\xec\xe8\x32\x7f\x44\x7f\x48\x6f\x57\x03\xfc\x07\x70\x77\xf4\xfb\xbb\x3b\xfa\x08\xfe\xee\x9d\x1d\x14\x5d\xc1\x43\xd1\x1f\xca\x43\xd1\xef\xe4\xa2\x3e\x8a\xc3\xa0\x3f\x94\xc7\xa0\x2d\x2e\x83\x2e\xf5\x19\xd5\x96\xf8\x21\x9d\x06\xfd\xa1\xbd\x46\x65\xa2\x4b\xdd\xc6\x51\x58\x68\x46\xa2\xde\x9f\x31\x79\x0e\xfa\x63\xba\x0e\xda\xec\x3b\xaa\x32\xee\x28\xce\xa3\xe4\x41\x7e\x75\xef\x41\x5b\xdc\x07\x5d\xe2\x3f\xe8\x12\x07\x52\x76\x36\x65\xd3\xd2\xb6\xff\x0d\x00\x00\xff\xff\xb1\x7b\x19\x4f\x38\x4d\x00\x00")

func openwrtNftablesClient_onlineShBytes() ([]byte, error) {
	return resourceSetBindataRead(
		_openwrtNftablesClient_onlineSh,
		"openwrt-nftables/client_online.sh",
	)
}

func openwrtNftablesClient_onlineSh() (*asset, error) {
	bytes, err := openwrtNftablesClient_onlineShBytes()
	if err != nil {
		return nil, err
	}

	info := bindataFileInfo{name: "openwrt-nftables/client_online.sh", size: 19768, mode: os.FileMode(436), modTime: time.Unix(1790421345, 0)}
	a := &asset{bytes: bytes, info: info}
	return a, nil
}

var _openwrtNftablesConfig = []byte("\x1f\x8b\x08\x00\x00\x00\x00\x00\x00\xff\x8c\x54\x4d\x4f\xe3\x3c\x10\xbe\xfb\x57\x58\x7d\xcf\xae\x78\x17\x89\x0b\x27\xd4\x6a\xb5\x88\x4f\x01\xd2\x5e\xf6\x62\x9c\x49\x32\x8a\xb1\x2d\x7b\x92\xa5\xb2\xe6\xbf\xaf\x92\xa6\x90\x25\x2c\xa9\x7a\x68\xec\xe7\xc3\x33\x7e\x26\xc9\x19\x4b\xb9\x7e\x84\xd8\x41\xdc\x78\x57\x62\xb5\xbe\xf6\x46\x5b\x66\xdb\xff\xc9\x9c\x3f\x05\x65\xce\x60\x13\x30\x9f\xef\x69\x27\xeb\xe1\x97\x33\xb8\x82\x59\x04\x1f\x69\x26\xbd\xf7\x91\x7a\x2c\x7a\xf2\x73\xb0\xdf\x65\x16\x05\x74\x33\x6c\x0b\x1d\xb3\x30\xba\x07\x7e\xfa\xd8\xa0\xab\xb6\x18\x99\x73\x5e\xdf\x60\x32\x23\x6b\x73\xf1\x1d\x2d\xdc\xea\x17\xe8\xc9\xb0\x2f\xe0\xdf\xf4\xf1\x04\x88\x34\x91\x35\xb0\x3b\x46\x75\x05\xbb\x77\x91\x94\xff\xc9\xa7\x1a\x93\x2c\xd1\x82\x4c\xb5\x6f\x6d\x21\x9f\x41\x36\x10\x48\x26\x30\x11\x48\x14\xf5\xd7\xb6\xdb\x1f\x93\x22\x0a\x4d\x5a\x19\x0c\x35\xc4\x34\xbf\x0b\x4d\x7a\x33\x60\xcc\x22\x0d\xc8\x8c\x33\x2e\x2e\xb7\x0f\xcc\xe2\x93\x80\xdf\xf1\x33\xe6\xbd\x87\xc2\xd0\x9d\x7d\x61\x74\x36\x38\x0d\xe1\x92\x0f\xde\xfa\x6a\x37\x63\x3f\x8d\x00\xb3\x78\xd1\x4e\x57\xf0\x02\x6e\x21\x84\x9b\x37\xde\xa3\x37\x0d\x10\xb3\x6c\x1d\xbe\x8a\xcf\xaa\xde\xb6\xc1\xa2\xd1\x04\x9b\x5b\xe6\xe2\xb0\x50\xc6\xbd\xcf\xe2\xc7\xdd\x61\x16\x45\x03\x10\xb4\xc5\x0e\x66\x15\x5f\x1d\x10\x66\x41\x36\x29\xdd\xd2\x42\x50\x4f\x93\x21\x93\x27\x7f\x25\x8f\xe9\x90\xb6\xc8\x39\x6a\x57\xc1\xa1\x81\x07\xdf\x12\x30\x87\x36\xd5\x72\x15\xfb\x45\x7f\xc8\x2d\xd0\x6f\x1f\x1b\xe6\x95\xcc\x79\xf5\xcb\xad\xfa\xb3\xc6\x92\x93\x89\x18\x48\x25\x30\x6d\x44\xda\xc9\x53\xd1\x97\xa6\xda\x04\x51\x05\x9d\x92\xea\x20\x62\xb9\x30\xab\x1b\x8b\xe0\xe8\xa2\xa5\xfa\x71\xb0\x1b\xab\xee\x50\x2b\x70\x9d\x38\xef\xdd\xa4\x0f\xe0\xba\xe0\xc4\x79\x15\x7d\x1b\xde\x96\x01\x62\xc2\x44\xaa\x81\xdd\xdb\x33\xb5\x4e\x24\xd2\xd4\xa6\x85\x77\x64\xe0\x4c\xee\xe9\xdb\x89\xb0\xbe\x52\x3a\x04\x70\x85\x3c\xe6\x05\xbb\xf6\x15\xb3\xe8\x20\x3e\xcb\x53\x01\xaf\x7d\xaa\x48\x0a\x5e\x91\x94\xf3\xd4\x77\xfe\xbf\x10\x66\xe8\x4f\x99\x41\xa8\x0a\x8c\x0b\xd7\xb1\xd9\x0e\xbb\x02\xcb\x51\x12\xbc\xb7\x6a\xec\xee\x6b\xed\xe5\xfd\xfd\xf4\xe3\xb2\x3f\xb8\xc0\x64\xbc\x73\x60\x16\xc4\xfb\x1c\xee\xca\xd2\xa2\x83\x69\x14\x93\x0e\x8e\x76\x71\x33\x13\xf1\x71\xaa\xef\xa8\x3e\x3c\x33\xff\x09\x00\x00\xff\xff\xe4\x86\x1c\x3b\xe0\x05\x00\x00")

func openwrtNftablesConfigBytes() ([]byte, error) {
	return resourceSetBindataRead(
		_openwrtNftablesConfig,
		"openwrt-nftables/config",
	)
}

func openwrtNftablesConfig() (*asset, error) {
	bytes, err := openwrtNftablesConfigBytes()
	if err != nil {
		return nil, err
	}

	info := bindataFileInfo{name: "openwrt-nftables/config", size: 1504, mode: os.FileMode(436), modTime: time.Unix(1790391574, 0)}
	a := &asset{bytes: bytes, info: info}
	return a, nil
}

var _openwrtNftablesHelp = []byte("\x1f\x8b\x08\x00\x00\x00\x00\x00\x00\xff\xec\xbd\x7b\x73\x13\x49\xb6\x2f\xfa\x7f\x7d\x8a\x3c\xf4\x3e\xb1\xa7\x35\x23\x4b\xb6\xc1\x43\x73\x1a\xe2\xb8\x0d\x33\xed\x3d\x34\x4d\x63\x66\xfa\xec\x98\x33\xd7\x12\xb2\x00\x1d\x8c\xe4\x2d\xc9\x4c\x73\x07\x22\x64\xfc\x92\x6c\xc9\x12\xe0\xa7\x24\xbf\x68\x1b\x1b\x8c\x25\x03\x6e\x5b\x96\x64\x3b\xe2\xde\x6f\x82\x2b\xab\x4a\x7f\xf9\x2b\xdc\xc8\xb5\x32\xb3\x52\xb2\xa1\x99\x7d\x22\x6e\xdc\x3f\x6e\xef\x3d\xdd\x56\x55\x56\x3e\x57\xae\x5c\xcf\x5f\x7e\x41\xbe\xef\xf3\x07\xff\x72\xfd\x1a\xa9\xcd\xbf\x30\xe6\x0f\x89\xbe\x7f\x68\x4e\xae\x1b\x89\x71\x3a\x92\xd4\xb4\x4b\x44\x2f\xc5\xf4\xd2\x6b\x6b\xf4\xb5\x91\x98\x35\x0b\xcb\x66\x76\x48\x7e\xc1\x7e\x66\x46\xf0\xbb\xe3\x6a\xd6\xac\x2c\xea\xa5\x18\x3e\x74\x38\x58\x25\xf1\x5d\x87\xe3\x28\x36\x20\x7e\x98\x95\x21\xfe\x5b\xd4\x60\xe4\x53\x74\x6c\x99\xce\xad\xd3\xc2\x82\x7e\x30\xee\x70\x1c\x57\x93\x74\x6f\xa7\x16\xcb\x5a\x87\xa3\xda\x25\xe2\x09\xf4\x45\xbd\xb7\x7a\xfd\x11\x8f\xcb\x13\xe8\x8b\xf8\xa3\x1e\x42\x07\xb2\x56\xe1\xb0\x36\x53\x30\x26\xd6\x68\x7c\xe7\x28\x36\x80\xa5\x89\x27\xea\x83\xb7\xb4\xf4\x92\x16\xf6\x6b\x73\x99\x5a\x6c\xf1\x28\xf6\x04\xbb\x67\x6d\x2f\x5a\xdb\x3f\x7f\x88\xe5\xcd\xea\xb4\x31\xf1\xec\x43\x6c\xfe\xb8\x9a\x34\xf3\x8b\xc6\xe6\xcf\x66\x76\xc8\x3a\x5c\x30\x26\x56\xf5\xd2\x84\xb5\xff\x86\xa6\x9f\x9a\x93\x6f\xe5\x18\x69\x21\x69\xc4\x33\x47\xb1\x27\x9a\xa6\x7d\xf1\x05\x31\x73\x05\xba\x3f\xa5\x69\xcd\x4d\xc4\x58\x2a\xd1\xc3\x41\xe3\xe5\x13\x7a\xf8\x8b\xd6\xd2\x44\xe8\xe1\x46\x2d\xb6\x48\xab\x31\xba\x36\xae\xb5\x36\x11\xfa\x74\x5f\xaf\xac\x58\xcb\xc9\xe3\x6a\xbc\xe3\x6a\xe7\x71\x35\xa1\x9d\x6d\x22\xb5\xe1\x94\xb9\x5f\x30\xa6\x47\xf5\xca\x0e\xf1\x85\x82\xb7\x03\x77\x9a\xfe\x57\x24\x14\xd4\xce\x35\xf1\x15\xa0\x63\x8b\xd6\xe0\xbe\xd6\xd6\x44\x8c\xf9\xc1\xda\x5c\xc6\x58\x5f\xa6\x0b\xe3\xda\xef\x9b\x48\x7b\xc7\x55\xa2\x97\x26\x6a\xb3\xef\xcc\x81\x0d\xfa\x62\x4e\x3b\xdf\x44\xd4\xd1\x1e\x57\xe3\x51\x1f\x6b\xe7\xab\x26\x62\xfd\x32\x64\x94\x33\x6c\x48\x43\x59\x23\xff\x46\x6b\x76\x37\x11\xab\x38\xa0\xef\xbd\xd4\x4b\x13\xb4\xf0\x82\x2d\xc7\x46\x11\x7b\xa3\x35\xb3\xe1\xcc\xac\xd2\xc3\x99\xa3\xd8\x80\x39\xb6\x63\xc4\x06\x60\x32\x0a\x46\xea\x85\xd6\xcc\xc6\x56\x48\xd0\xe1\x75\x5a\x29\x5b\x85\x82\xd6\xdc\xda\x44\x6a\x83\xeb\xe6\xfe\xbb\xe3\x6a\x3c\xf2\x30\x12\xf5\xdf\xef\x61\xad\x36\x9f\x65\xdd\x29\x59\x6b\x03\xb5\x99\x42\xed\xc5\xec\x71\x35\xfe\x87\xf6\x1f\xe0\x0d\x1b\xdc\xdc\x10\xcc\x9c\xd3\xe9\x84\x99\x6c\x9c\x41\xed\x11\xc1\xbf\xc8\x23\x62\x15\xb7\x8d\xd9\x09\xf2\x48\x7b\x44\x9c\x4e\x27\xe1\xff\xd6\x1e\x11\x41\x6b\xf1\x1f\xfd\xb7\x8e\xab\x09\xf2\x88\x20\x65\xb9\x24\x81\xb9\x24\x49\xb9\x70\x0a\x5c\x38\x30\x33\x3b\x44\xd3\x45\x6b\x6d\x84\x26\xa7\x91\x44\xcd\xa9\x64\x6d\xfe\xc5\x71\x35\xa9\x57\x86\x89\xc7\xdb\x73\x3f\x10\xf4\x10\xb3\xc2\x8a\x99\x73\x15\xba\x3f\x75\x14\x7b\x02\x8d\xd2\x91\xe1\xda\xe0\x3a\x69\xbf\xde\x49\x1e\x11\x4f\x20\x18\xf5\x87\x83\xde\xde\x6e\x6f\x5f\xa0\xbb\x37\x10\x89\xfa\x83\x1e\x46\xb5\xe9\xd7\x66\xee\x29\xcd\xbc\x31\xf2\x6f\x8c\x7c\xf9\xb8\x9a\xb3\x0a\x2b\x56\x71\x00\xa7\xff\x88\x4d\xe8\x98\x5e\x1a\x37\xcb\x87\xf8\x04\x89\x96\x16\x06\x69\x6e\xc1\xda\x1a\x34\x16\x57\xad\xe2\x0b\x5c\xf0\xa3\xd8\x40\x7b\xc7\x55\x46\xd8\x82\x86\xa1\x1b\x0d\x7b\x85\x3c\xe2\x5b\x53\x92\xaa\x75\x98\x33\xd7\xc7\xc9\x6f\xd9\x73\xba\x3a\x43\x77\x57\xf5\xfd\x3c\x12\xec\x71\x35\x8e\x8b\x7f\x14\x1b\xf0\x44\xfc\xe1\x07\xfe\x70\x13\x23\x3e\xcf\x51\x6c\x40\x2e\x3c\x76\xec\xb8\x9a\x90\x03\x57\x6a\x60\x43\xff\x7b\x28\x7c\x2f\x10\xbc\xd3\xdd\x13\x08\xbb\xbe\x96\xdd\xe9\xbc\x7c\xc9\xc5\x66\xc0\x28\xa6\xf5\xd2\x6b\xec\x9c\x39\xfe\xc6\xdc\x18\x17\xf5\xc8\xc5\xc1\xf1\x11\x17\x50\x32\x9b\xd8\xf7\xb4\x90\x95\xc4\x88\xb3\x4e\x9f\xbf\xa6\xe9\x2d\x59\x3b\xeb\xd7\xe0\x3e\xee\x78\xfa\xfc\xb5\x5e\xce\x99\xfb\x4f\x8d\xc2\x2f\xa2\x6e\x9c\x23\x73\x73\xda\x9c\x5a\x3d\x59\xa5\x5e\x1a\x73\xe9\xa5\x71\x6b\x39\xc9\x0a\x4d\x8c\xb2\x85\x52\xde\x99\xe5\x43\x63\x66\x87\x6d\x77\x60\x1e\xd6\xe8\x6b\x3a\xb6\x6e\x4e\x2e\x1a\x53\x71\x51\xbf\x5e\x1e\x67\x3b\x95\x4d\x36\x2b\xee\xc2\x35\x74\xe1\xe2\x1a\xf1\x0c\x1d\x5b\x34\xe2\xd3\x74\xe5\xad\xb5\xbd\x6a\xd3\x1e\xcd\x14\xe9\x40\xde\xc5\x86\x49\x5f\x2c\xd0\xf8\x92\xb9\x99\xa0\x85\x65\x8b\xfd\xff\x96\x24\x2d\xed\x8b\x2f\xbe\x20\xc6\xf4\x1e\xcd\x3c\x35\xcb\x2f\x69\x21\x7b\x5c\x8d\xd7\x46\x53\xd6\xcb\x01\xb6\x69\x34\x27\x71\x38\x18\xd5\x54\x97\x18\x5f\xcc\xca\xca\xc9\x87\x91\x67\x44\x0e\x83\x7d\x03\xbb\x82\xb7\x6e\x6e\x30\x2a\xb7\xd6\x9e\x99\xd9\xa1\x0f\xb1\x3c\x4d\x3f\xad\xc5\x06\x90\xdf\x21\x87\x1c\x2d\x63\x93\xb8\xd0\xbc\x95\x71\x6b\x7f\x1f\x5a\x91\xf5\x42\x2b\xb2\xcd\x5f\x69\xc5\x98\x58\x35\x26\x77\xd4\x56\x86\x57\x1b\x5a\x31\x7e\x19\xa8\x8d\xa6\xcd\xca\xa2\x55\x58\xd6\x4b\x9b\xec\x1c\xf1\x7c\x18\x79\xea\x21\x7a\xa9\x8c\xa3\x64\xb4\xf9\x61\xe4\x39\x7f\xc2\x7a\xc4\x96\x2b\xb3\xa1\xef\x25\xf4\xd2\x84\x5e\x1a\xab\xcd\xbf\xd0\x4b\x31\x6b\x74\x1b\xd8\x31\x3b\x9a\xb0\x50\xfc\x44\x93\xc6\xcc\x92\xf1\x7e\xca\xcc\x6d\xb3\x8e\x4d\x6d\xd3\xfd\x17\xc7\xd5\xac\x5e\x9d\xa5\xc3\x71\x63\x6c\x0c\xbb\x42\x3c\x61\x7f\x4f\x20\xec\xf7\xb1\x43\x25\xbe\x45\x3c\x81\xdb\xb7\xea\xa8\xda\x43\xac\xc2\x01\x5d\x19\xa5\x23\x29\x73\x72\x9d\x7c\x7b\xf3\x1b\x82\x75\x69\x97\xc8\x71\x35\xae\x1f\xcc\x5b\xbf\x4c\xd3\x91\x61\x63\xa9\x04\x1f\x7b\xc8\x6f\x89\xc7\xeb\x8b\x76\xdf\x0f\x84\xc3\xfe\x1e\xb6\x27\xd8\xd6\xfc\x31\x1c\x65\xc4\x43\x53\xef\x89\xe7\xde\xfd\x50\x8f\x53\x14\x85\x1f\x11\xdf\x5d\x7f\x8f\xd3\xeb\x8b\x3a\xe5\x57\x89\xe3\x6a\x4e\xbb\x44\xac\xf1\x55\xbd\x94\x62\xdc\x68\x72\x9d\xc6\xe7\x68\x6e\xa1\x16\x8b\xb1\x8e\x06\x82\x77\xc2\xfe\x48\x84\x78\xfa\x42\xbd\x01\x9f\xdf\x23\xfb\x82\xad\xcb\xa7\xac\x1e\xbd\xb4\x62\xc5\x86\x6b\x83\xfb\x66\xb5\x4c\x57\xde\x1a\x33\x3b\x7a\x35\x8b\x34\x48\x7e\x6c\xbf\x71\xad\xf3\xda\x1f\x09\xdd\xdb\xb1\x76\xdf\x5b\x87\xa3\x38\x9f\xe2\x2c\x49\xc2\x0c\xb3\x85\xc1\x27\xd0\x99\x19\xba\xff\x96\x3e\x4f\xc1\x02\x08\x4e\xde\x78\xf6\x69\x1e\x8f\xe7\x96\x37\x72\x57\xfb\x82\x34\x7f\x49\xd8\x76\x8a\x67\x18\xab\xaa\xec\x9b\x2b\x65\xfd\x60\x9c\x1f\x3a\x4d\xae\x50\x9f\x3f\xf8\xa0\x2f\xe8\xec\xf3\x06\x83\xfe\x5e\xd2\xe3\xbf\x1f\xc2\x13\x91\x5c\xaa\x3b\x1a\xb5\x2f\x48\xcb\x97\x44\x3f\x2c\x18\x93\x7b\xca\x73\xf5\x28\x65\x65\x5a\xbf\x24\x34\x3e\x4f\xd7\xc6\x69\x72\xda\x98\xda\x32\x52\x05\x5a\x7e\xce\x08\xf7\xe5\xb4\xf1\x66\x19\x4f\x2c\xc6\xef\xe2\xd3\x34\x35\x6a\x96\xd7\xcc\x44\xdc\xc8\xbf\xa1\x99\x09\x23\xb1\x06\xc7\x74\xe2\x64\x9f\x9c\xd8\xde\x45\xa5\x59\x72\x3f\x70\x27\xec\x8d\xfa\x7b\x6e\xb1\x46\xcf\xb2\x46\x73\xb4\x52\xc6\x43\x85\x3e\x9d\x45\x6e\x77\x5c\xcd\x12\xce\xf8\x68\x26\x45\x08\x2d\x8e\x98\x4b\x03\x84\x18\xe9\xb4\x75\xb8\xf5\x79\x0d\xf9\xc2\x7e\x6f\xd4\xdf\x1f\xf1\x87\x09\x1c\x4f\xe4\x5f\xdb\x2f\x7f\xd7\x79\xad\xfb\x7a\x7b\x57\xd7\x8f\xdf\xdf\xb8\xdc\xdd\xdc\xdc\xdc\xd2\xd2\xd2\xda\xda\xfa\xaf\x44\x36\xcf\x3a\x75\x4e\x74\x8a\x7f\x27\x19\xf0\x71\x35\x4e\x33\x29\x73\x6d\x8b\x1e\x0e\xd7\x96\x2b\x7a\x89\x97\xf8\xec\xb1\x63\x97\xee\x84\x43\xfd\x7d\xf8\x25\x6b\xae\xed\x4b\x62\x8c\x8d\xc9\x1e\xd0\xb1\x25\x3a\xbc\x2a\x9a\xae\x0c\x7d\x5e\xcd\xde\x9e\x1e\x36\xd2\x68\x48\xa9\xdc\x6e\xe2\xf7\x5f\x12\xc6\x53\xc7\xd6\x91\x0b\x7d\x5e\x95\xe1\xfe\x20\xa3\x45\x4d\xc3\x4f\xd9\x4a\xff\x92\xb6\xd6\xe2\x74\x6e\x1d\x0f\x14\xe2\xb9\x1b\x8d\xf6\x5d\x70\xb9\xbe\xd6\x4b\x15\x23\x5f\xbe\x74\xe1\xbc\xfb\x7c\x33\xdb\xb8\x6c\xc3\x4b\x99\x40\x48\x03\x8c\xe7\x38\x55\x51\xc1\x98\x2d\x9a\x89\x3d\xa3\x30\x06\x53\x9b\x75\x38\x68\xfa\xb5\x91\x4f\xd8\x43\x67\x07\xc4\xd3\x59\x6b\x70\x1f\xeb\xc0\xce\x83\x94\x6b\xcc\x15\x6a\xb1\x2c\x27\x90\xf4\x6b\x56\x64\x72\x5d\x2f\x4f\x10\x38\xc9\xe1\x74\x61\x2d\xb2\x06\x51\xec\xd2\x4b\xec\x60\x30\xc6\xc6\xa0\x04\x7e\x68\x4c\x1e\x58\x87\x39\xb5\x47\xe2\x1b\xdc\x2c\x92\x9b\xe1\x56\xa1\x99\x89\x5a\x3e\x66\xbd\x1c\x70\x38\x6a\xa3\x29\x9a\x29\x3a\x1c\x56\x71\xb5\x41\xae\x30\x12\x29\x3c\x01\x19\xf7\x80\x5a\x1a\xa4\x45\x26\xce\x76\x5c\x3e\xae\x26\xb0\x3a\x87\xc3\x7e\x3f\x9a\xb2\x0e\x17\x1c\x0e\x59\x45\x1d\x9b\x38\x5d\x24\xd6\xd8\x48\xde\x4f\x1d\x57\xb3\x9e\x13\x6b\xfa\x57\xb1\xa8\x5f\x5b\xbb\x45\x7a\x30\x74\xe9\x6f\xe4\x6b\xac\xe2\x92\xe7\x28\xf6\xc4\xc3\x5f\x7b\x48\xad\x32\x6b\x15\x56\x68\xac\xca\x08\xda\xa3\x90\x80\x07\x7a\xf0\x88\x37\xac\x48\x96\x04\x59\x51\xa3\x88\x29\x05\x4d\x8f\xdc\xe4\x1e\xf6\xd5\xe1\x80\xb9\x56\x71\x9d\xca\x5d\xd8\xea\x2c\x33\x31\x85\x91\xfd\xe6\x8c\x51\xf8\x05\x05\xd3\x93\xc3\xf9\x24\x2f\xf1\x60\xb3\xe1\xfe\x20\x6b\x50\xa5\x75\x26\xaf\x4b\x09\xf4\xb8\x9a\x44\x29\xc5\x18\x4f\x58\xbf\xec\xb2\xbf\xa1\xa8\x99\x1d\xb2\xe5\x83\xcf\x6d\x1c\x1b\x63\xcd\xda\x9c\x06\x5a\x47\x86\x26\xf8\x98\xe7\x6b\xc9\xc7\x2e\x91\xaf\x91\x91\x5d\x22\x5f\x23\x27\xbb\xe4\x39\xb5\x39\x85\x75\xf5\x37\x93\x7f\xbd\xfe\xdf\x23\x91\xbf\xbb\xc3\x3d\xff\x4a\x8c\x5f\xc6\xad\xe2\x14\x56\x58\xd7\x38\x6c\xfb\xc6\xd6\x71\x5f\x79\xbe\x66\x62\x79\x26\xf5\xc9\xb6\x90\x6d\x84\x6e\xdf\x66\x87\x1f\x56\x5c\xcf\x52\xd8\xc7\x8c\x4d\xe1\x58\x80\x47\x35\x34\xa2\x8c\xf2\x93\x0d\x36\xb0\xaa\xfe\xe6\xfa\x66\xed\x73\x0c\x68\xe7\xe0\x39\x1d\x2d\xab\x27\x1f\xf9\xb7\xae\xef\xaf\x31\x91\xc3\x58\x1a\xa5\xa3\x23\x58\xe0\xd4\x86\x3e\x76\x22\xf2\x86\x1e\xf8\xc3\x91\x00\xfc\xe2\xad\x18\x0b\x43\xb4\x52\x36\x66\x76\x6a\x33\xdb\xa7\x56\x68\x7f\xa1\x69\x6c\x9f\xee\xd5\x46\xd3\x75\xf3\x0d\xdd\x74\x38\x94\x33\xfc\xbf\xb8\x6e\x05\x82\x2e\xf8\xfb\x76\x28\x4c\x02\x24\x10\x24\xff\xf2\x9b\x88\xff\x3f\x48\x33\x39\xe7\xfe\xf2\xbf\x91\x9e\x90\x46\xc8\x3f\x7b\x9e\x9d\x61\xff\xfe\x97\xc0\x19\x72\xe6\xba\x17\x49\xa3\x1b\x7e\xe1\x44\x3a\xd9\x5b\xe7\xbf\x04\xce\x7c\x6e\xcd\x0d\x2b\x22\x6b\xc7\xea\xb4\x9e\x50\xd0\x8f\x27\xc1\x25\xc2\xad\x05\x1d\x57\x3b\x05\xa5\x65\x87\x70\xf0\xc8\x45\x54\x85\x42\x2f\x95\x3f\xc4\xf2\xfa\xc1\xbc\x91\x2a\x18\xdb\x15\x6b\x77\x50\x52\x0c\x6c\xb8\x98\xbe\x3f\x81\x8a\xc5\x87\xd8\xfc\x51\xec\x09\x7d\xf9\xa4\x96\x8f\xd1\x5c\x99\x16\xb2\x58\x8f\x4b\x2f\xa5\xa4\x40\x65\x15\x77\x69\x5e\xee\xea\x4d\xa6\xf6\x4d\x6d\xd7\xf1\xc8\x4f\x19\x08\x18\x1b\x03\xfe\xc2\xb8\xd7\xdb\x0a\x5d\x18\xff\xa8\xa6\x6c\xb3\x31\xae\xa0\x92\x47\x24\x12\x0d\x07\x82\x77\x88\xd0\xa1\xc9\x8f\xfe\x5b\x04\x35\x56\x9a\xdf\xa2\xf3\x31\x26\x6b\xbf\x7c\x42\x3c\x78\x04\x12\x23\x3e\x4d\x3c\xee\x26\xf8\x3f\x7c\x24\x34\x22\xcf\xfd\x87\x91\xff\xe8\xed\xf6\xf6\xf4\x84\xeb\xea\xfd\xee\x61\xd7\x0f\x57\x09\x56\x46\x3c\x77\x43\x91\xe8\x85\xbe\x50\x38\x0a\xe2\x29\xd8\x94\x78\x09\x63\x66\x87\x1e\x0e\xd3\xe5\x0d\x45\xd3\xe4\x75\x0a\x06\xd4\x50\xa7\xdc\x98\x0d\xc5\xfb\xbc\x91\xc8\x69\x5d\x00\x0e\xd5\x50\x16\x19\x79\x43\x49\xc9\xc7\xd5\xba\x23\xff\xd1\x1b\x88\xfa\x1b\x3f\xe8\xfa\xe1\x6a\x20\xea\x27\xb8\x2e\x78\x1c\x1d\xc5\x9e\x38\x1c\xb5\xf9\x05\xf3\x55\x19\xe4\x6a\xa6\x5d\xf0\x91\x62\x69\x34\x67\x1d\xee\x33\xd5\x14\x1a\x94\x6d\xb0\x9e\xff\xbd\xa7\x3b\xe2\xed\x8d\xd6\xb5\x62\xcc\x30\xa9\x14\x07\x40\x9f\xc7\x69\x89\x9d\x94\x9e\xc8\x5d\x6f\xcb\xb9\xb6\xdf\xe0\xe3\xdf\x9a\xb9\xcc\x97\x4c\xba\x37\x12\x31\x73\x92\x31\x7e\x33\x97\x39\x8a\x3d\x31\xa6\xb7\xf8\x77\xbb\xef\x8c\xc9\x3d\xd6\x0b\x87\xe3\x96\x2f\xfc\xb0\x2f\x0a\xfd\x60\xe2\xfb\x48\x0a\x15\x05\xab\xb8\x6a\xe6\x32\xc7\xd5\x9c\xb1\xb9\x52\x5b\xde\xd3\x2b\xc3\x28\x7c\x18\x4b\xcb\xb5\xd7\x49\x3a\x31\x42\xd3\xef\x44\xf3\x49\xa6\x1e\x82\xe8\x91\xdb\x36\x26\xf7\xa0\x2e\x6b\x6d\xc0\x7c\xf3\x86\x9c\x6b\x3a\x4f\xac\xb1\x27\xf6\xcc\xf9\x23\x8c\xbb\x74\x47\xfc\xbe\xb0\xbf\x7e\x60\x4c\xeb\x28\xce\x9b\x9b\x07\x34\x93\xa2\xc5\x91\xda\xb3\x55\x36\x35\x20\xd8\x90\xd6\x16\x46\xd8\xe6\x9b\x97\xb5\x6c\xda\xc8\x97\xf5\xd2\x3b\x36\x1c\x68\x0d\x84\xf3\x98\x91\x4f\xa0\xfc\x84\xb5\x30\x3d\xc6\x56\xd0\x55\xab\x44\x5d\x93\xaa\xf5\xc2\xac\xcc\xd3\xe2\x1e\x2e\x1b\x6b\x78\x73\xd6\x98\x3c\xa0\x99\xa1\x06\xd9\xc7\xcc\x0e\xe1\xf6\x73\xa1\xb5\xc4\x25\x6c\x23\xbc\xa9\xd3\x6c\x3f\x75\x4d\xda\x96\xa2\xc6\xad\x85\x32\xdc\xe1\xbc\x91\x1c\x20\x9e\xe6\x96\xdf\xc3\xce\x6a\xbe\x70\xee\x2b\xb7\xbb\xd5\xde\x5a\xbe\xde\x80\x3f\x18\xed\xee\xf3\xde\xf1\x9f\x56\x7f\x6d\xfe\x05\xcd\x3c\xa5\xbb\xef\xd0\x60\x49\xd0\x40\x29\xcc\x27\xd9\x21\x10\x0d\x5e\xd5\x96\x7f\xa9\xcd\xbf\x38\x6d\x6f\x37\xbb\x9b\xce\x43\xb3\xe7\xdd\xe7\xcf\xb3\x56\xf5\x52\xd9\x7c\x55\xa6\xf1\x39\x46\x1d\x19\xa6\x69\xaa\xab\xdb\x56\xb7\xba\xf7\xbd\x3f\x75\xf7\x86\xee\x74\x47\x02\xff\xa7\xbf\xfb\x1e\xec\x8e\x40\x30\xca\x46\x9d\x9a\x92\xf3\x88\x13\x46\x0b\xec\x60\x61\x1a\xfb\x5c\xe6\xb8\x1a\xff\xd3\x37\xb8\xd5\xad\x83\x03\x1a\xdf\xa2\x99\x09\x14\x61\xd0\xbe\x48\xf7\x76\x8c\xd2\xb0\x99\x19\x31\xf2\x31\x63\xe6\x15\xdd\x7f\x66\x2c\xff\x7c\x5c\xcd\x79\xbe\xbe\xe8\x66\x4a\xfd\xfb\xda\xcc\x26\x96\x94\x3d\xf1\xf6\xf6\x86\xfe\xde\xed\xef\x09\x44\xbb\xc3\xfe\x48\xa8\x3f\x0c\x47\x2f\xb9\x15\x0a\xf5\xb2\x3d\x34\x5b\xa4\x99\x97\x74\x78\xc0\x2a\x94\x50\x80\x75\xd5\x46\xd9\xa2\xa2\x7d\xcb\xdc\x4c\xa0\x61\x10\xb7\x2f\xf0\x7c\x72\xdb\xdb\x1b\xf1\xab\xa4\xfd\xd5\x51\x6c\xa0\xb9\xa5\x9e\xba\xa3\xa1\xbe\xee\x40\x30\x12\xf5\x06\x7d\xfe\x48\x77\x28\xd8\xed\xff\x29\x10\x55\x1a\xe6\x96\x66\xb0\xc2\x31\x55\x7d\xb4\x7c\x5c\x8d\x77\x75\xfe\xb1\xf3\xda\x4d\x57\x57\xe7\x1f\x6f\x5e\xb9\xf1\x1d\x93\x9a\x13\x29\xde\xc3\x81\xbc\xb1\xf9\x02\xc9\x5b\x31\x37\x33\x3a\x54\xbb\x16\x0d\xf7\x43\xcf\x72\x56\xe1\x00\xc4\x5b\xe8\xab\x87\xb1\x51\x6c\xc4\x45\xb7\x5f\x19\xe5\xc1\xda\xe0\x3e\x5b\x44\xa8\x14\x6b\x39\xae\x26\xb1\x4b\x28\xec\xd3\xcc\x04\x3f\xc9\x04\xd7\xe3\x66\x98\xeb\x9d\x97\x09\x9a\x04\x6a\xa3\x29\x63\x7a\xcb\x98\x58\x35\x0b\xcb\xaa\xa9\xcc\x98\x59\x32\x86\x16\xcd\xc5\x55\x95\x3a\x7e\x5f\x37\x3b\xd1\x70\x7f\x24\xea\xef\xe9\xee\x0b\x87\x7e\x0a\xf8\x15\xb6\xfc\xd7\xbf\x31\x12\x49\xa7\x68\xe6\xa9\x5e\xf9\x19\xd6\x59\xc8\xa9\x9d\xd7\x5d\x1d\x9d\x97\x6f\x10\x73\x6e\x9f\xb1\x85\xd4\x14\x13\xa7\x19\x9d\xfe\xf5\x8c\xdc\x21\x67\x7e\x77\xa6\x99\x1f\x43\xae\xf3\x67\xfe\xe6\x41\x4a\xd2\x2b\xc3\xd6\xe1\x9c\x5e\xce\x19\xf3\xab\x46\x39\x03\xc6\xa4\xff\xe1\xfc\x43\x28\xfc\x77\x6f\xb8\xc7\xdf\xc3\xfe\xf2\xb8\x3c\xff\xc3\x79\xc3\xef\xed\x75\x76\x5e\xf7\x00\xff\x79\xb1\x51\x1b\x1d\xd5\x0f\x97\xf5\x52\xd9\xb6\x72\x75\x5e\x07\x2b\x49\x19\x99\xb8\xf9\x72\x80\x71\x42\xe8\x27\x2b\x59\xa9\x70\x4b\x9d\xc6\xd4\x9c\xa4\x31\xb5\x5d\x27\x21\xc1\xb9\xfc\x0f\x8d\x90\x33\xb8\x59\xcf\x5c\x20\x67\xd8\xde\x72\x9f\xf9\x1d\x7b\x68\x1f\x94\xec\x85\xbd\xe9\x5b\x5b\xdd\x6d\x6a\x09\x76\xec\xb1\x12\x0f\x43\xfd\xe1\x6e\xe5\x91\x52\x84\x1d\x18\x0d\x45\xe0\x0c\x09\x85\x7b\xd4\x62\x3d\xb7\x64\xa1\x1e\x6f\xd4\x7b\xcb\x1b\xf1\x77\x07\xbd\xf7\xfd\x58\x46\x9e\x6c\xac\x10\x7b\xdf\xd4\x73\x0b\xdf\x28\xe7\x11\x7b\xd7\xfe\xe5\xbf\xfc\xcf\x7e\xb7\xbb\xa5\xed\xbf\xfc\x1f\xff\xf5\x37\x37\xbc\xc1\x9e\xd0\x7d\x67\x17\xac\xa6\xf3\x6c\x6b\x73\x8b\xaf\xc7\xcb\xbf\xab\xe7\xf8\xec\x53\xfc\xcb\x79\xcf\xff\xd0\xd9\xda\xe2\xbc\xf5\x30\xea\x77\xf6\x86\x82\x77\x9c\x6e\xb7\xdb\xdd\xdc\xdc\xdc\x8c\xdf\x29\x3c\x9b\x7d\xe4\x8a\xde\xef\x6b\x10\xf3\xb0\xdc\x29\x0c\xb7\x7e\x2a\x81\x7f\x62\xd9\x93\xbc\x93\x15\x55\x44\x98\xf3\x7c\xa6\xea\xf9\xd8\x99\x0b\xa4\xb9\xad\xf5\xfc\x59\x78\x77\x0a\x67\x39\x73\x01\xb9\x03\x8e\xf7\x54\x1e\x70\xe6\x02\xec\x52\x28\xd1\xb0\x0f\xce\x5c\x20\x7f\xd5\x08\x21\x4a\x9f\x99\x50\xfb\x37\xed\x31\xca\xa3\x60\x32\xa8\x13\x1a\x08\x3b\xd1\x39\x91\x1d\x57\xe3\xc6\xcc\x52\x2d\x1f\x43\xf1\x81\x6d\x68\xb0\x62\x19\xf9\x98\x59\x88\xc1\x86\x49\x7c\x0e\x21\xfe\xff\x0b\xff\xff\xb9\x85\x17\x12\x7f\xa3\xdb\x4f\xab\x2d\xef\xd4\x06\xd7\x69\xb1\x6a\xc5\x5f\x83\x4d\x89\xab\x1c\x60\x5d\x23\x2e\xdb\x96\x27\x9f\x48\x86\x2a\x9f\x58\x07\x07\xb5\xd1\x34\xea\x1d\xec\x27\x08\x33\xf6\x5b\x38\xfe\xec\xcf\xe1\xc8\xfe\xbf\x76\xd1\xef\x47\x5c\x84\x96\x0a\x74\xec\x95\x7e\xb8\x6c\x0c\x14\x1d\x0e\xd0\x4f\xbe\x80\x9e\x36\x13\xb5\x2f\x9a\xe6\x24\xc2\xe0\x91\x55\x44\xf4\x01\x21\x7f\x0f\xa0\x85\x00\x1c\xbe\xaa\x56\x05\x3e\x60\xb4\xc1\x33\x02\x8f\x55\xac\xc2\xb2\x8b\xee\x3f\xa7\x89\x14\x0a\x78\xb6\xcf\x60\xb2\x68\x24\x07\x8c\x64\x42\x56\x6f\x64\xf2\xe6\xf6\x0b\xd6\x48\x7c\xa4\xb6\xfc\x0b\xab\x88\x2b\xb1\x4b\xb5\xb9\x15\xf6\xb3\x34\x5c\x9b\x5b\xc1\xda\x85\x7b\x03\x8b\x18\xbb\x15\x3a\x86\xae\x14\xf3\xc9\xde\x87\x58\x5e\x7d\x8c\xae\x0b\x9a\x2e\xa2\x0d\x9c\x74\x74\xfd\x85\x18\xeb\xcb\xe8\x6c\xb4\x96\xd7\xe9\xca\xf6\x71\x35\xeb\x91\xfd\xf8\x1d\x0e\xf2\x77\xfc\xc1\xca\xa8\xf1\x7e\xfd\x77\x72\x69\xd0\xf8\x9e\xa4\xcb\x1b\x74\x64\x8e\x9d\xbb\x60\x46\x37\xe2\xd3\xe6\xbb\x59\x6b\x7b\xdb\x48\x67\xf4\xf2\x8a\xec\xdd\xe2\xaa\x99\x1f\x47\x17\x0f\xfc\x89\xd5\x58\xc5\x97\xc6\xe0\x30\x0c\x30\x46\xdf\x2e\xc8\xba\xd9\xd8\xf3\xeb\xaa\xec\xaa\x97\xc6\x98\x36\x0a\xbe\x35\xbd\x34\x41\xc0\x79\xc8\xeb\xce\x6d\x1b\xd3\x5b\x62\x29\x8f\xab\x59\x6e\xd1\x83\xce\x1f\x57\xe3\xe6\xd4\x9c\xf9\xaa\xac\x97\x52\xc6\xe4\x1e\xcc\x3a\x5f\x33\xbd\x34\xa1\xae\xd8\x71\x35\x47\xd3\x45\x5a\x8d\xd1\x4c\x91\x38\x1c\x37\xbf\xbf\x79\xfd\xb8\x1a\xff\xee\x0f\xed\xc7\xd5\x84\xc3\x41\x68\x3a\x49\x73\x4b\xe6\xf6\x12\xda\x2d\xd9\x8c\xd5\x89\x90\x72\x3d\xad\xb5\x67\x56\xe2\x1d\xea\xac\x6c\x3a\x15\x4b\x2a\x18\x4a\x69\xba\x58\x1f\x53\x90\xa3\xc3\x3b\x7a\x65\x1a\x07\x2f\xd5\x14\x26\xf7\x02\x59\xaa\x7d\xa4\xe9\x69\x1a\xab\x1e\x57\xb3\xa0\x28\xc7\xaa\x4c\x4b\x16\x5e\xc1\x5f\xd1\x92\xdd\xe0\xde\x4b\x59\x85\x03\x73\xbf\xa0\x57\x2a\xfa\xfe\x54\xa3\x5b\xb1\x90\xa4\xc3\xeb\x52\x97\x17\x52\x4f\x33\xfb\xf0\x33\xac\x03\xc7\xd5\x38\x4a\x73\x68\x1a\xa4\xf9\xf5\x86\xf2\x7a\x69\x93\xa6\xa7\x1d\x0e\xfc\x48\x6c\x17\xd1\x4c\xcb\xa7\x9b\xa9\x6d\xcc\x62\x33\xbf\x56\x75\x6d\x63\xb6\xb1\xea\x56\xf6\x8d\x62\xaf\x60\x2d\xc1\x69\xc4\x54\x44\xa4\xc3\xd1\xd7\x74\xf7\xad\x99\x1d\x42\x22\x76\xa9\x4e\x22\x1a\xab\x2a\x9e\xcc\x73\x4d\x2d\x8d\xdc\xa9\x9e\x47\x80\x4d\x8d\xc9\x78\x93\x45\xbd\x14\x53\xe9\x0d\x78\x84\xea\x6c\xe2\x71\x22\x6a\x63\x70\x1c\xd2\xd4\x94\xbe\x9f\x22\x7f\xfa\xc6\x15\x39\xae\x26\xdd\x17\x15\xf3\x0a\xa7\x31\x74\x8a\x0b\xc3\x7a\x91\xbe\x5d\xd0\xcb\x13\x74\x25\xcb\x1e\x56\x86\x40\x11\x8e\xe1\xdf\xec\x6d\x72\x98\x66\x36\xf8\x5b\xf8\x44\xec\x1c\x11\xc6\x22\xb8\x73\x7c\x84\xe6\x72\x7a\xe9\xb5\xb1\x34\x6a\x6e\x1e\xd4\x96\xd9\x80\x34\x42\x9c\xdc\xf1\x22\x8d\xa5\xc8\x4e\x5c\xe6\x5a\xa5\x36\xb7\xc2\x1a\x19\x19\x16\xef\xe2\x9c\x9d\x29\x6c\x07\x06\xa9\x72\x30\xe4\x8d\xc0\xe4\xd0\x81\xa7\x56\x41\xe3\x33\xd6\xf2\x3a\xd6\x82\xfc\x4f\x2f\x4d\x18\xc5\x74\x6d\xf9\x17\x63\x6a\x8b\x71\xfc\x58\xc2\x18\x7f\xc5\x86\x60\xf7\x8c\xb1\x83\xe3\x6a\x16\xdd\xd0\x6c\x55\x2b\x43\xa8\x1b\xa1\x0b\x84\x49\x1b\xc2\xa1\x0e\x5f\x21\x87\x40\x96\x21\x19\x86\xe4\x0a\x66\x65\x48\x12\x10\x14\xc7\x6e\xab\x86\x54\x74\x5a\xd6\x62\x23\xc6\xf3\x94\xbe\x9f\x57\xce\x8f\xd6\xc6\xa3\x4a\xd3\xd0\x04\xa7\xa8\x8f\x3b\xe8\xa1\x40\xd6\xa9\x57\x56\xf5\xd2\xb8\xec\x4b\x9d\x09\xec\x73\x2d\xf9\x8a\x4f\x3e\x65\xae\x6d\x31\x7a\x07\xf2\x93\x3f\x3d\xdc\xe6\xf8\xa0\x8f\xdb\x55\x51\x73\x36\x37\x8a\x34\xfd\x33\x79\x64\x47\x3b\x89\x07\x9e\xe6\xe6\xaf\xce\xf2\xa2\xfb\x4f\x69\x6a\xd9\xae\xaa\xc7\xff\xc0\x23\xb5\x7d\x3a\x32\xc7\xd8\x5a\x61\xa1\x36\x37\xcc\x3d\xc9\x99\x14\xf1\x44\xfb\x83\x6e\xb0\x2b\xf3\x3f\xd8\xa0\x52\x69\xab\x50\x60\xcf\xfa\x7b\xfa\xb8\xed\x2d\xea\x03\x8b\x35\x3e\x81\x81\x8c\x3f\x37\x12\x4f\x31\xec\xc3\x8a\xbf\x01\x5d\x30\xd2\x7f\x2b\x88\x96\x16\xfb\x4f\x75\xcc\xb8\xb4\x04\x3a\x6a\x56\xf2\xdc\x38\xf7\x5b\x62\x4c\xbc\x32\x97\x06\x60\x2c\x68\x12\x70\x93\x96\x73\xe7\x9a\xc4\xff\xdc\x0d\xd5\x90\xce\xeb\x0f\xda\x88\xac\x8c\x16\xf7\x68\x79\x12\x2d\x25\xb5\xd1\x24\x68\x5f\x18\x54\xe2\x0c\xf4\x3d\x68\x03\xff\x19\x1c\x2c\xd6\xf2\x3a\x5b\x1d\x61\x5b\xc0\x6a\x1e\x11\xcf\x6d\x9f\xdb\x7d\xa1\xc5\x7d\xf6\xfc\x85\x66\x77\xcb\xd9\x0b\x17\x5c\x6d\x7c\x3e\xe9\xe1\xa0\xb5\xfb\x9e\x9b\xc9\x1f\x11\xcf\x3d\xbf\xbf\xcf\xdb\x1b\x78\x00\xfa\xbd\xa7\xd9\x4d\xda\x44\xd7\x50\x87\x1d\x5b\x62\x47\x59\x61\xc6\x78\x0f\x01\x2a\x4c\xb4\x75\xfa\x02\x7d\x77\xfd\xe1\x08\xac\xc3\x4a\xb6\x16\x4b\xb8\x8c\xc4\x38\x1d\x5b\xb7\x0e\x9e\xd3\xe1\x55\x88\xf7\x59\x25\x9e\x0b\x1e\xc2\xb6\x50\x76\x92\x7d\xd7\x7e\xa5\xcb\xd9\x72\xae\xcd\xf9\xc7\x8e\xef\x2e\xb0\xbf\x9b\x5b\xce\xc3\xdf\x1d\xdf\xb6\x77\x7c\xdb\xde\xe2\x76\x5e\xff\xfe\xea\xbf\x37\xb7\xba\xcf\x61\xe3\x68\xbe\x40\xc7\x8b\xd4\xfb\xf1\xa7\x31\xb3\x53\xe7\x9f\x29\xae\xca\x68\x1d\x5a\x8d\xe1\x18\x33\x49\x14\xc8\xe8\x4a\xd6\x78\xb3\x8c\x96\x2d\xe8\x7d\x7f\x5f\x6f\xc0\xe7\x8d\xfa\x9d\x3e\x74\x02\x0d\xbf\x87\x0f\x3a\xda\xb9\x04\xa7\xca\x7a\xf2\x89\xb9\x36\x50\x7b\x06\x67\x54\xba\x88\x01\x0f\x28\x64\x90\xeb\x57\xbe\x3b\xae\x26\x8d\xf8\xb4\x5e\x99\x50\x25\x40\x64\x12\xb4\x3a\x05\xd6\x1e\x71\x54\x37\xbb\xf9\x49\xcd\x88\xe5\xc9\x1e\x1d\xad\x10\x2c\xc8\x1b\x62\x1d\xb9\xfc\x2d\xa1\xe9\x27\xc6\x14\x23\xf5\x86\xcf\x50\x74\x8a\xd5\x26\x0b\xe8\xef\x3f\xae\xc6\x6f\xfc\xa1\x83\xb4\x9e\x6b\x69\x23\xe8\xe6\x20\xdf\x7d\x7f\xf9\x3a\x01\x16\xc1\xdb\xf8\x10\xcb\xab\x9f\x7c\x88\xcd\x43\x2b\x37\xaf\x76\x39\xdb\xfb\xa3\x77\x4f\x6f\x84\x91\x11\x57\x18\x88\xfa\xb5\xac\x52\x2d\xc0\x5f\x45\xbd\x4d\xf7\xfc\x0f\x45\xfd\x28\x52\x48\x1a\xb3\x0e\xf7\x19\x19\xc5\xb7\x48\x5d\x60\x14\x53\xc3\xe8\xc4\x22\x5d\xe3\x4e\x1b\x6b\x39\xc9\xd6\xa8\xaf\x3f\x72\x97\x9c\x11\x81\x23\xce\x3b\xde\xa8\xff\xef\xde\x87\xa4\xc7\x7f\xbb\xf9\x0c\x78\x55\x9c\x84\x96\x4a\xe6\xe4\xba\xda\x8a\xa6\x3d\xe2\x0e\xd8\x91\x61\x5a\xd8\x7b\x84\xac\xeb\x91\xf6\xc8\xe9\x74\xc2\xff\xb4\x47\x9e\xfb\x91\xc8\xed\xc0\x4f\xa4\xb9\xd5\x7d\x9e\x78\x1e\x91\x9b\x1d\xd7\xc9\x77\x5d\x5d\xb5\x67\xef\x69\x7c\x87\x75\x5b\xb4\x1c\xea\x8f\xfa\x09\x58\x44\x5a\x1a\x37\xed\x19\x02\x2e\xae\x89\xf5\x5a\x6c\x20\xd0\xf7\xe0\xac\xb5\x5b\x34\x27\xdf\x36\x7e\x0c\x5b\x94\xc0\x0e\x6c\x6e\x6d\x86\xbd\x77\x86\xe9\x29\xf5\x1f\xb7\x9d\xf8\xb8\xe7\xae\xaf\xcf\x19\xea\x8b\x06\x42\x41\x72\xf9\x5a\x17\xf9\x6b\xe7\x75\x62\xee\xbc\xa3\xf3\xb1\xbf\x9d\xa9\xff\xfc\xf2\xb5\x2e\xce\x68\xd4\xb6\x4f\x9d\x32\xc2\xff\xb1\x3f\x46\x39\x89\xf1\x55\xa0\x7e\x8c\x82\xfa\x98\x07\x1a\x85\xe6\x64\xe2\x43\x2c\x2f\x8b\xf0\xbd\x05\x2c\xf9\x43\x6c\x5e\x2f\x8d\xd3\xf4\x53\x26\x49\xc2\x3e\xb4\x0e\x33\xd6\x72\x52\x2f\x6d\xf2\x63\xae\x9a\xa5\x85\x05\x63\x66\x87\xc9\xe9\xc3\xab\xc4\xe3\xf3\xf5\x78\x78\x90\xa7\x94\xa1\x41\xb0\xc6\xe0\xa8\xf8\x08\x52\x98\x11\xdf\xc5\xc7\x1f\x62\xf3\xf4\x59\x52\x3e\x94\x31\x6e\x5c\x9f\x60\x52\x7a\x02\x8f\x5b\x97\x31\xfe\xcc\xac\xcc\x83\x1b\xe8\x25\x27\x6c\x61\x60\xc5\x41\x42\xcc\x18\xb6\x03\xbc\x84\x75\x6e\x64\x8e\x53\xce\xde\x0e\xe7\x28\x60\x5e\x64\xe3\x01\x4b\x9f\x5e\xcd\x62\xf4\x0a\xda\x02\xd1\xc4\x29\x4d\xaa\x92\xfd\x40\x8c\x2b\x1b\xb9\x31\xb3\x03\xc1\x77\x32\x0c\x0d\x9a\xc6\x4a\xf5\xc3\x79\x63\xbb\x02\x1d\x40\x96\x66\x14\xd3\xa4\xcd\x4d\xcc\xb5\x67\xc6\xcf\x31\x63\x71\x55\x2f\xc5\x8c\x37\xcb\x74\xf7\x1d\x8f\xa7\x10\x55\xcb\xfd\x86\xf5\x70\xf3\xe6\xe6\xac\xb1\x5d\x61\xc3\x1d\x5f\xc5\xe7\xb4\xfa\x84\x96\x4a\xd2\x32\x8a\x66\xcb\xa3\xd8\x80\xf5\x62\x83\x78\xee\x05\x7a\x7b\x3d\xc4\xdc\x4c\x1c\x57\x13\x4c\x0b\x04\x26\xca\xed\x91\x30\xf0\xe3\x6a\xb2\x36\x70\x48\x87\x53\x74\xe5\xad\x35\x30\x09\x56\xbb\x0a\x1d\x5b\x67\x6b\x0f\x53\xf1\x21\x36\xcf\xf6\x2c\x74\x4a\x2f\xa5\xd0\xe2\xa7\x32\x63\x39\xd1\xc5\x2a\x1d\x2d\x37\xd0\x14\x0e\x1b\x38\x9e\xa2\x58\x4d\x34\x90\x15\x53\xbe\x50\xa9\x03\x02\x47\x91\x80\x2d\x74\xea\xbd\xad\x3b\x7a\x9a\x42\x4c\x96\x38\x85\xb7\x62\x0f\x50\x64\xb2\x5b\xa9\x66\xb9\x29\x18\x26\x19\x74\x5b\x28\x20\xcc\xb4\xb8\x56\x72\x51\x1b\xe2\x30\x21\xfc\x52\xc4\x27\x33\x29\xeb\x6c\x9d\x82\xaf\x69\x3c\x2e\x67\x64\x58\x9a\xc0\x99\xd4\x28\x75\x5b\x6e\xef\xb6\x7b\x28\x2c\xcf\x3c\xf8\xac\x3a\x6d\x1d\x3c\x05\x03\x34\xf7\x6e\xe6\xd7\xcd\xf2\x21\x3e\x06\xf7\xd6\x70\x6d\xb9\x42\xf3\xeb\xf5\x71\x17\x44\x2f\x6d\xa2\x3e\xa5\x79\x3e\x62\x5c\x89\x86\xfb\xfd\x70\x48\x67\x5e\xd2\xf8\x1c\x86\x66\x5b\x07\x4f\xb9\xb1\x9e\x6d\x5d\x58\x41\x34\xc9\xb2\x93\x6c\x62\x95\xa6\x7f\xb6\x0e\x27\x69\x6e\x81\x9c\x75\xb7\x2a\x82\xe5\xb9\x06\x23\x06\x72\x0d\xfc\xbb\x3e\x76\x12\x63\xbe\x8e\x62\x03\x38\x2b\x58\xa7\x7c\x88\x63\x93\x6b\x8e\xf2\x36\x53\x93\x15\xeb\x86\xe4\x2f\xac\x92\xfc\x22\x2d\x2c\x90\xce\xeb\xec\xf9\x5c\xd6\x18\x5f\xc4\xbf\xed\xb0\x53\xba\x39\x03\x5b\x7c\x40\x23\x04\x9d\x36\xe8\x9d\x47\xb2\xa7\xe5\x49\x74\xe1\xa1\x90\x9e\xc0\xe8\x77\x14\xf0\x1d\x0e\x63\x7a\x93\x56\x63\x0e\x87\x91\x1c\x55\x63\x5a\x25\x5f\xaa\xf7\xb9\xc0\x38\x3d\x7c\x27\x36\xf5\x86\xee\x60\x54\x72\xd1\x48\x26\xac\xe5\xa4\x95\x1c\xa4\xb9\x6d\xab\x58\xa1\xe9\x69\xb4\x92\x98\xaf\xca\x72\xfb\x03\x55\xa8\xd5\x78\xfb\xa3\x77\x45\x1d\x48\x7e\xa8\xda\x63\x1c\xa6\x1a\xc7\x8c\x81\x07\x32\x90\x14\xa2\x65\x05\x5b\xb6\x7b\x08\xd1\xcd\x2e\x6c\x15\xe3\x60\xb1\xa4\xb2\x47\x9a\x19\x05\xe2\x53\xf4\x6e\xf3\xfd\xc2\x97\xb8\xcd\x76\x74\xa9\x5e\x2e\xbd\x34\x41\xc0\x0e\x11\x47\xa3\x44\x42\xd3\xd0\x49\xe6\x70\x48\x37\x19\x9b\xdf\x3a\x4f\x99\xc3\x01\xd1\xe0\xaf\xad\x62\x05\x75\x0b\x50\xe7\x92\x28\xf7\xa3\x7a\x58\x7b\x31\x4f\x57\xa6\xc5\xfe\x8e\xd7\xd3\xb6\x99\x1d\xd2\x4e\x73\xd5\x9d\xee\x66\x03\x95\xf3\xa4\x9b\x8d\x0d\x0e\xc7\xc0\x23\x12\xbe\xbd\x79\xf3\x3a\x41\x7f\x06\x78\x25\xe2\x8c\xa9\x88\x2e\x6b\x10\x16\x26\x48\xec\xb8\x9a\xb0\x8a\x23\x34\xbe\xa1\x44\x01\x27\xc1\x17\x5d\x3f\x50\x54\xf1\xd8\x3e\x82\x5d\x53\x9b\x9c\xb3\x8a\x68\xd2\xc3\x96\x19\x79\x80\xc9\x49\xdd\x22\x78\x74\x32\xea\x16\x54\x8f\x3f\x35\xf5\x64\x65\x9b\x65\xf8\x8d\xb9\xff\x14\x09\x1e\xb8\x8b\xf8\x3b\x5d\x54\x55\x4b\xb3\x92\x3f\xae\xc6\x91\xbe\xd9\xdb\xdd\x77\xac\x5e\x6e\x9f\x1b\x40\xb3\x1f\x46\x8b\xd9\x8a\xa5\xc6\x34\x7f\x1e\x92\xc2\xad\x4e\xdf\xfd\xa1\x1d\x8f\xc6\xfc\xba\x7d\xda\xa2\x82\xfb\x61\xe4\x19\x41\xde\x01\xe7\xfd\xa6\x91\x78\x4e\xab\x31\x76\x2e\xa0\xd6\x51\x67\xae\x6a\xb0\x55\xe1\x39\xad\x1f\xce\xd3\xcd\x59\x9a\x99\xa0\xd5\x3d\x63\x79\xc4\x98\x3d\x30\x57\xca\xac\x13\xe5\xa4\x59\xd9\x36\x97\x06\x40\x2d\x47\xbf\x35\xa3\x38\x4f\x28\xda\xc7\xb6\xc8\x05\x97\xcb\x43\x6a\xcf\x0f\x8c\x89\x55\x8c\x19\xc4\x4a\x99\xc6\xd4\xde\xd7\x77\x5c\x8d\xff\x31\x14\xba\xd3\xeb\x77\x7d\x17\xf0\x85\x43\x91\xd0\xed\x28\x61\x82\xad\x3f\x18\x65\x62\x7e\x28\xcc\x8f\x3b\x23\xb1\x61\x2e\x0d\x18\xf1\x69\xd4\x53\x18\xaf\x1f\x5e\xc5\x13\x85\x4d\x86\xbe\xb7\x48\xd3\x45\x3a\x7e\x50\x8b\x31\x41\x07\xcf\x44\x94\x6c\xb1\x47\x1f\x62\xf3\x46\xea\x85\x59\x79\x7a\x14\x7b\xc2\x4d\x04\xd3\x5b\xf4\xc5\x02\x71\x38\x60\xd6\x08\x8d\xcf\xe0\x90\x70\x42\x90\x2f\xc2\x3c\x2b\x33\x44\x68\x66\x82\xad\x18\xa8\x23\xc6\x2f\x03\x20\x65\x64\x21\xd3\xc5\x0e\x49\x54\x79\xa1\x4b\x58\x11\x13\x48\xc0\x6c\x1e\xf7\x47\x20\x5a\xc0\xdc\x18\xa7\xa9\xf7\x28\x7a\xa1\x3d\x8d\x31\x38\x30\xe0\x20\x45\xc8\x13\xa6\x16\xcb\xf2\x7d\xde\xd2\xc4\x8d\x47\x3c\xd6\xff\xb4\xdd\xce\x64\x00\xf8\xc3\x48\x67\xcc\x95\x32\x9b\x0d\xb4\x16\x8c\xad\x1b\xb1\x81\xda\x6b\xa6\x58\x99\x4b\x7c\x51\x51\xdf\xab\x5b\x11\x76\x2a\x91\x56\x90\x68\x68\x7c\xd7\x98\xde\x42\x89\x86\x31\x88\x36\xa2\xef\xa7\x64\x0d\xac\x43\xad\x4d\x04\x7f\xf3\x54\x8d\xcc\x84\x74\xa8\x5a\x5b\x83\x18\x20\xea\x03\xf7\x5e\x53\xe4\xae\x87\x18\x93\x07\x8c\xcf\x0a\xb3\x19\x2d\x4f\xd2\x83\x19\xc9\xda\x19\x5f\xa7\x6f\xa7\xcc\x95\x32\xcf\x35\xe2\x36\x8d\x9c\xb1\xb9\xc2\xc4\xcf\xd1\xb2\x39\xb1\xc5\x08\x7b\xae\x42\x47\xcb\x6c\x45\x93\x89\xda\xb3\x02\xeb\xc7\xd9\x26\xae\x90\xe1\xbb\xe3\x6a\x9c\xe9\x74\xc0\x82\x31\x08\xf3\xd4\x6e\xf5\xf8\x7b\xa1\x5b\x0e\x07\x1d\x8e\xd3\xdc\x82\x31\xb9\x03\x81\x21\xac\x93\x4a\xaf\x46\x52\xc8\x94\x41\x52\xb4\x03\x09\x34\x22\x8e\x2b\x6b\x77\xd1\x2a\xbd\x66\x0b\x07\x54\x03\xe7\x61\x02\x03\x4a\xf6\x0f\xb1\x47\x34\x91\x62\x32\x61\xa5\x6c\x6e\x8c\xcb\x64\x2a\x24\x01\x0c\xd5\x38\xae\xc6\x6b\xf9\x98\xf9\xbe\x62\x56\x16\x69\x21\x61\xfd\x3c\x0c\xc2\x42\x30\x1a\xf6\xfa\xee\x81\xb5\x40\x04\xa7\xf3\xc0\x00\x88\x46\xe7\x74\x41\x08\x61\x23\x88\x2f\x81\xdc\xca\x3b\x2c\xfa\x42\xd3\x45\x14\x0a\x3f\xc4\xf2\x46\x69\x98\x16\x92\xf6\xab\xcc\x04\x26\xd2\x10\xba\x95\x35\xf2\xaf\x51\xa8\x62\x33\x9b\x5f\xac\xcd\x6c\xb3\x2d\x02\xb1\x5f\x7c\x98\x2f\x36\x8c\x6a\x1a\xa7\x07\x76\x86\x31\xb3\x44\x57\xb6\xb9\xd9\x06\xd5\x4e\x5f\x7f\xb8\x17\xb6\x84\x88\x8d\x63\x0f\x08\x8f\x20\xae\xe3\xf9\xae\xde\xd0\x9d\x40\xd0\xd5\xdc\xd2\x7a\xf6\x5c\x1b\x21\xe4\x0b\x82\x26\x7f\xa4\xb2\x06\x6a\xfd\x74\x35\xa1\xfe\xa8\x50\x92\xc8\x17\x84\x4f\xf8\xde\x0e\xae\x28\x9b\x12\x74\x27\x21\x01\xf0\xcd\x9b\x7f\x63\x95\x37\x80\x6d\xcc\xe0\xd6\x66\x92\xfd\xd8\x0a\x2a\x16\x60\x42\x1f\xc1\xe7\x6c\xf8\xdb\x2f\x69\x7a\x97\x09\x3e\x18\xa1\xbc\xfc\x0b\xee\x1b\xb9\xcd\x79\x50\x11\x90\x19\x13\x55\x81\x43\x5a\x2f\x07\x8c\xb7\x4f\xac\xe5\x55\x3a\x3c\xac\x35\x8c\x87\x91\xa3\xb2\x6f\x8c\x44\xca\x3a\xcc\xd1\xe1\x55\xec\x22\x0f\xa3\xc6\x6f\x70\xbe\x89\x8b\xd8\xc3\x21\xe6\xe4\x5b\x94\x5f\xeb\xb6\xd7\x51\x6c\xa0\x8e\xac\x31\x2d\x4f\x89\xd7\x10\x9a\x94\x70\xac\x7d\x01\x11\x0a\x6a\xfc\x83\x31\xb3\xa3\x1f\xce\x9b\x53\x73\x0d\xc1\x16\xec\xa4\x3d\x25\xd0\x81\x49\x12\xc0\xa5\x8c\xc1\x61\x3a\xf2\x8b\x5e\xb2\xe3\x29\xd8\x5e\x8a\x6f\xa1\x22\xa3\x1f\x2e\xd3\xf4\xee\x69\x81\x1e\x6c\xb2\x86\xe3\x9f\x88\xf2\xa0\x23\x29\xac\xe3\x28\xf6\xc4\x1a\xe7\xf3\x63\x8d\xbe\xb6\xca\x1b\x1a\x2a\x47\x34\x33\xc1\x94\x23\x9e\x63\xc7\x8e\x0b\x4c\xc2\x44\x7d\x4a\xd5\x6d\xd8\x4c\x1c\xce\x71\xd2\x86\xc6\x6c\xfd\x66\x70\x9f\x69\x89\xd3\x9b\x66\x19\x67\xdf\x18\x1b\x23\x27\x04\x9a\x8f\xc7\xb7\x34\xc4\x9d\xc8\x2d\x67\x1d\xce\x99\x6b\x29\x76\xde\x4e\x6f\x8a\x93\x42\x04\xb8\xab\x0a\x22\x26\x49\xd1\xcc\x04\xc6\xbd\x8f\x8d\xa9\x5a\x29\x04\x9f\xa0\xf2\xad\x06\x55\x5b\xcb\xeb\xc2\x1c\xd3\xdd\x17\x0e\xf9\xfc\x91\x48\x77\xd8\xef\x0b\x85\x7b\x22\x22\x41\x86\x10\xc6\xdb\x94\x70\x17\xa5\x1d\xdc\xeb\x68\xa6\xb4\x35\xdd\x16\xd1\x3f\x5b\x05\xcd\x6c\xe0\x44\x43\xca\xd0\x0e\x9c\x5d\x58\xa5\xc3\x81\xe7\x96\x8c\xa4\x91\x4b\xb7\x99\xe1\x5a\x6e\x3c\xa3\x97\xca\x74\x73\x85\x0e\x1d\x0a\xa5\x3c\x69\x4e\xbe\x25\x81\x60\x20\xea\x12\x4b\x86\xb1\x34\x66\x65\xcd\xac\x6c\xa2\x06\x2e\x8e\x16\x91\xc9\x88\xe7\x39\x70\x72\x6e\x40\x04\x13\x01\x13\xd4\x3f\x1e\xa8\x83\xce\x07\xe2\xe4\x1a\xb7\x5e\x49\xa1\xba\x0d\xb2\x10\x44\xf7\xcb\x38\x1e\x38\x75\xd9\x49\x3b\x9a\x92\xd6\x04\x50\x51\x52\xb8\x2d\x44\xdf\x13\x6a\xc0\x8f\x48\x88\xb5\x33\x7e\xf8\x94\x8b\x16\xe9\xee\x3b\xf6\x76\x73\x96\x69\x7e\x90\x8f\x06\x53\x2e\x7a\x07\x4a\xbf\x92\x5a\x80\xcd\xea\xe5\x11\x19\xb0\x4e\xe3\x73\x4c\x43\xd8\xfc\x99\x96\x4a\x28\x6d\xd8\x4a\xba\x76\x89\x18\xef\xd7\x8d\xa1\xf4\x71\x35\x6b\xbd\x1c\xb0\x0a\xaf\x78\xa3\x22\x78\xf6\xd4\xdd\x21\x77\xb9\xb4\x3c\xe0\x66\xa1\xa9\x29\x3a\x3c\x08\x24\xfe\xa7\x40\x6f\xef\x77\xa1\x1e\x46\xc5\x32\xff\xc5\xc3\xe9\xcb\x83\x59\x5d\x56\x2c\xa9\x97\x52\xc6\x6c\x91\x1b\xa2\xd8\x67\xbe\x50\x30\x1a\x0e\xf5\x3a\x31\x8c\x9c\x4f\x15\x68\xad\x8d\x8d\xc3\x78\x79\x92\xd5\xe1\x02\x2d\xbd\x34\xe6\x63\xc6\x44\x82\x66\x92\x7a\x29\x46\x7c\x18\x9d\xcc\x84\x65\x25\x8b\x1a\xc7\x06\x89\x1b\xda\x25\x62\x15\x57\x6b\xb1\x04\x06\x65\xca\xf1\x3a\x1c\x76\x0e\x24\x54\xa5\x57\xf6\x25\x71\x80\x6c\xaa\x97\x26\x1b\x22\x21\x61\xf1\x66\x8d\x99\x1d\x23\x9f\x68\x48\xc5\xf8\x02\x22\x37\x39\x63\xdf\x9c\xa5\x4f\xd6\x51\x6c\x87\x88\x27\x08\x7d\x2a\x4d\xf0\xe3\x60\x2e\x63\xfc\x32\x00\x61\x2a\x4a\x4c\x2a\xfa\xd0\xf1\x80\x80\xc7\x3c\x80\x45\x8d\x37\x8d\x33\xde\x57\xe4\x9e\x66\x3a\x90\x45\x49\x8b\x74\x7d\xdb\xee\x6c\x39\xd7\xc6\xce\x71\x82\x85\xd1\x20\x8f\x3a\xaf\xb5\x33\xcc\x34\xa1\xdf\x43\x40\xa8\x35\xf6\xc4\xcc\x0e\xd5\xa6\x0e\xa5\x9c\xc9\xc6\x80\x11\xb2\x46\xfe\x0d\x48\x3a\xf5\x91\xb1\x4a\x30\xcb\x97\x1e\x82\x23\x03\x33\xae\x1d\xcf\xca\x76\x4a\xba\x88\x64\x87\x43\x04\xf5\x6c\x52\x07\xcd\xc2\xe1\xc0\x5c\x31\x64\x25\xfc\x34\x15\x52\x09\x26\x8d\x31\x92\x51\xa2\x6a\x35\x8c\xcf\x41\xc9\x1d\x2d\x17\x32\xfc\xb8\x3e\xca\x97\xe6\x96\x8c\xcd\x15\x9a\x7e\xcd\x66\x45\xe9\x11\x5b\x9e\xa1\xb4\xbe\x97\xc0\x18\x5d\x19\x68\xcb\xf5\x20\x75\x59\xd0\x46\x25\x44\x67\x8c\x4f\x43\x36\x85\xef\xd5\x1d\x4c\x3a\xaf\x43\x1e\xf0\xc1\x38\x4d\x4f\x83\x39\x19\x55\x4b\x19\x10\x5a\x9b\x7d\x07\xf6\xc3\xd7\xb5\xd8\xd2\xc9\xe0\x39\xd6\xba\x3c\x93\x30\xe8\x88\xed\xf4\x6b\x77\x02\xc1\x9f\x5c\xdf\xb6\x5f\x0f\x87\x7e\x7a\xc8\xce\x23\x35\xb0\x4f\xdf\x1b\xe7\xd2\x28\x0a\xe5\x27\x6c\x42\xdc\xe6\x7e\x22\x56\x50\x63\x1c\xaa\x3e\x36\x90\x6d\x90\xce\xeb\xe0\x09\x83\x10\x41\x61\x8a\x49\x7e\x46\x7c\x20\xdb\xf9\x20\x55\x1b\xf3\xab\xec\x38\x85\x40\x41\x6e\xb0\xcb\x0e\x59\xc5\x5d\xe3\xed\x13\x03\x62\x4d\x6a\xa3\xa3\xe6\xe4\xba\xf6\x2b\xa1\x83\xfb\x79\xa6\x8c\x82\xa9\x47\x9d\x5e\xbe\x40\xea\x46\xc1\x10\x8b\x52\x19\xe7\x96\xef\x8d\xd2\x44\x83\x80\x64\xbd\xd8\xc0\x7c\x49\x23\xbb\x4d\xc7\x72\xc6\x42\x56\x2f\x1d\x00\x4b\x61\x5b\x9b\xab\xb6\xd9\x21\x51\x35\xdf\x42\x5b\xf3\x56\x71\x8a\x9d\x50\x13\xa0\xd6\x11\x59\x9d\x78\xa3\xd1\xcc\x90\x35\x0a\xf9\x67\x0e\x47\x0b\xe8\x38\x23\xbb\x34\xb5\x0d\x9d\xe2\xbf\x19\xe3\x61\xac\x6a\x25\x85\x5f\x31\xc1\x00\x84\x19\xb4\x3e\x9c\x6d\xf9\xea\xb8\x1a\xf7\x84\xfd\xd1\xf0\xc3\x6e\xef\xed\xa8\x1f\xf8\x48\x99\x26\x5e\xe9\xfb\x73\xe6\xda\x33\x63\x6a\x8b\xc7\x5f\x96\x56\xcc\xb7\x15\x5e\x07\x6c\x7e\xcc\xf8\x66\xaa\x03\xb6\x6a\x15\x96\xf1\x28\x43\xba\xff\x10\xcb\xa3\x5c\xc9\xf3\x20\xe1\xc8\xa8\xee\xd1\xd1\xb2\x1c\x87\xb1\x8c\xaa\x3c\x8a\xca\xaa\x32\x67\x66\x87\x70\xc7\xea\xa5\x15\x63\x73\x95\xc7\x82\x4b\x13\x6f\xb1\xa8\x57\x57\x1a\xf9\xdb\x57\xe8\x6c\x44\xbe\xa2\x69\x68\x36\x68\x70\x3f\xa3\xb9\x40\x2f\xd9\xfe\x67\x34\xee\xaa\xc6\x35\xd5\xf5\x89\x7c\x0d\xa4\x0a\xdb\x2b\x7c\x8a\xf3\x93\xbe\x7c\xa2\x9d\xea\xe3\x64\xa7\x3c\xb7\x14\x97\xa5\x14\xa4\xf8\x46\xa5\xe3\x54\x35\x15\x71\x3a\xe3\x56\x75\xb0\x86\x30\xa6\x06\x2e\x66\x34\x89\xa4\xde\xeb\xfb\x87\xc6\xbb\x65\x23\x9f\xe0\xda\x36\x74\x5a\x2f\x65\xe9\xd8\x32\x63\x2b\x7b\x8b\xdc\x23\x0d\x5f\x7f\x88\x4d\x7e\x88\x4d\xe2\x01\x86\x06\x50\xbd\x34\x86\x9f\xe3\x87\x92\x47\x68\x76\xb2\x7c\x35\x0b\x5c\xa7\x8c\xf0\x06\x6a\x69\x61\xe3\x49\xd2\x74\xd1\x1a\xdc\xa7\xc5\xaa\x35\xba\x4d\x87\x77\x38\x93\x85\x8d\xcc\x2a\x1d\x2d\xa3\xc5\x08\x6d\x3f\xe8\x0c\x38\x8a\x3d\x41\x6f\xbc\x99\x1d\x32\xab\x65\xf3\xc9\x9e\x31\x5b\x34\x16\x06\xe8\xd6\x53\x63\x6a\x4b\xc3\xb0\x1b\x1e\x94\x5b\x1e\xe1\xed\x65\x87\x30\x5b\x93\x13\x17\xa4\x7a\xb3\x9e\xc1\x50\x38\x8f\x51\xc6\x61\xc5\x92\x28\xce\x60\x92\xbe\xcd\x1d\x12\x29\xce\xa8\x20\xc6\x5c\x46\x43\x09\xbb\x23\xce\x3e\x70\xb4\x2c\x77\x43\x41\x7d\x34\x3e\x52\x1b\x4e\xd5\x27\xcb\xd7\xe6\x56\x58\x93\x67\x09\x5d\x99\xb6\x0e\x67\xf5\x6a\x16\x9c\xae\xab\x48\x37\xd6\xc4\x2e\x3d\x98\xe1\x68\x0d\xd0\x33\xb4\xe4\x89\x79\x8e\x73\x53\x2a\x08\x7d\x2a\x65\x69\x84\x78\x02\xb7\x91\x87\x76\xf7\x85\x42\xbd\xdd\x61\xff\xfd\x50\xd4\xdf\x1d\xe8\x6b\xf3\x10\x73\xa2\x48\x5f\x0c\xd2\xf4\x2c\x04\xd2\xa1\xe9\x5e\xad\x98\xe6\xd7\x31\x9e\x0e\xd5\x02\x14\x08\x30\x27\x05\xf6\x24\x9a\x10\x65\xa8\x17\xd3\x13\x2a\xab\x6a\x05\x6c\xeb\x8f\x8e\x08\xdb\x2e\xb7\xe0\x64\x6d\xa8\x0d\xc9\xaa\x40\x71\xc3\xad\x46\x3c\x67\xbf\xf0\xfc\x86\xcd\xc5\x97\x04\x4c\x65\x6d\xf8\xb3\x0d\xf8\x38\x7b\xc6\x38\xc7\x51\xec\x89\x40\x76\x21\x66\x82\x8f\x9f\xc6\x59\x7f\x38\xf6\x0b\x51\xb0\x5f\xb0\xa2\x40\x5f\x1b\xff\xcd\xa4\xe6\xe1\x14\xcd\xc4\x09\x82\xc2\x90\xdb\xde\xfb\x81\xde\x87\x24\x10\xf4\x47\xd9\x06\x4c\x70\xcb\x53\x69\x02\xf5\xca\xe3\x6a\x2e\x78\xfb\x44\x6b\xec\x78\x0a\x40\xc8\x84\xb5\xbc\x4e\x47\x86\x35\x42\xb0\x07\x20\x59\x04\xfa\x1e\x9c\xe5\x39\x4e\x2e\xf8\xd5\xc6\x7f\xd5\x72\x23\x34\x13\xa7\x2b\x43\x78\xe0\xe2\xf9\xcf\xcd\xc5\x95\x6d\x63\x6c\x85\xc8\x8e\x4a\x87\x93\x82\xd1\x82\xf6\x75\xc0\x2b\xc8\x24\x99\xb0\x5a\xdc\x43\xca\x61\x63\x44\xfa\x16\xa9\xb3\x34\x9d\x34\x96\xe2\x0a\x5e\xc5\x8a\xb9\x96\xe2\x4b\x3b\xfc\x16\x68\x93\x07\x33\x11\x5f\xaf\x37\x12\x09\xf4\xa0\x90\xce\x93\x90\xc5\x66\xb1\x2b\x40\x46\x3d\xf9\x56\xdd\x1d\xc6\xc4\x3a\x2d\x56\xd9\xf6\x03\x06\x2e\x6a\x92\x4e\x86\x3a\xd4\x86\x89\x53\xad\x72\x30\x24\xe4\x38\x98\x9f\x93\x49\x1a\x4b\xbb\x56\x61\x99\x29\x75\xca\xf7\x22\x77\x55\x98\xee\xab\x59\x9c\x36\xb4\x4d\x7e\x88\xe5\xa5\x15\xf9\x41\x1b\xe6\xd3\x69\x4e\xa2\x97\x93\xd6\x61\x8e\xc6\x77\x54\x07\xd6\x51\x6c\xc0\x23\x56\xd4\x19\xf1\x85\x03\x7d\xd1\x88\xeb\x8e\x3f\xe8\x0f\x07\x7c\x2e\xcf\xa9\x6f\x43\x7d\xfe\xe0\xdf\xc3\x51\x7c\xdb\x13\xf2\x39\xe5\x03\x36\x63\xb9\x1c\x5d\x9d\xe1\x74\x31\x3f\x0a\x86\x32\x20\x66\xd6\x95\x06\x5a\xc5\x0c\x2a\x6e\xcc\x42\xfd\xa7\x8e\x34\x73\xd6\xf8\x2a\xda\xb3\x8e\xab\x49\x98\x15\x80\xed\xc1\xa3\x0a\x0c\x5b\xac\xc1\xbd\x1d\x54\x95\xd0\xe9\x72\x5c\x8d\x73\x1a\x50\x15\xae\x44\x5d\x6a\x60\x23\x1e\x90\x66\x7b\x57\xe0\xb1\x39\xf9\xf6\xf3\x7d\xd3\x74\xf8\x2d\xcd\x24\x11\x2c\x05\xa1\x5b\x8c\xf9\x65\x11\x41\x5a\x06\xa3\xe1\x80\x55\x28\xfd\xe6\xfa\x95\x1b\xdf\x75\xde\xfc\xd2\xe1\x00\x49\xcc\xe1\x40\x1f\xf6\x6f\x2e\x5f\xb9\xf6\xef\x5f\xf2\xd0\x60\x87\x03\x33\xdf\xcc\xf2\x1a\xd2\x36\xef\x02\x94\x24\x97\x44\xf2\x1e\xd4\xc7\x7e\x56\x86\xec\x57\x22\x14\x4d\xa6\x69\xe7\xcb\xc6\x5c\x91\x3c\x22\x66\xe5\xb9\xb1\x90\x3f\x05\x00\x88\x9b\x88\x5f\x6c\x10\xd6\x07\x56\x12\x31\x3e\x84\x6f\x1d\xb3\xed\xe8\xf0\x0e\x2d\x0c\x5a\x6b\x43\x34\x3e\x57\x0f\x42\xc3\xbe\xc4\x41\x41\x80\x0d\x6b\xbc\x1e\xec\x87\xf7\x7e\x66\x89\x4f\x5a\x79\x0d\xab\x41\xeb\xb6\xb1\x98\xe1\xe1\xb8\x95\x21\xa5\x13\xa2\xf9\xb8\x1c\x1d\xcf\x06\x2c\x4f\xc8\x31\x2a\xd9\x8e\x9f\x68\xa3\xb1\x81\x4f\xf6\x15\x8f\x47\x3c\x8b\x69\x72\xaf\x36\x9c\xc2\x7a\xc8\x23\x22\x9c\xb8\xd8\x1b\x58\x2a\x11\xa6\xc9\xa5\xca\xcc\x04\x3b\xac\x0f\x66\x68\x7c\x0b\x71\x75\xc0\x98\xa8\x3d\xe2\x09\xb2\xb2\x26\x2c\x22\x98\xfc\xc7\x56\xc4\x2c\xaf\xd9\x7d\x15\xd0\x5f\x68\x88\x82\xff\xe2\x88\xa4\xe1\x39\x8e\xd9\x88\x66\x7e\x9c\x47\xb1\x02\xe9\x89\x59\xb0\x27\xaa\x32\x54\x57\xb1\x47\xce\x26\x63\x58\x95\x21\x0f\xf9\x10\x7f\x45\x04\xc5\x61\x2b\xfc\x85\x6c\x2a\x27\xd7\x09\x5f\xd5\xe6\x56\xe8\xca\x74\x03\x34\x51\x79\x4d\x2e\xe5\xcc\x92\x04\x5c\x9a\x59\x42\x71\x4a\xc2\x16\x19\x33\x4b\x38\xcf\x66\x65\x88\x3c\x22\x12\xd7\x41\xf8\x3d\x30\xa8\xb3\xde\xe3\x91\x44\x01\x85\x6b\xef\xe9\x19\x63\x62\x0d\x25\x26\xbe\x24\x0e\x07\x06\x30\x42\x44\x6c\x16\x47\x6c\x4c\xc4\x8d\xf9\x41\x26\x6c\xa6\xa7\x99\x2c\x9c\x1b\x01\xa3\x3b\x93\x42\xb0\xc3\xc4\xd3\xdf\xec\x21\x18\xdb\x8a\x5f\x91\xf6\xa3\xd8\x00\xfb\xef\x37\xfc\xbf\x1d\x9a\x53\x89\x7d\xe4\x24\x58\x57\x92\x95\xc0\x7a\x60\x89\x1b\xdf\x2a\x53\x08\xd2\x4b\x8a\x91\x01\x6b\x40\xbc\x10\x0a\x10\x76\xbf\x9c\xb4\x65\x83\xfa\x11\xd0\xbd\x9d\x53\x47\xd0\xf2\xbf\x3f\x02\xdc\x72\x92\x6e\xd8\x79\xb1\x3f\x62\x56\xe6\x78\xed\xa9\x29\x73\xfc\x0d\x0f\xeb\x2e\x4b\x4c\x3a\xb3\xbc\x86\xb5\x39\x1c\x30\x03\x2d\x1f\x99\x81\x6f\x4e\xce\x44\xbc\xa1\x06\xbd\xc4\x69\x58\x25\x5d\x75\x4d\x13\x4c\x4a\x4c\xbf\x36\x2b\x73\x2a\x67\x06\xd4\x2d\x4e\x27\x00\x8a\x57\x37\x2f\xad\x1e\x7e\x84\x37\x34\xc6\x93\x78\x61\xca\xe4\xb7\xec\x43\x60\x96\xd0\x50\x51\xaf\xac\x0a\x27\x80\x44\x6e\x42\xb7\x5c\x9d\x7e\x20\x68\x93\x3b\x88\x4b\x29\xbd\x3c\xc2\x0d\x9e\xf5\x14\xaa\x09\xf8\x91\xe3\x6a\xd6\x1a\x7d\x4f\xb7\x9e\xca\xa1\x30\x4a\x17\xa1\xd4\xdc\xc1\x95\x5f\x67\x1b\x6c\x34\xc9\x85\x70\x41\x23\xe2\x08\x3b\x0d\xc2\x0e\x58\xd2\xef\x9b\x9a\x31\x2a\x09\x66\x11\x26\x83\x87\x00\x64\x3d\x4c\x6b\x82\xd3\xf1\xb8\x9a\x80\xc0\xd8\x36\xfe\xa0\xcd\x0e\xa8\x81\xb8\x7f\x26\x5f\xb2\xc1\x1e\x8c\x0b\x27\x3c\x5a\x05\x5a\xce\xc2\x99\xdf\xfc\x55\x4b\x53\x73\xdb\xf9\xa6\x66\xfb\x11\xa8\x68\xa0\x98\x61\x3d\x3c\x33\x5f\x44\x1f\xf1\x6c\xe8\xbd\x1d\x87\xc3\x28\x0d\xd7\x72\x3b\xa8\x76\xe8\xfb\x28\xfc\xa3\x3e\x2b\x1b\x3a\xc7\x6a\x65\xe7\x3c\x3a\x93\xc1\xb4\x58\xdf\x87\x27\x62\xb0\x2d\x44\x8e\xdf\x1a\x98\xa4\x63\xeb\x9a\x76\x12\x95\xcc\xf6\x36\x2c\xed\x19\xa9\x02\x53\xa8\x90\x49\x16\x96\xcd\xc2\x8c\xed\x55\xe4\xec\x1a\x65\x17\x30\xa4\xa3\x6c\x22\x9b\x80\x48\xa9\x71\xac\x14\xe5\x61\x5c\x14\x62\x8d\xaf\xa2\x37\x8e\xa9\x56\x1c\x5e\xf1\x58\x18\x45\x1c\x0e\x6b\x20\x4b\x33\x71\x26\x6d\x54\xd3\xc8\xc8\x62\x6b\xd6\xe0\xbe\x91\xdb\xa6\xab\xfb\x32\xc6\x3c\x57\xa2\x99\x24\x3a\x6e\x14\x51\x93\x0e\xbf\xd5\xcb\x1b\x4c\xaf\xab\x0c\xd1\xe2\x9e\xf5\x76\xf9\xb8\x9a\x35\xca\x19\x14\x9e\x89\xe7\xae\x37\x72\xf7\x42\xa0\x8f\xad\x82\x99\x2b\x18\x4b\xa3\x75\x2f\x98\x50\x7e\x14\x1b\xa0\x9b\x99\xda\xf3\x03\xd1\x12\xd2\x06\x13\x53\xa6\xb6\x68\xfa\xb5\x5e\x9a\x80\xf8\xd1\x14\xcd\x08\x7f\x26\xc8\x16\x53\x5b\xe0\xe2\x4b\xd0\xe1\xf7\xb0\x5f\x26\x30\xa6\x47\x2f\x97\x8d\xa9\x2d\xc6\xbf\x87\xdf\xcb\xbe\x27\xf6\xc0\xb6\x9f\x45\xa2\xdc\xc4\x64\x00\x89\x7a\xe0\x72\x7b\xc0\x8c\xb9\x5e\x1b\x5c\x47\x47\x15\x7a\x09\xd8\xc2\xc4\x62\x34\x39\xcd\xd4\xa3\xfc\xba\x5e\xaa\xd4\x9e\x1f\xa0\x18\x42\x3c\xed\x1d\x1d\x57\xae\xdf\x84\x0f\x73\x4b\x40\x03\x72\x44\x4c\xba\x03\x1d\x75\xa6\x96\xdb\xa1\x89\x94\x59\x8d\xa1\x7a\x28\x1d\x9d\x4e\x22\x83\x6b\x04\xa6\xe5\xed\xde\x90\xef\x1e\xfb\xf4\x9d\xb5\x9c\xa4\xc9\x69\x3b\x0a\x6e\x6f\x87\xa6\x9f\x1a\x93\x7b\xfa\xde\x5b\xb9\xd4\xb6\x67\x1f\x56\xd7\xc8\xbf\x16\xee\x56\xb9\xba\x34\xb7\x60\x65\xf6\x69\x7c\x8b\xc9\x6d\x4b\x66\x65\x51\x5d\x60\x10\x03\xb9\x17\x8e\xa3\x76\xb1\x07\x8a\x26\x26\x65\x2a\xc9\x18\xea\x5b\x20\x88\x56\x63\x2c\x95\x58\xbd\xf3\x33\xec\x79\x37\xbc\x70\xe1\x54\x74\x07\xfa\xec\xbf\x71\xa1\xc1\xe0\x8f\xe2\x0a\x8f\x4f\xab\x0c\x33\xb5\xc8\xe1\x00\xa1\x18\x78\x15\x91\x98\x44\x0d\x22\x35\xee\x36\x64\x72\x75\x75\x94\x52\x18\x5d\x05\x67\x50\xd1\x48\x26\x98\xb2\x3f\xfa\xda\x5a\x4e\x1a\x89\x57\xf4\xed\x94\x8a\x76\x28\x36\x66\x2b\xa1\x8b\x65\x73\x39\x66\x6f\xcf\xe5\xa4\x5e\x42\x4f\x51\x91\x8e\xad\xcb\x6f\x14\xe9\x5b\xba\x6d\x74\x30\xfd\xd9\x66\x1d\xf4\x87\x83\x56\x55\x7b\x7e\x40\x44\x68\x56\xb7\xd7\xd7\xdb\x5d\x8f\x33\x27\xbc\x67\xdc\x1d\xea\xb9\xd2\x75\xb3\xfd\x9b\xab\x9d\x5d\xdf\x5e\xb9\xfc\xbb\x1b\x57\xae\xb6\xdf\xbc\x72\x99\x29\x16\x5a\x4b\x13\x41\x57\x6a\x5d\x5c\x27\x40\x96\x72\xa3\xca\x70\xdc\xac\xa4\xad\xc3\xd1\x93\x0d\x62\x3b\x49\x46\x12\x20\xc1\x30\xe1\xce\x73\xf9\xc6\xf7\xd7\xa1\xe6\xd6\x26\x42\x47\xcb\x6a\xb5\x02\x23\x4f\x12\x74\x4e\x3b\xdb\x44\xb8\xb6\xda\x46\x50\xc7\xc3\x31\xd6\x9e\x1f\x80\x01\x77\x18\xfb\x2f\x63\x01\xd0\xea\xc2\x28\x16\x33\xd9\xc1\x48\x90\x7f\xad\x06\x40\xd9\x67\xc3\xc7\xa0\x4c\x3f\xc5\x19\x91\x15\xd2\xe1\x1d\x35\x7e\x88\xee\xed\xa0\xfa\xcf\x31\x1d\xf9\xc1\xfc\x11\x1e\xe8\x70\x60\x46\x11\x70\x74\xcc\x2a\x8a\xd3\xd4\x20\xba\x1f\x8c\x62\xda\x5c\x7b\x76\x5c\x4d\x36\x93\x3f\x7d\x43\x2e\x92\x66\xb7\xdb\xcd\x3d\x13\xd8\x7d\xc4\x7b\x30\x52\x2f\xcc\xc2\x0c\x3b\xab\xee\xdd\x0a\x44\x5d\x11\x72\x11\xf2\x93\xc8\xff\x3d\x43\xce\x7b\x6c\x88\xc5\x5f\x07\x72\x3c\x01\xd0\x18\xff\xf6\xe6\x37\x6c\xd1\x92\x09\x33\x57\x10\x26\x71\x0e\x67\xf8\x4f\x81\x37\x9e\x00\x65\x8c\x23\x4a\x20\x56\x8e\x11\x67\xa4\x21\x91\xca\xe1\x70\x93\x8b\x44\x26\x58\x29\x99\xa0\xe7\x65\x26\xa8\x9a\x26\xa7\x69\x8c\xfc\x44\xfa\xa2\x48\x1c\x3c\x35\x1d\x0f\xd6\x8d\x75\xa5\x9a\xfe\xdf\x48\xca\xd3\x4b\x63\xd6\x72\xf2\xa2\x1b\xdc\x5f\xe3\xf0\x27\x77\x75\x2a\x03\xf9\xdf\xca\xd3\x2b\xee\x39\x1c\x0d\x5f\x40\xec\xa0\x02\x2b\x8a\x34\x07\x76\x23\x9a\x9e\xc6\xca\x8e\xab\x49\x37\xb1\xd6\x46\x10\x3e\xc8\x98\x59\xaa\xcd\x65\xe8\xca\xda\x87\xd8\x3c\x98\xfe\x99\x86\xfa\x9f\x49\xed\x2b\xee\x9d\x2c\xf3\xa9\x9e\xd4\x36\x66\x8f\xab\x39\xf4\x64\x97\x62\xfc\xdb\xca\x10\x3b\x95\xdc\x84\x9d\xa5\x53\xdb\xfa\xfe\xf3\xfa\x05\xfe\x74\x52\xa0\xcc\x08\xb4\xca\x1b\xa7\x67\x04\x2a\x7a\xe6\xf9\xa6\x16\xd2\xd0\x61\xb0\x63\x37\xce\x27\xb9\x48\x54\x05\x0e\x9d\x99\x60\xd7\x5f\x6d\x90\xfe\x65\x38\x67\x1d\x9e\x61\x7c\x85\x16\xb2\x3c\xef\x95\x08\x45\xf2\x67\x63\x21\x83\x58\xa1\xe0\x10\xca\xda\x02\x36\xd3\xf5\x3c\x4c\xd9\xf3\xe0\x26\x01\xb1\x58\x4e\x0e\xe3\x73\x75\x25\x51\xf7\xc4\xb2\x6a\x37\x1d\x0e\x94\x0c\x1c\x0e\x26\xf2\x0e\xee\x33\x82\x86\x4a\xb0\x06\xee\x1e\x86\x0d\x0e\x46\x22\xae\xca\xca\xfa\xf4\xd2\xa4\x74\xa0\x8b\x77\xd8\x2b\x54\x53\x8d\x44\x4a\xd4\xc7\x54\x1c\xf1\x12\xed\x0a\x8d\x7a\x86\x62\x97\x25\xed\x8c\x37\xd3\xb7\x0b\x1f\x62\x79\xb3\x32\xc4\x75\x99\x6f\x20\x24\x2e\x67\xcf\x67\xfa\x35\x4e\x29\x2f\xc5\x48\x93\x73\xeb\x1c\x8d\xcf\xc9\xaa\xac\xc3\x05\x1a\xdf\x52\x57\x02\xf9\xef\xc9\x75\x64\xab\x58\x19\x6a\xaf\xe3\x12\xad\x7c\xa7\x63\x27\x35\xcd\x2a\x1c\x34\x7c\x85\x1a\x57\x3b\xb9\x08\x1b\x97\x6d\x67\xc6\x64\xe5\x86\x26\x2d\x6e\x37\x3a\xf4\xd8\x18\xd4\x52\x4a\x99\x73\x6e\x31\x1d\x52\x9d\x17\x1c\x02\xcf\x05\xfe\x89\xfd\x73\x1c\x7f\x7e\x2a\x2b\x58\xb2\xa1\x66\x22\x69\x03\x37\x37\x79\xc4\xba\x48\x1e\x91\x73\x6e\xc9\x83\x68\x7a\x9a\xdc\x0f\x04\x7f\xd3\xec\x76\xff\x8e\xe0\x06\x77\x7f\x79\xb1\x99\x75\x3e\xc7\xe3\xc0\x79\x89\x16\xb7\xfb\x77\xe7\xdc\x5f\x5e\x3c\xe7\xb6\x39\x80\xda\x40\x6d\x63\x96\x20\xef\x6b\x71\xdb\xf5\x1b\xf9\x04\x71\x23\x21\x7c\x73\x5c\x4d\x30\xaa\x52\xd8\x9c\xda\x84\xf7\x27\xd9\x44\x8b\xdb\x6d\x6f\x68\xdc\xce\xc7\xd5\x78\xb3\xdb\xd5\xe2\x46\xf6\xd6\x8c\xcd\x48\x23\x9a\xba\xc7\x65\x66\x2f\xeb\x8c\x6c\x8b\x77\x8d\xb3\x66\x3a\xc0\xf8\x03\x60\xb0\x2b\x9b\xfe\x2c\x89\xfa\x08\x2d\x2c\x98\x13\x5b\xd6\xcb\x01\xf3\xc9\x1e\xe4\x44\x29\x67\x1a\x72\x0d\xdc\x96\x70\x2c\x19\x4b\x7b\xb5\xd9\x45\x1a\x9f\x21\x9e\xbb\xd1\x5b\x2a\x94\xb4\x3c\xf9\x41\xcd\x7c\x5b\xc1\xe3\x4a\x86\x41\x13\xf4\x92\xc2\xd1\x88\xd6\x6c\x87\xc3\x3a\x1c\x35\x2a\x3c\xb7\x5e\x3d\xef\x04\x56\xb0\x6c\xd5\xc3\x61\x74\x01\x8a\x57\x62\xe6\x9e\x52\xbf\x74\x9a\x8b\xca\x41\xc2\x78\x41\xab\x83\xd6\xce\x70\xed\xc5\xbc\x31\xb6\x6a\x4c\x8f\x72\x0d\x12\x99\x30\x68\x3c\xe0\xd2\x9a\xa6\xe9\x5d\x73\xf2\xad\x5d\xa5\x91\xdf\xd0\x4b\x2b\x46\xe1\x17\x34\xbc\x33\xd2\x5e\x7f\x0f\x0c\x6c\x52\xa4\x45\xe7\xd0\x43\x8b\xf2\x0e\x46\x91\x61\xe6\x07\x53\x75\xa0\x46\x14\x6a\xe8\x08\x84\xf0\x54\xca\x52\x29\x30\x0a\xe3\xe6\xd4\x9c\x4c\x61\x6e\x80\x46\xe7\x30\xbe\x88\x00\x20\xa0\x40\x4f\x80\x77\x62\x7c\xa9\x1d\xb9\x03\x81\x2d\x10\xa5\x8c\x1e\xf3\x14\x84\xcd\xf2\xa4\x2a\x87\x43\x85\x9a\x80\xb3\xd1\x98\x8a\x1b\x0b\x79\x9a\x9e\xa5\xc9\x69\x73\xf2\x2d\xaa\x24\xb5\x51\xd0\xf0\xe6\xd6\x65\x5e\x8f\x55\x38\xc0\xe0\x7f\x72\xbe\xa9\x8d\x3b\xed\xd1\x95\x02\xfd\x50\xb8\xc8\x39\x82\x26\x77\xbd\x34\x81\xdc\x9d\x11\x94\xe8\xbc\xd0\x3d\x20\xb5\xad\xc5\xc3\xb1\xa0\x21\xce\x7b\x4c\xd5\x43\xd8\xaa\x47\x7c\x77\xbb\x19\x81\x31\xd5\xdf\xd7\x1b\xe9\xee\x6f\x6d\xe1\x71\x85\x12\x34\x19\xe0\xd1\x7d\x77\xbb\x05\x6d\x70\x55\x8a\x6b\x25\xab\xc4\x13\xe9\xef\x09\x31\x02\x6f\x6a\x6a\xf2\x10\x81\x1b\xac\x06\x3c\xb0\x02\xfe\x30\xf8\xac\x36\x85\x3c\x0f\x3d\x92\x89\x0e\x2d\x75\xc9\x40\xe8\xb5\xa4\x99\x14\xbf\x77\xa1\x3e\x62\x0a\xd1\xb5\xd5\x2c\x63\x60\xe4\x71\x9e\x68\x9c\x38\xae\xe6\xac\xe2\x2e\x5d\xde\xc0\x2c\x63\x7e\x9c\x64\x87\x64\xba\xb1\x40\x54\x82\x5c\x63\x35\x72\x09\x5d\x11\x52\x64\x56\xbd\x11\xca\xdc\xb7\xd5\x41\x89\x30\xd2\x48\x26\xb8\xaa\xf1\x74\xdd\xc8\x2f\x82\x84\x0e\xbe\x7d\xbb\xd4\x87\xd8\x3c\xc2\x34\x60\x14\x04\x3f\x34\x2b\xab\x20\xf4\x67\x8d\x64\x02\x3f\x45\x9f\x10\x7f\xcb\xc1\x40\x92\xf8\x87\xb5\x33\x46\x57\xb8\xec\x61\xed\x8c\xe9\x25\xc0\x9d\x82\xcd\x46\xd3\x45\xf3\xe5\x80\xb1\xf9\x02\x8f\x2b\x2e\xc5\xab\x39\xff\x46\x3e\x46\x57\xb2\x74\xf8\xbd\x35\x30\xc9\x73\x39\xa0\x22\x63\x7a\xcf\x58\x8e\x73\x6f\x38\x18\xca\x18\x0b\x83\x62\x7c\x25\xa0\x00\x3c\x67\x5f\x39\x1c\xd8\x4f\x48\x45\x40\x25\x01\x55\x49\x36\xdb\xf1\x91\xda\xb3\x45\x17\xdd\x4a\x1b\x33\x3b\x2e\xba\xf2\x0a\x97\x02\x3f\xd0\x4b\x31\xb0\x25\x26\x25\xad\x9b\xfb\x05\x19\x17\x6e\xe4\xdf\x60\x31\xd5\x33\xa6\x76\x00\xad\x10\xa8\x79\x03\xb2\x7c\xd6\x98\x5f\x16\xb0\x0d\xb8\xf1\x15\x65\x9d\x73\x02\xf8\x06\xd0\x62\xea\x9c\x31\x71\x98\xc9\x35\xf6\xef\xe1\x38\xea\x7d\x98\x85\x21\xf4\x11\xbe\x96\x2b\x6b\x7a\x79\xc2\xe1\xa8\xcd\xc6\x81\xef\x0f\x68\x44\xea\x15\x1f\x29\x71\x8a\xe8\xf7\x1b\xa6\xf4\x7c\x79\x14\x1b\x50\x01\xd8\xec\x65\x72\x12\x6b\xed\x25\xd3\x54\x41\xec\xc7\xbe\x0a\x58\x14\xac\x86\xcb\xa9\xc0\xb1\x31\x45\x47\x99\x28\x87\x43\xf4\x81\x0e\xef\x60\x37\x20\x4e\x72\x95\xcf\x40\xea\x3d\x56\xcf\x39\x3f\x8c\x55\x36\xc5\x6d\x47\xc9\x84\x32\x3f\x7a\x65\x82\xae\xac\xd1\xf8\x16\xdd\x4a\x3b\x1c\xc6\xc4\x33\x1a\x9f\x81\x20\x86\x69\x87\xc3\x7c\xf3\x06\x17\x80\xee\xbe\xc3\x6a\xa1\x3f\x52\x97\x44\xc7\x06\xfe\xac\x0d\xee\x1b\xf9\xd7\x7c\x6c\x33\x3b\x78\x2e\xca\xfd\x40\xe3\x3b\x52\xa9\x00\x5c\x3b\x6e\xea\xe1\x1e\xf8\xf1\x55\xeb\xe5\x00\xd3\x11\xea\xe9\x9e\xc6\x77\x90\xee\x79\x1a\x69\x79\xd2\x2a\xbc\x32\x72\xdb\x7a\x69\xd5\x58\xaa\xca\x9e\x18\xe3\xab\x4c\x76\xcd\x6d\xd3\x95\x35\x26\x8e\x8b\xa1\x89\xe9\x66\x65\x38\x8a\xbc\xb2\x18\x60\xf6\x85\x64\x2e\x40\x17\x82\xa3\x1f\x43\x23\x1c\x0e\xba\xb7\x23\x53\x2b\x10\xad\x94\xae\x64\xf5\xbd\x61\x9a\x99\x60\x3b\x8f\x87\xb1\xb2\x5a\x50\xa0\xc4\x30\x4f\x2e\x32\x40\x2a\x0f\x9a\xdb\x30\x56\xdc\x7a\xb1\x81\x69\x00\x56\xe9\x05\xaa\xdf\xf6\xd1\x64\x2b\xec\xa8\xb9\x0a\xfa\x54\x39\x89\xdc\xb2\x74\x24\xa5\x97\x26\x54\x95\xd3\xd5\x20\x48\xf2\x0f\x8a\x93\xd6\xc1\x20\xe4\x42\x49\x65\x8c\xc6\xaa\xb0\x15\x84\x46\xa6\x02\xb2\xca\x42\x80\x49\xba\x0f\x0a\xab\x80\xaa\x11\xe9\xb2\x27\xcf\x30\xc6\x06\x65\x66\xec\x71\x35\x81\x67\x22\x17\x75\x95\x81\x41\x03\x4f\xcd\x89\x2d\x3c\x0c\x8d\x99\x1d\x91\xa0\x11\xf6\x46\xfd\xbd\x81\xfb\x81\x68\x53\xe4\xae\xe7\x64\x12\xa6\x46\x08\x9a\xc0\xf8\x29\xaa\x18\x56\x45\x5b\x07\x18\x48\xe7\xf3\xc8\x73\xb3\xe1\x20\x07\xce\x78\x92\x33\xf3\xbc\xaf\xf8\x88\x5e\x5a\x69\x40\x33\x11\x3c\x06\x67\x1d\x63\x9d\x00\x9d\xc3\xc5\x13\x33\x79\x5a\x2a\xbc\x66\xdb\x5c\x45\x3a\x41\x46\x2a\x90\x4e\x12\x10\xa5\xc6\x17\x87\x67\x61\x6a\x0d\x79\x94\x6a\x63\x32\x11\x0c\x69\x56\x21\xe4\x01\xb1\x87\x72\x60\xf0\xe4\x18\x03\x10\xe1\x0c\x49\xbb\x1f\xe3\xab\x8d\xe6\xa5\x53\x6e\xc4\x81\xd9\x51\x32\x65\xd9\xb9\x05\x01\x1c\x88\x3a\xc2\xe3\x0d\x04\x54\x24\x2d\x0c\xea\x95\x37\xdc\xb6\x5f\x9e\x50\x82\xd5\x73\x6c\xfb\xbf\x1c\x31\x73\x6c\x85\xb9\x0c\xbd\x3e\x4e\xcb\x69\xac\x41\x62\x93\x73\x15\x85\x27\x37\x74\x5e\x56\x31\x4c\xac\xcc\x3e\xcd\x6f\x21\xb8\x2c\x9e\xda\xe8\xce\x57\x51\x04\x3e\xc4\xe6\x85\xc3\x3e\xf1\x71\xc0\x5f\x1b\x78\xba\x41\x94\x90\x19\xbf\x75\x30\x07\x1c\xab\xbc\x0e\xf9\x40\x41\x22\x75\xda\xd5\x35\xe4\x4b\x63\x12\xb5\x5d\x29\xe6\x3c\x13\xa3\xf4\xce\x58\x7c\x8e\xf6\x3d\xf2\x88\x7c\x88\x4d\x72\xc8\xce\xfe\xe8\x5d\x48\xdc\x78\xa4\x66\x27\xda\x17\xe4\xb0\x4e\x74\xdb\x85\x14\x2c\xd4\x50\xb0\x37\x10\xf4\x37\x7e\x8b\xc2\xb1\xb0\xc7\xc6\x99\xea\xff\x5b\xdb\x80\x05\xb5\x9d\xf2\xbd\x5a\xed\xed\xdb\xa7\xd7\x3b\xae\xd6\xab\xe4\xa5\x7c\xac\x7a\xb5\x1e\x40\x70\x57\xf7\x36\x20\x73\xdb\x1b\x50\x32\x15\xc4\xe5\x92\xcd\xe0\x6e\xe7\xc2\xd8\x69\x7b\xde\x2a\x1c\x10\xb0\x87\xe2\x9c\xca\xdb\x58\x78\xf4\x83\xb8\xbf\x82\xcf\xb5\x92\x95\xf6\x08\x13\x7d\x1a\x12\xd9\xd4\xec\x1b\xa1\xeb\xa3\x5b\xbe\x32\xcc\xc3\x11\xbf\xfb\x43\x3b\x91\x96\x96\x7f\xa2\x61\x91\xa0\xf3\x88\xe7\x2a\xf1\x0b\x73\x64\xa3\x38\xa3\x76\xa3\x9f\x53\x2f\x4f\x04\x89\x44\xbd\x61\x31\xab\x0d\xc0\xbd\xf5\xe6\xf9\x38\xad\x94\xc1\x28\x6d\xf7\xfa\x53\xf5\xfa\x7f\x0a\x7c\xac\x5a\xc8\x05\x91\xd5\x1a\xe3\x23\xb5\xe7\x07\xa8\x8b\xfd\x6a\xe5\xf7\x03\x11\x1f\xa2\xb8\xd8\x5b\xf8\xb8\x1a\xff\xb7\xae\xef\xaf\x61\xda\x12\x64\x14\xd5\x6d\x92\xbb\xfe\x5e\x44\xa9\xcf\xbf\x41\x0c\x3e\x63\x7a\xd4\x58\xfe\x59\x16\x01\xa1\xfc\xab\xa6\x66\x71\x1d\x57\x35\x46\x87\xdf\x6b\x1a\x8f\x1e\x44\xf6\x86\x4e\x91\xca\xaa\x75\x30\x58\xdb\x98\xe5\x11\x43\x42\x4f\x61\x8a\xdf\xc8\x1c\xb2\x32\x73\x33\x41\x33\xc9\x0f\xb1\xbc\x5e\xa9\x18\x43\x69\xbc\x21\x01\x4b\x72\x30\x73\x10\x51\xb8\xed\xec\x74\xcc\x5d\x6e\xd8\xe7\xa9\x41\x32\xb2\xf2\x14\xc6\x0a\xba\xb0\x9d\xdd\x8f\xd9\x8d\xf2\x7a\x9b\x53\xb2\xfb\xb9\x21\x6e\xb9\xd0\x00\x39\xc0\x83\x8a\x4f\xc4\x96\x8b\x23\xf1\x53\x60\x03\x84\xee\xed\xa0\x3e\x2b\xf1\xe5\x58\x1b\x50\x2f\x26\x94\x31\x32\x05\xaf\x16\x9b\xa9\xdc\x82\x18\x99\xd4\x88\xbe\x6a\x6a\xe1\xda\x20\x72\x3e\x0c\xbe\x14\x4b\x80\xee\x57\x84\x31\x34\x72\x87\x46\xea\x05\x3f\x4a\x52\x4b\xfa\x7e\xca\x7c\xf3\x52\x98\xc3\xc5\x6f\xb8\xe9\x61\x43\xdf\x3b\xc1\xcf\x19\x35\x74\x77\x77\x5e\xbb\x79\xe5\xc6\xb5\xf6\xab\xdd\xed\xd7\x3b\xbb\xbb\x3d\xf5\x00\xd3\x32\x78\xf4\x23\x37\x92\xd9\xd8\xea\xdd\xdd\x3f\x7e\x7f\xe3\x4f\x9d\xd7\xfe\xd8\x7d\xb9\xf3\x06\xd6\xa3\x7a\x7a\x1a\xee\x09\x33\xf2\x1b\x74\xeb\x80\x96\x5e\x12\x8f\xab\xa1\x9a\xae\x2b\x37\xfe\x72\xe5\x46\x77\xe7\x65\xac\xa4\xf1\x42\xb2\xce\xcb\xa7\x94\x65\x43\xf8\x43\x7b\xc7\x95\x86\x4f\x54\x95\x56\xd1\x67\x15\x4b\xd2\x57\x4d\xad\x32\x14\x56\xaf\xc2\x6d\x0d\xd9\xa1\xfa\x90\xd7\x38\x42\xed\x80\x12\xaa\x04\x8f\xe1\xeb\x53\xa6\x14\x0f\x9c\xba\xc3\xc8\xd3\x1f\x61\x73\x77\x1f\x55\x7f\x01\xa9\x8b\x26\x82\xd0\xfd\xfb\xa1\x60\xb7\x7c\xd9\x1f\x14\x79\x0b\xdc\x85\xa9\x3e\x68\x6b\x28\x02\xc8\xf7\x78\x81\x18\x9c\x54\xa7\x1f\x67\x27\xdb\x50\x7b\xf3\x91\xc8\x5f\x78\xd7\xd0\x95\xc6\x8e\x9c\xd6\x8d\xf1\xba\x6e\xd4\x1d\x7f\x7a\x69\xcc\x3a\xdc\xd2\xf7\xc6\x31\x7c\xd9\xc8\x27\x88\xe7\xd6\xc3\xa8\x1f\x92\xee\xfc\x81\x07\x7e\x9c\x11\x7c\x14\xf1\x07\xa3\xd8\x48\xe0\xbe\xbf\xbb\xa7\x3f\xec\x8d\x8a\x2b\x25\x2e\x11\x89\xed\x28\xf3\xe5\xf2\xeb\x18\xdf\x6a\x6e\x14\xcd\x27\x7b\x62\x9b\xd6\x4d\x26\x93\x80\x79\x7a\x79\xa2\x6e\x30\x1e\x34\x17\xa2\xad\x17\xf3\x9d\xf9\xe6\xc7\xe0\x56\xa8\xd2\x98\x64\xb5\x62\x58\x3e\x44\xe3\x3b\x30\x3c\x5a\x50\x49\x12\xef\xc0\xd2\xcb\xcf\x8c\xe9\x55\xbc\x1f\x47\xbd\x82\x8f\x78\x6e\x5c\x69\xbf\xda\xdd\x71\xb5\xf3\xca\xb5\x9b\xdd\xed\x97\x2f\xdf\xf0\x10\xbc\xc9\x52\x22\x4a\xf2\xd8\xcc\x32\xf1\x04\xfa\xc4\x9d\x06\x49\x1e\x62\x5f\x26\x9e\xbf\x06\xfa\xfe\x86\x8f\x15\x3e\x71\x96\x9c\x14\xdf\x08\x3b\x13\x88\xb0\x86\xd7\xc1\xf6\xf2\xa3\xa8\x37\x74\xe7\xcc\x05\x72\x46\x41\xf1\xe0\x70\xbb\x10\xc5\x2a\x5e\x0b\x74\x0e\x7c\x27\xdc\xbc\x7d\xde\xe8\x5d\xc0\xd4\x8d\xdc\x0a\x04\x05\xa8\xae\x40\xbe\x0d\x7a\xef\xf8\xef\xb3\x85\x8f\x84\x7c\xf7\x10\xb0\xd7\x7e\xd8\xc4\x1e\x72\x2c\x5d\x6f\xf7\xed\x40\x2f\x07\x8d\xbe\xc0\x7e\x37\xf9\xc2\x51\x81\xf9\x0b\x7d\xf4\xf9\xc3\xd1\xfa\x42\x42\x7a\x6c\x28\x78\xcf\xff\xf0\xd4\x72\xf7\xfc\x0f\xb1\x5c\xcf\xdd\xfa\xf7\x3d\x77\x5b\xdc\x67\xcf\x37\xf5\xf9\xef\xe3\xfb\x68\x43\x67\x10\xc7\x8b\x77\xd4\xd7\x23\x40\x84\x7d\x3e\x8e\x81\x1d\xe8\xeb\xab\xff\x20\xd0\xd7\xd7\x14\xfd\x49\xf4\x2a\xea\x8d\xf6\x47\xea\x0b\x08\xe8\x61\x7c\xa7\xcc\x37\x1f\x2a\xee\xbf\x53\x07\x1b\x0a\xde\xae\x83\x1f\xc6\x8d\xdd\xcd\x57\x4a\x94\x3e\x21\x85\xd6\x7f\x83\xbb\xf0\xa3\x1f\xc9\x4d\x5a\xf7\x15\x5b\xfe\x13\x9f\x70\x9e\xc6\xbb\x7f\xd7\xdf\xdb\x6b\x13\x84\xb8\xc0\xe5\x8c\x00\x1f\x46\x12\x3d\x77\xba\x8a\x80\xf4\x69\x83\x9e\x78\x04\xc8\x34\xfb\xa9\xfd\xe3\x1f\x81\xdb\xa4\xa9\x0b\x26\xa1\x03\x0f\xe0\xab\x21\x9f\xb7\xf7\xf1\xe3\x5e\xf6\x1f\xf2\x8f\x7f\x9c\xfa\xf2\x1f\xff\xf0\xf7\x46\xfc\x8f\x1f\xff\x37\x2c\xc5\x43\x6c\xfe\xf1\x0f\x7f\xb0\xe7\xf1\x63\x8d\x6d\x9e\x13\x5f\x5e\x0f\x85\xa3\xec\x5d\x38\x14\x0d\x9d\x7c\xc9\x9e\x3e\x7e\xac\xf5\xf8\x1f\x9c\x78\x77\xd9\xff\xe0\xf1\x63\xcd\xe7\x65\x2f\x7e\xc4\x94\xc8\xcb\x81\x30\xeb\x43\xd3\x77\x81\x88\x8f\x97\xea\x68\xff\x43\xa0\xd7\x7f\xcd\x7b\xdf\xcf\x0a\xfb\xb1\x03\x1f\x2f\xce\x5b\xf0\x87\xa3\xca\x67\xf7\xfc\x0f\x3f\xe7\xab\x3f\xf9\x1f\x2a\x1f\xf5\xdc\xfd\xf4\x37\x97\xbf\x55\x0b\x2b\x88\x86\x27\x07\xea\x8d\x7a\x3b\xe0\xdd\xe3\xc7\x1a\xd2\xe5\x89\x32\xfc\x47\xe7\xe5\x1b\x8f\x1f\x6b\xd1\x50\x5f\xa8\x37\x74\xe7\xe1\x89\x52\x37\xf9\x8b\xc7\x8f\x35\x9b\x2d\x7c\xba\x9b\xdf\xc9\x72\x5d\xc0\x52\x1e\x3f\x26\xfd\xc1\xc0\x4f\x9a\x84\x6c\x3c\xd1\xc8\x9f\xc4\x1b\xd6\x93\xde\x88\x93\x91\xec\xa7\xdb\xb8\xa9\xac\x11\x71\x6b\x48\xf3\xce\x88\xdf\xd7\x1f\x0e\x44\x1f\x92\x56\x8d\x55\x81\x97\x05\xb1\xa3\xdb\xf9\xc0\x1f\x0e\xdc\xfe\x95\x25\xe9\x80\x4d\xd4\xde\x1f\xbd\xdb\x05\xd5\xf1\xda\x1f\x04\xbc\x4e\x7f\xf0\x81\xd6\xe7\x0f\x47\x02\x11\xc0\x31\x97\x7f\x47\xfb\x83\x1a\x72\x88\x5f\x59\x6d\x28\xa3\xac\x5e\x6f\xe8\x8e\xd3\xdb\xd7\xe7\x0f\xf6\x7c\x0e\x99\x5c\x0d\xdd\x79\xfc\x58\x7b\xe0\x0f\xdf\x22\xad\x5a\x9d\xfe\xed\xec\x09\x84\x7f\x65\x54\x1d\x97\xe1\xa9\xf8\xae\x27\x10\xf1\x85\x82\x41\xbf\xef\x57\x56\x11\x67\xe3\x7b\x64\x34\xea\x84\x28\x1d\xf8\xec\x5a\x82\x27\x2a\x69\x24\x81\xef\xa3\x77\xc5\xdf\x8f\x1f\x8b\x1b\x99\x90\xed\xf0\x1c\xe2\x3f\x86\xf8\x6f\xab\xb8\x09\xf7\xc2\x25\x69\xba\x88\xd9\x7b\x0d\x3a\x85\x5e\xda\xe4\x51\x5d\x70\x8f\x12\x86\x3a\x94\x52\xc6\xe8\x13\x9e\x46\xcb\x2f\xab\x31\x26\xf7\x6a\x93\x73\x7a\x35\xcb\x33\xd3\x10\x2c\x00\x82\xb2\x51\x6d\xac\x33\x14\x7d\xf2\x9e\x64\x0e\xb3\xc1\x4d\x43\x0a\xa6\x26\xba\xdf\xa1\xf3\x00\x76\x49\xcb\xcf\x39\xf6\x64\x47\x3b\xd1\x4b\x13\xf6\xa5\xc4\x0d\x80\x72\xc7\xd5\x38\xf4\x9a\x5f\xe0\xc9\xce\xa3\x48\xa4\x17\xfa\x5d\x8b\x3d\xa1\x99\x38\x11\x57\x88\x9a\x9b\x09\x94\x7e\x51\x08\xd2\x38\x0c\x70\xb1\xca\x54\x8e\xdd\x77\x46\x3e\x21\x6a\x4c\xaa\xa6\xb2\x53\xc1\xee\x10\x70\x42\xdf\x5f\x32\x72\xdb\xfa\xde\x92\x31\x58\xe4\xb1\x80\xdc\x60\xce\x7d\x24\x6c\x48\xac\xf9\xae\xae\xab\x04\x33\x9c\x39\xec\x50\x66\x02\x31\x46\xb9\x07\xaf\xd9\xdd\x74\x4e\x0d\xa4\x6b\x76\x33\x1d\xf5\xc4\x24\x69\x1a\xeb\x6a\xfa\xe7\xe3\x6a\x56\x05\xb9\x3f\x8a\x25\xd5\x52\x47\xb1\x94\x8c\xcd\x92\x73\x88\x36\x62\x0e\xa7\xce\x74\x06\xbd\x34\x21\x56\xa9\x82\x57\x4d\x77\x80\x28\x4d\x18\xe1\x61\xcc\x83\x59\x19\x25\xdf\xcb\x3f\x39\x70\xf4\xf7\x7f\x3e\x8a\x0d\xd0\xdc\x3e\x2d\xec\x90\x0e\x40\x70\x1b\x70\xd1\xdd\x05\xd2\x75\x93\x3d\x5f\x9c\xa0\xa5\x27\x04\xae\x5e\x7e\x52\x30\x0b\x6f\x89\xff\xbe\x37\xd0\xdb\xde\xd3\x13\xf6\x47\x22\x1c\xaf\x1a\xb2\xe9\xc1\xf5\x85\xd1\xb7\x00\xa6\x0a\x38\x4c\x22\x66\x39\x7e\xa3\xab\xdd\x75\xa5\xe3\x72\x57\x3b\x8f\x5d\x80\x51\x58\xa3\xaf\xf1\xfa\x23\xd2\xd1\xae\x22\x11\x0e\xaf\x8a\xf1\x71\xdc\x56\x09\xf7\xca\x3e\x05\x70\x57\x80\x53\xc6\xfc\x3e\x0c\x57\xc1\xc7\x4c\xd8\xed\x68\x27\xfc\xae\xdb\xcd\x03\x70\xae\x6c\xe1\xb7\x18\x87\x61\x03\x59\x8b\xa7\x6c\xc5\x20\x84\x50\x2f\x27\xcd\xf2\x9a\x0d\xab\xf4\x2c\x4e\x8b\x7b\xc6\x62\x46\x2f\xbd\x26\x1d\xed\x3c\x68\x06\xa2\x64\xa1\x62\xd1\xa3\xac\xf9\x64\xef\x28\x96\x54\x1f\x1e\xc5\x52\x28\x94\xd3\xea\x9e\xf9\x7a\x46\x2f\x6d\x9a\x93\xeb\x34\x35\x85\x30\x06\x2a\x88\x2c\x4e\x10\xa6\x9f\x2a\x29\xb6\xa2\x6f\xc4\xa5\x42\x7d\xd6\x3d\x35\xf2\xaf\x11\x05\xcf\xe1\x80\x4b\x15\x20\x22\x13\x22\x10\xd1\x1f\x37\x32\xc7\x55\x18\xa0\x06\xc4\x88\x86\x9b\xe1\x1b\x57\x07\xf6\xa2\x5c\x41\x0e\x24\xe2\x24\xb8\x10\x72\x90\x0e\x07\xe2\x43\x98\x93\x6f\xad\x22\x5b\x1f\x3e\x0b\x98\x3c\x89\x89\xb3\x3c\xe5\x27\x87\x29\xfa\x95\x55\xc8\xec\xb7\x6b\x41\x88\x0d\x5a\x7a\x89\x6b\x85\x37\xf8\x28\xb3\xe0\x70\x70\xac\x23\x48\xc2\x84\xd7\xd0\x13\xc4\x63\x93\xe0\xff\xe8\x19\xe3\xb7\x51\x61\x55\x12\x20\x52\xc2\xf7\x29\xd5\xb2\xf1\x41\x78\x2b\x1f\x34\xbf\x5c\x33\x7e\xe5\x4f\x7f\x16\x78\xa9\x6a\x71\x23\x69\x83\xd2\x78\x9c\x4e\xd4\x31\x9d\x4c\x1a\x72\x46\x7b\x23\x04\xcf\x80\x47\x28\x5a\x78\x44\x10\x18\xe4\xa5\x02\xba\x6f\xcb\x79\x37\x11\x1e\xc8\x32\x80\xa3\xb2\xa5\x05\x23\xe2\x06\xc1\xaf\x00\xc9\xd7\x9c\x5c\xaf\xc5\x26\xf5\x52\xf9\x94\x55\xc7\x0b\xd8\xd9\x07\x3e\x79\x32\xab\x1f\x9c\x20\x08\xc6\xfc\x08\x91\x17\x1b\x43\x08\xf8\x86\x11\x9f\xae\x0d\xee\xd3\xcc\x06\x8d\xcf\x89\xbc\xd6\x72\x1d\xdd\x1c\xc5\x9e\xf0\x3d\x32\xb3\xa3\x06\x61\x72\x36\x52\x19\xe6\x10\xb0\x76\xb7\xeb\x00\x51\x1a\x4a\xd9\x7d\xc5\xee\xc8\x86\x78\xe6\x36\x94\xe2\xd9\x43\x27\xd6\xe3\x28\xf6\x04\x49\xc5\x98\xd9\x41\x32\x36\x92\x09\x24\x60\xee\xb4\x53\x48\x03\x17\x4a\x20\x87\xce\x58\xcb\xeb\x70\xf9\xd1\x24\xcd\x2d\x98\x85\x98\xf5\x72\x40\x40\x89\xc5\x71\x26\xea\x68\xc5\xc8\xbf\xd1\xf7\x9f\x8b\x40\x01\x46\x53\xb8\x49\x11\x8a\x0c\x77\x0b\xdb\x27\x2f\x06\xd8\x76\x8e\x31\x8a\xa3\xe5\x34\x8d\xcf\xd0\xf4\x2e\x20\x00\x2e\x1a\x53\x71\x17\xa2\x78\x49\xe0\x4a\x8d\x10\x84\xae\x40\x57\xb0\x84\xc5\xc3\x5b\x30\x40\xe1\x06\xcf\xb1\xf0\x66\xd0\xfd\x17\x10\x83\x80\x9c\xdb\xd9\x71\xcd\x29\x3f\x6f\x62\xa4\x06\x16\x0c\xa6\xd9\xf1\x70\x8b\x7a\x6e\x9a\xbd\xc1\xf8\x68\x9c\x69\x86\xae\x56\xf7\xef\x5b\x5c\x67\xdd\x5f\xb5\xf1\x5c\x10\xce\x64\xe3\xd7\x9d\x2d\xe7\xda\x5c\xd7\x9d\xad\xe7\xcf\xba\xae\x3b\xcf\xb5\x34\x37\x60\xad\x0a\x27\x52\x16\x4e\xe3\x71\xbd\x92\x32\xf2\x09\xba\x99\xc1\xb9\x42\xaf\xad\x35\xb8\x8f\x85\x31\x65\xcc\x36\x6e\x01\x50\x36\x00\x47\xe0\x79\x63\x97\xac\xdf\x80\x08\x77\xaf\x20\x60\x22\xdf\x77\xe1\x52\xbb\x90\xf8\xb8\x13\x8d\x3b\xce\x5d\xbc\xf2\xcd\x04\x7e\x8c\x50\x4d\x56\x61\x8b\x0e\xaf\x36\x1c\x8b\x18\xac\xa8\x34\x81\x6c\x97\xed\x04\xf8\x89\x21\x00\xa2\x00\xa0\xc4\x81\x2d\xd7\x2a\xae\xe2\x43\x33\x3b\xc4\x4d\xec\xc2\xa4\x0f\x6b\xb7\x67\x6e\x14\xd1\x94\x28\xb1\x4d\x55\x79\xc5\xdc\x4c\x20\x7d\xa1\xdb\x1a\x32\x61\xcc\x57\x65\xde\x66\x66\x42\x26\xcb\x20\x8c\x36\x7a\xcd\x8f\x62\x49\xb5\xd8\x51\x2c\x85\xe1\x25\x28\x8e\x2d\x8d\x1a\xb3\x13\xc6\x6c\xd1\xda\x1a\xe0\x28\xc5\x87\xa3\xa2\xa0\x2d\x40\xb4\xc0\x55\x16\x36\x12\xef\x26\x4e\x15\xf6\x10\xf0\x1c\x58\x2b\x0d\x37\xdf\x20\x10\x91\xe2\xb3\x94\x05\x8e\x62\x29\xbd\xb4\x09\x9e\x61\x79\xbe\xf2\x3b\x26\x4e\x70\xa4\xd3\x9e\x0a\x2e\x4e\xf4\x52\x42\x2f\xbd\x96\x77\x5a\x40\x70\xdb\x49\xe0\x75\x82\x48\xdf\xc7\xd5\x9c\x11\x9f\xd6\x9c\x04\x4f\xcd\x53\x81\xd8\x71\x1d\xf5\xca\x04\xdf\xdc\x4c\xaa\x7d\x5a\x8b\x25\xc0\x14\x5b\xd7\x07\x14\x03\x20\x37\xa7\xe1\x0d\x04\x6c\x49\x4e\x27\xe1\x53\x65\xa0\xbc\x5e\xcd\x1a\x63\x63\x7c\x06\x79\x6c\x6c\x19\x43\x86\x58\x6f\x79\x2c\xa9\x84\x77\x57\xee\xc8\x69\x00\x68\x47\x71\xbc\x16\x4b\x90\xfa\xfd\x48\xf4\x7d\x26\xb5\x71\x19\xfe\xe3\xc8\xef\x71\x46\x4f\x95\x5d\xb8\x6a\x92\xbd\xd2\x3c\x5c\xe2\x25\x3d\x77\xfb\xbc\x61\xef\x7d\xc4\x5d\x87\x60\x45\xf3\x60\x85\xcb\x4f\x0b\x6f\x6a\x33\xdb\x12\xf1\x4d\x2f\x71\xdc\x86\xda\xd4\x21\xf2\x24\x74\xbd\x1f\x57\x73\x28\x07\xd3\x58\x15\xd3\x31\x30\x94\x81\x6e\x8d\xa0\x7b\x96\x0f\x53\xe0\xcb\x2b\xa3\xfc\x14\x66\xfc\x09\x74\x45\x51\xd0\xe9\xbc\xe3\x0f\xde\xf3\x3f\x24\xfc\xba\x4b\x48\x16\xaa\xd2\xc2\x1e\x42\x14\x69\x1e\x59\xc0\xe9\x94\x45\x12\x58\xbd\x4a\xe9\xad\xa7\xbb\x56\x3f\x42\xe3\x47\xb1\x14\x12\xd3\x47\x04\xfb\x94\x84\x62\xab\xc7\xb2\x66\xe7\x83\xd8\xab\xb4\xf4\x52\xcd\xf6\xd0\x4b\x63\xc6\x9b\x65\x74\x6d\xcb\x48\x4a\xbd\x34\x21\xd0\x6f\x13\x3c\xf7\x84\x4b\x53\x27\x14\x98\x06\x99\x94\x33\x91\xbd\x45\x04\x03\x01\xa4\xb5\x24\x4d\xbf\x36\x66\x8b\x78\x42\x11\xcf\xd7\xf7\xfc\x0f\x2f\x79\x08\xc4\xe5\x25\x44\xfe\x09\x88\x71\x36\xdb\x6d\xec\x45\x12\x97\x0a\x6b\xc4\x75\x91\xb7\xb9\x23\xd8\xa8\x82\xbd\x8d\x00\x1e\xe8\xa2\x9e\xd9\x51\xa1\x88\x41\x98\xcb\x0e\x71\x30\x24\x88\x83\x30\xd7\x52\x98\x04\xc5\xf7\x73\x5d\x59\x24\x69\x08\x87\xb1\x77\xee\x87\xd8\x3c\x4e\x86\x9a\x73\x21\x98\xe7\xb8\x31\x9e\x60\x27\xe8\x68\x19\xc2\x13\x6c\xe9\x51\xf5\xe9\x2a\x9c\x96\xef\x5b\xdc\xb5\xb6\x90\x93\x3b\xd1\x93\x52\x99\x03\xc4\xc2\x4c\x31\x19\x66\x72\x0f\xa5\x1c\xe5\x7e\x8b\x93\x2d\xd8\x02\x28\xb7\x84\xd3\x79\x40\xb4\xe4\x60\x27\x71\x4e\x48\x70\x2b\x27\x3b\x30\x96\x57\xe9\xf0\xba\x7a\x0b\xb1\x50\xed\x8c\xcd\x15\xba\x32\xcd\x16\x13\xbe\x60\x62\x44\xfa\x67\x23\x9d\xd1\x0f\x72\x47\xb1\xa4\x8a\xd2\x3f\x37\x44\xc7\x96\x04\xae\xfa\x51\x2c\x45\x57\xb2\xac\x66\x7e\x01\x07\x46\x24\x2a\x17\x1e\x80\x37\xe1\xd4\x0b\x02\x78\xc8\xa2\x86\xec\x14\x02\x96\xe4\x7d\x0d\xd8\x0b\xde\x51\x70\x5a\xa1\x78\xbe\xb7\xa3\x1e\x60\xf2\x6c\x43\x3a\xd2\x4b\x31\xeb\x97\x5d\x87\x43\x25\x09\xbe\x0b\x80\xfe\xf9\x34\x8d\x1b\x6f\x96\xb1\x7e\xbe\x63\x72\x0b\x74\x79\x83\xcd\x02\x5a\x23\xe8\xf0\x0e\x63\xd4\x10\x01\x43\x3c\x8d\x62\xb3\x90\x97\x11\x25\x13\xdb\x51\x6e\x26\x38\x45\x34\x66\xbc\x4b\x39\xee\xcc\xec\x10\xdb\xe1\x8a\xf7\x00\xcf\x2f\xed\x63\x2d\xa2\x38\x0a\xe0\x8c\xd8\xe8\x89\xeb\x10\x4e\x11\xaf\xa5\xd3\xdd\xc6\x7b\x07\xb1\x15\x11\xd9\xf4\xc3\x79\xab\x38\x60\xcc\xac\xf1\x1a\x80\xb5\x49\x6c\x9c\xfa\xdd\xf9\x9f\x9f\x4f\x4e\x7c\xb0\xbc\x0a\xf2\x67\x43\xf4\x09\x46\x95\x30\x42\xc0\xed\x48\x47\x86\xad\x81\x49\xe2\xf9\xda\xe7\xbd\xe4\xfa\x9a\xcd\xc2\x25\x17\xf0\x14\xd7\xd7\xc2\xb0\x08\xd9\x6e\x34\x35\xc5\xa5\x50\x40\x5d\x42\x49\x0c\xab\x38\xae\xe6\xf0\x14\x61\x1d\x2a\x64\xf5\xbd\x04\x13\xc6\x3f\x6e\x6a\xc2\xb0\x69\x26\x4d\x81\x75\x4a\x65\xe0\x67\x6d\x06\x4e\x80\xfd\xb0\x63\xd4\x8a\x0d\x62\x49\xdb\x74\x8e\x83\x02\x93\x75\xb4\x3f\xc8\x0d\xdb\xfd\x3d\x7d\x1a\xae\x26\x51\x92\x02\xaf\x5f\x22\x5f\xe3\xd4\x5e\xd2\xc2\xfe\x48\xa8\xf7\x81\x13\x40\xb9\x48\x20\x78\x3b\x10\x0c\x44\xfd\x5a\x30\x74\x2b\x10\xec\xf9\xa8\xb9\xb2\xde\x30\x2a\x8c\x8a\x9a\xb2\xe9\x34\x8d\xcd\x9e\xe6\x64\xff\x7c\x73\xe5\x8f\x9d\xd7\x48\xc7\x95\x1b\x37\x3b\xff\xd0\xd9\xd1\x7e\xf3\x0a\x3c\xd5\x8e\xab\x71\x29\x2c\x09\x81\x26\x81\x5f\x5c\xb9\x76\xf9\x64\xf9\xaf\x5d\xac\x46\x5c\x8f\x5f\xab\xb8\x91\x40\x3f\xaf\x7a\xa8\x19\x56\x5a\xad\xff\xfa\x8d\xce\xbf\xb4\xdf\xbc\x42\xfe\x74\xe5\xdf\x4f\xd6\xcf\x4d\x28\x27\xeb\x3f\xf1\xd5\xd7\x2e\xa8\xd8\x26\x21\xb5\x0d\xa1\x25\x77\x45\xbd\xd1\x80\x8f\xb0\x63\xfd\x2f\xcd\xb2\x35\x94\x16\xc8\x29\xad\x7c\xe2\xbb\xaf\x5d\x76\x4b\xf7\xfc\x0f\x9d\xc8\xff\x02\xa1\x20\x69\xe6\x77\x44\x12\xbe\x5e\x28\x6e\xf2\x68\x31\xc2\x04\x03\x63\x31\xa3\x97\x73\x98\xa6\x8f\xd0\xb4\x66\x62\x8f\xc6\x37\x8c\xd9\xa2\xb9\x56\xa1\x63\xeb\x12\x95\xeb\x7e\xb4\x1f\x0f\xe8\xe6\x73\x6e\xb7\xcc\x8f\x47\x80\x81\xe6\xb3\xf0\x88\x31\x34\x0c\xde\x84\x7b\xa8\xb8\x14\xf2\x2c\xd9\xdf\xd3\x47\x02\x7d\x0f\xce\xe2\xe9\x88\xcd\x60\x84\x07\xdf\x3a\xe0\xcc\xc5\x3e\xea\xa5\xf2\xfd\x68\xbf\xf3\xab\x16\x7d\x6f\x91\x6e\xbd\x35\x66\x8b\xcd\xad\x98\x80\x42\x20\xd7\x5c\x4d\xf9\x23\x1a\xde\x5e\x6a\xcc\xaf\x5a\xc5\x6d\x10\xca\xa3\xbe\x3e\x36\x58\xbd\x54\x36\x13\xaf\xcc\xcc\x08\x76\x1f\x6b\xc4\xc4\x34\x36\xee\x4f\x75\xb2\x96\x5d\xab\x0d\x3c\x17\x73\x51\x57\x07\xe1\xe3\xc4\x2c\x8c\x68\x7f\x10\x83\x4d\xe0\x4d\xeb\xd9\xf3\xc7\xd5\x24\x8c\x12\xf2\x38\xe8\xb3\x64\xd4\xd7\x47\x57\xb6\x6b\x83\xeb\x34\x33\x44\x53\x4b\xe6\xe4\x7a\x8b\x5b\x64\x7d\x26\x8d\x44\x4c\xaf\xac\xda\xdd\x65\x15\x38\x5b\xdc\xce\x16\xf7\x45\xb6\xab\x70\xc0\x4e\x7e\x09\xb5\x3a\x4d\xc7\xd5\x45\x42\x34\x63\x62\xdd\x4a\x65\xd4\x1b\x88\x79\x82\xa3\x48\x64\xc7\xd9\x54\xc3\xd4\xeb\x0e\x86\x8d\x22\xfa\xa6\xc5\x57\x31\xbd\xf4\x1a\xa3\x5e\xe9\x56\x5a\x7e\x8e\xbd\xb0\xb3\x27\xf1\xfa\xb7\xb1\xa5\xa8\xaf\xcf\x48\x2f\x1b\x89\x71\x94\x9b\x21\x6b\xfa\x79\xed\x75\x52\x2f\x8d\xe1\x9a\x21\x74\xbe\xb9\xff\xb4\xb6\xfc\x8b\x59\x7d\x6e\x0c\xbf\x50\x19\xdd\x39\xf2\x31\x8b\x30\x46\xc6\x83\xd6\x92\xd0\x34\xfa\xf2\x89\xb1\x90\xd7\xf7\x97\xf4\x52\xca\x18\x7c\x8f\x0c\x57\x35\x9d\x4b\x29\x51\x58\xcf\xed\xd1\x2a\x2d\xb8\x64\x0c\x01\x8f\x4d\x52\xdb\x03\xe8\xf2\xb1\x31\x7e\x72\x80\xe2\x45\xe3\x5b\xf6\x19\x64\x2b\x68\x02\xad\xfb\x0b\x88\x03\xb1\xef\xb0\x62\x5b\xb0\x41\xfb\x20\xce\x50\x7f\x94\x34\xb9\x6c\x47\x34\xe8\x39\x1a\xff\x56\xde\x4c\x85\x16\x0a\x59\x43\x9d\x36\x20\x3d\x5b\x4d\x2e\xe4\x0a\xe2\x6b\x26\x07\x02\x2f\x92\xb6\xeb\xba\x2e\xdc\xf1\x07\xc3\x11\xaf\xe8\x81\x0f\x19\x0a\xb4\x2e\x4a\x84\xfd\xff\x41\x9c\x41\xff\xdf\x89\x13\x61\x4f\x09\xe3\xfa\x76\x59\xfb\x4b\x5f\x24\x4c\x9c\x91\xfe\x5b\xff\x8b\x9c\x71\x75\x5c\xec\xb8\xe6\xea\xb8\x76\x91\x43\x14\xfa\xbc\x67\x64\x7d\x3f\x9d\x73\x7f\x45\x9c\x50\x6b\x8f\xf7\x61\x84\xb4\xb6\x9d\x73\xbb\xed\xca\x23\x81\x3b\xc1\xfa\x06\x02\x41\xa5\x7e\xbb\xb5\x70\x54\x0c\xd1\xa6\xd3\xcf\x1e\xa8\x1d\x13\xf0\x79\x83\x55\xca\xd7\xd7\xc0\x3a\xf5\x3f\x35\x52\x3f\xf0\xae\x9b\x17\xff\x2d\xe0\x0d\xde\xe9\xea\x77\x5d\xbd\x78\xcd\x1b\xfc\xb7\x40\xf0\x8e\x3a\x1b\xfe\x70\xd4\xa5\xda\xf8\xf9\x8b\xff\xee\xff\xc9\x7b\xbf\xaf\xd7\xdf\xe4\x0b\xdd\xff\xec\xf9\xea\x68\x97\xf3\xc1\x7e\xd4\x4f\x5d\x47\xbb\x2f\xec\xf7\x46\xfd\x11\x7f\x38\xe0\xed\xc5\x8e\xc2\x74\x2a\xbd\x6f\x18\x8f\x3d\xad\x0d\x67\x99\x9c\x56\xbe\xeb\x20\x5b\x8c\x7b\x66\xe0\x26\xcb\xe3\x6a\xe2\x53\xa4\x05\x62\x48\xf3\x3f\x41\x5f\xca\x07\x0d\x75\x7c\x6c\xd2\xbb\xee\x7a\x83\x77\xee\x7a\x03\xae\xab\x17\xaf\xf7\x5f\x0e\xe1\xa4\xf3\x8f\x4e\x99\x75\xfe\xe6\xff\xc5\x69\x57\x07\xd0\x38\xa6\x70\x14\x8f\x5f\xc4\x49\x87\x9a\x31\x31\x4c\x2e\x8c\xfa\x13\xed\x96\x03\x1e\x9b\x67\x60\x70\x14\xf4\x00\xcd\x19\xc0\xa3\x78\x66\xf6\xf2\x06\x1d\xb6\xb3\x69\x91\x3f\xb3\x32\x10\xbe\x24\xb8\x56\x52\x13\x30\xa1\x13\x27\xdd\x68\xdc\x84\x02\x4c\x55\xe5\xce\x6d\x6a\x14\xf3\x73\xfa\x76\xa1\xe1\xb2\x34\x11\x77\x74\x2a\x14\x6a\x3d\x14\x81\x8c\x58\x42\x9b\x19\x24\xce\x9c\x7a\xc1\x9a\xc3\x81\x1a\x89\x60\xb4\x20\xe7\x7e\x41\x1a\x6e\x2c\x42\x7b\x8e\xcc\x81\xd4\x44\x60\x9b\x13\xae\x86\x13\x57\x1e\xb8\x1b\xae\xb3\xd3\x64\x45\xb5\x58\x96\x1e\xc4\xd4\x2b\x2a\x10\x29\x90\x1d\x23\x70\x4d\x9d\x6a\x2b\x63\xdb\x84\x63\x85\x24\xb4\x00\xbf\x2f\x4f\x60\xff\xfc\xbe\xf1\xce\x3c\xd6\x08\xcd\x3c\x55\xeb\xc6\x7b\xe8\xb0\x62\xad\xee\xd6\x3d\x1b\x41\xa8\xe1\xe2\xbd\xfa\x2b\xbd\x9b\x9b\x9b\x88\xc8\xa4\x1b\xc0\xf4\x07\xb6\x65\xf7\x0b\x46\xea\x05\x5f\xad\xe6\xa6\x66\x5e\x04\xf5\x13\x0d\xe0\xc6\xd8\x6f\xf2\x88\x47\xd5\xe2\x8b\x5f\xbf\xbc\xb8\xe1\x1a\x28\xb8\xd0\x54\xb9\x04\x4a\xb9\xc0\x54\x44\x9f\x23\xe2\xa0\xed\x57\xaf\xbf\x3b\xeb\x43\x6c\x1e\x7d\x50\x2e\x79\x49\x14\x06\x4f\x2a\x97\x44\x11\x11\xd1\xcf\x5b\xf8\xf4\xe5\x50\x08\xb4\x4f\xda\x3b\xae\xba\x78\x18\x3c\x52\x3d\x87\xad\x52\x83\x3e\x9b\x9b\x9b\x5a\xf8\x44\x88\xf9\xa2\xfb\xcf\x8d\xc5\x8c\x8d\x4b\x22\x00\x13\x69\x66\x83\x0e\xef\xd0\xfd\x67\x98\x56\x65\xc4\x2a\x90\x41\x05\x00\xe2\x9e\x86\xab\xde\x3d\x04\x9d\x3e\x60\x18\x83\x3c\x4e\x5f\xa8\xef\x61\x34\xdc\x1f\xf4\x79\xa3\x7e\x0f\x41\xb9\x14\xeb\x42\x21\x53\xce\x92\xed\xc5\x28\xbd\x34\xcb\xef\xcd\xb5\x67\x28\x3b\x19\xf1\xf7\xdc\x2c\xa6\x57\x26\x8c\x7c\xcc\x98\x79\xc5\xb6\x31\x56\x51\x8d\xd1\xb5\x71\xe1\x4d\x48\x9a\x39\x10\x4d\xa0\x83\x12\x7e\x47\x2f\x8d\xd5\xe6\x32\x66\x76\x88\x38\x1c\xe7\xdd\xff\x15\x2d\x3e\xad\x4d\x84\xae\x8d\x9b\x95\xb8\xc3\x81\x60\x5b\x78\x61\x05\xab\x1e\xee\xaa\xd1\x4b\xaf\xb1\x05\x9e\x66\xdf\x38\x4e\xf2\xf5\x45\xe2\x86\xc1\x22\xa6\x2d\xce\xa1\xcd\x24\x9a\x9b\x5a\x89\x7a\xc5\x96\x8d\xcd\x81\x4f\x4f\x89\x99\x6d\x3e\x99\x75\x21\x81\x2b\x1a\xb2\x26\x6c\xec\x88\xfa\x0c\x0f\x4c\x2e\x83\xb7\x67\x4f\xbe\x45\xac\x75\x78\x7b\xae\x2e\xa8\x18\x71\x75\xec\xb7\x6d\x75\x39\x2d\x70\x85\x83\xf2\xf6\xf7\x27\xbf\x55\xda\x3d\x7f\xf2\x5b\xe5\xed\x57\xec\x2d\x5a\x56\x04\xc6\x21\xe4\xc6\xe3\x0a\xda\xcf\x9a\xf1\xf2\x5d\xe3\xcd\xb2\xda\x75\x44\x07\x82\x94\xd7\xa4\x7c\xa5\xda\xfa\xf0\x6a\x28\xf5\x36\x15\x71\x61\x12\xc6\x7d\x37\x03\x08\x88\xf2\xf1\xe7\xd7\x8b\xc9\x1d\x98\xd6\xb1\xb7\xc3\xf3\x8d\xf1\xae\x2d\xac\xba\xb5\xa1\x6a\x11\x47\x1b\x67\x3a\xdf\x69\x60\xae\xe2\x92\xa1\x1c\xe2\x47\xf1\x0b\x67\xe2\x73\xb5\x6c\x9a\x60\x28\x76\xd6\x2a\xce\xb3\xbd\x3b\xbf\x68\x5f\xd8\xb3\xbc\x6a\x15\xb6\x64\xa3\x67\x1b\xe6\xc9\x6e\xf4\xd7\xc6\xd3\xd8\x82\xac\xb2\x9e\x34\x76\xdf\x19\x03\x2f\xe8\x0a\x24\xe4\x2a\x97\x4a\xe2\x85\x10\x66\x7e\xbc\x36\xb3\x6e\x8e\xcf\xd4\xdf\x8f\x92\x80\xdb\x59\x05\x8b\x6e\x69\x12\x49\x14\x10\xee\x0f\x8c\xc1\xe1\xe0\x66\x1f\x4c\x08\x80\xec\x0a\x7e\x69\xfe\x3c\x20\x1b\x9f\x92\x5a\x40\x2e\x12\x91\xfc\x90\xe3\x37\x36\x80\xce\x07\x3e\xc5\x6d\xb6\x11\x01\x72\x9b\x5f\x3f\x02\xd7\x28\xd4\x9e\xad\xd2\x6a\x99\x96\x5f\x22\x5c\xaa\x7a\x49\x00\x8a\x15\x91\x48\x20\x14\xec\xe6\x2e\x03\x71\x1d\xfb\xce\x7b\xba\xb2\x58\x9b\x3a\x34\xb3\x43\xb5\x6c\xda\xc8\x97\xe9\xe6\x8c\xf9\xe6\xa5\x5e\x7a\x07\x00\x10\x29\xeb\xe5\x00\x7b\x3e\x94\xa6\x2b\xd3\xc6\xfb\x21\x23\x3e\x6d\x5f\x23\xd0\x0a\x2d\xcb\xd4\x01\x6c\xf7\xb4\xac\x01\x62\x56\x9e\xd2\x42\x96\x78\x24\xbc\xbe\xc7\xbe\x95\x20\xbb\x5d\xcb\xbf\xa3\xf1\x2d\x44\xf1\xe6\x37\x53\xc1\xbd\xf2\x74\x2b\xcd\x21\x32\x79\xf6\x3b\xbf\x43\x74\x81\x84\x43\xa1\x28\x3f\x77\x30\x27\x0e\xd3\x37\x6c\xac\xa8\xc3\x61\xeb\xe5\x00\xea\x77\xc0\x9f\x09\x21\x1e\x8f\x48\xa2\xd7\xe0\xce\x23\xab\xb8\x6b\x24\x13\xfc\x1a\xed\xdd\x22\x3d\x18\xa2\xcf\x92\xf8\x53\x6e\xab\xe3\x6a\x5c\x84\xce\xb3\xb3\x00\x72\x2f\xd8\xd7\xe2\x21\x69\xbf\x7a\xf5\xe2\x6f\xda\xaf\x5e\xfd\x92\x5c\xfb\xfe\x7a\x7b\x57\xd7\x8f\x97\x2f\x10\x57\x7f\x24\x8c\xc1\xd2\x02\xdf\xec\x9f\xfa\xa4\xed\x3f\xf1\x4d\xc4\x1f\xfd\x27\xca\x47\x7d\x7c\x3e\x34\xed\x1c\x9b\x6a\x79\x90\x0f\xee\xd3\xb1\x1c\x92\x66\x65\x55\x9d\x64\x9a\x2e\x62\x62\xbf\xb1\xb9\x62\x6c\x02\x9a\x0b\x44\xab\x98\x95\x39\x09\xa4\x6c\x4c\xc4\xf5\x32\xbf\x87\x8d\x07\x07\x41\x7d\xca\xfc\x83\xbe\x4c\x08\x2c\x27\x89\xf8\xa3\x3e\x6f\x1f\xf1\x79\xfb\xba\x83\xfe\x68\xb7\xb7\xe7\x7e\x20\xf8\x5b\x7f\x9f\xd2\x4f\x2e\x6f\xc8\xce\xb6\xb1\xce\x0a\x88\xae\xc3\xda\x0c\x87\xa9\x87\x9d\x06\x21\x14\x4c\x78\xc3\x37\x78\x43\x35\x4d\x00\x5e\xe4\xb7\x37\x6f\x5e\xef\x22\xea\x95\x12\xc7\xd5\x9c\x07\x1a\x64\xa4\x39\x24\xe2\xfa\x0e\x80\x13\x19\x73\x85\x5a\x2c\x6b\xdf\xda\x6f\x6f\xee\xd6\x26\x82\x57\x56\x1c\x57\xe3\xfc\x82\x16\xb4\x4b\x6c\x8d\x48\xe1\xc8\xd9\xe7\x0d\x06\xfd\xbd\x4d\x4c\x8a\x0f\xf8\xfc\x70\x7f\x1b\x64\x15\xb9\xfc\x51\x9f\xb8\xbe\x87\xff\xd7\xc5\xaf\x64\x77\xf5\x06\x6e\x9d\x78\x25\x44\xdf\x40\x30\xa0\xfd\xf5\xcf\xc1\x40\xf4\x6f\xda\x65\x3f\x46\xaa\x06\x42\xc1\x8b\xf5\xcd\x69\xed\xb7\xa3\xfe\xf0\xc5\xa0\x3f\xfa\xf7\x50\xf8\x5e\x53\xd4\x1b\xbe\xe3\x8f\x92\x60\x24\xe2\xec\x0d\x85\xee\xf5\xf7\xf1\x27\x9a\xf6\xd7\x2e\xec\xd7\xdf\xb4\x3f\x47\xfc\x61\x51\x8b\xd6\x7e\xff\x16\x53\x52\x3a\xbc\x7d\xde\x5b\x81\xde\x40\x34\xe0\x8f\x5c\xec\x68\xbf\xde\x7d\xed\xca\xcd\xee\xf6\xcb\xdf\x75\x5e\x23\xe2\xd7\x37\x9d\xd7\x2e\x43\x12\x4e\x67\xc7\x15\x4d\x96\x7f\xf8\x4d\xa8\x3f\xd8\x13\x08\xde\xe9\xf2\x47\xe1\xc3\xce\xeb\x1d\xdd\x57\xbf\xef\xf8\x13\xf9\xf5\x5a\xe4\xc3\x1b\xed\x3f\xc2\xdf\x5d\x57\x6e\xfe\xb1\xf3\xb2\xf8\xf3\xcf\xe2\xcf\x7f\xef\xea\xee\xf8\xf6\xc6\xf7\xdf\xdf\x84\x9f\x97\xdb\x3b\xba\xbf\xff\xcb\x95\x1b\x37\x3a\x2f\x63\x0d\xed\x7f\xbe\xdc\x79\xb3\xfb\xc7\x1b\x9d\x37\xaf\x68\x76\x44\xa9\xdf\x17\x0d\x85\x1f\x5e\x74\x85\xfa\xa2\xae\x86\x29\xbb\xf2\x93\xdf\xd7\x15\xf5\x86\xa3\xa7\xbd\x6d\xf8\x49\xb8\xcb\x80\x9c\x56\x54\xc9\x17\x23\xe1\xfe\xa0\x76\xc3\x0f\x19\x85\x17\x43\x41\xe7\x6d\x6f\xa0\xb7\x3f\xec\x17\x8f\xae\x87\xfd\x0f\xfc\xc1\xe8\x95\x9f\x02\x51\x8c\xe9\xbd\xd8\xd2\xaa\xdd\xf0\x7b\x7b\x7e\x0c\x07\xa2\xfe\xeb\xde\xe8\xdd\xc8\xa9\x5d\xd5\xfe\xda\x19\x8c\x44\xbd\xbd\xbd\x7f\xd3\x7e\xf4\x06\xa3\xfe\x9e\x6f\x1e\x5e\xbc\xdf\xdf\x1b\x0d\x80\x29\x5e\x2c\x2e\xec\x11\xb1\xcb\x70\x8b\x01\x2d\xf9\xa2\xbd\xa4\xc7\xeb\xbf\x1f\x0a\x3a\xc3\xfe\xde\x90\xb7\xa7\xf1\xa5\x3f\xc8\x38\x0e\x71\x3a\x83\xa1\xbf\x93\x86\xa6\xeb\x35\x90\xb3\x4d\x84\x96\x4a\xd6\xda\x40\x6d\xa6\x80\xe1\x91\x7f\x68\xff\x01\xf6\x80\xc3\xf1\x43\xf3\x71\x35\xab\x6e\x1e\x09\x63\x2c\x2e\xb2\x9f\x39\xae\x2e\x3a\x1c\x1a\x86\xba\x00\x10\x3d\x00\xca\x2b\x3b\x91\x49\x28\x4f\x67\x65\x7e\x28\x4d\x17\xd5\x1a\x18\xdb\x01\xdf\x15\xbe\xd5\x2b\xc3\x08\x08\xa2\x5c\x24\xc9\x7d\xf1\x3f\xb4\x48\xe0\x2a\xb8\xe1\x48\x95\x7e\x92\xfa\xfe\xc8\x49\x7c\x5a\x61\xd7\x66\x1d\xc4\x0b\x93\x21\xa4\x8d\x67\x81\xbb\x00\x0c\x50\xa0\x9d\x23\x0e\x45\x7e\x1d\x21\x46\x95\x60\x92\x31\x80\xa5\x16\x20\xc0\x78\x76\xb1\x4e\x63\x0e\x91\xf8\x52\x5e\x5a\xc5\x81\x6c\xad\xf1\x55\x15\x97\xd7\x86\xf2\x55\x90\x75\x11\x0b\x57\x63\xc7\xaf\xf2\x94\x83\x46\x37\xe2\x5c\x27\x31\x58\x0c\x80\x23\x01\xb1\xd0\x06\x55\xfe\xa1\x15\xe4\x0e\xb8\xa3\x1c\x3b\x40\x5c\x44\xe2\x50\x4b\x7c\x01\xbd\x54\xd6\x2b\x31\x7d\x2f\xae\x97\x52\x42\xeb\x65\x33\x23\x60\x76\x31\xa3\x58\x11\xf5\x00\x74\x03\x71\x10\x01\xe1\x03\x11\x33\x24\x26\x90\x55\xdc\xb5\x0a\xaf\x94\xd2\x1c\x6f\x00\x20\x1f\x40\x47\x69\x48\x19\x69\xcc\x27\x07\x40\xd8\xe1\xf7\xc7\xd5\x84\x8a\x33\xa4\x41\x45\xf2\x82\x2c\xe9\x23\x94\x10\xf2\x3f\x9c\x65\x02\x03\x22\x02\x60\x34\x81\x32\x18\xfd\x60\xde\x78\xb3\x2c\x17\x9b\x2f\xab\x8d\x5c\x0b\xd0\x86\x8d\x70\x3f\x39\x1b\x89\x07\x3f\xa8\x03\xe3\xc9\x9d\x44\xd5\xc1\x52\x32\x2e\xe6\x13\x08\x3a\x39\x0d\x01\xc6\x38\xfc\x64\x66\x02\x3f\x35\x97\x0b\xb4\xb0\x40\x2e\x11\x37\xdc\x36\x2f\xac\x09\xd8\xdb\xdd\x77\x0a\x2c\x83\xc3\xf1\xc3\x39\x71\x65\x02\xae\x54\xdd\xe2\x35\x42\xa1\x02\x8c\x29\x11\x58\xa8\x0a\x04\xaa\x91\x7d\x02\x10\xaf\x0b\xe6\xc4\x56\xc3\x65\x03\x1c\xa8\x60\x7f\x84\x5f\x93\x03\xa2\xb0\x80\x6d\x4a\x4a\x40\x54\x15\x0a\x55\x74\xad\x8d\x6d\x28\xc5\xff\x59\x1b\x4d\x32\xca\x85\x8c\x5d\x63\xb6\x68\x0e\x6c\x59\x89\x77\x66\x76\x08\x3b\x7b\x7a\x62\xb0\x72\x61\x20\xe3\x1f\xa7\x65\xeb\x42\x91\x53\xd3\x72\xed\xab\x6f\x59\x77\x7e\xcf\x44\x87\xc3\x59\xab\xb0\xc5\x16\x1b\x58\x10\x11\x37\x82\xb1\x0e\xb0\xb9\xe9\xb8\xda\x29\xe2\xbe\x44\x32\x40\xd6\xd3\xd4\x78\x36\xa0\x29\x90\x71\x62\x80\x6f\x02\xe8\xa7\x9e\x1e\xf6\x3b\x1a\x12\x57\xbb\xe5\x8c\xf8\x34\x87\x44\x39\x71\xd1\x30\xda\xc3\xcc\xc9\xb7\xc8\xdc\x78\x5f\x30\xa1\x59\xf4\xf6\x3c\xcf\x04\xf8\xee\x61\xd7\x0f\x57\x89\x75\x38\x6b\xcc\x16\x49\xd7\x0f\x57\x03\x51\x3f\x9f\xaf\xc8\x7f\xf4\x06\xa2\xfe\xee\x9e\x5b\x1e\x52\x9b\x5f\x30\x5f\x95\x21\x56\x09\x00\x2f\x26\xd7\x65\x51\x1e\xfd\x4f\x53\x53\x46\xbe\x7c\x14\x1b\x40\x79\x06\xdd\x66\x8c\xbc\x56\xb2\xb8\x83\x5c\xb5\x8d\x59\x84\x02\xe6\x71\x59\xd0\x30\xec\x4a\xbb\x1d\x73\xbf\xa0\xdc\x6b\xe3\x70\xfc\xf0\x15\x5e\x53\x85\xac\x03\x4d\x1d\x98\xff\x6b\xed\x8c\x19\xf3\xab\x88\x1a\x84\xfd\x15\x09\x9b\x8d\x16\x15\xb1\x2d\x5a\xdc\x67\xcf\xbb\xe1\x0a\x15\x73\xa5\x4c\x5a\xdc\xe4\xbb\x6f\xf0\x2e\x43\xa6\xb4\xa0\x72\x08\x46\x08\xb6\x23\xbf\xbe\x28\x4b\xa2\x7d\xa2\x5e\x6c\x3b\xd7\x44\x6a\x73\x43\x74\x7f\x8a\x5b\x2b\xce\x35\x35\x13\x35\x39\x19\x0c\x46\x43\x70\x74\x6a\xea\x15\xf8\xda\x87\xc9\xc9\x0f\x93\xb1\x0f\x93\x31\x52\x87\xab\xeb\x82\x50\xf1\x0f\x93\x79\xfe\x52\xe1\x53\x44\xf9\xe7\x0b\x1e\x5e\x80\xf7\x1f\x4b\x6b\x19\x4f\xf9\xa8\xaf\x82\xdb\x99\x5d\xc4\xb6\x05\xdb\x3f\xee\xf9\x1f\x12\x17\x51\x7c\x47\x2e\x1e\x45\xd6\x58\x89\xaf\xc7\x45\x4e\xfe\xf3\xc5\x47\xed\xb7\x46\x32\x21\x8d\xae\x08\x0f\xa3\x56\xc7\x93\x1c\x4f\x56\xa7\x80\xce\x25\x07\xf4\xbd\x61\x9a\x9c\x6e\xf8\x54\x31\x14\x36\xcc\x48\xbd\x51\xf1\xf4\xcf\x94\xac\x49\x71\x3d\x2d\x58\x10\xb9\x49\xb3\xfe\x9b\x86\x6c\x53\xe5\x4a\x5b\xd8\x5b\x74\x75\x86\xed\xb9\xcd\xc6\xa6\x44\x5e\x23\x71\x91\x13\xa9\x94\xea\x33\x99\x29\xc9\xbf\x17\x04\x21\xac\x94\x27\x27\x47\x31\x67\xda\x49\x91\xcd\xe7\x9a\x5a\x88\x5e\xaa\x30\x35\x03\x10\x5e\xac\xe5\x75\x00\x6d\x59\x5e\xc7\x7b\x2d\x6a\x1c\xab\xa1\x21\x57\x9f\x31\x91\x88\x47\x5e\x7d\x81\x51\xd1\xf2\xbe\x44\x26\x23\x88\x0b\xcf\xeb\x31\x6c\xd9\xb7\xc0\x7a\x94\x8f\xcd\xca\x10\xfb\x20\x9d\xb6\x0e\xb7\x30\x7d\x45\x80\x2f\x8a\x96\xba\x1b\x3f\x91\xe0\x48\x08\x0a\xcb\xb8\x43\x71\x0f\x51\xd0\xcc\xf7\x15\xa5\x99\x6e\xaf\xaf\xb7\xbe\x29\x71\xaf\x01\xd8\x03\xc9\x6f\x09\xa2\xe8\xd7\x01\x64\x44\x4e\x49\xf6\xe7\xb2\x91\xe2\x89\xea\x68\x77\xd5\x85\x9e\xa3\x2f\x03\xef\x3a\x23\x1e\x88\x54\x8a\x44\x43\xe1\x0b\x1e\x82\x71\xa8\xb2\x11\xf6\x2a\x70\x3b\xe0\xf3\x46\xfd\x11\xc4\x26\xa8\xcb\xab\xea\x68\x67\x92\x8f\x0c\x84\x73\x91\x8f\x45\xb8\x01\x88\xd0\x33\xfa\x76\x01\x12\x6c\xec\x44\x9d\x3a\xac\x0f\xb0\xe4\xe3\x80\x14\x33\x7f\x1d\x32\x0c\x1e\x54\x91\x06\x58\x98\x53\x1c\x2a\x75\x15\xf7\xf9\xc3\xf7\x03\x60\xb9\xa9\x9f\x2e\x21\x5c\xc6\x05\x1a\x23\x5e\x96\x00\xa2\xa7\x4b\x24\x91\x08\xfc\x94\xbe\x3e\x79\x86\xca\xeb\x6e\x89\x80\x0c\x92\xf7\x84\xb9\x30\xb0\xc8\x75\x3f\x10\xf1\xb9\xee\xfa\x7b\xfb\x4e\x00\x9a\x30\xe5\x05\xbe\xe4\x71\xda\x85\x65\xab\xb0\x7c\x62\xb6\x95\x72\x6a\x04\x3b\x96\x86\x1e\xff\x6a\xfc\x7a\x43\x94\xbc\x9d\xdd\xd6\xb0\xc6\x61\xd6\x1c\xa0\xe2\x74\xf7\xf5\x7a\x71\x8a\x4e\x43\xfa\x8a\x4b\x58\xc1\x13\xdf\x85\xfb\x7b\xfd\x27\xbe\x13\x92\x74\x1c\xf7\x97\x84\xa7\x13\x60\xc4\xa7\x60\xd1\xd9\x74\x87\x99\x8d\xfe\x1e\xc1\x44\x02\xc1\xdb\x21\x75\xda\x11\x76\xa4\xee\x0a\xbc\xe2\x3c\x36\xa4\x97\x26\xe0\x06\xdc\x71\x0c\xeb\x54\x37\xa8\xb7\xa7\xc7\xdf\xd3\xcd\x57\xc2\xeb\xeb\x55\x6b\x64\x1c\xe7\xcd\x32\xbf\x25\x4b\xf9\xde\xbe\x5c\x44\x2f\x4f\x70\xc0\x1c\x7e\x73\x59\x42\xba\x46\xce\x35\xb5\x72\xe9\x5a\x95\x74\x01\x0c\xd3\xbe\xea\x21\x2b\xf0\xf6\x01\x40\x02\xfe\xec\x16\xb0\xfb\x8d\x8f\x82\x18\xb4\xcc\x83\xb6\x05\x80\xbf\x8c\xee\x91\x39\x14\x42\xdb\xf8\x4f\x23\x68\xe2\x11\x7f\xa9\x11\xd7\x46\xde\x53\x6e\xcc\x16\x4f\x8d\xb9\x03\x34\x07\x04\xc5\xb1\x71\xb8\xc0\x9e\xfa\x11\x3c\x1a\x7e\x4b\xf9\xfe\x12\xc6\x92\xb0\x73\x73\xf4\x35\xdd\x7d\x2b\x91\x43\xb8\x52\x52\x18\x64\xdd\xfa\x7f\x02\x00\x00\xff\xff\xa3\x7b\xc9\xbd\xfb\xb4\x00\x00")

func openwrtNftablesHelpBytes() ([]byte, error) {
	return resourceSetBindataRead(
		_openwrtNftablesHelp,
		"openwrt-nftables/help",
	)
}

func openwrtNftablesHelp() (*asset, error) {
	bytes, err := openwrtNftablesHelpBytes()
	if err != nil {
		return nil, err
	}

	info := bindataFileInfo{name: "openwrt-nftables/help", size: 46331, mode: os.FileMode(436), modTime: time.Unix(1790421371, 0)}
	a := &asset{bytes: bytes, info: info}
	return a, nil
}

var _openwrtNftablesMisc = []byte("\x1f\x8b\x08\x00\x00\x00\x00\x00\x00\xff\x7c\x92\xcd\x6a\xeb\x30\x10\x85\xd7\x37\x4f\x71\xf1\xba\x95\x4b\xe9\xa2\xf4\x65\xc4\x44\x1e\x59\xc2\xf2\x48\x48\xe3\xd0\x50\xfa\xee\x45\x3f\x89\x91\x1b\xba\xf4\x7c\xdf\x81\xe3\xd1\x7c\x9d\xfe\x0d\x09\xe3\x05\xa3\x74\x7e\x1e\x3e\xfe\x0f\x3e\x20\x5d\x02\x89\xfc\xf9\x94\xa9\x8a\x36\xf0\x8d\xc2\xc6\xe6\x8e\x9a\x2a\x03\xb0\xc9\x70\xdc\x52\x1c\xd3\xd9\xd2\xd8\x48\xb1\x56\x20\x98\x71\x45\x62\x99\xbc\x5a\x90\xb3\xba\x0f\x45\x1e\x16\x51\x81\xd4\xd6\xa1\x24\x58\x31\x3b\x0a\x84\x8a\x5c\x4b\xd4\x8a\x0a\x23\xf7\x4e\x05\x47\x6f\xc1\xeb\x43\x6d\xc1\x6b\xd1\x26\xd3\xe3\xc9\xbc\xbe\xbc\xbd\x8b\x80\x6b\xc1\x7c\x28\xc2\x70\x4f\x2a\x35\xc9\xc9\xc6\x52\x4f\x4d\x65\x64\x43\xe8\x75\x1b\x82\xe0\xcf\x56\x88\x81\xb7\xd4\xf3\xb6\x9c\xe7\xca\xf6\x45\xb7\x7f\xf4\xa4\xed\xfc\xf8\x2f\x3d\xe9\xda\xc2\xd9\xbc\x4e\x4f\xce\x12\xca\xf6\x42\x37\x59\x76\x54\x24\xd3\x45\xb4\xfe\x33\x53\xf1\x21\x94\x1f\xfd\x57\xa2\x5c\x42\xf3\x92\x41\xe7\xf6\x33\xc8\x17\x70\x86\x64\x86\xd3\xf7\x4f\x00\x00\x00\xff\xff\x98\x26\xfe\xfc\x60\x02\x00\x00")

func openwrtNftablesMiscBytes() ([]byte, error) {
	return resourceSetBindataRead(
		_openwrtNftablesMisc,
		"openwrt-nftables/misc",
	)
}

func openwrtNftablesMisc() (*asset, error) {
	bytes, err := openwrtNftablesMiscBytes()
	if err != nil {
		return nil, err
	}

	info := bindataFileInfo{name: "openwrt-nftables/misc", size: 608, mode: os.FileMode(436), modTime: time.Unix(1790391578, 0)}
	a := &asset{bytes: bytes, info: info}
	return a, nil
}

var _openwrtNftablesRatelimitSh = []byte("\x1f\x8b\x08\x00\x00\x00\x00\x00\x00\xff\xe4\x5a\x6d\x53\x13\xc9\xb7\x7f\x3f\x9f\xe2\x38\xc4\x05\xbc\x15\x93\xa0\x52\x02\xc6\x2a\x14\xd4\x94\xf2\x50\xc8\x7f\xf7\xde\x72\xad\x54\x98\x4c\xc8\x94\x21\x89\x93\x01\xf7\x2e\x52\x85\x2b\x91\x80\x09\xc1\x5a\x44\x09\xb8\xc2\x5e\x71\xd9\xbd\x5e\xd0\x5d\x17\x23\x19\xe4\xc3\xec\xf4\xcc\xe4\x55\xbe\xc2\xad\x9e\x9e\x99\xcc\xe4\x01\x01\xdd\x87\xaa\x7f\xaa\xa8\x64\xba\x4f\x9f\x3e\x4f\x7d\xce\xef\xf4\xd0\x70\xcc\x35\xc4\x45\x5d\x43\x81\x44\x98\x6a\x00\xf5\xc3\x87\xe2\x74\xb6\xb8\x34\x5f\x9c\x7c\xae\xee\xcd\xab\x6b\x69\xf9\xc9\xb6\xbc\xfc\x56\x5e\x7c\xad\x4e\xe5\xe4\x95\x57\x25\x31\xa5\xfe\x3e\x25\xef\xcc\xa3\xf9\x0c\xf0\x01\x81\x8d\x70\x23\x9c\x70\x32\x11\x2e\x89\x33\x54\x03\x28\x0b\x6f\x8a\xcf\x7e\x94\x9f\xed\x29\xb9\x29\x65\x76\x5b\x9e\xbc\x57\x9c\x9e\x2e\x2e\x3f\x40\x4b\x1b\x72\x7a\x46\x5e\xc9\xa0\xd9\x35\xb4\xb4\xa1\xbe\xbe\xaf\x2c\x6c\x94\xc4\x1c\xda\xfd\x5e\x7e\x3e\x2f\xe5\x7f\x41\x2b\x1b\xca\xce\x1e\xda\xfc\x51\x4e\xbd\x53\xfe\x77\x0b\xa5\xdf\x17\x93\x19\x94\x7a\x2d\x2f\xbe\x56\x72\x53\xba\x40\x3f\x4d\xa1\xd4\xd2\x1f\x93\xf7\xa8\x06\x90\xf2\x0b\xca\xc2\x73\xf9\x71\x8a\x4c\x61\xb1\x2c\xa2\xcb\x8b\xef\xe5\xb5\x94\x94\x9f\x53\x16\x36\xe4\xd4\x3b\x17\xf9\x52\x0a\x3a\x23\x94\x5d\x94\x57\x26\xa5\xdd\xb9\x92\x38\x83\xb2\x8f\x94\x85\xe7\x28\xfb\x14\xa5\x17\xe5\x27\xdb\x25\x31\x4d\x35\x00\xd1\x41\x9e\x9d\x25\xe3\x4a\x6e\xca\x94\xac\x38\x99\x53\xf7\xa6\xe5\xd5\x69\x34\xfd\x40\xfd\xf0\x3d\x4a\xae\x4b\xe2\xaa\xba\xb7\x2c\x3f\x5b\x2f\x89\x69\x79\xe5\x15\xb1\x53\x71\x3a\x83\x6d\xb6\xf9\x41\xd9\xdd\x94\x53\x8b\xca\x4f\x85\xe2\xd2\x0b\xb4\xf5\x1e\xed\x2c\x28\xb9\x29\x10\x18\x20\xa2\xfc\x31\xf9\x1d\xd5\x40\x35\x80\x95\xa1\xbc\x95\x55\xd7\xd2\x25\x31\xa5\xfc\xbc\xa3\x2c\xed\xa2\xd4\x83\x62\x6e\xa1\x24\xce\x94\xc4\xdc\x39\x75\x29\x27\x3f\x7c\xee\xeb\x3f\x0f\xe7\xa4\xfc\xac\x24\xae\x5e\xbd\xe0\x4a\x68\x0f\x0f\xd5\xdd\x5d\xed\x01\xbb\x51\xa3\x02\x5f\x3f\xa0\xec\x96\x54\x58\x97\x9f\x6e\x81\xaf\x7f\xec\x34\xc8\xa9\x45\xfc\xa3\x15\x33\xdf\xd1\xc6\x5a\xc1\x54\x4d\x12\x57\x51\x72\x5b\x1f\x5c\x79\x8d\x9e\x4d\x96\xc4\x19\x4d\x40\x70\x83\xba\xb6\xa1\xbc\xd8\x51\xb7\xd6\xe5\xc5\xf7\x68\xfe\x91\x94\xcf\x98\x96\x97\xc4\x1c\xd1\xcf\x9c\x45\xef\x7e\x45\xff\xf7\x14\xfb\x94\xe8\x4a\x3c\x67\x72\x23\x92\x83\x17\xcc\x80\x00\xe7\xf9\xb2\x1c\x25\x71\x99\xa8\x03\xde\xf2\x20\xa6\x30\xc9\x31\x1b\xca\xd7\x3b\xd8\x3d\xd0\xdb\x79\xcd\xdf\xd9\xef\xf3\xd2\x7e\xbf\xf5\xd9\xef\xa7\xa9\x6b\x7d\x97\xfd\x97\x7c\xd7\xba\xf1\xdc\x57\x7d\x03\x57\x7d\xbd\x97\xfd\x5d\xbe\x01\xbf\x3f\x30\x2a\x84\x4f\x46\x62\xc3\x34\x75\xbd\x7b\xe0\xcb\xee\x01\xbf\xaf\x0b\xd3\x98\x0f\x78\xb1\xf1\x80\x79\x5e\xea\xbc\xd8\x6d\x25\x30\xc6\xc8\x26\x17\xaf\xd6\xd9\x85\x89\x9c\x8c\xc4\x98\x5b\x34\x45\x45\x62\xc3\xfe\x11\x36\x91\x08\x0c\xb3\x4d\xcd\x30\x4e\x01\x00\x44\x62\x4c\x20\x02\x11\x76\x8c\x8d\x78\x69\x87\x87\xb6\x0c\xea\xa4\x5e\xda\xd1\x42\x86\x59\x26\x1c\x03\xda\xd1\x14\x0c\x08\x2c\x34\xfe\xc7\xf1\xff\x72\x1e\x1f\x71\x1e\x0f\xc2\xf1\x2b\xed\xc7\x7b\xda\x8f\x5f\x6f\x6c\x86\x1b\x8e\x71\x8d\xd7\xc4\x4d\x70\x8c\xeb\x0c\x26\x68\x38\x7f\x1e\x68\x87\x61\x08\x9a\x9a\xa0\xa8\xc1\x8b\xfe\x0b\xbe\x5e\x2f\x4d\x53\xa1\x18\x0f\x7e\x81\x01\x2e\x0a\xae\x04\xce\x01\x02\x03\xae\xd1\x04\x6f\x7f\x30\x7e\x93\xef\x0e\x08\xc6\x34\x91\xb8\x10\xdc\x00\xe7\x37\x40\x3b\xfc\x02\x43\xc3\xcd\x0e\x10\xc2\x6c\x14\x0c\xee\xda\x68\x07\x0c\xf1\x6c\xe0\x56\x07\x84\x38\x2a\x18\x8b\xb2\xd4\x0d\x70\x7e\x0b\xb4\x83\x10\xd1\x70\x13\xbe\xf8\xc2\x5c\x21\x30\x34\x45\xf9\xfa\x6d\xc2\x71\xf1\xb2\x70\x5c\xdc\x22\x9c\xf1\x60\xfc\x26\xdf\xb5\x84\xe3\xe2\x65\xe1\x0c\xee\xda\x68\x3d\xe1\x08\x91\x2e\x9c\xb1\x82\x8b\xd3\x9a\xe5\xba\xba\xbf\xf4\xd2\x8e\xca\x38\xa0\x29\x2d\xa6\x71\xc4\x96\xc4\x14\x3e\xc0\xda\x21\x28\x89\x33\x66\x36\x42\x62\xb6\x24\xe6\xa4\xfc\x1c\x30\x11\x8e\x8d\x0a\xfe\x58\x34\xc2\x45\xd9\x93\x89\x30\x48\x7b\xcf\xe4\xf4\x3d\x29\x3f\xa9\x4e\xbf\x2d\x89\x69\x2e\x34\x04\x92\xf8\x14\x25\x53\x25\x31\x8d\x92\xdb\xf2\xab\x35\x88\xc7\x22\x1c\xc3\x92\xb3\x83\xe7\xd5\xcd\x0f\xe8\xc5\x34\x9a\xcf\xa0\xfc\x4b\x29\x3f\x0b\x09\x96\x1f\x63\x79\x3f\x17\x04\x34\x93\x51\xc4\x49\x29\xbf\x80\x66\x57\x8b\x8f\xf7\x4a\x62\x2a\x36\x16\x8f\xf2\x11\x6f\x2c\xce\x46\xc7\xe2\x51\x2d\x65\x83\x96\xb3\xb5\x84\x92\x2e\xde\xdb\x43\xc9\x0c\xce\x94\xbf\x15\x94\xc2\x73\x75\xfa\x17\x94\x7f\xa9\xe4\xa6\xc8\x4e\x6e\x17\x17\x1a\xf2\xe0\xac\x81\x92\xdb\x68\xf3\xbe\xb2\xf1\x10\xed\x64\xf1\xa1\x2e\x8b\x51\x9c\xce\xa0\xf9\x0c\x16\xce\x77\xe9\x02\xb1\x10\xd9\xd3\x31\x6e\x9e\xa8\x09\x9a\xea\xea\xfb\xaa\xf7\x5a\x5f\x67\x97\xbf\xa7\x7b\xf0\x4a\x5f\x97\x97\x8e\xc6\xa2\xac\x66\x39\x79\xee\x47\xf9\xf7\x87\x68\x26\x83\xf6\x92\xc5\xb5\x02\x4a\xa6\x50\x6a\x19\x15\x76\x80\x8b\x0e\xf3\x6c\x22\x01\xb7\x83\x5c\x82\xc1\xc5\x62\xfe\x11\xc4\x03\x3c\x1b\x15\x20\x14\x0a\x85\xda\x41\x4e\x7f\x87\x73\x71\xe1\x05\x5a\xda\x40\x33\x19\xf5\xe1\xba\xfc\xeb\x9a\xbc\x32\xa3\x4f\xeb\xeb\x70\x42\x47\x0f\x92\xf2\x6a\x5e\x12\x73\xea\xde\x02\x5a\xfe\x01\xe8\x81\xc1\xde\xee\xc1\x6b\xbe\xde\xab\x10\x88\x26\xee\xb0\x7c\xa2\x1d\x7c\xd1\xb1\x40\x84\x0b\x42\x80\x1f\x1e\x1d\x61\xa3\x02\x5d\x12\xd3\x52\x61\x4e\x9d\x4c\x6b\x85\x60\x0b\x17\x11\xad\xae\xa8\x5b\x5b\x28\xf5\x42\xca\xef\x48\xf9\x0c\x19\x27\xae\x51\x37\x5f\xa3\xdd\xc7\xf2\xca\x2b\xf9\xd5\x1a\x51\x4a\x7e\xba\x85\xe6\x5f\x2a\x0b\x6f\xcc\xba\x20\x2f\xbe\x46\x85\x1d\x69\xe7\x81\xa1\x1d\xf6\xf2\x8b\x37\xea\xdb\x75\xf9\xc9\xb6\xfa\xf2\x1e\x5a\xfe\x41\x2e\xe4\x4c\xc7\x28\x8f\x97\xa4\xfc\x43\xe5\xe7\x1d\xa2\x8c\x66\xe5\xde\xcb\x03\xdd\xd7\xaf\xfb\x2f\x0e\x74\x77\x0e\x76\x77\x79\xdd\x14\x17\x82\x63\xa0\x9f\x2a\x42\x07\x89\x70\xec\x0e\x04\xd9\x31\x72\xda\xba\xba\xbf\xa4\xa1\xe5\xbc\x2b\xc8\x8e\xb9\xa2\xa3\x91\x08\xdc\x85\x61\x9e\x8d\x83\xf3\x36\x34\xea\x62\x34\x92\x33\x62\x1c\x1f\x3b\xb7\x40\x30\x58\xc1\x2c\x1c\x88\x06\x23\xac\x6e\x67\xc3\x4f\x96\x0d\x5a\xce\x7f\xe1\xb1\x70\xc4\x9f\x4a\xb9\x3d\xda\x4c\x88\xa3\x42\x1c\x55\xb5\xe3\x27\xcb\x4f\x4e\x2e\x44\xb8\xe8\x2d\xc2\x8c\x76\xe8\xe1\x49\x57\xca\x09\x77\xef\xda\xe9\xb1\xba\x16\x72\xe1\xbf\xe3\xac\x16\xef\xfb\xeb\x67\xdf\x92\x15\xac\x2c\x46\xe3\xb5\x36\x15\xf8\x51\xd6\x5c\x6e\x31\x41\x88\x8b\x08\x2c\x5f\xc3\xea\xb6\xe0\x8f\xf3\x31\x21\xc6\xc4\x22\xc0\xc5\x21\xce\x73\x31\x68\x3d\x73\xe6\xd4\x19\x18\x3d\xd5\x02\x23\x01\x81\x09\xe3\xf1\x04\xcf\x40\xcb\x99\x33\x27\x2d\x7f\xae\x53\x2d\x10\x60\x04\x2e\x16\x85\x11\x8e\xe7\xd9\x20\xb0\xc4\x7b\x3c\x1b\xe4\x78\x96\x11\xf4\x3d\xeb\x59\xab\x42\x6b\x4d\x73\xbb\xdc\x41\x36\x72\x04\xb9\x3f\x66\x1f\xfc\xa9\xca\x21\x5c\x68\x88\x36\x29\x42\x1c\x65\xf9\xd2\x6a\x00\xed\xa8\x58\x42\x83\x17\x48\xe6\x31\xaa\xc2\xdf\xe2\x00\x92\xd0\x49\x32\xf6\x8c\x0c\x71\x02\x0c\x8d\xf2\x09\x01\x3c\xee\x5b\x10\xe4\x63\x55\xd1\xf2\x8f\x32\x3a\x11\xfe\xe8\x76\xc7\x85\x15\x93\x54\x24\x04\x8d\xc4\x53\xed\x17\x7b\x62\xa8\xd6\xb3\x4e\xf6\xb1\xe9\x42\xb2\x0c\x35\xc2\x45\x63\xbc\x3f\xc4\xc7\x46\xfc\x63\xa7\x2b\x90\x98\x9f\x01\x7f\x10\x7a\xb4\x11\x3f\xe3\x75\x34\xc5\x79\x2e\x2a\x84\xa0\xf1\x78\xa2\x11\x30\x40\x83\xbb\xc0\x8c\x0a\xe0\x0c\x9e\x04\x67\xe8\x54\x33\x21\x0c\x7e\x8c\xf0\x34\x21\xec\xf1\x3a\x9a\x9a\xa0\xc9\x31\xee\x67\xda\x9d\xee\x09\x38\x77\x0e\xce\x36\xc3\x5d\x70\x8c\xfb\x83\xda\x40\x33\xa1\xc3\x76\xe9\xa1\xc1\x19\x61\xc1\x4d\x2c\xd5\xa3\x27\x4a\x63\x66\x98\xd5\x7d\xa7\xcf\xe2\x87\xd3\x36\x0a\xf6\x36\xb4\xb5\xb5\xb5\x19\x04\x6d\x6d\x6d\x67\xb5\x79\xbb\x9c\x3d\x18\x0d\x5a\x0d\xd2\x5a\x69\x90\xb0\x61\x8d\xb0\xd7\x31\xee\x69\x68\x38\xd1\x3e\xa1\x3d\x33\x81\x04\x8b\xa1\x55\x18\xdb\x1e\x1a\x1b\xef\x9e\xb8\x71\xcc\xed\x6c\x0b\x38\x43\x9d\xce\x4b\x37\x4f\x34\xe3\x05\x6e\xe8\xe8\x00\x36\x11\x60\x2c\xda\x7b\x5a\x1b\x1c\xe3\xfe\xf0\xdf\xa8\x2e\x45\x80\xe1\xb7\x96\xe8\xb1\x46\x9b\x05\xa6\x03\xfd\x55\xe7\x40\xaf\xaf\xf7\x32\x0d\x74\xb9\x49\x31\x91\x5f\x17\xc8\x2b\xbf\x14\x93\x19\x65\x77\x53\xd9\x7d\x84\x32\x6b\x25\x31\xad\xbe\xfb\x4d\xdd\x9b\xb6\x75\xa1\x5a\xdf\xac\x43\xf8\x6f\x38\x01\xdc\x7a\xad\x3b\x56\xc6\xb4\xd6\x02\x65\xc8\x54\xff\xf0\xd7\x93\x70\x6e\x1d\x65\xff\x07\x74\x06\x80\x61\x89\xd6\x7d\x1d\x42\x2a\x0c\x5f\xb6\x0a\x28\xbb\x88\x92\x1b\xc5\xfb\x1b\xe8\x43\x92\xd0\x59\x9a\x32\x1d\x92\xa0\x95\x0d\x08\xe1\xc6\x06\xa4\xfc\x5b\xe5\x71\x1a\xa5\x77\xd0\x83\x24\xba\x97\x2b\x3e\x2d\xa0\xb5\x1f\xc0\xd7\x47\x5d\xbc\xd2\xd9\x7b\xb9\xfb\x3a\xc6\xf1\x77\xc2\x5c\x84\x05\x9e\x0d\x04\xc1\xc9\x1b\xe0\x97\x8b\xc3\x68\x3c\x12\x0b\x04\xfd\xb7\x86\x20\x18\xbb\x13\xd5\x7f\x9b\x00\x5e\x77\x92\x49\xae\x67\x0d\x26\x16\x15\xb8\xa8\x7e\xa6\xf5\x30\x34\x19\xd9\xa3\x11\xc7\xa1\x39\x55\x11\x8e\xfa\x4a\xcb\xc6\xd5\x6b\x2d\x93\x15\xab\x4d\xe5\x1c\xe3\xfa\xcf\x09\xc7\xb8\x29\xe9\x04\x38\xc6\xcd\x7d\xf1\x83\x85\xd1\xc4\xd7\x51\x9a\xf4\x1a\x96\x40\xd4\x79\xd8\x23\xd1\xe6\x97\x9a\x5d\x83\xcb\x1c\x0a\x85\x8c\x31\x94\x7c\xa3\x2c\x6c\xa0\xf9\xb4\x94\x9f\x94\x67\x67\x89\x97\x30\x88\xcd\xff\xaa\xae\xa5\x51\x7a\x11\xb7\xe2\x28\xfb\x54\x5e\x7e\x4b\x35\x91\x38\x24\x8e\x6c\x3b\xe2\x21\x50\xe7\xde\xa1\xec\x22\x09\xab\xe2\xc2\x3d\x75\x3b\x49\x6e\x50\x0e\x1c\x74\xe6\x19\x1d\x6a\xb4\x9a\xe2\x2e\xfc\x79\x61\xd3\x00\xd2\x87\x67\x72\x66\x93\x5c\x70\xc8\x4f\xb2\xc5\xc9\x19\xf9\xe1\xcf\x28\x93\x55\x37\x37\x5d\xe4\xde\x89\x34\x6c\xc4\xee\x81\x44\x82\x0b\x82\x3c\xb7\x81\xb6\xc4\x92\x98\x92\xf2\x73\x52\x7e\xd6\x85\x41\xf9\xce\x1e\x81\xf4\x46\xeb\x36\x63\xad\x7f\xe5\x88\xc0\x79\x93\x86\x63\xde\x0a\xc1\x2a\xaa\x5c\xff\x40\xdf\x60\x1f\x6e\x34\xc7\x5a\xe9\x0e\xe8\xe9\x1c\xbc\x78\x05\x3f\xe1\x87\xfe\x81\xee\x4b\xbe\xff\xf4\xd2\x2e\x4f\xcb\x59\x3c\xe7\xeb\xed\x1b\xf0\x3a\x9a\x6c\xb9\xdb\xc6\x9c\xe4\x56\x36\x92\x60\xab\xd9\x5b\x99\x5b\x79\x9f\x6a\xa9\xc3\xfa\x74\x0d\xd6\xd8\x75\x16\x5d\x2d\x47\xd0\x39\x2c\xe0\x4c\x5e\x0d\xad\x8e\xde\xa0\x84\x85\x21\xf0\xb4\x37\xee\x03\x81\xea\x35\x29\x7c\x2c\x26\x18\x9d\x8a\xa7\x1d\x30\xa3\x20\x1b\x0a\x8c\x46\x04\x52\x31\x2c\x1b\xd6\xe4\xab\x39\xbf\x3e\x0a\xf4\xb4\x9b\xe1\xe1\x69\xd7\x18\xe2\x1d\x08\xa6\x73\xbb\x87\x31\xaa\x63\x58\x2e\x62\x3e\xe8\x10\xef\xcc\x2d\x60\xca\x3f\x6f\x8f\x06\xa2\xc2\xe8\x08\x78\xce\xb8\xdd\x35\x05\xd2\x61\x15\xfe\xfc\xab\x5f\x43\x54\x57\x2f\xf8\x06\x71\x41\x2d\x9f\x85\x13\x70\x56\x2f\xa8\x16\xb2\x0b\xff\x1a\xb8\xae\xd1\x59\x96\xc1\x09\xf0\xb4\x58\x48\xb1\xf7\xac\xe4\xb8\x14\x0b\x70\xca\xed\xd6\xab\xb1\x8d\x15\x1e\xae\x42\x65\x87\xb1\x91\x43\x8b\xaf\xb2\x95\x1c\xe3\x16\xd1\x26\x6e\x99\x06\xab\x31\x4e\x0c\x66\x4e\x68\x02\x4d\x18\x76\xac\x1c\xae\x67\x53\xf8\xda\xe6\x66\xdc\xf6\xd9\xb4\x60\xc2\x81\xe8\x30\x5b\xa1\xc8\xdf\x2b\x7e\x95\xbd\x3f\x06\xf7\x3d\x16\xac\xef\xd0\x4e\x3d\xc1\xfb\xba\xf0\xb8\x39\xb1\x9d\xb3\x0a\xc0\x7f\xd0\x0e\xe8\x00\xdb\x90\x1e\xc8\xa1\x65\x1b\x08\x6a\x7a\x96\xab\xa4\x63\x9c\x64\x9e\x09\x5c\x81\xee\x58\xcc\x6b\x4a\x62\xab\x43\xbe\xde\x4b\x7d\x34\xd0\xd5\x15\x05\xc8\xcd\xbe\x71\x2b\x0e\xe5\x54\x65\x5c\x32\x5b\xcb\xf1\xd5\x0b\xae\x44\x95\x43\xe9\xea\x6c\xd9\x00\x28\xbb\x28\x6f\xa7\x08\x0b\xe3\x9e\x3b\x37\x76\xda\x35\xd6\x0a\xe6\x8d\x53\xf1\xfe\xae\x9c\x4f\xca\x73\x33\x25\x31\x8d\x1e\x64\x50\x6a\x55\x79\x53\x28\x89\x29\x52\x80\xcb\xaf\x32\xb2\x5b\xea\xfd\x5d\x29\xff\x42\xf9\x29\x43\xaa\x0c\xa9\xd3\xea\xd6\xba\x46\x3f\xf3\x49\x3e\x36\xfa\xb9\xa3\xf9\xf7\x80\x5b\x8c\xb5\x1e\x69\x13\x72\xaa\xaa\xf7\xa8\x3a\x52\xfb\x31\xfb\xe4\x38\xa8\x76\x25\x5d\xab\x88\xd9\xd0\x60\xed\x32\x66\xf6\xb4\x46\x06\xb6\xac\xa9\xc8\xc1\x26\xa9\x99\x85\x6d\x8b\x6b\xe5\x61\xfb\x92\xca\x4c\x5c\xc1\xd0\x96\x8b\x75\x3c\x5b\xd5\x72\x73\xd6\x0a\x3c\xd4\x6c\xaf\x71\xfb\xdf\x56\xed\xe7\x11\x38\x40\xe9\xad\x79\x3f\xf8\x31\xa6\xfb\xc3\x04\x53\xbc\x43\xe3\x84\xfd\x04\x36\xb9\x1e\x15\x2c\x54\x07\x7c\x0d\xe6\x7f\x29\x62\x00\x3b\x6a\x38\xb2\x80\xd5\xf5\xce\x16\xc3\xb6\x8a\x57\x63\xc6\x28\x6e\xf6\xc8\xb5\x54\xbd\xca\x89\x03\x96\x6d\xf8\x68\xe9\x36\xb5\xfa\x67\xe8\xf2\x39\xae\xed\x8e\x50\xca\x6b\xec\x76\xd0\x0b\xcd\x83\x54\xf4\x04\xcf\xd4\xa9\xe8\x87\xb9\x5d\x3e\x98\x6d\x6a\x84\xe9\x9f\x66\x99\x23\xec\x75\x40\xbb\xd4\x43\x3a\xf0\x79\xd0\x8e\xf6\xc2\xdc\x7e\xdf\xa0\xe1\x9d\x26\x9c\xfb\xeb\xa0\x1e\xe3\xd3\xd1\x61\x3e\x92\xdb\xdd\xe6\x3f\x3f\xdb\xff\x1b\x9c\x04\xeb\x35\xff\xa1\xf2\x8a\xf6\x0e\x40\x8f\x97\x76\xcf\x5f\x16\x29\xba\xef\xeb\xc6\xc6\x89\xe6\xfa\xa2\x94\xaf\x8a\x0e\x25\x8d\xfc\x64\x55\xfe\xed\x31\xf9\x3f\x19\x22\x99\x09\xb7\xb9\xd0\x90\x2b\xc0\x08\x7e\x3d\x91\x48\xf9\x39\xdd\xa0\xda\xa8\x6e\x5b\xf4\x6c\xda\x7c\x0b\x5b\x57\x6e\xf3\xee\xae\x0e\xca\xb7\x6d\x2b\xe5\x0b\xfa\x7d\xaa\x11\xc9\x78\x67\xed\xb5\x7c\x7e\x56\xc9\x4d\x91\xff\x65\x71\x29\x6f\x0a\x66\x03\x70\x68\x78\x5d\xe7\xa5\xcc\x67\x06\xf1\x55\xbb\x1c\x12\xc7\x1f\xf2\x3d\xea\x61\x5e\x52\xed\x97\x65\x0f\x69\x8d\x4f\xd8\xe7\x90\xf6\x80\x7d\x7a\x9b\xfa\x98\xe3\x63\x1c\x07\xba\x7b\x3a\x7d\xbd\xfe\x8b\xd7\xae\x7b\x1d\x4d\x76\xf6\x07\x45\xbf\x0c\x34\x92\x05\x3a\x06\x36\xf6\x69\xae\x84\xd7\xda\xcd\x64\x79\xc3\x76\xa7\x7b\x82\xbc\x7d\xf1\x54\x35\x3b\xa6\xc2\xd6\x08\xc0\xfa\xd6\x93\xa5\x86\x6a\x16\x14\x6a\xf9\xf9\xd9\x3a\xba\xf2\xb1\x35\x3b\x3a\xed\x76\xbd\x19\xda\xce\xd3\x0e\xf3\x3f\xb3\x68\x8a\xd2\xaf\x9c\xff\x3f\x00\x00\xff\xff\x79\xe6\x58\x5a\xec\x28\x00\x00")

func openwrtNftablesRatelimitShBytes() ([]byte, error) {
	return resourceSetBindataRead(
		_openwrtNftablesRatelimitSh,
		"openwrt-nftables/ratelimit.sh",
	)
}

func openwrtNftablesRatelimitSh() (*asset, error) {
	bytes, err := openwrtNftablesRatelimitShBytes()
	if err != nil {
		return nil, err
	}

	info := bindataFileInfo{name: "openwrt-nftables/ratelimit.sh", size: 10476, mode: os.FileMode(436), modTime: time.Unix(1790392210, 0)}
	a := &asset{bytes: bytes, info: info}
	return a, nil
}

var _openwrtNftablesServer_exitSh = []byte("\x1f\x8b\x08\x00\x00\x00\x00\x00\x00\xff\x74\x54\x6d\x6f\x1b\x45\x10\xfe\xbe\xbf\x62\xd8\x9e\xfb\x22\x94\x9a\xe6\x63\x83\x2d\x39\x8d\x5d\x4e\xa4\x4e\xe5\x46\x45\x28\x8a\x56\xf6\x79\x1d\xaf\x7a\xbd\x33\xbe\x8b\xa9\x48\x23\x25\xe0\xb6\x97\x92\x17\x23\xa8\x90\x5d\x8b\xc6\x10\x14\x4b\x24\x44\xbc\xa8\x04\xea\x94\x1f\x43\xf6\x7c\xfe\xe4\xbf\x80\xf6\xd6\x77\xbe\xb6\xc9\xa7\x9b\x99\x9d\x67\xe6\xb9\xdd\x67\xe6\xc2\x7b\xf1\x02\x33\xe2\x85\xbc\x55\x46\x17\x80\xb7\xbb\x6e\x7b\x8b\x3f\xed\xf4\x7f\x39\xe2\xeb\x6d\xf7\xf0\x47\xde\xd8\x76\x37\xf6\xbd\xce\xa6\x7b\xb8\xe7\xd5\x5b\x6e\xfb\x60\xd8\x73\x8c\x92\x9d\x2f\xe8\xd4\x82\xfe\x86\xe3\x47\x36\x10\x52\xb3\xf3\xe9\x5c\x36\x35\x4b\x52\xb7\xd5\x04\x26\x24\xea\x13\x82\xd1\xec\xdc\x4d\x92\x51\x67\xd3\xe2\xec\x93\xb9\xdc\xc7\x6a\xf6\x26\x99\x51\x73\x84\xe4\x97\xed\xf2\x55\xdd\x5c\xc2\xe8\x4e\x3a\x77\x37\x9d\x23\xea\x8c\xc8\x09\x1d\x01\x0e\x8f\x44\xd1\x4c\xea\x46\x3a\x9a\x11\xc4\x44\xe2\x7c\x6a\x7a\x36\x4d\xb2\xa9\x5b\xe9\x04\x36\x2b\xd4\xa8\x55\x0c\x92\xd7\x74\xa2\x84\xe5\x30\x42\xd9\xcc\x3c\x99\x56\xb3\x09\x8c\x51\xc9\xac\x02\x31\x4a\x36\x30\x03\xe2\xcb\x56\x35\x6e\x89\xdb\x10\x81\x88\x25\xe2\xa1\x33\x32\xa6\xa0\x68\x22\x00\x00\x56\x82\x05\x98\x78\x00\x58\x11\x75\x30\x2c\x4e\x81\x5d\xa6\x06\x84\x4d\x64\x7c\x0a\x0a\x55\x9a\xbf\x37\x05\x25\x86\x8a\xa6\x41\xd1\x02\x4c\x7c\x01\x58\x19\xa5\x61\x58\x84\x8b\x17\xc7\x20\x01\x41\x48\x37\x97\xc8\x7d\x6a\x59\xf9\x25\x7a\xf9\x0a\xac\xf8\xfd\x74\x53\xcb\xeb\xa0\xd3\x1a\xd5\x13\x58\xb9\x86\x23\xc1\x51\x6a\x02\x2b\x93\x32\x4c\xb5\xb2\x09\x58\xb9\x5c\xcc\xdb\x14\x2e\xbd\x1f\xfb\x74\x22\x76\x7f\x22\x56\x84\xd8\x47\xd7\x63\xb7\xae\xc7\xee\x5c\xba\x02\x0b\xca\x8a\x5f\x6b\x75\x11\x94\x95\x51\x81\x55\x0c\xc9\x24\x60\x25\x78\x32\x8c\x56\x91\x10\x87\xb3\x3b\x68\xee\xb9\xcf\xfe\xe4\xbd\x5d\xaf\xd3\xe5\x5b\x7f\xf0\x9d\x23\xfe\xfc\x07\xf7\xbb\x97\x6e\xfb\x40\xea\x86\x37\xbb\xfd\x56\x9d\x3f\xea\x0e\xbe\xea\xf2\x17\xff\xf4\x3b\x6b\x83\x6f\x5f\x43\x1c\xbc\xfd\x3a\x77\x9a\xd2\xe6\x87\x0d\x69\x0c\x9e\x3f\xe6\x0d\x27\x3c\x45\xc1\x65\x40\x91\xea\xd4\xa6\xe0\x8b\x0c\x98\x41\x6d\xc0\xca\xf8\x65\x31\x4c\x26\xe3\x45\x5a\x8b\x1b\xcb\xba\x0e\x0f\x1f\x82\x5d\x5d\xa6\x3e\xc1\x77\xb8\x0c\xd6\xbf\xef\x3f\x6b\xf6\x5b\xf5\xd3\xe3\xaf\xbd\x93\x93\x41\xb3\x31\x58\x7b\xc1\x8f\xfe\xf6\x7e\xeb\x0c\x7b\x2d\xfe\xc8\xe1\xce\xee\xe9\xf1\x2b\x77\xfb\x67\xbe\xf3\x13\x30\x63\xa9\x4a\x2d\x0b\x4e\x8f\x9f\xf6\x5b\x75\xa8\xd2\x22\xab\x52\xcd\x8e\x57\x4c\x9d\x69\x14\xbc\x7f\x9f\xb8\xaf\xf6\x78\xb3\x3b\xec\x6d\x8a\x6e\x8f\xb7\xb8\xb3\x1b\x82\x3e\x2b\x32\x4b\x1b\xf6\x36\xdd\xf6\x1a\x6f\x6c\xcb\xbb\x02\x56\x2a\x80\xf7\xeb\x6b\xbe\xf7\x64\xd8\x73\x84\xc3\x1b\x5b\xde\xfe\x3a\x68\x3a\xa3\x86\x4d\x4c\x43\x67\x06\xbd\x6a\x95\x87\xbd\x96\x59\xab\x18\x55\xfd\xc3\x90\xba\x3a\x93\x1c\xf6\x36\xfe\x5b\xfb\x12\xcd\xdf\x78\x43\xad\xb6\xe6\x8b\xd5\x97\xa7\xad\x45\x54\x1b\x38\x81\x2d\xbf\x67\x09\xd5\xd6\xc6\x3a\x0d\xaa\xfb\xd1\xf3\x54\x2a\x93\x46\x22\x0d\x10\xb6\x86\x11\x52\x6f\xbf\x41\x8e\x55\xc6\xe4\x58\x25\x42\x2e\x70\x02\x5b\x7e\xcf\x22\xc7\x2a\x63\x72\x41\x75\x3f\x7a\x1e\x39\x99\x34\x22\x17\x20\x58\x45\x90\xcb\x4c\x93\x99\xf4\xdd\x04\x96\x97\xab\xac\x84\x5b\x60\x15\x23\xd9\xd2\x00\xac\xbc\xbd\x48\xc2\xfe\x3e\xb5\xd1\xcf\xcb\x07\x16\xd2\x84\x22\xad\x9d\x89\x0a\xa4\x10\x51\xe7\x64\xf2\xe2\xb5\x50\xa2\x25\x26\x9a\x8e\xf8\x82\xce\x8c\x7b\x60\x95\xcd\xcf\xc5\x2f\x48\xa2\xf8\x6d\x68\x94\x46\x14\x26\x58\x9c\x8f\x0a\x1b\xca\xd5\x10\xee\x10\xc0\x6a\x36\x33\x87\x01\xf3\xbf\x7e\x97\xb3\x12\x1d\x0b\xa9\x53\x08\xab\x0a\xba\xe8\x2c\x74\xb8\xfd\xbd\x4e\x17\x22\x73\x09\xa2\xac\xaf\x7b\x31\x06\x72\xa4\xde\xb9\x25\xe8\xb7\xea\xde\xc9\x01\xdf\xf9\xc6\xdd\xde\xe7\xce\xcb\x90\x0a\x46\x88\x3e\x60\x36\x7c\x80\xfe\x0f\x00\x00\xff\xff\x1e\xf0\x31\xaa\x93\x06\x00\x00")

func openwrtNftablesServer_exitShBytes() ([]byte, error) {
	return resourceSetBindataRead(
		_openwrtNftablesServer_exitSh,
		"openwrt-nftables/server_exit.sh",
	)
}

func openwrtNftablesServer_exitSh() (*asset, error) {
	bytes, err := openwrtNftablesServer_exitShBytes()
	if err != nil {
		return nil, err
	}

	info := bindataFileInfo{name: "openwrt-nftables/server_exit.sh", size: 1683, mode: os.FileMode(436), modTime: time.Unix(1790391578, 0)}
	a := &asset{bytes: bytes, info: info}
	return a, nil
}

var _openwrtNftablesServer_startSh = []byte("\x1f\x8b\x08\x00\x00\x00\x00\x00\x00\xff\xb4\x56\x6f\x4f\xdb\x48\x1a\x7f\xef\x4f\xf1\xec\x10\x4a\xab\x3b\x36\x50\x55\x7d\xb1\x08\x24\x4a\x61\x37\x3a\x4a\x2b\xa8\x76\x75\xaa\x2a\xcb\x24\x0e\xf1\xd5\xb1\x7d\xb1\xa1\x65\x29\x52\x0a\x09\x04\x48\x42\x4e\x0d\x97\x23\x84\x85\x74\xb3\xaa\xf7\xca\x11\xd8\xed\xd1\x10\x92\xe6\xc3\x34\x33\xb6\x5f\xe5\x2b\x9c\xc6\x4e\x42\x28\xb4\xba\x4a\x77\xaf\x3c\x33\x7e\xfe\xfc\x9e\x3f\xf3\xcc\xaf\xeb\x2b\xf7\xb4\x20\xb9\xa7\x39\x35\xc0\x74\x01\xce\xe9\x24\x97\xc0\xeb\x79\xe3\x4d\x11\xa7\x8a\x78\x5d\xc7\xa9\x24\x59\x7b\x6d\xe6\xe3\xe4\x5f\x05\x33\x92\x25\xb9\x83\x46\x25\x26\xf9\x35\x6e\x5a\xe4\x55\x30\xd6\x62\xf6\xc9\x1a\xc3\x78\x26\x1e\x8e\x4e\x4e\x0c\x8f\xb3\xc3\x0f\x3c\x83\x88\x65\x3b\xf7\x2c\x8b\x98\xf1\xfb\xdf\xb2\x63\x9e\xf1\x51\xfa\xef\x87\xfb\x93\x7f\xf2\x4c\x7c\xcb\xde\xf5\x4c\xb2\x2c\x37\xab\x05\xbe\x16\xe5\x19\xc4\x4c\x8d\x4e\x7e\x3f\x3a\xc9\x7a\xee\x52\x99\xf6\x86\x2a\xb7\x7f\x51\xa3\x63\xc3\x23\xa3\x9d\x12\xad\x33\x2a\xf8\x70\xf8\xce\xf8\x28\x3b\x31\x7c\x6f\x74\x10\xc9\x0a\x2f\xcd\x29\x12\xcb\x79\x45\xd6\xd5\x36\x87\x98\xe1\x91\x71\x76\xe4\xbb\x61\xcf\xc4\x20\xe2\xbc\x22\x62\x98\x2e\x30\x0f\xdf\x1b\xd5\xc3\xa0\xaa\x7e\x08\x2f\x05\x55\x75\xa8\xbf\xaf\x8f\x64\x4e\x70\xaa\x68\xa4\x75\x20\x49\xdd\x4c\xa4\x70\x4e\xc7\x87\xaf\x48\xec\x9d\xf1\xa6\x58\xaf\xd6\x8c\xb4\x1e\x54\x55\xbf\xf0\x0c\x6f\x2e\x91\xad\x23\xf3\x68\x99\x6c\xbd\x0d\xaa\x2a\x30\xf7\xa6\xa6\x06\xfb\x18\x66\x62\xec\x21\x7b\x87\xfa\x40\x8c\x5f\x0e\x01\x2b\xf9\x35\x10\x24\x70\xcf\xaa\x21\xb7\x4a\x53\x4e\x0f\x3a\x56\xf4\xbc\xbd\x69\x2e\x06\xc0\x27\x33\x00\x00\x82\x1f\x1e\x41\xef\x33\x40\x2e\x6a\x07\xc1\xe3\x01\xd0\x02\xbc\x04\x6d\x27\xce\xf9\x00\x4c\x87\x78\xee\xc9\x00\xf8\x05\xc6\x27\x4b\x3c\xf3\x08\x7a\x7f\x04\xe4\x6a\x8a\x21\x78\x0c\xd7\xae\x9d\x2b\x51\x15\x86\x11\xe5\x19\x36\xc8\xab\x2a\x37\xc3\x5f\xbf\x01\x0b\xb6\x3f\x51\xf6\x72\x22\x88\xfc\x1c\x2f\x0e\x22\x57\x3f\xea\x38\x6c\x8a\x0e\x22\xd7\x4d\xe7\x98\xf7\x06\x64\x40\xae\xeb\x3e\x4e\xe3\xa1\xe7\x0f\xdd\x7f\xee\xed\x0e\xf6\x76\xfb\xa0\xfb\xbb\x6f\xba\xef\x7d\xd3\x3d\xd5\x73\x03\x1e\xb9\x16\x6c\x5b\x8b\x8f\xc1\xb5\xd0\x34\xb0\x88\x60\x68\x08\x90\xab\xd5\x17\x88\x59\xa4\x95\x18\x1e\x19\x87\x7a\x29\x69\x56\x0f\xf0\xe6\xdf\x48\xf2\x35\x8e\x9d\xe0\xa8\x6e\x2d\xeb\x46\xfa\x18\xda\x7d\x47\xd6\x6a\x64\x23\xda\xa8\xec\x58\x3b\x2b\x38\x15\x23\xff\x28\xd2\x7f\x80\x93\x7b\x46\x7a\xcf\x5c\xae\xe2\xf5\x9d\x46\x25\x4e\x32\xfb\x56\x2e\x0c\x82\xa2\xf2\xda\x87\xf0\x12\xd3\x05\x82\xc4\x6b\x60\xe6\x75\x9c\x8a\x93\xcc\x89\x15\x5e\x32\xd2\x7a\xbd\x9c\x04\xcf\x83\xb9\x5b\x6e\xcf\x83\xb9\xdb\x8d\x4a\xd6\x2f\x87\x9e\x72\x21\x1f\xe0\xbd\xb2\x91\x0f\x5b\x2f\xdf\xe3\xe2\x69\xbd\x54\xa8\x97\xfe\x89\x73\x47\x78\x37\x4c\x32\x9b\xd6\x72\xd5\x48\xef\x91\xad\x58\xa3\x12\xa7\xb7\x26\x15\xb1\x71\x1b\x67\x11\x9c\xd3\x81\xf3\x8a\x40\xd5\x56\xa2\x38\xb6\x82\x63\x6f\xea\x67\xbf\x80\xa0\xb8\x05\xe5\x36\x98\xaf\x23\x38\xb6\x4d\xd2\xef\xcd\x7c\xbc\x51\x89\x39\xe8\x8d\xe3\x33\xfc\xd3\x06\x08\xca\xdc\x2d\x96\xf3\xf9\x42\xe0\xa6\xeb\xdb\xf6\xba\x51\x59\xa3\xc8\x05\x3f\x7c\x05\xad\x32\x82\x28\xa8\x1a\x34\x33\x31\xe4\xf6\xf1\x73\x6e\x69\x56\x14\xe1\xe6\xd0\xb5\x7e\xa7\x2f\x9a\xe5\x6a\xd7\x15\xd0\x0f\xc3\x93\x13\x08\x68\xc5\xa1\x5e\x4a\xe0\x4d\xda\xd8\x8d\x4a\xfc\xaa\x6c\x1f\xad\x90\xcc\x3e\xf9\x7d\xab\x15\x61\xcc\x2c\xbe\xc3\x87\x6b\xe6\xcf\xd1\xf3\xfc\xe3\xcd\x75\x63\xa7\x84\xa3\xbf\xe3\x95\x28\xd9\x2f\x11\x3d\x8f\x77\x33\x8d\xca\x5a\xb3\x23\x9e\x09\x1a\xf4\x33\x7e\x81\x16\x14\xc7\xf6\xad\xed\x02\x3e\x3d\xb1\x56\x13\xf8\xac\x4c\x72\x07\xce\x84\xc1\xdb\x7a\xbd\xf4\xd2\x48\xeb\x66\x5e\x6f\x54\xb2\xd6\xcb\xf7\xe0\x06\x27\x21\xe0\x6e\x26\xca\xca\x6e\xd6\x4f\x37\x9c\xfa\xe3\x9d\x9f\x48\xfa\xa4\x51\x89\xe3\xc2\xaf\x46\xe4\x84\x94\xa2\x46\x6a\xa5\x5e\x5a\x27\x07\x79\xeb\x45\xc6\xd8\xda\x66\xda\xf9\xf1\xf1\x22\xaf\xf1\x4e\x86\x9c\x92\x23\xd7\xf9\x60\x40\x70\xb3\x23\x69\xcf\x9f\x83\x16\x9a\xe5\xcf\x95\x39\x9f\xef\x93\x9a\x34\x9e\x4b\xed\xd1\xa8\x64\x95\x90\x20\x87\x04\x6d\x1e\x7a\x6f\xf6\xf5\x01\xc9\xfc\x4a\x7b\xca\xff\xf4\x16\x18\xd9\x08\xf8\x05\x51\xe3\x43\xd7\xfb\x6e\x34\x2a\xf1\x7a\x6d\xd7\x2c\xbe\xb0\x76\x5f\x91\xdd\x9a\x91\x8d\x38\x8d\xe0\xae\x97\x5e\xe1\xca\x32\x8e\xc6\xcc\x7c\xdc\xc9\xba\xd3\xad\x8a\x2c\x0a\xde\x79\xe0\xbc\x5e\x5e\xb1\xdb\xd6\x28\x94\x69\xf5\xe2\xa7\x56\x34\x41\x72\x07\x66\x5e\x27\xc9\x5f\xf0\xe6\xcf\xd4\xd4\xbf\x5f\x58\xab\x9b\x76\x6d\x33\xb8\x7a\x8c\x5f\x26\xa8\xbb\x72\x81\x5e\x1b\x8a\x04\x17\x22\x46\x6a\x85\xda\xbd\x10\xa9\x37\xc0\x09\xd2\x55\x39\x6a\x85\xd9\xb3\x00\xda\xbc\xc2\x37\xa3\x80\x80\x2c\x3f\x69\xff\xbb\x18\xf6\xc0\x47\x78\x07\x60\xb1\xe7\xbf\x74\x86\x5c\xed\x99\x8c\x18\xc6\x1e\x76\xc8\x75\x6f\x6a\x0a\x41\xef\x8c\x06\xfd\x7d\x7d\xad\x81\x67\xb7\xd7\x05\x9b\xa1\xd9\xab\x6b\xdc\xc2\x28\x08\x7e\x89\x0b\xf2\x80\x5c\x1f\x3f\x17\x08\x34\xaf\x02\x7e\x91\x9b\x51\xa1\xe7\x5a\x0f\xf4\x5c\x57\xe7\xa5\xe7\x21\x55\xbb\xd1\x03\x83\x83\xa0\xce\x4b\xb6\x80\xac\x68\x82\x2c\x41\x90\x7b\xa6\xf2\x33\xa0\x0a\x3f\xf2\xa0\xda\xde\x28\xbe\x2f\xc7\x23\xff\x7f\xf1\xd0\x3b\xf7\x45\x78\xbc\x1a\xa8\x1a\x9d\xdc\xbc\x4a\xbb\x5e\x50\x03\xbc\xef\x8f\x21\x5e\xe4\x34\xde\xd7\xac\xe4\x97\x19\xfc\x5c\xc2\xff\x32\x1b\x54\x2e\x16\xfb\x7f\x66\xda\x17\x92\x95\x2f\xb3\xf6\xb9\x4a\x34\x03\xa7\xe3\xcb\x1e\x3b\xce\x9c\x31\x6b\x29\x33\x1f\x77\xa6\x8d\x91\x8d\xd4\x4b\x1b\x66\xb5\x6a\x6d\xa7\xac\xf0\x1e\x2e\x9e\x9a\xc7\x79\x3a\x2c\x6b\x3b\x86\xbe\x81\x2b\x4b\xb8\x54\xb2\xc2\x61\xbc\x5a\x26\x99\x13\x10\xfc\xd3\x94\x63\xe0\xc2\x6a\xbd\x94\xac\x97\xce\x9c\x6b\x0b\x82\x34\x13\xe2\x55\x3a\x4e\x8b\xe6\x72\x95\x1c\x6e\x18\x5b\xdb\xcd\x89\xdf\x05\x38\x1a\xc3\xb1\xfd\xcb\xc2\x14\x8b\x2d\x69\x64\x23\x66\x6d\x95\x9c\x15\xec\x51\x9a\x6c\x0b\xfc\xd5\x27\xa8\x5e\x3a\x28\x57\x12\xce\xf0\xed\x70\xdf\xa8\xec\x50\xd3\x6d\x22\x53\x5a\x37\xca\x35\x8a\xd0\x2b\x0a\xbc\xa4\xb1\xb2\x24\x0a\x12\xff\xb5\x1a\x80\x7a\x25\x4b\xe2\x6b\x56\x2e\x6c\xad\x26\xc8\xdf\x8f\x70\x6c\x07\x9f\x95\x3f\x84\x97\xa8\x2d\x9c\x4a\x50\x87\x97\x75\x6a\xbb\x24\xfe\xa2\x5e\x0a\x9b\xab\x6f\x69\x10\x0f\x47\x2e\x50\x20\xcd\x6b\x33\x20\x9b\xf3\x68\xde\x0e\x2a\xd4\xda\xb4\xd6\xce\xf7\x2a\xf6\xa3\x79\xcf\xc9\x4f\xcb\xba\x7d\xfa\x29\xea\xe3\x08\x35\x99\x4f\x4b\x43\xf3\x22\x86\xf1\x3c\xb8\x00\x4e\x50\xce\xc1\x09\x4a\x07\xb8\xd6\xa6\xb5\x76\xbe\x57\x81\x13\x94\x73\x70\x2d\xeb\xf6\xe9\xa7\xc0\x39\x42\x4d\x70\x2d\x0d\x41\xa1\xe0\xc6\xee\xb0\x77\x47\xbf\x1f\x44\xf2\x9c\x22\x85\x44\xd7\x42\x9b\xbf\x2e\x22\x67\x40\xf6\x4a\x57\x76\xee\x85\x41\xe9\xc4\xeb\x34\x04\x7d\x15\xc1\xc7\xcf\x5d\xa9\xd5\x6a\x9d\x8f\xd8\x44\xfb\x75\xf4\x0b\xd4\x69\x13\x2f\x88\x82\xf4\x04\xd4\x80\xfc\x94\x86\xe0\x00\x45\x9f\x21\x22\x17\xd4\x28\x8a\x4f\x6b\xb5\x1d\x5e\x22\x30\x9e\x89\xb1\xfb\x08\x10\x7e\xf7\xdb\xe5\x97\xff\xa3\xbb\xe8\x74\x3a\xb4\x9d\xd8\x43\xf1\x2a\x63\x6d\x3a\x63\xe6\x75\xe8\x98\x11\x80\xdf\xfd\x86\xcf\xca\xc6\x9b\x0d\x4a\x22\x9d\xdb\x77\x29\x69\xf4\x6d\x77\x78\x93\x91\x3e\x76\x5e\x74\x9b\x04\x3a\x2c\x0a\x31\x8c\xcd\x82\xfa\x98\xff\x04\x00\x00\xff\xff\xdb\x42\x36\xf9\x61\x0d\x00\x00")

func openwrtNftablesServer_startShBytes() ([]byte, error) {
	return resourceSetBindataRead(
		_openwrtNftablesServer_startSh,
		"openwrt-nftables/server_start.sh",
	)
}

func openwrtNftablesServer_startSh() (*asset, error) {
	bytes, err := openwrtNftablesServer_startShBytes()
	if err != nil {
		return nil, err
	}

	info := bindataFileInfo{name: "openwrt-nftables/server_start.sh", size: 3425, mode: os.FileMode(436), modTime: time.Unix(1790391578, 0)}
	a := &asset{bytes: bytes, info: info}
	return a, nil
}

// ResourceSetAsset loads and returns the asset for the given name.
// It returns an error if the asset could not be found or
// could not be loaded.
func ResourceSetAsset(name string) ([]byte, error) {
	cannonicalName := strings.Replace(name, "\\", "/", -1)
	if f, ok := _resourceSetBindata[cannonicalName]; ok {
		a, err := f()
		if err != nil {
			return nil, fmt.Errorf("ResourceSetAsset %s can't read by error: %v", name, err)
		}
		return a.bytes, nil
	}
	return nil, fmt.Errorf("ResourceSetAsset %s not found", name)
}

// ResourceSetMustAsset is like ResourceSetAsset but panics when ResourceSetAsset would return an error.
// It simplifies safe initialization of global variables.
func ResourceSetMustAsset(name string) []byte {
	a, err := ResourceSetAsset(name)
	if err != nil {
		panic("asset: ResourceSetAsset(" + name + "): " + err.Error())
	}

	return a
}

// ResourceSetAssetInfo loads and returns the asset info for the given name.
// It returns an error if the asset could not be found or
// could not be loaded.
func ResourceSetAssetInfo(name string) (os.FileInfo, error) {
	cannonicalName := strings.Replace(name, "\\", "/", -1)
	if f, ok := _resourceSetBindata[cannonicalName]; ok {
		a, err := f()
		if err != nil {
			return nil, fmt.Errorf("ResourceSetAssetInfo %s can't read by error: %v", name, err)
		}
		return a.info, nil
	}
	return nil, fmt.Errorf("ResourceSetAssetInfo %s not found", name)
}

// ResourceSetAssetNames returns the names of the assets.
func ResourceSetAssetNames() []string {
	names := make([]string, 0, len(_resourceSetBindata))
	for name := range _resourceSetBindata {
		names = append(names, name)
	}
	return names
}

// _resourceSetBindata is a table, holding each asset generator, mapped to its name.
var _resourceSetBindata = map[string]func() (*asset, error){
	"linux-iptables/acl_add.sh":          linuxIptablesAcl_addSh,
	"linux-iptables/acl_del.sh":          linuxIptablesAcl_delSh,
	"linux-iptables/auth.sh":             linuxIptablesAuthSh,
	"linux-iptables/client-config":       linuxIptablesClientConfig,
	"linux-iptables/client-page.html":    linuxIptablesClientPageHtml,
	"linux-iptables/client_offline.sh":   linuxIptablesClient_offlineSh,
	"linux-iptables/client_online.sh":    linuxIptablesClient_onlineSh,
	"linux-iptables/config":              linuxIptablesConfig,
	"linux-iptables/help":                linuxIptablesHelp,
	"linux-iptables/misc":                linuxIptablesMisc,
	"linux-iptables/ratelimit.sh":        linuxIptablesRatelimitSh,
	"linux-iptables/server_exit.sh":      linuxIptablesServer_exitSh,
	"linux-iptables/server_start.sh":     linuxIptablesServer_startSh,
	"linux-nftables/acl_add.sh":          linuxNftablesAcl_addSh,
	"linux-nftables/acl_del.sh":          linuxNftablesAcl_delSh,
	"linux-nftables/auth.sh":             linuxNftablesAuthSh,
	"linux-nftables/client-config":       linuxNftablesClientConfig,
	"linux-nftables/client-page.html":    linuxNftablesClientPageHtml,
	"linux-nftables/client_offline.sh":   linuxNftablesClient_offlineSh,
	"linux-nftables/client_online.sh":    linuxNftablesClient_onlineSh,
	"linux-nftables/config":              linuxNftablesConfig,
	"linux-nftables/help":                linuxNftablesHelp,
	"linux-nftables/misc":                linuxNftablesMisc,
	"linux-nftables/ratelimit.sh":        linuxNftablesRatelimitSh,
	"linux-nftables/server_exit.sh":      linuxNftablesServer_exitSh,
	"linux-nftables/server_start.sh":     linuxNftablesServer_startSh,
	"openwrt-iptables/acl_add.sh":        openwrtIptablesAcl_addSh,
	"openwrt-iptables/acl_del.sh":        openwrtIptablesAcl_delSh,
	"openwrt-iptables/auth.sh":           openwrtIptablesAuthSh,
	"openwrt-iptables/client-config":     openwrtIptablesClientConfig,
	"openwrt-iptables/client-page.html":  openwrtIptablesClientPageHtml,
	"openwrt-iptables/client_offline.sh": openwrtIptablesClient_offlineSh,
	"openwrt-iptables/client_online.sh":  openwrtIptablesClient_onlineSh,
	"openwrt-iptables/config":            openwrtIptablesConfig,
	"openwrt-iptables/help":              openwrtIptablesHelp,
	"openwrt-iptables/misc":              openwrtIptablesMisc,
	"openwrt-iptables/ratelimit.sh":      openwrtIptablesRatelimitSh,
	"openwrt-iptables/server_exit.sh":    openwrtIptablesServer_exitSh,
	"openwrt-iptables/server_start.sh":   openwrtIptablesServer_startSh,
	"openwrt-nftables/acl_add.sh":        openwrtNftablesAcl_addSh,
	"openwrt-nftables/acl_del.sh":        openwrtNftablesAcl_delSh,
	"openwrt-nftables/auth.sh":           openwrtNftablesAuthSh,
	"openwrt-nftables/client-config":     openwrtNftablesClientConfig,
	"openwrt-nftables/client-page.html":  openwrtNftablesClientPageHtml,
	"openwrt-nftables/client_offline.sh": openwrtNftablesClient_offlineSh,
	"openwrt-nftables/client_online.sh":  openwrtNftablesClient_onlineSh,
	"openwrt-nftables/config":            openwrtNftablesConfig,
	"openwrt-nftables/help":              openwrtNftablesHelp,
	"openwrt-nftables/misc":              openwrtNftablesMisc,
	"openwrt-nftables/ratelimit.sh":      openwrtNftablesRatelimitSh,
	"openwrt-nftables/server_exit.sh":    openwrtNftablesServer_exitSh,
	"openwrt-nftables/server_start.sh":   openwrtNftablesServer_startSh,
}

// ResourceSetAssetDir returns the file names below a certain
// directory embedded in the file by go-bindata.
// For example if you run go-bindata on data/... and data contains the
// following hierarchy:
//
//	data/
//	  foo.txt
//	  img/
//	    a.png
//	    b.png
//
// then ResourceSetAssetDir("data") would return []string{"foo.txt", "img"}
// ResourceSetAssetDir("data/img") would return []string{"a.png", "b.png"}
// ResourceSetAssetDir("foo.txt") and ResourceSetAssetDir("notexist") would return an error
// ResourceSetAssetDir("") will return []string{"data"}.
func ResourceSetAssetDir(name string) ([]string, error) {
	node := _bintree
	if len(name) != 0 {
		cannonicalName := strings.Replace(name, "\\", "/", -1)
		pathList := strings.Split(cannonicalName, "/")
		for _, p := range pathList {
			node = node.Children[p]
			if node == nil {
				return nil, fmt.Errorf("ResourceSetAsset %s not found", name)
			}
		}
	}
	if node.Func != nil {
		return nil, fmt.Errorf("ResourceSetAsset %s not found", name)
	}
	rv := make([]string, 0, len(node.Children))
	for childName := range node.Children {
		rv = append(rv, childName)
	}
	return rv, nil
}

type resourceSetBintree struct {
	Func     func() (*asset, error)
	Children map[string]*resourceSetBintree
}

var _bintree = &resourceSetBintree{nil, map[string]*resourceSetBintree{
	"linux-iptables": &resourceSetBintree{nil, map[string]*resourceSetBintree{
		"acl_add.sh":        &resourceSetBintree{linuxIptablesAcl_addSh, map[string]*resourceSetBintree{}},
		"acl_del.sh":        &resourceSetBintree{linuxIptablesAcl_delSh, map[string]*resourceSetBintree{}},
		"auth.sh":           &resourceSetBintree{linuxIptablesAuthSh, map[string]*resourceSetBintree{}},
		"client-config":     &resourceSetBintree{linuxIptablesClientConfig, map[string]*resourceSetBintree{}},
		"client-page.html":  &resourceSetBintree{linuxIptablesClientPageHtml, map[string]*resourceSetBintree{}},
		"client_offline.sh": &resourceSetBintree{linuxIptablesClient_offlineSh, map[string]*resourceSetBintree{}},
		"client_online.sh":  &resourceSetBintree{linuxIptablesClient_onlineSh, map[string]*resourceSetBintree{}},
		"config":            &resourceSetBintree{linuxIptablesConfig, map[string]*resourceSetBintree{}},
		"help":              &resourceSetBintree{linuxIptablesHelp, map[string]*resourceSetBintree{}},
		"misc":              &resourceSetBintree{linuxIptablesMisc, map[string]*resourceSetBintree{}},
		"ratelimit.sh":      &resourceSetBintree{linuxIptablesRatelimitSh, map[string]*resourceSetBintree{}},
		"server_exit.sh":    &resourceSetBintree{linuxIptablesServer_exitSh, map[string]*resourceSetBintree{}},
		"server_start.sh":   &resourceSetBintree{linuxIptablesServer_startSh, map[string]*resourceSetBintree{}},
	}},
	"linux-nftables": &resourceSetBintree{nil, map[string]*resourceSetBintree{
		"acl_add.sh":        &resourceSetBintree{linuxNftablesAcl_addSh, map[string]*resourceSetBintree{}},
		"acl_del.sh":        &resourceSetBintree{linuxNftablesAcl_delSh, map[string]*resourceSetBintree{}},
		"auth.sh":           &resourceSetBintree{linuxNftablesAuthSh, map[string]*resourceSetBintree{}},
		"client-config":     &resourceSetBintree{linuxNftablesClientConfig, map[string]*resourceSetBintree{}},
		"client-page.html":  &resourceSetBintree{linuxNftablesClientPageHtml, map[string]*resourceSetBintree{}},
		"client_offline.sh": &resourceSetBintree{linuxNftablesClient_offlineSh, map[string]*resourceSetBintree{}},
		"client_online.sh":  &resourceSetBintree{linuxNftablesClient_onlineSh, map[string]*resourceSetBintree{}},
		"config":            &resourceSetBintree{linuxNftablesConfig, map[string]*resourceSetBintree{}},
		"help":              &resourceSetBintree{linuxNftablesHelp, map[string]*resourceSetBintree{}},
		"misc":              &resourceSetBintree{linuxNftablesMisc, map[string]*resourceSetBintree{}},
		"ratelimit.sh":      &resourceSetBintree{linuxNftablesRatelimitSh, map[string]*resourceSetBintree{}},
		"server_exit.sh":    &resourceSetBintree{linuxNftablesServer_exitSh, map[string]*resourceSetBintree{}},
		"server_start.sh":   &resourceSetBintree{linuxNftablesServer_startSh, map[string]*resourceSetBintree{}},
	}},
	"openwrt-iptables": &resourceSetBintree{nil, map[string]*resourceSetBintree{
		"acl_add.sh":        &resourceSetBintree{openwrtIptablesAcl_addSh, map[string]*resourceSetBintree{}},
		"acl_del.sh":        &resourceSetBintree{openwrtIptablesAcl_delSh, map[string]*resourceSetBintree{}},
		"auth.sh":           &resourceSetBintree{openwrtIptablesAuthSh, map[string]*resourceSetBintree{}},
		"client-config":     &resourceSetBintree{openwrtIptablesClientConfig, map[string]*resourceSetBintree{}},
		"client-page.html":  &resourceSetBintree{openwrtIptablesClientPageHtml, map[string]*resourceSetBintree{}},
		"client_offline.sh": &resourceSetBintree{openwrtIptablesClient_offlineSh, map[string]*resourceSetBintree{}},
		"client_online.sh":  &resourceSetBintree{openwrtIptablesClient_onlineSh, map[string]*resourceSetBintree{}},
		"config":            &resourceSetBintree{openwrtIptablesConfig, map[string]*resourceSetBintree{}},
		"help":              &resourceSetBintree{openwrtIptablesHelp, map[string]*resourceSetBintree{}},
		"misc":              &resourceSetBintree{openwrtIptablesMisc, map[string]*resourceSetBintree{}},
		"ratelimit.sh":      &resourceSetBintree{openwrtIptablesRatelimitSh, map[string]*resourceSetBintree{}},
		"server_exit.sh":    &resourceSetBintree{openwrtIptablesServer_exitSh, map[string]*resourceSetBintree{}},
		"server_start.sh":   &resourceSetBintree{openwrtIptablesServer_startSh, map[string]*resourceSetBintree{}},
	}},
	"openwrt-nftables": &resourceSetBintree{nil, map[string]*resourceSetBintree{
		"acl_add.sh":        &resourceSetBintree{openwrtNftablesAcl_addSh, map[string]*resourceSetBintree{}},
		"acl_del.sh":        &resourceSetBintree{openwrtNftablesAcl_delSh, map[string]*resourceSetBintree{}},
		"auth.sh":           &resourceSetBintree{openwrtNftablesAuthSh, map[string]*resourceSetBintree{}},
		"client-config":     &resourceSetBintree{openwrtNftablesClientConfig, map[string]*resourceSetBintree{}},
		"client-page.html":  &resourceSetBintree{openwrtNftablesClientPageHtml, map[string]*resourceSetBintree{}},
		"client_offline.sh": &resourceSetBintree{openwrtNftablesClient_offlineSh, map[string]*resourceSetBintree{}},
		"client_online.sh":  &resourceSetBintree{openwrtNftablesClient_onlineSh, map[string]*resourceSetBintree{}},
		"config":            &resourceSetBintree{openwrtNftablesConfig, map[string]*resourceSetBintree{}},
		"help":              &resourceSetBintree{openwrtNftablesHelp, map[string]*resourceSetBintree{}},
		"misc":              &resourceSetBintree{openwrtNftablesMisc, map[string]*resourceSetBintree{}},
		"ratelimit.sh":      &resourceSetBintree{openwrtNftablesRatelimitSh, map[string]*resourceSetBintree{}},
		"server_exit.sh":    &resourceSetBintree{openwrtNftablesServer_exitSh, map[string]*resourceSetBintree{}},
		"server_start.sh":   &resourceSetBintree{openwrtNftablesServer_startSh, map[string]*resourceSetBintree{}},
	}},
}}

// RestoreAsset restores an asset under the given directory
func RestoreAsset(dir, name string) error {
	data, err := ResourceSetAsset(name)
	if err != nil {
		return err
	}
	info, err := ResourceSetAssetInfo(name)
	if err != nil {
		return err
	}
	err = os.MkdirAll(_filePath(dir, filepath.Dir(name)), os.FileMode(0755))
	if err != nil {
		return err
	}
	err = ioutil.WriteFile(_filePath(dir, name), data, info.Mode())
	if err != nil {
		return err
	}
	err = os.Chtimes(_filePath(dir, name), info.ModTime(), info.ModTime())
	if err != nil {
		return err
	}
	return nil
}

// RestoreAssets restores an asset under the given directory recursively
func RestoreAssets(dir, name string) error {
	children, err := ResourceSetAssetDir(name)
	// File
	if err != nil {
		return RestoreAsset(dir, name)
	}
	// Dir
	for _, child := range children {
		err = RestoreAssets(dir, filepath.Join(name, child))
		if err != nil {
			return err
		}
	}
	return nil
}

func _filePath(dir, name string) string {
	cannonicalName := strings.Replace(name, "\\", "/", -1)
	return filepath.Join(append([]string{dir}, strings.Split(cannonicalName, "/")...)...)
}
